numerical__SeniorCitizen,numerical__tenure,numerical__MonthlyCharges,numerical__TotalCharges,categorical__gender_Female,categorical__gender_Male,categorical__Partner_No,categorical__Partner_Yes,categorical__Dependents_No,categorical__Dependents_Yes,categorical__PhoneService_No,categorical__PhoneService_Yes,categorical__MultipleLines_No,categorical__MultipleLines_No phone service,categorical__MultipleLines_Yes,categorical__InternetService_DSL,categorical__InternetService_Fiber optic,categorical__InternetService_No,categorical__OnlineSecurity_No,categorical__OnlineSecurity_No internet service,categorical__OnlineSecurity_Yes,categorical__OnlineBackup_No,categorical__OnlineBackup_No internet service,categorical__OnlineBackup_Yes,categorical__DeviceProtection_No,categorical__DeviceProtection_No internet service,categorical__DeviceProtection_Yes,categorical__TechSupport_No,categorical__TechSupport_No internet service,categorical__TechSupport_Yes,categorical__StreamingTV_No,categorical__StreamingTV_No internet service,categorical__StreamingTV_Yes,categorical__StreamingMovies_No,categorical__StreamingMovies_No internet service,categorical__StreamingMovies_Yes,categorical__Contract_Month-to-month,categorical__Contract_One year,categorical__Contract_Two year,categorical__PaperlessBilling_No,categorical__PaperlessBilling_Yes,categorical__PaymentMethod_Bank transfer (automatic),categorical__PaymentMethod_Credit card (automatic),categorical__PaymentMethod_Electronic check,categorical__PaymentMethod_Mailed check
-0.011512406,-1.4373255,-0.11934637,-0.009000885,-0.013712034,-0.0024648136,-0.047786027,-0.0070553096,-0.25121906,-0.08161547,-0.006000748,-0.0029546358,0.05336077,0.00038264057,0.03844042,0.035106335,0.11897936,-0.0013296115,-0.49567977,-5.8190722e-05,-0.079707764,-0.16074733,0.0,-0.011671288,-0.061047588,0.0,0.0146274995,-0.3056276,0.0,-0.06302058,0.011849605,0.0,0.06574925,-0.0069165234,0.0,0.06412667,-1.1265116,-0.30569625,-0.8457186,-0.028484233,0.0027402972,-0.10323908,-0.11314939,-0.19168498,0.008965206
0.11510001,0.36897138,0.8888802,0.3152962,0.017208798,-0.0014751013,-0.044050112,-0.0046624164,0.057398796,0.028903874,-0.003923701,-0.0018600429,0.17106655,-0.000108023574,0.082513615,0.12828161,0.24639487,-0.0021009631,0.12282568,0.00010885421,-0.009347989,0.1148429,0.0,-0.021651559,0.065979525,0.0,-0.07634109,-0.422965,0.0,-0.07411501,0.03158898,0.0,0.10548546,0.040321916,0.0,0.044272404,0.6017595,-0.023377942,0.0826584,0.026046583,0.021884266,-0.009877909,-0.13664548,-0.23763095,-0.026315015
-0.014248938,-0.16519758,-0.06304787,-0.07791757,-0.0008600196,-0.014613879,-0.013400149,0.002954313,-0.0962117,-0.020434294,-0.018656598,-0.0062135383,-0.018604126,-0.00062625366,-0.01942702,-0.103974305,-0.19372195,-0.0014701888,-0.24763066,-0.00027481897,-0.021058347,-0.06499206,0.0,0.021854745,-0.04891778,0.0,0.03843474,0.04855619,0.0,-0.010885752,-0.07227772,0.0,-0.03670411,0.0621088,0.0,-0.3396637,-1.1326766,-0.03739209,0.09331515,-0.031743586,-0.012602101,0.027617931,-0.014418064,-0.25155395,0.01156064
-0.001596084,-0.4131822,-0.001500854,-0.050881725,-0.10815741,-0.05051111,0.058198463,0.033604372,-0.020789552,-0.006680763,-0.009267995,-0.0034611253,-0.1829774,-0.0013249664,-0.10063514,0.102581635,0.159729,-0.00014658438,0.10558541,0.00011453545,-0.017706651,-0.030420622,0.0,-0.05668644,-0.22478527,0.0,-0.015912898,-0.51414716,0.0,-0.09495013,-0.048080657,0.0,-0.09935153,0.047435425,0.0,-0.048409484,0.47706908,-0.021558471,0.07031129,-0.4483014,-0.20813543,0.026994353,0.011536034,0.17970163,-0.025650641
-0.027335787,-1.5732896,-0.3783524,-0.20306428,-0.037023604,-0.01350138,-0.024625828,-0.0070123044,-4.8033413e-05,0.0070225755,-0.0270783,-0.010735617,0.094895825,-0.0006977239,0.028016085,-0.098899394,-0.21301505,-0.0014794889,-0.54156023,6.006821e-05,-0.08904839,-0.111271344,0.0,-0.008460453,-0.10331814,0.0,0.029309701,0.17225613,0.0,0.03227217,-0.014944901,0.0,0.052423414,0.01698756,0.0,0.048979215,-1.1497655,-0.2175439,-0.7353432,0.012109985,0.011550764,-0.028173693,-0.05829717,-0.2688394,0.010103816
-0.023770735,-0.049840026,0.5082367,-0.09591532,-0.023428118,-0.008783352,-0.02577832,-0.007549096,0.018209869,0.006141935,-0.011321314,-0.003070282,0.08864025,0.00018212998,0.053223267,0.121623166,0.21653198,-0.0017088008,0.13669701,9.100933e-05,-0.008534776,-0.12565792,0.0,-0.034329865,0.02974654,0.0,-0.07625125,0.16170757,0.0,0.019284576,0.011368838,0.0,0.06361199,0.031122008,0.0,0.022926632,0.57470167,-0.026814632,0.073726304,0.106937416,0.04294336,-0.012109593,-0.039122928,-0.34141442,0.011674007
-0.011654944,-0.1706943,0.53347236,0.060115468,0.033958644,0.010914991,-0.042441987,-0.0039373334,-0.014887513,-0.005859193,-0.0067021535,-0.0024076784,-0.19294465,-7.57067e-05,-0.0750112,0.10087281,0.20188645,-0.00015587665,0.046464637,0.000118554955,-0.010357328,-0.23136736,0.0,-0.043252923,0.0034280252,0.0,-0.07970551,-0.47411144,0.0,-0.14424959,0.02329792,0.0,0.09257221,-0.0016296383,0.0,0.04923977,0.48107383,-0.039961595,0.09125703,0.0063521997,0.006262859,-0.055302083,-0.015260155,-0.34551597,-0.004228702
-0.0027479818,-0.12322223,-0.29078364,0.04791649,-0.20880702,-0.06850112,-0.06529847,-0.027450757,-0.27970707,-0.13121708,-0.014564966,0.00087046815,0.10562141,-0.0002826967,0.17841521,0.03427542,-0.21239743,0.035965707,-0.64018744,-7.19378e-05,-0.003108308,-0.16981322,0.0,-0.0060096527,-0.08043125,0.0,-0.024881888,-0.4948469,0.0,0.014470687,-0.030886717,0.0,-0.05918817,-0.010482831,0.0,-0.06259992,0.38470724,-0.00825402,0.06323913,0.035501458,0.001918131,-0.028269999,-0.0676161,-0.25770774,0.037438158
-0.023952872,-0.7701264,-0.3051859,-0.37815097,-0.06922786,-0.0017856322,-0.12651587,-0.033991583,-0.14087692,-0.0864028,-0.02197194,-0.0023891688,-0.08235447,0.0003978862,-0.10152637,0.0032885112,-0.11066603,0.022889003,-0.35273343,-0.0002040675,-0.0060288664,-0.11404178,0.0,-0.03999002,-0.054968245,0.0,-0.03330368,-0.26582983,0.0,-0.012905235,-0.020387594,0.0,-0.07336292,-0.019084977,0.0,-0.0747136,-1.2121067,-0.07631399,-0.78846973,-0.227783,-0.06915236,-0.058150858,-0.35527048,-0.17268598,-0.012780272
0.0017827757,-0.13726163,-0.018028049,-0.010938593,0.07087891,0.014160795,0.002503506,0.002923318,0.036982358,0.018359095,-0.041594163,-0.016933398,-0.20603278,-0.005030768,-0.058469173,-0.17882794,-0.19614732,0.00023370597,0.11646864,0.00013679425,-0.017892806,0.12614115,0.0,-0.031271026,0.09948293,0.0,-0.05638712,0.12069422,0.0,0.0045606988,-0.00390519,0.0,-0.09366707,0.046065275,0.0,-0.031671282,0.55965936,-0.023128338,0.05973611,0.044107083,0.022755448,-0.01849626,0.007950121,0.23767252,0.0032459137
-0.012018665,-0.93419427,0.058154065,-0.07403632,0.08239149,0.018737815,-0.029658483,0.01469201,-0.2884238,-0.11979342,-0.012350519,-0.0015802924,0.08933141,-0.0006317624,0.018508043,0.06830212,0.16473785,-0.00048388419,-0.8103636,3.8878046e-05,-0.110324316,-0.19884254,0.0,-0.034037482,-0.051690303,0.0,-0.13174236,0.110138185,0.0,0.010690778,0.05212776,0.0,0.1279176,-0.05118484,0.0,0.026045034,0.40058902,-0.007970592,0.043066155,0.028740821,0.0049817064,-0.03218403,-0.045978893,0.03089762,0.026616234
0.027429195,-1.7982848,-0.014038351,0.02517529,-0.055259865,-0.028527444,0.027863132,0.0033398394,0.0008381037,-0.00021971349,-0.008748479,-0.0033593194,0.023991797,-0.00033533777,0.020405514,0.036271513,0.12784564,-0.0003512422,-0.471364,0.00028928215,-0.06959909,-0.13009417,0.0,-0.025487874,-0.028404359,0.0,0.032134987,-0.24020375,0.0,-0.055557173,0.019736672,0.0,0.04495147,-0.004273261,0.0,0.070595816,-1.157834,-0.3362649,-0.8245903,-0.031559072,0.006962614,0.07445918,-0.012443036,-0.20274094,-0.00011258731
-0.014230909,-0.6731091,-0.018185303,-0.408391,0.021292869,-0.010750067,-0.05321431,-0.010231923,0.0050970297,0.006160665,0.1317848,0.032318737,0.09462615,0.0050367126,-0.005780521,-0.1675634,-0.24290752,-0.0005942191,0.2015207,4.8799975e-05,0.0141609665,-0.08392474,0.0,-0.14103654,-0.13009192,0.0,0.050600454,0.18543063,0.0,0.029985739,-0.052996404,0.0,-0.09920616,-0.04855243,0.0,-0.10271726,0.48743662,-0.019209195,0.051260106,-0.033522207,0.006397061,0.020099381,0.0034589209,-0.4333127,0.0158258
0.07429661,-0.1528333,0.041670438,0.100989655,0.095860936,0.032188326,-0.03319451,-0.014906737,0.054612007,0.024532449,-0.008550963,-0.0019450929,0.18722256,-0.00015837204,0.12449518,0.118576415,0.2326711,-0.0017054738,0.22278172,0.00010885421,-0.0014667901,0.06256787,0.0,-0.038210284,0.08232408,0.0,-0.064943574,0.10924734,0.0,0.010097531,-0.0068097096,0.0,-0.08306698,0.06858159,0.0,0.057984807,0.6406412,-0.023927815,0.066850506,0.045775272,0.023261465,-0.027699098,-0.1344524,-0.30802903,-0.03594788
-0.037426237,-0.443507,-0.48084393,-0.07401682,0.024684044,-0.0146703245,-0.023428919,-0.021428732,-0.18565741,-0.07467472,-0.020770894,-0.010432568,-0.046898775,-0.0031356195,-0.053143084,-0.17967248,-0.22429067,-0.00019258191,0.10708832,0.00010786209,0.0051297024,0.032218434,0.0,-0.04119352,0.08697907,0.0,-0.07787955,-0.26826808,0.0,-0.044418767,-0.00993218,0.0,-0.10229938,0.050481293,0.0,-0.08310385,0.39038938,-0.025979817,0.05560011,-0.15272309,-0.08834647,-0.026239363,-0.06461285,-0.29717794,-0.16912019
-0.013582001,-1.5486468,-0.1602198,-0.11365417,-0.074924365,-0.021547774,-0.016105382,0.006574805,-0.15753548,-0.07448941,-0.0103696985,-0.0063970415,0.09512103,0.0002650835,0.049144827,0.054397322,0.10908517,-0.0015767233,0.25841758,0.00014614046,-0.00036779133,0.16028333,0.0,-0.0038763424,0.13348542,0.0,-0.045376923,0.2347528,0.0,0.038257603,-0.088312015,0.0,-0.1506297,0.068841085,0.0,0.10554596,-1.1391349,-0.26270843,-0.5946134,0.03677537,0.012418234,-0.053631634,-0.15944436,-0.30286437,0.004545914
-0.011675035,0.02920287,-0.24487568,0.046416864,0.06413459,0.025233693,-0.00642843,0.002415085,-0.053799964,-0.05659768,-0.015340727,-0.0020192077,-0.035428897,0.0014257844,-0.117194414,0.03300928,-0.11808155,0.005354474,-0.33892575,-0.002437162,0.0038284662,-0.11160737,0.0,0.0024110586,-0.0036248753,0.0,-0.0368647,-0.20460597,0.0,0.0042283568,-0.009003181,0.0,-0.035538457,0.018591017,0.0,-0.09290766,-1.3351521,-0.067145616,-0.9644815,-0.045506313,-0.023110967,0.2372195,0.014719511,-0.12667769,-0.005158693
0.005924216,-0.17124088,0.043282717,0.013940132,0.019449674,0.0074877394,-0.06355772,-0.0061246017,-0.30976036,-0.11820054,-0.012248923,-0.0025641227,0.040580172,-0.0009231673,0.03855922,0.11761873,0.16271278,-0.0002091727,0.23757535,5.8805814e-05,-0.0019597572,-0.1425588,0.0,-0.04945198,0.048856676,0.0,-0.07530833,0.11539814,0.0,0.008615978,-0.010470461,0.0,0.009414093,0.03362718,0.0,-0.0655741,0.61917293,-0.027458841,0.07419379,0.08611884,0.04037421,0.011701262,-0.010728287,0.21756221,0.013980157
0.005454085,-0.5913234,0.33449444,-0.3261903,-0.14383458,-0.07166363,-0.03289534,-0.004717357,0.018242192,0.0060870103,-0.009945807,-0.0026936182,0.02806021,-0.0003056098,-0.0021973543,0.06367526,0.13055281,-0.00035065343,0.20279045,0.0010326256,0.0040134303,-0.10365538,0.0,-0.005423849,-0.044588286,0.0,0.07052835,0.087650105,0.0,0.0034364338,0.04066528,0.0,0.037458297,0.04574946,0.0,0.17615747,-1.1116129,-0.057123028,0.053632982,0.04381,0.015433962,-0.10032579,-0.02930201,-0.30337304,0.0065869987
-0.031578757,-0.25060064,-0.2381612,0.090069376,-0.06652099,-0.025993807,0.06729421,0.0064507695,0.0026020005,0.015631415,0.08570813,0.019806754,0.120142214,0.002795976,-0.04081201,-0.07549906,-0.13982494,-0.0013363174,-0.2636622,0.0008073445,-0.035414416,0.0013554759,0.0,-0.091908924,-0.12060512,0.0,0.067294054,0.11126966,0.0,-0.008493064,0.032089893,0.0,-0.102340214,0.027852084,0.0,-0.34577003,-1.2644264,-0.10021778,0.07228577,-0.10475859,-0.06281289,-0.046782497,-0.054862987,-0.20919308,0.026253816
0.095642604,0.40781236,-0.24828145,0.07845169,-0.07780605,-0.029769486,-0.010365881,-0.016594991,0.023908975,0.005507581,-0.016252402,-0.0038924338,0.18438537,-0.0010717469,0.11056879,0.05647064,0.1885865,0.00043417973,0.26388216,0.000110657784,-0.002429341,0.07332094,0.0,-0.014388048,0.04544203,0.0,-0.088299595,0.14638036,0.0,0.004049853,-0.0019287086,0.0,-0.101275824,-0.08479962,0.0,-0.11434363,0.6580775,-0.017546104,0.068856195,0.023770727,0.021297872,-0.025553215,0.015037938,-0.33105075,-0.09945808
-0.042099923,0.014353656,-0.35179704,0.0027401317,-0.16262825,-0.059642367,0.02375299,-0.0034211124,0.030769417,0.009983807,0.118977875,0.023470435,0.088843964,0.006572241,-0.0252911,-0.07656993,-0.15863955,-0.000150787,-0.41668752,0.00010701896,0.011956252,0.09390231,0.0,-0.025329543,0.053265486,0.0,-0.08445392,0.06709962,0.0,-0.016908465,-0.009327713,0.0,-0.10182593,0.025292533,0.0,-0.09002431,0.47875863,-0.00074817037,0.06975281,-0.28332233,-0.13922948,-0.015628593,-0.04754745,0.14742094,0.0464716
-0.012052098,-0.6597789,-0.39087728,0.04418898,-0.009111081,-0.002579127,0.034979057,0.0070092967,-0.023525408,-0.008475926,-0.020770231,-0.0034085365,-0.14731805,-0.00052752864,-0.06985183,0.02554999,-0.15523353,-0.0020963969,-0.42925972,-0.010321511,0.0015355694,-0.06385578,0.0,-0.10538365,-0.031897202,0.0,-0.04951283,-0.34321997,0.0,0.012022949,-0.021060428,0.0,-0.05206707,-0.012384588,0.0,-0.21492064,-1.2354342,-0.19061714,0.06926613,-0.08303134,-0.009222935,-0.009302465,-0.0050015664,-0.12985276,-0.006228605
-0.03286399,-0.19008404,-0.1652515,-0.067508504,-0.13617128,-0.020673484,0.010542248,0.0026388527,-0.11362862,-0.0416551,-0.019165562,-0.0046510575,-0.06581001,-0.00045238683,-0.085865214,-0.0036382403,-0.116237015,0.0037014997,-0.46353015,-0.009360154,-0.009803582,-0.11477375,0.0,-0.07034059,-0.04903838,0.0,-0.052958846,-0.32484025,0.0,0.0025246385,0.00027861207,0.0,-0.096859775,-0.003312557,0.0,-0.26032516,-1.1265732,-0.120284006,0.076432,-0.3088216,-0.10943758,-0.086126775,0.0250149,-0.1644725,-0.15650955
-0.05283657,-0.96193796,-0.20015338,-0.553027,-0.05743459,-0.055973038,-0.038712125,-0.007896882,-0.010919621,0.0011812495,-0.018114697,-0.004904426,-0.13093935,-0.00076145504,-0.028491288,0.11353962,0.17461058,-0.00013503744,0.11479509,7.7951154e-05,0.0016545862,0.09301637,0.0,-0.044471134,0.05107642,0.0,-0.066900074,0.095121786,0.0,-0.0061629373,-0.027874807,0.0,-0.09101934,0.00015384331,0.0,-0.07692931,0.47637895,-0.010987765,0.05577457,-0.17886166,-0.075912155,0.0081464015,-0.03264211,-0.4817241,-0.24250011
0.10964593,0.08125122,-0.20170885,0.1509553,-0.035909615,-0.022731239,-0.16408178,-0.02729641,0.010239764,0.012821796,-0.031213908,-0.009551402,-0.13215725,-0.0012867083,-0.036524948,-0.16911207,-0.23516814,-0.0001159972,-0.35779464,6.9448884e-05,-0.029926274,-0.17416842,0.0,0.013213422,0.02228178,0.0,-0.06984192,0.1070746,0.0,-0.0066070925,0.03027366,0.0,-0.08683593,0.052380398,0.0,-0.05192413,0.47112423,-0.011612648,0.078244604,0.03191221,0.017021047,-0.13563053,-0.003318349,-0.30911797,-0.021425165
-0.0039739045,-0.3126081,-0.053802673,-0.07657371,-0.020236501,0.0046520694,-0.013363293,-0.00996737,0.0055222833,0.0007204343,-0.009807027,-0.0033025213,-0.09031062,-0.0009307426,-0.06467034,0.11084468,0.12557255,-0.00015910802,0.17099166,0.00012236906,0.0011199992,0.08874036,0.0,-0.01774868,0.10026819,0.0,-0.051160954,0.08460914,0.0,0.0029113477,0.031242605,0.0,0.08648993,-0.031140437,0.0,0.042093538,0.5554042,-0.023528704,0.06730483,-0.22985378,-0.1363282,-0.0028942602,-0.007046614,0.08071963,0.006146238
-0.022184197,0.03278367,0.516024,-0.087916285,-0.060949672,-0.025475083,-0.0369487,-0.011601908,0.02887101,0.01845637,-0.0077161887,-0.0027217488,0.17215997,-0.0010661124,0.12692556,0.15922603,0.29571885,-0.0022214605,0.15977733,-4.3664113e-05,-0.010886726,0.068660095,0.0,-0.03428212,-0.091690294,0.0,0.018008403,0.10572328,0.0,0.016630597,0.06343704,0.0,0.10441352,0.121419914,0.0,0.05669115,0.5732006,-0.028459474,0.077576205,0.07210373,0.034873344,-0.019477874,-0.22509325,-0.33634514,-0.033379413
-0.020079596,-0.3007226,-0.40077114,0.10730881,-0.13362223,-0.03443538,-0.03535307,-0.0028795863,-0.20963465,-0.11499409,-0.029113276,-0.010469519,0.05583153,-0.0038069093,0.07134778,0.036256965,-0.1492061,0.0047809463,-0.48015377,-0.002468332,0.0027655764,-0.15412876,0.0,-0.02234523,-0.04122848,0.0,-0.06192475,-0.329018,0.0,0.007888589,-0.0043148967,0.0,-0.061611336,-0.019015213,0.0,-0.07609041,-1.0846912,-0.07600684,-0.4638569,0.029456047,0.016697712,-0.0066687856,-0.055180624,0.06131065,0.012720526
-0.006809788,0.18165869,-0.18412766,-0.04085794,0.06602114,-0.0030238898,0.0042037303,-0.0006063063,0.009653122,0.0011308423,-0.008511407,-0.0020464382,-0.2634565,-0.003075778,-0.09103234,0.09958179,0.14838621,-0.0002425331,0.24425156,0.0001408699,-0.0052564656,0.08063636,0.0,-0.00759236,0.025951132,0.0,-0.082769394,0.10720044,0.0,-0.0018751654,-0.020183079,0.0,0.039298907,-0.020552251,0.0,0.061397176,0.6668215,-0.02524409,0.072596826,0.0030138334,0.026725395,-0.033246014,-0.011793669,0.08525516,0.014288677
0.061214887,-0.6006022,-0.23174101,-0.3381673,0.007723756,-0.008125367,-0.03356752,-0.007920288,0.047843195,0.021993013,-0.017585292,-0.0033610542,0.19595352,-0.0010775877,0.060935687,0.10004999,0.15296452,-0.0005829507,0.2693765,0.000118853895,0.007114839,-0.1907354,0.0,-0.0038970616,0.1360015,0.0,-0.057039123,0.14208664,0.0,0.021849142,-0.08232187,0.0,-0.13257697,0.010866794,0.0,0.032301586,0.5380614,-0.028425058,0.05744467,0.07162967,0.032957155,-0.0234908,-0.028128758,0.23802027,0.00047749383
-0.042191837,0.90161,-0.40658048,-0.013098814,0.004863133,0.0037833564,-0.08385233,-0.03646254,-0.16664201,-0.07869786,0.04421705,0.021075377,0.07639679,0.0078182435,-0.017613659,-0.17024925,-0.22801535,-0.00013709161,0.17808537,0.00011077496,-0.0012746399,0.049473044,0.0,-0.020085022,0.021972675,0.0,-0.082058646,0.17822026,0.0,0.022736792,0.010089561,0.0,-0.09636832,-0.009847608,0.0,-0.087198555,0.56896365,-0.022692837,0.06982451,-0.2805318,-0.1289325,-0.028262034,0.009366478,-0.25013986,-0.1156288
-0.018925488,-0.78528196,-0.7685858,-0.3030664,-0.07928339,-0.022178138,0.031764008,0.01499378,-0.2175405,-0.08037878,-0.012691664,-0.0031274946,-0.15935844,-4.483026e-05,-0.123693295,0.008005622,-0.13876708,0.04233617,-0.4228721,0.0023238198,-0.005687332,-0.08474468,0.0,-0.12591262,-0.097738564,0.0,-0.03790787,-0.31492296,0.0,-0.005876489,-0.0065349014,0.0,-0.065870486,-0.017912915,0.0,-0.2610669,-1.0138289,-0.04292998,0.068719335,-0.005786805,0.015008058,-0.022238862,-0.20646514,-0.20711005,-0.020987527
-0.020292565,-0.79224396,-0.2301241,-0.46565276,0.035103668,-0.010766881,-0.020405887,-0.01366902,0.016819831,0.0063382788,-0.01846033,-0.0049849506,0.031984873,-0.0010849837,0.018876063,0.026813997,-0.12134162,0.009786897,-0.39837858,-0.0007902763,0.00869743,-0.07769514,0.0,-0.025728006,-0.053986434,0.0,-0.03977063,-0.26219732,0.0,0.010693786,0.026453342,0.0,-0.07710222,0.021001596,0.0,-0.11036327,-1.0940348,-0.10090166,-0.7089993,-0.093259975,-0.044178452,-0.13017347,-0.031855673,-0.20309408,0.023206083
-0.0008950124,0.5236313,0.23293026,0.13867699,0.022784088,-0.024174616,0.06413269,0.005769208,0.018236997,0.0059999125,-0.009664493,-0.0026741568,-0.23640051,-0.0014601664,-0.08651292,0.087693386,0.14488223,0.0046019643,0.29096353,0.0001408699,0.0039978293,0.10530805,0.0,-0.004218409,0.038314506,0.0,-0.08558249,0.13879655,0.0,0.010272169,-0.0117739765,0.0,0.034010872,0.0455814,0.0,0.15728755,0.6611376,-0.026239548,0.07519472,0.019514272,0.011116167,-0.030522011,-0.0035755439,0.12172732,-0.007948976
0.005994018,-1.4456694,0.005222708,-0.49840292,0.019578513,0.005298581,-0.08298774,-0.019177757,-0.23341577,-0.08564925,-0.00817228,-0.00097459013,0.07704711,0.0007285387,0.03630493,0.10713568,0.10714657,-0.0018542012,0.12430141,-2.6249698e-05,0.0018649587,-0.11802437,0.0,-0.015793005,-0.11033624,0.0,0.009841867,0.1405526,0.0,0.025172856,-0.20286393,0.0,-0.12866482,0.011198742,0.0,0.04033273,0.4384791,-0.022759132,0.047827847,0.04488286,0.022871653,-0.022809295,-0.1241781,-0.4246394,-0.012178195
0.16976994,0.37622464,-0.10046651,-0.15566683,0.0262967,0.035137385,0.0016017286,-0.0033941094,0.021372918,0.010198537,-0.030264417,-0.010731432,-0.1445086,-0.0011136497,-0.051302526,-0.04148766,-0.12428938,0.00068501395,0.16784126,0.00011602065,-0.011620355,0.07493493,0.0,-0.012878222,0.0543294,0.0,-0.07970659,0.14800236,0.0,0.008447419,0.0055336035,0.0,-0.09611229,-0.040258486,0.0,-0.06722559,0.57516706,-0.02093346,0.06273893,-0.24835677,-0.10757786,-0.005548427,-0.019704346,-0.23446307,-0.019659616
-0.019279538,-0.7802,-0.2783238,-0.40812224,0.0067208884,-0.0019927805,-0.030733531,-0.004694046,-0.16024925,-0.047512718,-0.024173548,-0.0049954606,-0.103782594,-0.0004172809,-0.099449016,0.020792568,-0.11253707,0.008165041,-0.36684844,-0.00054220547,-0.004164949,-0.1120926,0.0,-0.023683,-0.0462005,0.0,-0.039411776,-0.27897143,0.0,0.0063586477,0.0035637452,0.0,-0.08228876,0.0044170176,0.0,-0.13719161,-1.1443284,-0.09149057,-0.7931582,-0.09234212,-0.04911843,0.09565171,0.017847758,-0.17687738,0.006512857
-0.024183413,0.90353215,-0.0647488,0.20080447,-0.06279808,-0.016581617,-0.0115277385,-0.0054850527,0.01448095,0.003951416,-0.011121729,-0.004318307,0.05846967,-0.00026582647,0.0073001552,0.11110846,0.19096698,0.0004927509,0.26078808,0.00012021923,-7.68723e-05,0.06169689,0.0,-0.028433504,0.062518336,0.0,-0.07965131,0.13852814,0.0,0.0046811206,0.02272632,0.0,-0.08034076,-0.023102,0.0,-0.10057215,0.76240116,-0.008901801,0.070676126,0.11840401,0.062466454,-0.013117554,-0.014617621,0.1625866,-0.02444484
-0.0017591142,-0.75349396,-0.2848854,-0.5687186,-0.116246015,-0.010831639,-0.068085484,-0.02600195,-0.015699234,5.207244e-05,-0.026268976,-0.007419926,-0.15851739,-0.0043585068,-0.102955386,-0.20565793,-0.31496468,-0.0005696309,0.14240217,0.000116125746,-0.009066456,0.02329017,0.0,-0.07958484,-0.2337777,0.0,-0.04636484,-0.465339,0.0,-0.073025,-0.056000434,0.0,-0.10809978,0.08293397,0.0,-0.035317983,0.40615797,-0.02991668,0.054732013,0.061223853,0.0127286,0.006082103,-0.017374806,0.15276226,-0.014933747
0.18193072,-0.68682563,-0.58846724,-0.40051436,0.032557007,-0.033681314,0.009957466,0.009106068,0.029273696,0.015874155,-0.014272881,-0.0037205145,-0.13993818,-0.0010836317,-0.1391311,-0.010651235,-0.10665572,0.022580553,-0.3773767,-0.00070865685,-0.00256773,-0.112581275,0.0,-0.03636708,-0.07145117,0.0,-0.018639239,-0.26916495,0.0,0.0036255135,0.0028653813,0.0,-0.09754758,0.00577391,0.0,-0.13506164,-1.0719533,-0.09260046,-0.69150764,-0.04230094,-0.04624504,-0.022489201,-0.16623418,-0.15157008,-0.045874935
0.004408108,0.43811676,0.23240612,0.15710372,-0.0030296554,-0.0063291974,-0.12661168,-0.009058041,0.008349985,0.00044435414,-0.015889762,-0.0042667584,0.21666978,-0.0025783933,0.08802169,0.10423653,0.18977791,0.00080228224,0.2905958,0.00011663336,0.0009238416,0.054685093,0.0,-0.023004621,-0.06067981,0.0,0.1453474,0.12217651,0.0,0.004447004,-0.008336138,0.0,0.030358307,-0.044268835,0.0,-0.13015394,0.71562064,-0.023811627,0.07433901,0.038347237,0.012941151,-0.029360713,0.022629412,0.14176978,-0.030363528
-0.0056331744,-0.41040683,0.13934273,0.15797214,0.07219981,0.008415461,-0.045388468,-0.016191702,-0.017409079,-0.010043272,-0.0102524925,-0.0026395614,0.012662335,-0.0005093545,-0.0075362753,0.08371403,0.22071831,0.00019312825,0.21149504,9.0271584e-05,0.0145135615,0.061373994,0.0,-0.04004975,0.11897476,0.0,-0.05166289,0.15390892,0.0,0.01025876,-0.037115738,0.0,-0.090101555,-0.020631589,0.0,-0.06594689,0.592219,-0.0017847338,0.063716784,0.060420465,0.029173138,-0.14359608,-0.059952844,-0.36638284,0.03263726
-0.039435416,0.08156307,-0.014207345,0.15724976,-0.02995842,-0.016562471,-0.052310284,-0.0081038,-0.037095856,-0.01016596,-0.013715728,-0.0022354447,-0.07877894,-0.0012693424,-0.050950356,0.032964822,-0.24672338,0.0034184214,-0.5155197,-0.00061316224,-0.004587607,-0.079102844,0.0,-0.005919499,-0.0024572257,0.0,-0.036869716,-0.33011994,0.0,0.002150398,-0.022057751,0.0,-0.055455424,-0.025252542,0.0,-0.050594818,0.55229145,0.0145808775,0.09886958,0.04719869,0.028879337,-0.003348092,-0.00038112662,-0.17604147,-0.074341245
-0.014740148,-0.32535648,-0.30800104,0.09686078,-0.09465897,-0.010010631,-0.07360554,-0.008050856,0.018842207,-0.00044978288,-0.01602985,-0.00932366,-0.04352072,-0.00066416356,-0.051351104,-0.06768681,-0.20158663,-0.0005510282,-0.3455946,0.0013989739,-0.012440981,0.09979152,0.0,-0.076903574,0.097937614,0.0,-0.059707563,-0.26795757,0.0,-0.031506296,0.004237018,0.0,0.011475118,0.062818214,0.0,-0.26232165,-0.8455751,0.020349639,0.073752336,-0.1330249,-0.031879343,0.027768862,-0.0428886,0.32534,0.010973887
-0.015826194,0.29347956,0.13110918,0.24294628,-0.15509565,-0.054683052,-0.06730831,-0.015750807,0.07502547,0.030843088,-0.010761514,-0.0031617132,-0.15172462,-0.0008631955,-0.055301115,0.07544753,0.25965196,-0.0001172473,-0.4300622,0.00013323079,-0.015280989,-0.21421278,0.0,-0.028363736,-0.04920739,0.0,0.056510635,-0.4891035,0.0,-0.06062728,0.048014145,0.0,0.11738935,-0.07133377,0.0,-0.018610911,0.39858302,-0.056552615,0.07747807,0.062172692,0.035323296,-0.031962965,-0.0019897954,0.037731566,-0.039547212
-0.013597972,0.055248555,-0.2313674,-0.010508392,-0.06450557,-0.02610099,-0.049443346,-0.01360826,0.015413283,0.004545465,-0.009253636,-0.0022700303,0.093899846,-0.00054096687,0.039991677,0.1112421,0.17365368,-5.904003e-06,0.21812217,0.00012021923,0.0019847474,0.07628799,0.0,-0.017189704,0.07790566,0.0,-0.069604084,0.07905133,0.0,-0.0039450284,-0.01914935,0.0,-0.09599688,-0.013795703,0.0,-0.10162652,0.72442347,-0.011356967,0.064100705,0.05049115,0.031951282,0.01317901,-0.021139512,0.21437997,-0.0062890095
0.0020240042,-0.083829224,-0.6495162,-0.07075681,-0.20801908,-0.03138247,-0.02256369,-0.006082623,0.009402528,0.0027711934,-0.0488851,-0.014750236,-0.16758944,-0.007643469,-0.06163252,-0.31800568,-0.42019743,0.0004407772,0.103658564,0.00014154875,-0.019511035,-0.41493678,0.0,-0.098420195,0.07811038,0.0,-0.062481876,-0.47312185,0.0,-0.04202034,-0.027080603,0.0,0.015200234,0.076152414,0.0,-0.036373362,0.4135962,-0.046817787,0.074801385,0.02893115,0.018960588,0.020129317,-0.01382782,0.09522696,-0.037993535
-0.017818455,-0.8810669,-0.85592127,-0.26570708,0.013797198,0.0024992856,0.038883746,0.009707598,-0.10998755,-0.03869758,-0.013958214,-0.0016201176,-0.12731382,0.00027122226,-0.107763976,0.004177332,-0.141213,0.027700607,-0.421104,0.0023717452,-0.0019571567,-0.06512894,0.0,-0.12578866,-0.09147577,0.0,-0.03414482,-0.26486233,0.0,-0.011578428,-0.029299507,0.0,-0.0646005,-0.028018747,0.0,-0.19225429,-1.1347971,-0.0686837,0.07562607,-0.0026685467,0.0140642105,-0.013998528,-0.1831364,-0.16687477,-0.039229188
-0.020541726,-0.53809613,-0.41931564,-0.3227752,-0.057075158,-0.018208621,-0.047935773,-0.02107551,-0.0023514794,0.001110985,-0.012022934,-0.0054689473,0.020412374,-0.0006370154,0.026923915,0.10208311,0.17610839,-0.0003276745,0.15711784,9.078938e-05,0.0001436693,0.043556497,0.0,-0.05682449,0.06136444,0.0,-0.064295396,0.08803763,0.0,-0.0032014253,-0.034153458,0.0,-0.09512571,-0.021646516,0.0,-0.078040816,0.5456005,-0.003354821,0.059434123,-0.46512836,-0.18147647,-0.12722863,-0.052606966,-0.37578607,0.016566345
-0.041072886,-0.5521669,-0.33865276,-0.59136903,0.026186278,-0.007431677,-0.031212542,-0.019820571,0.030352501,0.023805965,-0.019824343,-0.0036895832,0.0049576615,-0.0011234604,0.016983142,0.014880975,-0.12044394,0.008625193,-0.47428617,-0.0020957077,0.0039988584,-0.069946095,0.0,-0.021680769,-0.060993295,0.0,-0.060963392,-0.2654962,0.0,0.008070624,0.021868484,0.0,-0.12479268,-0.0026819624,0.0,-0.12382135,-1.040113,-0.109190576,-0.6327867,-0.11921283,-0.07194388,0.001259867,-0.046342332,-0.20769884,-0.26005605
-0.032389805,0.70102125,0.5284201,0.077878095,-0.04511877,0.0006478714,-0.0534489,-0.01341789,-0.22175649,-0.049309462,-0.0074714706,0.0013848944,0.15868607,-0.0016223759,-0.012796781,0.058127396,0.15490168,0.00046757696,-0.5059934,7.452893e-05,-0.056756265,0.11937758,0.0,-0.014680076,0.06363543,0.0,0.15676291,0.18741141,0.0,0.020774666,-0.013777879,0.0,0.010549397,0.029457549,0.0,0.06627469,0.5958888,-0.010737954,0.10641559,0.12535116,0.04908314,-0.031617846,-0.00032567745,0.13211292,-0.0004077869
-0.04810797,0.16141315,-0.072367296,0.31714195,0.04848563,0.003243121,-0.025849957,-0.015433223,0.01359751,0.010622657,-0.012275419,-0.0033077744,-0.025388673,-0.0021716321,-0.03598887,0.022466343,-0.1913293,0.0047009904,-0.47298154,-0.00084521563,-0.008413318,-0.10675658,0.0,-0.0048108865,-0.022753157,0.0,-0.026490089,-0.27927494,0.0,-0.00841636,-0.022788113,0.0,-0.056152355,-0.05188838,0.0,-0.04053704,0.5335476,0.013930916,0.09296036,-0.21993631,-0.101823844,-0.036622718,-0.005527836,-0.13106723,-0.11651531
-0.010260621,0.49051636,-0.057868134,0.17447786,0.054152638,0.004138794,0.0012842347,0.0025016156,-0.13406876,-0.05942215,-0.005897216,-0.0039672814,-0.010982006,-0.00023680172,-0.054312143,-0.151765,-0.20563264,0.00010968883,0.19180267,0.00010569441,0.008474682,0.057816397,0.0,-0.030619856,0.033954084,0.0,-0.0994132,-0.32649702,0.0,-0.07297013,0.0091687525,0.0,-0.07084113,0.02971337,0.0,-0.042055488,0.5460121,-0.016979184,0.07282829,0.0005628115,0.007955366,-0.027470885,-0.010023448,-0.30848923,-0.15959391
-0.05447971,0.84627163,-0.22043084,0.24226834,-0.07843811,-0.016916113,-0.03442537,-0.028939676,-0.07166969,-0.039973494,-0.011769499,-0.005377811,-0.007586295,-0.0007263129,-0.019722588,-0.1357024,-0.2215246,-0.00014564597,-0.683732,0.000102038124,-0.18981498,0.04306236,0.0,-0.021703642,0.032989163,0.0,-0.07672809,0.065829135,0.0,0.00073659746,0.021365782,0.0,-0.08714471,0.035637904,0.0,-0.05029287,0.55201125,0.0025151158,0.083174616,-0.27750733,-0.104852006,0.006385168,-0.023642192,-0.20469247,-0.08295866
0.009711387,-0.025166612,-0.036776535,0.07524314,0.056691308,-0.00037498784,-0.050088853,-0.012651751,-0.0047404408,-0.008444365,-0.008179778,-0.0022194486,-0.15093067,-0.0005267896,-0.063649565,0.0999521,0.16610543,-0.00014721206,0.18085308,0.00011094009,-0.001794763,0.06629822,0.0,-0.017755952,0.0918808,0.0,-0.061776526,0.10609608,0.0,0.004421213,0.019437037,0.0,0.060181994,-0.03290751,0.0,-0.07755263,0.6470215,-0.012131585,0.066829786,0.027344935,0.019739509,0.018563325,-0.014071734,-0.37515098,0.0029987555
-0.025186218,-0.44719929,-0.27840483,-0.21857207,-0.07040896,-0.024239322,-0.017934155,0.0133924335,-0.036559034,-0.022187877,-0.01008686,-0.0037546908,-0.0849558,-4.096044e-05,-0.04452813,-0.06547066,-0.22898866,-0.0012910793,-0.3614219,0.00069526647,-0.058254294,0.056717146,0.0,-0.14628315,-0.12325955,0.0,0.04269871,0.11187791,0.0,-0.001921386,0.006612056,0.0,-0.10177526,-0.015952429,0.0,0.15455315,-0.76422405,0.08450836,0.100019224,0.007118446,0.006900367,-0.0024078544,-0.17805597,-0.24067865,-0.030879447
-0.016517408,-0.67300135,-0.13404797,-0.22398308,-0.01328608,-0.003806638,0.046299823,0.02727447,-0.11468538,-0.06625731,-0.008280133,-0.0020339815,0.051923577,0.00012650002,0.029732132,0.020960562,0.10833522,-0.0013384697,-0.46683535,-0.00014354583,-0.020095978,-0.11776593,0.0,0.0068710367,0.020678705,0.0,-0.11390852,0.109927595,0.0,0.010242665,-0.025744935,0.0,-0.12782213,-0.025768196,0.0,-0.44285843,-0.95563054,0.07122266,0.070959955,0.0146457,-0.0063502803,-0.07766428,-0.053168215,-0.2748927,0.030523177
-0.02510071,-0.43353707,-0.41176298,-0.19960767,-0.00047351234,-0.023865473,0.0731863,0.012581686,-0.1448428,-0.08721444,0.06012869,0.00610269,-0.019892361,-0.009183044,-0.016367843,-0.11613546,-0.16605723,-0.0012178519,0.21870081,-0.00089664967,0.009718146,0.0089786295,0.0,-0.13149549,0.0829325,0.0,-0.08132297,-0.2744443,0.0,-0.041998845,-0.018242532,0.0,0.07054128,0.06855593,0.0,-0.3231402,-1.0042406,-0.02695002,0.07067921,-0.09813741,-0.085620075,0.00074747874,-0.008854554,-0.23392473,-0.011924544
-0.042233873,-0.6574239,-0.5891607,-0.279482,-0.022765167,-0.012016401,-0.06428792,-0.016982203,-0.18706828,-0.12729281,-0.023794772,-0.0070728394,-0.10948363,-2.7118687e-05,-0.07699125,0.0107846,-0.10159117,0.007531828,-0.41919714,-0.0024555363,0.001746782,-0.12321916,0.0,-0.044846103,-0.046797156,0.0,-0.039802495,-0.3197866,0.0,-0.0028866143,0.011854438,0.0,-0.09645786,-0.022590498,0.0,-0.11084052,-1.0868711,-0.08125884,-0.7768128,-0.122287735,-0.07497419,-0.06918778,0.0024152372,-0.18370833,-0.13262469
-0.058835905,-1.6646998,-0.13721414,-0.27136183,-0.017900502,-0.005929586,-0.017141726,-0.005163576,-0.09665691,-0.059722565,-0.025572987,-0.006506011,0.022487577,0.0002457982,-0.029327849,-0.05946797,-0.16244167,-0.0007296564,-0.38984248,9.995012e-05,-0.031704362,-0.110127866,0.0,-0.006876222,0.030403882,0.0,-0.09670021,-0.24973501,0.0,-0.009443218,-0.011202895,0.0,0.03636151,0.089106545,0.0,-0.08363795,-0.96849066,-0.11673122,-0.7375007,-0.104640745,-0.030906485,-0.016780524,-0.042898495,-0.24755798,-0.19941461
-0.011826246,-0.7407947,-0.91442746,-0.16545829,-0.013622,-0.006238105,-0.0765718,-0.022213796,0.017267747,0.009166811,-0.022929551,-0.010983288,-0.24464235,-0.0017150484,-0.09247608,0.018954955,-0.16504252,-0.002166842,-0.49080628,-0.010763663,-0.012819638,-0.1491493,0.0,-0.1171832,-0.10511107,0.0,-0.0477905,-0.36062485,0.0,0.00583249,-0.016997967,0.0,-0.07599608,-0.045707047,0.0,-0.2229022,-1.0319148,-0.069038786,0.06519494,-0.018069506,-0.0056822943,-0.033484608,-0.0037490486,0.14451735,-0.0035453143
-0.02859938,-0.40674645,-0.07935737,-0.13734429,-0.026481926,0.01344109,0.0068523,-0.0049886624,-0.020944566,0.013837907,-0.0053433096,-0.0029297287,-0.08115731,-0.0002449087,-0.03267446,0.05540633,0.104676425,-0.0013924744,0.1352458,0.0008922471,-0.016214592,0.0910864,0.0,-0.05092568,0.148228,0.0,-0.028050583,0.12317082,0.0,-0.003797384,0.0013337584,0.0,0.07677765,0.023984173,0.0,0.17372997,-1.0055224,0.066597104,0.10446116,-0.18805003,-0.12085649,0.006212271,-0.08186076,-0.22912382,-0.029214194
-0.03408211,0.023560531,-0.26632348,0.08405488,-0.046916142,-0.03117077,-0.091578215,-0.013715597,-0.11943035,-0.03084194,-0.010208462,-0.0028745313,-0.063154206,4.08513e-05,-0.041728336,-0.13874331,-0.23387483,-0.000100355246,-0.4456277,8.764434e-05,-0.11652875,0.03335524,0.0,-0.025328455,-0.013201784,0.0,-0.106565155,0.00804387,0.0,-0.018281111,0.024950039,0.0,-0.08467303,0.01967224,0.0,-0.0778001,0.46236533,-0.007819949,0.078728124,-0.23087284,-0.091142245,-0.009582608,-0.028914845,-0.28038672,-0.14449745
-0.015275614,0.05963214,-0.24109784,0.07709628,0.01138182,0.0011954536,0.019322654,7.730338e-05,-0.012820971,0.0054685143,-0.016830169,-0.0049867453,-0.053926848,-0.00049684505,-0.078180306,-0.1301849,-0.20270003,-0.0014809045,0.13098866,0.00011104674,-0.0012242547,-0.3086431,0.0,-0.06602715,0.060560595,0.0,-0.07856527,0.02080229,0.0,-0.01413696,0.045957834,0.0,-0.07960526,0.01741799,0.0,-0.04821042,0.4952293,-0.019838937,0.06351075,-0.35534757,-0.13310851,-0.012681201,-0.15899833,-0.20644654,-0.033728145
-0.022658294,0.7842302,-0.2383888,0.1499926,-0.03334887,-0.0179827,0.036246482,0.0011296703,0.0006542932,0.006723912,-0.026735714,-0.006538714,-0.04441927,-0.0011739318,-0.006024016,-0.17590718,-0.30698782,0.0004956045,-0.4187222,0.000117864634,-0.03860923,-0.16495445,0.0,0.020266192,0.03702934,0.0,-0.08107584,0.091788895,0.0,-0.0052148364,0.0523816,0.0,-0.0702281,0.021677047,0.0,-0.04282296,0.6005913,0.0063202437,0.09652538,0.15804371,0.06299957,0.029469531,-0.0408706,0.16021469,0.032002624
-0.012891621,0.09753429,-0.47821984,-0.035063118,0.15418725,0.016545776,-0.0027554971,0.00012991787,-0.040766582,-0.0137127,-0.011790946,-0.004042628,-0.0030783932,-0.0013229502,-0.037151955,-0.09306286,-0.24650286,0.00015107995,-0.48314384,0.00011000263,-0.046331525,-0.11293443,0.0,-0.0059503196,0.009254042,0.0,-0.10266388,-0.28575656,0.0,-0.029510427,0.032083917,0.0,-0.07401226,0.08951341,0.0,-0.042711016,0.46860388,-0.01855512,0.09394689,-0.020293143,0.006675477,-0.027939718,-0.031224247,-0.25519294,-0.20851135
-0.024481151,-0.5069619,-0.1980359,0.0026058182,0.033981796,0.003254744,-0.18881798,-0.021199852,-0.0035276955,0.0024222236,-0.058736842,-0.017643293,-0.15732841,-0.0045663584,-0.04071862,-0.2618898,-0.2531634,8.9533336e-05,0.100898065,0.00010613635,-0.009545023,0.013562086,0.0,-0.048218288,-0.14460562,0.0,0.09198553,0.11199848,0.0,0.00623865,-0.048004437,0.0,-0.12876989,-0.055329356,0.0,-0.096018866,0.4103343,-0.040538307,0.059895635,0.028735615,0.019109024,-0.03324306,0.022772837,-0.48316753,-0.16933884
-0.042453088,0.10760089,-0.1793158,0.04220269,-0.14021133,-0.056196056,-0.047395162,-0.008376621,-0.0032344407,-0.0005641617,-0.010004133,-0.0046066097,0.0042082546,-0.0005060753,-0.0010212236,-0.13747679,-0.15600877,-0.00042356885,0.20626622,0.0016613201,-0.0040726187,0.035275355,0.0,-0.051089406,0.05962794,0.0,-0.09567825,-0.25575957,0.0,-0.015767591,-0.005151652,0.0,0.07335936,-0.050931737,0.0,0.07126836,-1.1778271,0.021431956,0.098329425,-0.24012245,-0.14139123,-0.017815277,-0.04285705,-0.19960473,-0.037951097
-0.017147334,0.9138668,-0.07360708,0.373458,0.0019845907,0.0047935494,-0.13572915,-0.02170717,-0.17183708,-0.075210884,-0.011055641,-0.002518325,-0.058612205,-0.0015685967,-0.065022245,0.13263153,0.13984482,3.2345335e-05,0.24046348,9.797779e-05,0.0018757881,0.05097861,0.0,-0.025808383,0.009368903,0.0,-0.098734654,0.1315533,0.0,0.01752883,-0.055429023,0.0,0.007242946,-0.011161957,0.0,-0.05879758,0.6809497,-0.019916475,0.08048071,-0.02263937,-0.005275873,-0.03988252,-0.0011386035,-0.20015797,-0.08795774
-0.015002331,-1.6275753,-0.41987473,-0.58784163,0.0039016446,-0.0022943316,-0.015220162,0.008891256,-0.17277808,-0.08337103,-0.030069277,-0.013508063,0.049549676,-0.00050552783,0.018979676,0.022485957,-0.116606966,0.009366123,-0.44601855,-0.0018274912,-0.0029696275,-0.08966702,0.0,-0.029624559,-0.052688446,0.0,-0.047894683,-0.35152385,0.0,0.01265568,-0.011416099,0.0,-0.08961395,0.0030756332,0.0,-0.122176826,-1.1620998,-0.11022636,-0.7400705,-0.12050948,-0.06842061,0.009300214,-0.020608878,-0.2235743,0.004307132
-0.008576247,-0.51300734,-0.5356514,-0.14681718,-0.04294733,-0.02686339,-0.03356331,-0.006094699,0.041197587,0.032215126,-0.045113362,-0.013973912,-0.19898048,-0.0061981366,-0.126747,0.015306054,-0.13264833,0.003046705,-0.38485023,-0.0027998798,-0.014954928,-0.15683867,0.0,-0.037464228,-0.08464992,0.0,-0.04627387,-0.3414591,0.0,0.012951548,0.005727543,0.0,-0.063178435,-0.020573094,0.0,-0.14273663,-1.1410935,-0.0697556,-0.72261584,-0.14203085,-0.045160674,-0.049408793,0.0034160675,0.14584033,0.004290015
0.022539968,-0.17007457,-0.23569967,-0.31132454,0.029120365,0.007117463,-0.054341782,-0.022349268,0.027903331,0.011702896,-0.014292914,-0.003514126,0.09809632,-0.0008584384,0.060538817,0.104521394,0.18209529,0.0001711724,0.22155264,0.00010368147,-0.0059349025,0.002106562,0.0,-0.055816717,0.08655747,0.0,-0.054656588,0.11261991,0.0,0.0015704767,-0.035032414,0.0,-0.10074457,0.022630164,0.0,-0.09447439,0.66314644,-0.009770608,0.06613575,0.07504498,0.035415944,0.0024046325,0.0038976693,0.3331969,0.0126084015
-0.01167676,-0.31833655,-0.089864455,-0.25995344,0.014995803,0.0056297365,-0.04371647,0.020578338,-0.048202053,-0.008242928,-0.015664972,-0.0078049162,-0.004067688,-0.00062569155,-0.044676658,0.055200364,0.111812934,-0.0051148892,0.18312909,0.0009440198,0.0024694973,0.065991685,0.0,-0.083359495,0.1380725,0.0,-0.055934865,0.088008486,0.0,0.007247871,-0.031709697,0.0,-0.13405831,0.06416823,0.0,0.17965901,-1.0806867,-0.05426083,0.09104146,-0.34325573,-0.14454189,-0.024025379,-0.007031966,-0.24722724,-0.013823296
-0.013187793,-0.42201418,-0.14620455,0.025170045,-0.05922377,-0.021800201,-0.024247926,0.021470733,-0.0958827,-0.006630188,-0.011988638,-0.0056620543,0.03131463,-0.00056488544,0.022029815,-0.07560154,-0.1792657,-0.0018011641,-0.32614332,-0.00038532447,-0.03278862,-0.046566524,0.0,0.04383827,-0.060973216,0.0,0.050320838,0.090617664,0.0,-0.013028884,-0.048099585,0.0,-0.011849202,0.034868844,0.0,-0.37172496,-0.9943367,-0.00023625982,0.06805862,-0.029153442,-0.012973632,-0.0036916896,-0.029412521,-0.23302028,0.020024475
-0.00031931177,0.04899005,-0.09771654,0.31987593,0.021880405,0.015599711,-0.036830544,-0.0044472516,-0.032501966,-0.02045617,-0.0106298365,-0.0047784904,-0.028089186,-0.002847805,-0.061835293,0.028296055,-0.09753782,0.004196229,-0.34031636,-0.010403726,0.0050537386,-0.061614648,0.0,-0.037667885,-0.030580107,0.0,-0.027729485,-0.14559834,0.0,0.0027747154,0.017341433,0.0,-0.05904675,0.025071789,0.0,-0.17827581,-1.3231003,-0.17935556,0.077914275,-0.03207257,-0.035979744,0.44320428,0.00726725,-0.1430415,0.04749946
-0.030334448,-0.38481188,0.0107804835,-0.17034255,-0.019097604,0.00048749062,-0.02049689,-0.0063099405,-0.37174144,-0.15010291,-0.008567888,-0.0013732061,0.023192279,0.0006142723,0.015350658,0.05384694,0.16497427,-0.0007770166,-0.4022668,0.00017102322,-0.05475847,-0.21267825,0.0,-0.061247643,-0.0014334375,0.0,-0.12330197,-0.32362077,0.0,-0.07334936,0.022357114,0.0,0.06672836,0.0038685538,0.0,0.11705378,-0.79697996,-0.14988263,-0.63952804,-0.02289101,-0.0008131626,-0.15885802,-0.035731807,-0.15517265,-0.29889604
0.0045341235,-0.091967896,-0.057896174,-0.008191346,-0.15606655,-0.059527412,-0.0051809708,0.015426476,-0.30738428,-0.14656244,-0.005560268,-0.001812819,0.0686335,0.00034827154,0.05451188,0.14183114,0.2268654,-0.0018213242,0.19318444,-9.474003e-06,-0.002072529,0.043767545,0.0,-0.037117038,0.09698751,0.0,-0.054991357,0.1122981,0.0,0.0018056119,-0.003997956,0.0,-0.09129226,-0.013242414,0.0,-0.10553831,0.55543244,-0.02457071,0.06572946,0.044646505,0.013555891,-0.07301525,-0.3482732,-0.4260876,-0.0025147523
-0.043893553,0.11485597,-0.57279545,-0.2204693,0.02001169,-0.0052456455,-0.022243138,-0.012049861,-0.0034552752,-0.00086429383,-0.02537991,-0.0060102805,-0.10038063,-0.00059474143,-0.048671152,-0.024103858,-0.22416514,-0.001596481,-0.6072861,-0.00080799946,-0.012084846,-0.14592183,0.0,-0.016641987,-0.046110693,0.0,-0.061842687,-0.4519393,0.0,0.0066093225,-0.014353457,0.0,-0.0621125,-0.015602722,0.0,-0.074263856,0.52856976,0.0073565617,0.08999406,-0.03156678,-0.0024764442,-0.009322652,-0.012272963,-0.14320843,-0.09147328
-0.03332011,-0.589531,-0.1591571,-0.108255655,-0.12251964,-0.008795699,-0.05249473,-0.01785857,0.004103129,0.01106742,-0.022452304,-0.0031006357,-0.10384794,-0.0009826022,-0.10230547,0.0026927646,-0.11364173,0.006249318,-0.39157888,-0.0007628152,0.00391494,-0.08685244,0.0,-0.026680449,-0.026777392,0.0,-0.05568558,-0.22193997,0.0,0.00164155,0.012438093,0.0,-0.095848605,-0.0038063303,0.0,-0.10501976,-1.3541983,-0.073123895,-0.77845496,-0.14609239,-0.073082544,-0.02793228,0.007742818,-0.1633346,-0.109190956
-0.01584615,-0.082730204,-0.5585516,-0.030292798,0.05314277,0.02601542,-0.012796716,-0.006015318,-0.028888166,-0.019829242,-0.009490045,-0.00395008,-0.095665656,-0.0027397803,-0.1225191,0.0032820296,-0.10187004,0.016471125,-0.36598486,-0.010301961,-0.003984974,-0.09107814,0.0,-0.050064377,-0.09921492,0.0,-0.040375464,-0.22210784,0.0,-0.008202452,-0.006191123,0.0,-0.066911004,-0.022679692,0.0,-0.20344873,-1.2971289,-0.16301812,0.066893026,-0.19574834,-0.06927283,-0.12595145,-0.25743973,-0.14787753,0.037437756
-0.047353752,-1.2118367,-0.29962155,-0.3670758,-0.00019652472,-0.005043512,0.0157851,-0.0006497917,-0.005306798,0.0027496351,-0.026219906,-0.01028179,0.06668902,-0.0005979497,0.030892977,-0.07845157,-0.20734102,-0.0005402838,-0.5000913,0.00029069124,-0.04981889,-0.15691127,0.0,-0.01944958,-0.065147884,0.0,0.073396154,-0.2993745,0.0,-0.06008691,-0.0046730116,0.0,-0.14358065,0.019785333,0.0,0.057654735,-0.8946426,-0.30996853,-0.76018214,0.003746277,0.009807955,-0.023281785,-0.04303088,-0.22970808,-0.20766912
-0.010057918,0.10096266,0.5266262,-0.25239384,-0.03480072,-0.018095484,-0.02597273,-0.013671331,-0.0743075,0.001237983,-0.007968698,-0.0017055176,-0.032523125,0.00022048043,-0.036337785,0.06526308,0.11103176,-0.0005187171,0.04951066,0.0009361631,-0.007796257,0.039246447,0.0,-0.053504772,-0.10307891,0.0,0.029034836,-0.18372917,0.0,-0.03187899,0.023261718,0.0,0.089740634,0.018344048,0.0,0.13809554,-1.1355538,0.009053796,0.10555562,-0.25174573,-0.10044659,-0.03094124,0.0016448451,-0.2164114,-0.054192368
-0.0063087638,1.039188,0.0032308064,-0.10526626,-0.03856953,-0.0031021412,0.01977208,-0.0025283874,0.047698297,0.011490249,-0.017490687,-0.004960463,-0.24665038,-0.0018809251,-0.06471509,0.12578851,0.1809258,0.00047809503,0.26277557,0.00014361776,0.0017130375,0.09435255,0.0,-0.024351612,0.049043696,0.0,-0.08226183,0.18525042,0.0,0.024027875,-0.01562977,0.0,0.014639251,-0.012692727,0.0,0.019602418,0.67199075,-0.032841288,0.080414385,-0.008053898,-0.0016561768,-0.020410927,0.012538717,0.1460283,-0.032728843
-0.03767254,-0.01855377,-0.37287632,-0.09670233,0.052616805,0.003364161,0.04432446,0.002951528,-0.018074987,-0.032271836,-0.009942067,-0.0015012037,-0.018914131,0.0017917927,-0.0646356,-0.014187468,-0.13294515,0.0035429895,-0.43777806,-0.009312228,-0.0004346033,-0.061431523,0.0,-0.07451056,-0.0184668,0.0,-0.046338055,-0.24431252,0.0,-0.0047069024,-0.0012531732,0.0,-0.0689541,-0.0022838956,0.0,-0.19805463,-1.3139807,-0.08718915,0.09120566,-0.20379376,-0.057026334,-0.085611984,0.010834664,-0.12677525,-0.07634191
0.020766353,-1.0725232,-0.24251018,-0.29389292,0.085000135,0.03826532,-0.001958128,-0.013963882,0.036374748,0.018992579,-0.011085773,-0.0026603974,0.1115989,-0.0008992139,0.034098227,0.10446363,0.2018307,-0.0005151524,0.24328244,0.000107337626,0.014204837,-0.119594954,0.0,-0.0024631857,-0.027849102,0.0,0.056277685,-0.5903295,0.0,-0.15883753,0.077928595,0.0,0.11782538,-0.01657735,0.0,0.025271282,0.37928525,-0.07786535,0.067172706,-0.0046504536,0.0023057517,-2.7674247e-05,-0.0039683343,0.1830803,-0.004916865
-0.0111116385,0.4042494,0.025644083,0.09193992,0.013436989,-0.013564745,-0.045032427,-0.015058621,0.014313106,-0.0009089587,-0.0065685958,-0.001157146,0.08885945,-0.0009805546,0.08576373,0.12452022,0.2546797,0.0007161557,0.27115965,0.0001092902,0.00372958,0.054393396,0.0,-0.03188066,0.063979305,0.0,-0.08723327,0.11159204,0.0,-0.00473595,0.010934236,0.0,-0.08587512,-0.0474913,0.0,-0.09756774,0.69040877,-0.013169108,0.06845319,0.05517968,0.024768582,-0.04109193,-0.017440379,-0.29524028,-0.12563118
0.7712051,0.93944246,-0.28904033,0.325966,-0.045779757,-0.02005698,-0.031190883,-0.0061587123,0.012069303,0.00038012236,0.102706656,0.021210682,0.058762617,0.0034678022,-0.005091969,-0.16087182,-0.21028247,-0.00012026265,0.15866286,0.00011310777,0.0016619139,0.05188028,0.0,-0.019452738,0.046506766,0.0,-0.07585044,0.12088208,0.0,0.017619472,0.008974353,0.0,-0.098298974,-0.049757484,0.0,-0.09462057,0.5828436,-0.016640877,0.06359487,-0.2022349,-0.12954976,0.0028174713,-0.0134405615,-0.26993927,-0.036914095
-0.0025392799,0.06868246,0.22073114,-0.03335834,0.040749934,-0.0018505813,0.054056067,0.020464726,-0.05914797,-0.01740113,-0.00510015,-0.0014974381,-0.2529285,0.0014776343,-0.10314358,0.11620436,0.1851376,-0.0001007444,0.07362111,0.00010470891,-0.022416288,-0.2458693,0.0,-0.048510488,-0.013728138,0.0,0.1074035,-0.46449292,0.0,-0.13256772,0.0039879098,0.0,0.0808586,-0.08132192,0.0,-0.0064236675,0.47133508,-0.053224556,0.09772043,0.0074408078,0.008197757,-0.020326002,0.0007750766,0.08366881,-0.027008539
0.0024850233,-0.78469366,0.20146814,-0.19773167,-0.15280563,-0.047781285,-0.11685195,-0.049535345,0.038013015,0.018902292,-0.0053090136,-0.0018014807,0.06539835,-8.9199064e-05,0.04264882,0.06238067,0.13635898,-0.0022462527,0.12841526,0.00026851066,0.012709419,-0.18143815,0.0,-0.0234948,-0.072670825,0.0,0.03722236,-0.349015,0.0,-0.076139264,0.035313305,0.0,0.059353888,-0.011270052,0.0,0.07600081,-1.0008245,-0.21148548,-0.61430204,-0.0021883724,0.0052341986,-0.05912666,-0.08510194,-0.28755108,0.010036135
0.13820878,-0.14347607,-0.11846474,-0.3113809,0.07262635,0.03412,-0.019041361,-0.012391695,0.019140715,0.0071081836,-0.009700719,-0.0027289465,0.13380872,-0.00040147756,0.07380285,0.10957002,0.19374605,-0.0013843934,0.20877945,8.8185705e-05,-0.0045963777,0.04332623,0.0,-0.068787865,0.07107473,0.0,-0.06244834,0.17070965,0.0,0.019689247,-0.03981178,0.0,-0.0989229,0.08842422,0.0,0.049650278,0.59682655,-0.009609592,0.06593747,0.05466766,0.02123138,-0.001393116,-0.04656535,-0.3483524,-0.028913628
-0.01690078,-0.13916771,0.05289126,-0.20596333,-0.16384433,-0.051981427,-0.008463966,-0.006250635,0.017507648,0.002089202,-0.008496077,-0.005023025,0.05269009,3.847783e-05,0.056730345,0.05576183,0.21153258,-0.0019153423,-0.2509381,-0.00015363118,0.026793005,0.12001266,0.0,-0.020250775,0.06675555,0.0,-0.05978176,-0.4161603,0.0,-0.04916055,0.032259684,0.0,0.10332222,-0.063485794,0.0,-0.10477357,0.41347617,-0.005606389,0.08923084,-0.28277123,-0.10320742,0.0017056183,-0.027930558,-0.37864214,0.02237067
-0.01664406,-0.50046504,-0.64996934,-0.14008881,0.015702631,0.020432888,-0.05648879,-0.008861747,0.0033333749,0.005619408,-0.015845975,-0.0062831347,-0.17775871,-0.00066528725,-0.13234043,0.016922895,-0.13109428,-0.0014827074,-0.4313625,-0.0026885166,-0.0025208564,-0.10067806,0.0,-0.03688605,-0.052961424,0.0,-0.05098033,-0.3456801,0.0,0.015121537,-0.007935595,0.0,-0.05337871,-0.030193621,0.0,-0.12772416,-1.2928658,-0.06457925,-0.75858057,-0.069165945,-0.0028899575,-0.0486412,-0.045817744,-0.1282337,0.0010837681
-0.006371554,-0.19624008,-0.15788239,-0.2827749,0.0013911193,0.0016755849,-0.05634119,-0.022641253,0.015222582,0.008905452,-0.013820944,-0.0035704449,0.09236842,-0.0008574917,0.03963074,0.10639909,0.18720287,0.00017255225,0.2253827,0.00010368147,-0.004830404,0.003599106,0.0,-0.052675657,0.10011402,0.0,-0.057316672,0.11719813,0.0,0.006717658,-0.035746694,0.0,-0.098389946,0.047370963,0.0,-0.061792858,0.65286195,-0.010431752,0.06743783,0.09153031,0.039761547,-0.005254536,-0.0015315945,0.335958,0.028902624
-0.041314002,1.029472,-0.06776528,0.26311877,-0.07804616,-0.03877227,-0.057312705,-0.030228904,-0.09534482,-0.06534225,-0.016864263,-0.005881253,-0.025503997,-0.00095274625,-0.02601288,-0.20519032,-0.24466206,-0.00010853523,0.22096431,0.00010786209,0.01579604,0.074784435,0.0,-0.011835057,0.03659137,0.0,-0.079557136,0.12947457,0.0,0.018016117,0.025237156,0.0,-0.08541909,-0.00013262732,0.0,-0.058847647,0.6026701,-0.017359633,0.0672598,-0.23296574,-0.11268976,-0.0065020416,-0.024579683,-0.23918405,-0.047750376
-0.036908485,-0.34745446,-0.3901346,-0.57562804,-0.06089016,0.0044085644,-0.12687972,-0.028291788,0.026350876,0.020177519,0.06565381,0.014673268,-0.001726004,-0.0041125976,-0.018515801,-0.024474338,-0.15264367,-0.0005245639,-0.42146394,0.00021259677,-0.06624596,0.033957105,0.0,-0.062134564,-0.083688065,0.0,0.03921755,-0.25557464,0.0,-0.03477493,0.015399888,0.0,-0.10389759,0.03589636,0.0,-0.14358358,-1.0783446,-0.09784471,-0.61597615,-0.059973367,-0.03932253,-0.0148254875,-0.041408394,-0.20244102,-0.17765345
0.0028913068,0.24996045,-0.22913066,0.054035854,0.06373229,0.008031505,-0.081950806,-0.018322587,-0.06674248,-0.050907135,-0.007486225,-0.0008256627,-0.09377388,0.00031144804,-0.09045297,0.12175168,0.15118474,-0.001192923,0.18095611,6.71302e-05,0.0006509933,0.04414354,0.0,-0.022391945,0.07087657,0.0,-0.08460322,0.041334737,0.0,-0.0066700685,0.035346687,0.0,-0.07233135,-0.030928712,0.0,-0.07417505,0.5887406,-0.016902082,0.07177421,-0.3259759,-0.09828945,-0.0517533,-0.22863787,-0.28123528,-0.010869523
0.14912462,-0.702783,-0.45072654,-0.45438018,0.0026323649,-0.03322844,-0.014719073,-0.0033543794,-0.0070784804,0.0061581554,-0.013204626,-0.002729975,-0.13770774,-0.000971554,-0.15692002,-0.014853695,-0.123603165,0.022603042,-0.39848042,-0.000566049,0.004262169,-0.101108655,0.0,-0.044255253,-0.08961939,0.0,-0.017342975,-0.27877897,0.0,0.001830727,0.0059610973,0.0,-0.10222514,-0.012361927,0.0,-0.15023403,-1.1440777,-0.090314396,-0.6611612,0.0019943924,0.008441496,0.0051689926,-0.24468188,-0.18131201,-0.039339755
0.5287166,0.8609904,-0.23159575,0.27371114,-0.06723142,-0.020179952,-0.00062402646,0.01190723,0.043307506,0.0066601927,0.10156373,0.027919438,0.0922059,0.0023750768,-0.008754634,-0.19186446,-0.24434249,0.0004871591,0.17464961,0.00012506904,0.0013447716,0.09106595,0.0,-0.02360528,0.05131037,0.0,-0.08365153,0.13454828,0.0,0.012561393,0.0048522945,0.0,-0.09225237,-0.026910521,0.0,-0.09903532,0.6747838,-0.014010375,0.060458776,0.026938984,0.034696423,0.0015457291,-0.007307816,0.20691074,-0.03187224
-0.032374624,-0.09148631,0.25016057,-0.33799833,0.041019388,-0.0012043731,-0.031883862,-0.004304594,-0.03579363,-0.02221438,-0.02894996,-0.0075125922,-0.077286154,-0.0013381494,-0.045303345,0.012874223,-0.22782938,0.0026197482,-0.4726055,-0.00078069617,-0.0071605006,-0.12131979,0.0,-0.01223846,-0.01133438,0.0,-0.01974047,-0.2505057,0.0,0.0009404868,0.0032695492,0.0,-0.055542663,0.020753631,0.0,-0.062141906,0.5312269,0.010349134,0.09742034,-0.085371785,-0.04791596,-0.015086699,-0.0044312677,-0.04146954,-0.011399179
0.07149427,-0.03642538,0.37922072,-0.14778566,-0.006209145,-0.016151268,-0.037707526,-0.01404823,0.06828384,0.039194643,-0.012642439,-0.0024984921,0.12072513,-0.0008014748,0.059014436,0.134446,0.20518658,-0.00018147078,0.1668948,0.00012020574,-0.008148868,-0.21792884,0.0,0.001935667,-0.00852772,0.0,0.06409584,0.12236583,0.0,0.012237904,0.018173024,0.0,0.030833643,-0.004344062,0.0,0.020614274,0.60575396,-0.025186252,0.06455643,0.105472594,0.04566396,-0.0052995696,-0.0070480383,0.09542125,-0.038123272
0.0049058343,0.13816175,-0.21719006,0.05849526,-0.08091254,-0.008913351,-0.052322935,-0.01724214,0.015247826,0.0006440741,-0.012381084,-0.004656835,-0.17106947,-0.0007048203,-0.06965842,0.091152154,0.17230092,0.00026886794,0.21386075,0.00013679425,-0.0058157193,0.039983656,0.0,-0.02561262,0.12743708,0.0,-0.053227227,0.12230927,0.0,-0.0014951454,-0.024570687,0.0,-0.10544231,0.043671988,0.0,-0.027610298,0.65021294,-0.019562913,0.068831414,0.080500335,0.047396977,-0.009402101,0.01790785,0.26173896,0.01602699
-0.011077646,-0.3026907,-0.103495754,0.15487535,-0.11961041,-0.04301462,-0.055290982,-0.018554712,-0.15129985,-0.06859718,-0.005302166,-0.0018162637,-0.14863959,-0.0002995773,-0.082086086,0.091115005,0.1976765,-0.0011769575,0.19150397,8.174373e-05,-0.0060078483,0.0527272,0.0,-0.030125521,0.094773136,0.0,-0.057109725,0.09805372,0.0,-0.0021319368,0.001246638,0.0,0.06569969,0.01749744,0.0,-0.04907125,0.5446714,-0.026893005,0.057596922,0.0278622,0.016677579,-0.027656814,-0.3437772,-0.4207341,0.010010984
-0.04754693,-0.8508248,0.06494555,-0.3090895,0.06281442,-0.004443892,-0.08633772,-0.019011147,0.039668463,0.011946973,-0.008300362,-0.0022689067,0.007734816,-0.0004913019,-0.021636149,0.08598027,0.22007129,-0.00017178332,-0.6431335,0.00010122782,-0.0947906,-0.108037144,0.0,-0.008099392,0.0278828,0.0,0.06396124,0.09072368,0.0,-0.003258251,0.037157807,0.0,0.09038395,0.043289907,0.0,0.08813134,0.4104499,-0.043457918,0.059971422,0.08469494,0.02763598,-0.019904789,-0.022978159,-0.2923605,-0.13071989
-0.020265339,-0.29524085,-0.22502203,-0.14582254,-0.056508288,-0.012701534,-0.022797171,0.023165613,-0.04144913,-0.04065867,-0.058640204,-0.004079674,-0.22815943,-0.0050217984,-0.074685425,-0.24493574,-0.2015816,-0.00018244385,0.08550944,0.00013267962,-0.0064024637,0.08263208,0.0,-0.021531884,-0.14234401,0.0,0.02609967,0.15159482,0.0,0.008358921,-0.01724233,0.0,-0.09724056,-0.03503794,0.0,0.007642283,0.42156047,-0.037516482,0.059592154,-0.26790535,-0.12317726,-0.013336606,0.006934468,0.16810457,-0.014655881
-0.022431184,-1.15654,-0.43847975,-0.40072063,-0.02510908,-0.024439586,-0.086367086,-0.029459173,-0.19812143,-0.09355823,-0.025045495,-0.008184676,-0.13223511,-0.00034053836,-0.1566663,0.01362214,-0.10396214,0.02200366,-0.41133204,-0.00022244186,-0.012880548,-0.12953456,0.0,-0.031956993,-0.06896116,0.0,-0.026828907,-0.3455178,0.0,-0.0026491797,-0.0056745647,0.0,-0.08699386,-0.015707914,0.0,-0.12611741,-1.1631086,-0.09102245,-0.7001306,-0.21997362,-0.07283895,-0.08289967,-0.3572098,-0.19004753,-0.027737448
0.020398011,-0.3232522,0.03446196,0.24839686,-0.1203537,-0.043277528,-0.020111693,-0.009978714,0.034516316,0.010663824,-0.008958736,-0.003639601,0.11187456,-0.0010545257,0.04368711,0.07145974,0.13885608,-0.00032129494,0.23828761,0.00032108236,0.019144695,-0.14862503,0.0,-0.016132822,-0.032623425,0.0,0.050235633,-0.29722258,0.0,-0.07386026,0.029835908,0.0,0.06734801,-0.0055239974,0.0,0.047745302,-1.0758852,-0.31852192,-0.6224363,0.006141408,0.006456953,-0.12623116,0.00020210663,0.16918847,0.02217447
-0.042201884,-0.7043249,-0.36519113,-0.4191456,-0.057190258,-0.023007844,-0.006413163,-0.0016249011,-0.021508927,-0.012970305,-0.020662872,-0.005777919,-0.08256611,-0.0007807383,-0.03381534,-0.13880159,-0.2276384,-0.00018653125,-0.35808757,-5.4005686e-05,-0.037595563,0.03167188,0.0,-0.11160083,-0.04945074,0.0,0.06828481,0.07906156,0.0,-0.006436105,-0.002877038,0.0,0.045534868,0.01709862,0.0,-0.33849674,-1.0796627,-0.04099577,0.0643331,-0.021450376,-0.0043746913,0.009014333,-0.039717667,-0.31489483,-0.19585085
-0.004353785,-0.48175257,0.28074548,-0.19573896,0.028593654,0.011820026,-0.0074027097,0.0064041847,-0.20598511,-0.0946473,-0.00974606,-0.0021385567,-0.18250366,-0.0002484789,-0.13713098,0.04837851,0.14186522,-0.0004205438,-0.4757895,0.00017432577,-0.07402386,-0.1600833,0.0,-0.03879169,-0.031640936,0.0,0.07367135,0.07601862,0.0,-0.0033499957,0.01977029,0.0,0.09029518,-0.0041979947,0.0,0.09749942,-1.0472206,-0.15292194,-0.5766691,0.02356796,0.0064562275,0.19059725,-0.0016461194,-0.14321244,0.016661951
0.0028587214,-0.47680292,0.10148814,-0.07054461,-0.17614895,-0.053366117,0.028318398,0.0045438963,-0.22310145,-0.08591778,-0.04440573,-0.010627868,-0.1524552,-0.0010883046,-0.06392391,0.03790045,-0.22664306,0.0039436384,-0.44829887,-0.00076006853,-0.020605609,-0.18702987,0.0,-0.046601538,-0.08068143,0.0,-0.039687604,-0.4589574,0.0,0.0027351019,0.011207692,0.0,-0.059837278,-0.023048371,0.0,-0.030914493,0.43519536,0.0017985607,0.07917639,-0.3488482,-0.106240414,-0.06366757,0.018195063,-0.015094186,-0.015006024
-0.017148476,-0.42689666,-0.32005125,-0.21042521,-0.038483016,-0.026758475,0.025213007,0.01355669,-0.25022632,-0.11126902,-0.01521846,-0.0015687116,0.028888255,0.00038713458,0.07813802,0.020506829,-0.14153552,0.06800466,-0.43729386,-0.004841808,0.00088205864,-0.033555616,0.0,-0.10947977,-0.06030295,0.0,-0.022152469,-0.28833228,0.0,0.007332061,-0.022638442,0.0,-0.06607791,0.0106834825,0.0,-0.17455219,-1.1301013,-0.09572399,0.06787163,0.008119815,0.0013057182,-0.014089298,-0.09171154,-0.18274017,-0.01866298
-0.03487006,-0.026665252,0.12550074,-0.19739163,-0.13911887,-0.044110037,-0.028137287,-0.008201389,-0.0102559505,-0.006424907,-0.010517976,-0.0024207367,-0.19649234,-0.0029281646,-0.06434765,0.12697028,0.18233068,-0.004343987,0.27182394,0.0001395394,0.00911972,0.10232965,0.0,0.007880305,0.01601931,0.0,-0.0945741,0.0946669,0.0,-0.007622444,-0.0025948458,0.0,0.09894204,-0.08457321,0.0,0.013120635,0.54601437,-0.036697414,0.07766024,-0.29083592,-0.13294566,-0.03286648,0.0015088803,-0.23905747,-0.123099215
-0.0026154553,-0.11896097,-0.11629719,0.04179968,-0.027552005,-0.010290481,-0.16574086,-0.011821559,0.028934937,0.010913198,-0.037722163,-0.012717875,-0.12677331,-0.00088525633,-0.057983004,-0.1705703,-0.20575926,-0.00027662018,0.079508044,0.00011226267,-0.005019195,0.06858252,0.0,-0.022112751,0.09044999,0.0,-0.062350687,-0.25205943,0.0,-0.020075811,0.0025084733,0.0,-0.082486935,0.06894308,0.0,-0.06513947,0.39602602,-0.014941161,0.0694513,-0.15312645,-0.1112551,-0.00061367697,-0.011635911,-0.28302658,-0.03548425
-0.02046451,0.46721396,-0.34532255,0.17656144,-0.025256483,-0.008436729,0.016991707,-0.00092041853,0.020638762,0.009282359,0.10117007,0.0224628,0.124812365,0.00800756,-0.05460861,-0.037295166,-0.20631036,-0.00060951256,0.20140086,8.698942e-05,-0.0040530427,0.0399352,0.0,-0.039531853,0.057116505,0.0,-0.08064714,0.16171236,0.0,0.00581323,0.014479545,0.0,-0.101362154,-0.01563749,0.0,-0.11259913,0.5822324,-0.023874078,0.061692227,0.03154676,0.022871174,-0.013721509,-0.26647234,-0.39096665,-0.009626734
-0.07193249,0.6778057,-0.4606136,0.03791772,-0.19608317,-0.056515746,-0.11904322,-0.04514811,0.02200789,-0.011405475,0.0651933,0.022665251,0.06274156,0.0031482272,-0.016165681,-0.23767103,-0.28844175,0.00048499575,0.16519007,0.000117352414,-0.00021935749,0.093956664,0.0,-0.02285097,0.04533629,0.0,-0.093285166,0.111835815,0.0,0.0063249585,-0.017011456,0.0,-0.09678963,-0.013261015,0.0,-0.103494465,0.64909416,-0.016567811,0.06414317,0.036804713,0.028962994,-0.009336807,-0.018963272,0.17025916,-0.004522467
0.01605497,-2.1572974,0.25410983,0.08672084,-0.049278412,-0.01583393,-0.08175652,-0.021875191,-0.0024400284,-0.0041252878,-0.0070218192,-0.0041504274,0.018596206,-0.00012765582,0.012701924,0.020804962,0.0988688,-0.00043161912,-0.46929064,0.00030386192,-0.052153133,-0.20140322,0.0,-0.052787174,-0.06531219,0.0,0.049521077,-0.20825481,0.0,-0.054814804,-0.07234857,0.0,-0.11046729,-0.0034912576,0.0,0.08989503,-0.99193275,-0.22671123,-0.7007791,0.008786268,0.0092013925,-0.00016774543,-0.04108769,-0.21381807,-0.0055970554
-0.016513813,0.2712237,-0.07871071,0.060714513,0.045201883,0.035049167,0.020223785,0.004910945,0.028591473,0.004385013,-0.02433239,-0.0065982933,-0.175637,-0.0043474403,-0.051786005,-0.08873461,-0.16491394,-0.00011700098,0.21468414,0.00013679425,-0.013811947,0.09467216,0.0,-0.03208633,0.079151005,0.0,-0.06642353,0.16109447,0.0,0.0047718296,0.0024949564,0.0,-0.10496525,0.03720617,0.0,-0.039977983,0.6297435,-0.021992013,0.06603708,0.072620474,0.04547988,-0.02040627,0.001501388,0.2036603,0.009646216
-0.015233419,-0.053830717,-0.2975589,0.1563588,0.04885012,0.023993826,-0.07730479,-0.025104264,0.044534255,0.015261778,-0.006633772,-0.0019723056,0.048856292,-0.00043125826,0.055757374,0.054356452,0.24958083,-0.001754384,-0.5964823,-5.3987213e-05,-0.05862743,0.031640347,0.0,-0.039430056,0.06995501,0.0,-0.06291757,0.09776779,0.0,-0.0121666035,0.0023575483,0.0,-0.093232945,-0.015236041,0.0,-0.10039964,0.58881235,0.008067375,0.07738175,0.05624076,0.032899976,-0.010521526,0.021570032,-0.31905442,0.037221123
0.08869279,-1.5914501,0.35931334,-0.022974884,0.070909336,0.01387398,-0.09289075,-0.04048325,-0.2303005,-0.0689996,-0.0070367246,-0.005453397,-0.19512598,0.000551367,-0.09532826,0.029368658,0.14583349,-0.0009935906,-0.4011903,-5.899943e-05,-0.025024105,0.18181826,0.0,-0.0071705324,-0.13376996,0.0,0.015367481,-0.3117205,0.0,-0.057407063,0.014152438,0.0,0.077624336,0.002943916,0.0,0.0817444,-1.0832505,-0.1435914,-0.71882004,-0.004962808,0.009676841,-0.06601924,-0.16719992,-0.16018961,-0.011717433
-0.04257248,0.0043272497,-0.60039014,-0.17120543,0.0578272,0.008472452,-0.052623127,-0.0062183063,0.057167068,0.042273786,-0.026553245,-0.0040006805,-0.0997374,-0.000868695,-0.10213873,0.017550414,-0.114325844,0.014456616,-0.39765167,-0.0026945206,0.0039712894,-0.08917166,0.0,-0.043866903,-0.024491934,0.0,-0.027475419,-0.26522252,0.0,-0.0012474275,0.005598192,0.0,-0.06916711,0.0077213673,0.0,-0.118001044,-1.1183751,-0.07856718,-0.772747,-0.10237978,-0.050489023,-0.05909192,0.0028107516,-0.13448623,-0.1771278
0.071838126,-1.157057,-0.2181852,-0.36754355,-0.06137775,-0.013952373,-0.11872528,-0.031001605,0.018533546,0.00848619,-0.010536142,-0.006940892,-0.23338528,-0.00028404692,-0.1162321,0.02486038,0.0867505,-0.0014158603,0.1846266,0.0002732223,0.009431914,-0.1662066,0.0,-0.0081094345,-0.13028087,0.0,-0.010615648,-0.34440652,0.0,-0.09600302,-0.12741554,0.0,-0.15009977,-0.032348145,0.0,0.08711278,-0.86263645,-0.23731746,-0.6109908,0.0062619164,0.006730277,-0.090325005,-0.13562612,-0.1905264,-0.026801553
-0.013862156,1.2681615,0.022416592,0.5627933,-0.04775594,-0.002397387,-0.045994747,-0.012975424,-0.012421622,0.0014350057,-0.010179503,-0.0032696265,-0.08471395,-0.0005693343,-0.039914332,0.11809303,0.13303031,9.67514e-05,0.2847395,0.00012723671,0.008473513,0.042471144,0.0,-0.018463003,-0.1529832,0.0,0.011128171,0.119621076,0.0,0.012950801,-0.009442234,0.0,-0.09154105,-0.012587115,0.0,-0.04888459,0.7210335,-0.01487501,0.0686204,-0.3247034,-0.11544445,-0.016718814,-0.0020011237,0.11993883,-0.038064897
-0.048350066,-0.3805734,-0.34245628,-0.34656954,-0.07643524,-0.04408747,-0.010704152,-0.00073913985,-0.1533565,-0.06881411,-0.012673218,-0.0025457987,0.079252854,0.0002910578,0.030125806,-0.10300068,-0.17173956,-0.0019608156,-0.23495784,0.00020465214,-0.019452544,-0.14805546,0.0,-0.0033331118,-0.053313978,0.0,0.03564034,-0.28121182,0.0,-0.044578318,-0.040951803,0.0,0.026743347,-0.047680583,0.0,0.008975394,-1.092455,-0.22337745,-0.75156885,-0.09207503,-0.050666157,-0.093823664,-0.03231497,-0.17192332,0.023057476
-0.021696927,-0.4002012,-0.4318589,-0.55959797,-0.022909533,0.0043188827,-0.14426726,-0.043112077,-0.20143852,-0.102464095,0.041394748,0.019761907,-0.06388714,-0.011091229,-0.022348365,-0.063468635,-0.16435817,-0.0019681528,-0.407389,0.0003405021,-0.043014962,-0.00023413826,0.0,-0.11005124,0.050977193,0.0,-0.08828624,-0.3033861,0.0,-0.058789626,0.012227428,0.0,0.04461317,0.059659835,0.0,-0.3859153,-1.0693041,-0.08302441,0.054379776,-0.07794572,-0.060097456,-0.03586306,-0.014235523,-0.22875373,-0.0024044188
0.015321269,0.9222715,-0.2633686,-0.25236362,-0.017067054,-0.0117183095,-0.006546036,-0.0013954493,-4.0116607e-05,-0.0010259526,-0.011146129,-0.0039036965,-0.09186883,-0.00027772295,-0.034128554,0.106651045,0.13746172,0.0005390482,0.23468132,0.00012506904,-0.0063156127,0.058204696,0.0,-0.03125362,0.06554409,0.0,-0.06674199,0.14101364,0.0,0.011900719,0.017855413,0.0,-0.08754133,-0.008545616,0.0,-0.046235554,0.7483698,-0.009816045,0.0719777,0.005964992,0.015486193,-0.012397786,-0.011132359,0.19351551,-0.021544605
-0.044653643,-0.9425898,-0.48003665,-0.017654674,0.015708946,0.0027095512,0.022991154,0.016924614,-0.033312358,-0.019285921,-0.014580916,-0.005550831,0.06340035,-0.0005350979,0.0150543675,-0.085949756,-0.21374267,-0.00057902315,-0.39721316,0.00030475578,-0.04578195,-0.16862765,0.0,-0.004666166,-0.06703366,0.0,0.05231978,-0.28216034,0.0,-0.09113122,-0.009288963,0.0,-0.14507471,0.009140376,0.0,0.055990465,-0.87012476,-0.24981977,-0.7104923,-0.0013445341,-0.013470415,-0.07116918,-0.030944256,-0.24759616,0.013347572
0.0056149815,-0.1514637,-0.31757897,-0.098799266,0.0365172,0.008134658,-0.04092366,0.0036703995,-0.0897308,-0.023243014,-0.00927911,-0.0019964804,-0.11026643,-0.0003118283,-0.04003238,0.15832698,0.20241034,-0.00017118247,0.13716565,8.833073e-05,-0.010214343,-0.04913638,0.0,0.044537887,-0.08519338,0.0,0.050104078,0.17431286,0.0,0.022339107,0.012371595,0.0,0.052388716,-0.040949456,0.0,-0.054625094,0.5776618,-0.015272246,0.07314568,0.036073636,0.016086204,-0.09235394,-0.0016549935,-0.3548532,-0.01839285
-0.02759888,-0.55258703,-0.115289524,-0.50674605,0.1051337,0.049755465,-0.15192614,-0.034220528,-0.012603835,0.0008313142,-0.011364945,-0.0051737255,0.02882505,-0.00072977174,-0.01435103,0.064185284,0.16515289,-0.00024320841,-0.41428918,7.821276e-05,-0.05118561,-0.09284123,0.0,0.012139075,-0.025294542,0.0,-0.005214066,0.07202629,0.0,-0.004233922,-0.0019937216,0.0,-0.063561186,0.033536382,0.0,-0.076076336,0.4897476,0.004054096,0.079549864,-0.33657894,-0.11148976,-0.13506554,-0.09900106,-0.18590906,0.03267255
0.008383738,-0.3904019,-0.061085068,0.12520675,-0.01006603,-0.018610924,-0.022525918,-0.004859252,-0.00057541113,-0.0021782066,-0.011795481,-0.0029433582,-0.28381997,-0.00081179,-0.113242276,0.10452738,0.16325223,-6.111454e-05,0.17129813,0.00012020139,-0.0019385953,0.064603806,0.0,-0.038024932,0.084009096,0.0,-0.061592504,0.14908792,0.0,0.015021933,0.028156439,0.0,0.05193001,-0.016383624,0.0,0.010067447,0.5929044,-0.019366432,0.06667948,0.020141842,0.02039549,-0.009131142,-0.015805095,0.11165249,-0.026929265
-0.01800854,-0.059266325,-0.14657572,-0.0675149,-0.21070634,-0.067107625,-0.05679224,-0.017271703,0.027500434,0.01006879,-0.024769468,-0.0069482005,-0.1600189,-0.00016188841,-0.11031091,0.02803135,-0.13637468,0.019605264,-0.44580132,-0.00062653504,-0.00089986844,-0.15354598,0.0,-0.01872025,-0.11460643,0.0,-0.029336637,-0.32946488,0.0,-0.0005248755,0.0006203407,0.0,-0.04702782,-0.034422092,0.0,-0.037182402,0.42284665,0.004174142,0.06598872,-0.13556659,-0.078598164,-0.06716834,-0.48545027,-0.23402244,-0.025409544
-0.051227346,1.0971512,-0.4185362,0.1859525,0.0080635585,-0.0039808913,-0.030640101,-0.010524594,0.008253826,0.011597578,-0.010623056,-0.0029916505,-0.030948063,-0.0013592099,-0.031212296,0.05032357,-0.19486412,0.003546201,-0.33539605,-0.00084521563,0.00042812922,-0.102568656,0.0,-0.015119407,-0.006477338,0.0,-0.02968403,-0.2849405,0.0,0.010722361,0.012452452,0.0,-0.055935636,0.00813338,0.0,-0.04830602,0.61913544,0.023628348,0.105886884,-0.08923949,-0.056435708,0.00091374264,0.008146484,-0.06947673,0.020719042
0.15077645,-0.23695071,-0.17233971,0.0746187,-0.01427453,-0.005248988,-0.19996782,-0.025913669,0.026130565,0.017818885,0.1136913,0.028721452,0.19502845,0.003434478,-0.067229725,-0.25761157,-0.23409434,-0.00081486884,0.06660548,2.1513726e-05,-0.007547112,0.05646538,0.0,-0.060477436,-0.15383512,0.0,0.07880301,0.1748891,0.0,0.02147731,-0.0341921,0.0,-0.10704167,0.064606145,0.0,0.06488044,0.48035264,-0.025821818,0.05853209,-0.012953324,0.015233638,-0.034575827,-0.17829616,-0.3901734,-0.039415777
0.016876832,-0.3220849,0.34344873,-0.043979544,0.109321944,0.040117595,0.15976244,0.047292475,0.060281336,0.020002738,-0.005900987,-0.004016331,0.058512725,-0.0007602096,0.037982635,0.04031038,0.15981382,-0.00050363754,-0.4123612,0.00032107823,-0.063232295,0.48133448,0.0,0.116055906,-0.07027982,0.0,0.013137941,-0.19092004,0.0,-0.047152963,0.030174384,0.0,0.10937319,0.0035941498,0.0,0.11137609,-0.5908366,-0.063540004,-0.16555108,-0.021572495,-0.007508103,0.046384465,-0.035093386,0.097414546,0.0017326166
-0.008605683,-0.23769858,-0.42186874,-0.29854962,0.0294837,0.029249929,-0.0077246474,-0.0032456731,-0.02012036,-0.015436473,-0.02020699,-0.010183475,-0.13525064,-0.0012037101,-0.029996114,-0.12119825,-0.21459311,-0.0005934827,0.37784326,0.0011190847,-0.0012940285,0.054674137,0.0,-0.10200332,0.040747575,0.0,-0.06016313,0.14252816,0.0,0.0038290033,0.007053252,0.0,0.07338963,-0.0028081196,0.0,0.1697692,-0.75681937,0.09995393,0.09516824,0.06702035,0.04873636,-0.12128617,-0.0035630714,-0.21866867,-0.06336862
-0.020520968,-0.48925677,-0.5899413,-0.38588452,-0.08737113,-0.015811125,-0.028139979,-0.0023691605,-0.028168596,-0.026577309,-0.013343024,-0.005309739,0.0065424093,-0.0016428385,-0.026697973,-0.1346823,-0.20250484,-0.00045099185,0.17277434,0.00014152862,-0.009171188,0.13930857,0.0,-0.03451791,0.058478903,0.0,-0.06731133,-0.35541114,0.0,-0.0795472,-0.0391604,0.0,-0.00308173,-0.103048496,0.0,-0.16032,-1.0850418,-0.12623915,-0.6787811,-0.018145604,-0.0025383742,-0.27130315,-0.028542513,-0.3325255,0.011088279
0.15616809,-0.48048517,-0.1356856,-0.027157975,0.023186352,-0.008282235,-0.054960564,-0.028914161,-0.026699482,-0.0030883653,-0.062116884,-0.012629614,0.00093064544,-0.0043876097,-0.057008397,-0.16707008,-0.24666211,-0.00097346434,0.13437441,0.00010171841,-0.009866291,0.09591812,0.0,-0.0675985,-0.16159914,0.0,0.024571843,0.06527349,0.0,-0.010006479,-0.07322692,0.0,-0.12032208,0.008422557,0.0,-0.07577741,0.49946484,-0.008520367,0.041140884,-0.23331304,-0.14255443,0.024600392,-0.07217658,0.13653833,-0.006862648
-0.03095727,-0.020731825,-0.3256635,-0.04178365,0.016994014,0.0054706326,-0.030654266,-0.01025408,0.026889855,0.021245886,-0.010095834,-0.0023718197,-0.059034955,-0.00065302395,-0.12549701,0.006661855,-0.10738831,0.0034864235,-0.39228696,-0.0027053785,0.0045645623,-0.14046733,0.0,0.0038576939,-0.037146177,0.0,-0.052303012,-0.23348366,0.0,0.001961624,0.007132173,0.0,-0.06473029,-0.0051132916,0.0,-0.104798116,-1.4019638,-0.07143528,-0.88924503,-0.05944123,-0.043902427,-0.058966864,-0.013201572,-0.13922858,-0.12627953
-0.025653286,-0.6106975,-0.30876368,-0.33159944,0.02037333,0.00235169,-0.07329182,-0.030402513,-0.012386477,-0.0005340112,-0.032068796,-0.01045767,-0.036196165,-0.0035602872,-0.04024288,-0.17519163,-0.2690571,-0.00039880187,0.064988546,0.00010346072,-0.0016083806,-0.13807775,0.0,0.03505087,0.06160729,0.0,-0.058285438,-0.2848813,0.0,-0.040217854,-0.016583541,0.0,-0.08401662,0.03876122,0.0,-0.05960638,0.38036555,-0.038116306,0.06452151,-0.17644738,-0.10641421,-0.20255809,-0.06779489,-0.26110828,-0.039877504
-0.03984719,-1.1572988,-0.43886885,-0.329801,-0.04339023,-0.019857261,-0.11181616,-0.030686202,-0.013662747,-0.006269205,-0.019876577,-0.009564269,0.02666312,-0.00066606404,0.012890956,-0.06733625,-0.16685148,-0.0012187985,-0.4258073,0.0003090327,-0.04412863,-0.1370993,0.0,-0.02992174,-0.09820536,0.0,0.016571656,-0.26849592,0.0,-0.06983541,-0.016486455,0.0,-0.15626499,-0.013812587,0.0,0.02289507,-0.8853043,-0.26708594,-0.6881554,-0.16963972,-0.06952351,-0.07463438,-0.06380735,-0.19339226,0.006029835
-0.019121008,-0.80518776,0.5361648,-0.33254862,0.034905873,0.024103763,-0.033356074,-0.0089889,-0.16856827,-0.072811924,-0.0062812963,-0.0017055232,0.1661024,-0.0003023166,0.0736784,0.13277723,0.21283165,-0.0017768675,0.20956439,-2.7055925e-05,0.019610727,0.07550935,0.0,-0.037208978,-0.09483512,0.0,0.02336739,0.13850038,0.0,0.009382767,0.12112784,0.0,0.13462493,0.07620418,0.0,0.062197015,0.52798647,0.0038495047,0.047827385,0.017110057,0.014702587,-0.02114057,-0.24853915,-0.33523524,0.0012855201
0.006209627,-0.25136203,0.049555108,0.29622334,-0.036197502,-0.003354039,0.0037217634,0.013218135,-0.20118435,-0.0954912,-0.0049021584,-0.0016051383,0.055577967,0.0009389302,0.045384515,0.062096737,0.16122726,-0.0004560466,-0.5063175,0.00017102322,-0.059436444,-0.1617307,0.0,-0.036556527,-0.009408473,0.0,0.06540418,-0.19713242,0.0,-0.044613056,0.013330689,0.0,0.090978935,-0.0021840646,0.0,0.1314534,-0.883555,-0.15127787,-0.42302722,-0.020957705,-0.0006861294,0.25955507,-0.0036436326,-0.1259528,0.02420638
-0.014930788,-0.8473179,0.18049712,-0.2596115,-0.15178238,-0.0467549,-0.04424304,-0.023073371,0.015175821,-0.0045293053,-0.008249303,-0.0018750657,0.06574739,-9.694181e-05,0.017756762,0.059006717,0.13681297,-0.000549309,0.102278404,0.0003059484,-0.005668937,-0.19649315,0.0,-0.03251876,-0.010341188,0.0,-0.12052693,-0.41957298,0.0,-0.099816725,0.029059589,0.0,0.057226654,0.0011844067,0.0,0.09998777,-1.0514376,-0.20596379,-0.71467,0.0005662091,0.009284849,-0.11559517,-0.04647955,-0.2722917,0.02097874
0.15146944,0.25483826,-0.34582013,0.042344436,0.017770907,0.0018563272,-0.041007925,-0.006273297,-0.02548112,-0.009593468,-0.010403993,-0.00204696,-0.16711074,-0.0010839865,-0.08430085,0.10150687,0.10879796,-0.00025439027,0.17828044,0.00011310777,0.0001889068,0.029729512,0.0,-0.0072390772,-0.11249585,0.0,0.062452067,0.06266142,0.0,-0.008385981,-0.010925525,0.0,-0.10439794,-0.06665173,0.0,-0.07714735,0.6066723,-0.020052865,0.063028656,-0.32600805,-0.1544925,-0.015492677,-0.008887531,-0.23078848,-0.007128913
-0.018164173,-0.77655965,-0.47798404,-0.1771809,0.0043659257,-0.018439122,-0.06885847,-0.0060735764,-0.06483548,-0.008630388,-0.0054189656,-0.004848449,-0.09957751,-0.00021529429,-0.12211909,-0.082752295,-0.16613537,-0.0016199022,0.15695737,-0.000119533615,0.010961115,0.046239704,0.0,-0.12945807,0.10476078,0.0,-0.06325233,-0.23751009,0.0,-0.050226923,0.04507284,0.0,-0.09375476,0.049114432,0.0,-0.30869213,-0.83658123,-0.018997913,0.049933042,0.013706342,0.0043728547,0.02367884,0.036356516,-0.28665024,0.007005761
-0.020461023,-0.4878675,-1.4229008,-0.2704725,-0.098047934,-0.034439582,-0.04648672,-0.011239569,-0.0039304034,0.0026206532,-0.013871544,-0.0050379783,-0.15269893,-0.0005537343,-0.13067265,-0.005966184,-0.13101722,0.017206695,-0.42740035,-0.0103498865,-0.007167997,-0.108316146,0.0,-0.10040865,-0.11490066,0.0,-0.035058886,-0.30078533,0.0,0.0011248989,-0.007121183,0.0,-0.06370713,-0.012791186,0.0,-0.24295723,-1.1236387,-0.13701126,0.042183105,-0.28789592,-0.12384388,-0.06001214,-0.24873734,-0.17246674,-0.03028972
0.010279713,-0.34713724,0.005969448,-0.17623635,0.0850383,0.033190556,-0.10212681,-0.020323953,0.05433251,0.022228416,-0.010879853,-0.007468589,-0.1935193,-0.0010825046,-0.12326863,0.040845707,0.14187634,-0.0004419005,-0.41951156,0.00032161857,-0.08040944,-0.18764512,0.0,-0.052865423,-0.05032165,0.0,0.03791699,-0.2477104,0.0,-0.06258388,0.020220956,0.0,0.093862414,-0.031488944,0.0,0.06169384,-0.8980297,-0.2784886,-0.69486356,-0.033221066,-0.017994285,-0.09320162,-0.014265216,0.033324674,0.016223393
-0.010588069,-0.5817649,0.11532299,-0.014363237,-0.053083047,-0.033092577,0.01038937,0.0048620948,0.031439763,0.017399218,-0.052237324,-0.010456479,-0.17503446,-0.0022298477,-0.050171606,0.037872903,-0.22009456,0.0031595011,-0.43638855,-0.0008170899,-0.018082935,-0.15412249,0.0,-0.052669402,-0.101249166,0.0,-0.024105119,-0.42650506,0.0,0.0020705177,-0.007010594,0.0,-0.058358025,-0.03492578,0.0,-0.04000489,0.43793747,0.0008406164,0.07565111,-0.24327889,-0.087137625,-0.060949754,0.025146399,0.0063667763,-0.028801234
-0.0060035954,-0.7300216,0.09340943,-0.13337374,0.09661156,0.046926104,0.015359531,-0.004143386,0.03763925,0.020478705,-0.014237414,-0.0031202757,0.11485724,-0.0009293563,0.023631617,0.07568301,0.1632774,-0.0022851666,-0.72359526,4.295676e-05,-0.08756185,-0.23427843,0.0,-0.018211056,0.028059395,0.0,-0.082398534,0.13619162,0.0,0.0143513195,0.028688964,0.0,0.09630015,-0.02705399,0.0,-0.084128454,0.42987686,-0.033196766,0.06910055,0.078863814,0.02235654,-0.025088377,-0.014956916,0.26335436,0.04800533
-0.030755842,-0.23776771,-0.17344771,-0.09115832,-0.052618053,-0.016842179,-0.07580083,-0.020301605,-0.008885735,-0.0042657866,-0.0116417,-0.005244549,-0.049246825,-0.0012747167,-0.028792132,0.09967306,0.1834822,9.4886054e-05,0.1993137,9.318446e-05,0.0033159193,0.03370257,0.0,-0.05637163,0.08517584,0.0,-0.06518701,0.15073135,0.0,0.007145528,-0.042390022,0.0,-0.12958615,-0.04195299,0.0,-0.0742205,0.5143919,-0.014262647,0.06493003,0.02547834,0.025311504,0.003759448,0.00847979,-0.48030534,-0.27461937
-0.022130337,-0.17548162,-0.08555597,-0.0027852603,-0.09934664,-0.031290576,0.061962478,0.010475355,0.0029818064,-0.0017876212,-0.009003785,-0.0027073666,-0.06394542,-0.0010113509,-0.040147908,0.08174252,0.23620133,-0.00020341153,-0.4811737,3.2513242e-05,-0.04645789,0.022286199,0.0,-0.06327313,-0.05172587,0.0,0.066519774,0.17703852,0.0,0.010007518,0.08222904,0.0,0.1548493,-0.06913797,0.0,-0.089118145,0.51302505,-0.015071362,0.092113,0.022839388,0.030879805,0.004852938,0.019135538,-0.41012654,-0.06339684
-0.02496456,-0.15697815,-0.27256554,-0.58505434,-0.078790545,-0.015199283,0.037529934,0.012537908,0.03630603,0.03946251,0.04978502,0.015490847,0.071087785,-0.003765159,-0.050547417,-0.020099837,-0.15637062,-0.0015657374,-0.27108297,0.0001347386,-0.0024946064,0.05905633,0.0,-0.068814896,-0.057871766,0.0,0.09370706,-0.23232043,0.0,-0.043501154,0.07259149,0.0,-0.085306965,0.03521178,0.0,-0.12759125,-1.0674675,-0.08143808,-0.67846006,-0.0026970112,-0.017252702,-0.016345853,-0.103395596,-0.21915036,0.01614569
-0.0064870035,0.18361622,-0.021145312,0.043709036,0.087543145,0.046832792,0.055275336,0.024755044,0.045396466,0.01962429,-0.006118069,-0.002015362,0.06922324,-0.00045245563,0.07270258,0.089672305,0.31027982,-0.0017430666,-0.5460718,-0.0012805649,-0.032350164,0.057022937,0.0,-0.040588986,0.101550065,0.0,-0.06527337,0.10018511,0.0,-0.007579037,0.00016186791,0.0,-0.09171715,0.008538803,0.0,-0.098202124,0.6027533,0.009405079,0.09286644,0.05079147,0.041513234,-0.018372254,-0.028329752,-0.3284615,0.039383385
-0.0010122438,-1.2638794,0.13996789,-0.29184178,0.10047488,0.024632337,0.014387715,-0.0007500815,0.009666283,0.01010894,-0.024960477,-0.009528586,0.14611521,-0.0012599376,0.012099788,0.056706607,0.09655984,-0.000558638,0.40317288,0.00032535804,0.0441952,-0.14673993,0.0,-0.024118163,0.030778032,0.0,-0.07927162,0.22707939,0.0,0.061575934,0.044931855,0.0,0.09261091,0.027118515,0.0,0.075328976,-1.4780211,-0.19210355,-0.6074789,0.07512998,0.025338966,-0.023302231,-0.004025676,0.2885164,0.019201964
-0.01864368,0.056811772,-0.14732169,0.08698104,0.061084285,0.02830342,0.00012121757,-0.0040205903,0.021523673,0.0142761925,-0.05573035,-0.013920443,0.004751906,-0.007797589,-0.0035222485,-0.19871941,-0.18837819,-0.00025960302,0.10076269,0.00013127216,-0.013519456,-0.3790852,0.0,-0.07510615,0.07320747,0.0,-0.06639429,0.07941315,0.0,-0.015097485,-0.008378456,0.0,-0.07754343,0.06426433,0.0,-0.051111743,0.46943632,-0.019073263,0.059784297,-0.41552374,-0.20384666,0.0104574235,-0.021087717,0.04604179,0.008046371
0.07542571,0.3649536,-0.07268012,0.102796905,0.014157032,0.0090721445,-0.047077086,-0.009118534,0.013636542,-0.0019381389,-0.0125850765,-0.0028391064,0.1803185,-0.001291652,0.09748527,0.10418146,0.16634603,-0.0001228528,0.27735475,0.00012434999,-0.0012430508,0.062898606,0.0,-0.020198593,0.06491828,0.0,-0.070564784,0.117967546,0.0,-0.0060926657,0.01856217,0.0,-0.09148151,0.025938211,0.0,-0.07579674,0.7137187,-0.015656078,0.06916081,0.07534842,0.05443675,-0.014259392,-0.0009754355,0.19970427,0.010507646
0.00042353652,-0.10750623,-0.30947992,-0.13800998,0.07667231,0.016427586,-0.08783087,-0.03948936,-0.40966955,-0.14460658,0.09791421,0.0058037075,0.07376878,-0.0015577287,-0.046774883,-0.23422651,-0.2720577,-0.00011279991,0.16696723,0.00012383194,-0.016969606,0.08680619,0.0,-0.032279618,0.045734033,0.0,-0.09111753,0.15281734,0.0,0.0043194164,-0.019129425,0.0,-0.098802514,-0.00011757272,0.0,-0.119939946,0.5013578,-0.024023416,0.061473545,0.0038307724,0.007993681,-0.024127983,0.009994231,0.28835583,0.013554678
-0.01881944,0.488306,-0.036989886,-0.032030333,-0.108067326,-0.0552981,-0.04903202,-0.017423019,-0.0020890054,-0.0072610523,-0.012276541,-0.00198029,-0.16280435,-0.00052995904,-0.08479896,0.12558141,0.19318514,3.8906917e-05,0.28876218,0.0001395394,0.0137483785,0.09078759,0.0,0.011175083,0.05682958,0.0,-0.071713865,0.09533797,0.0,-0.0072497963,-0.022042504,0.0,-0.114966325,0.016475266,0.0,-0.007755696,0.57195127,-0.03526731,0.07328658,-0.26945338,-0.0932537,-0.035690747,0.022114532,-0.29510733,-0.10274528
-0.07853229,0.6463078,-0.12325486,0.069938265,-0.21421976,-0.103904255,-0.051175047,-0.0040734895,-0.0019177716,-0.0057646963,0.08364614,0.026899613,0.020395486,0.0021658568,-0.0016728375,-0.19739848,-0.26417008,-0.0002287995,0.17802158,0.00012412922,0.0030313379,-0.24611732,0.0,-0.032990668,0.026155572,0.0,-0.08508239,0.08261082,0.0,-0.0037537848,0.015865382,0.0,-0.087451056,-0.03646022,0.0,-0.101812415,0.5561458,-0.019989774,0.06883948,-0.27254495,-0.15371598,-0.15201496,-0.030426081,-0.20730902,-0.066173024
-0.024416696,0.9612498,-0.19720475,0.033267215,-0.068751045,-0.028118344,0.023089573,0.0020988395,-0.004513358,-0.0011060344,-0.023699785,-0.012060211,-0.06939029,-0.0012947809,-0.029463138,-0.22196387,-0.24831074,7.945525e-05,0.20639765,0.00011094009,0.00041485362,0.07189386,0.0,-0.027979666,0.04161596,0.0,-0.08167947,0.15033104,0.0,0.01915191,0.016435064,0.0,-0.09796719,-0.021145953,0.0,-0.06540149,0.63938445,-0.015916664,0.06922724,0.06765825,0.03377108,-0.0019973686,-0.019184124,-0.37332216,-0.13211128
0.1289574,-0.47718984,0.13073765,-0.06887002,-0.11845114,-0.04658787,-0.064418346,0.0012880625,0.009150774,-0.0017995436,-0.0087436335,-0.0029887178,0.14215195,-0.0004274024,0.06981338,0.14256158,0.20282316,-0.0014786543,0.20759487,-2.5055997e-06,-0.0041903174,0.099249594,0.0,-0.040169653,0.11902658,0.0,-0.048387133,0.16192593,0.0,0.01996933,-0.06677409,0.0,-0.07819432,0.11565447,0.0,0.058951735,0.52086073,-0.02286461,0.07018018,0.015532746,0.0027743548,0.007805504,-0.18039401,-0.44811004,-0.024766978
-0.031152124,-0.6376923,0.26022288,-0.3325117,-0.0339004,-0.0074082785,-0.09043984,-0.051178932,0.05206097,0.022136064,-0.0080913985,-0.00230465,-0.16582133,0.00027907404,-0.07413111,0.022885501,0.15921102,-0.0015397241,-0.3292788,6.477986e-05,-0.032785226,-0.1860466,0.0,-0.029362855,0.0726266,0.0,-0.071287096,-0.24348824,0.0,-0.060285326,0.019177156,0.0,0.07781879,-0.018355343,0.0,0.08113681,-0.7808297,-0.24840082,-0.78002566,0.008940382,-0.0057444572,-0.046579875,-0.0013169335,-0.17768994,0.024902832
0.13711126,-0.64236087,-0.39034408,-0.42902705,-0.011530415,-0.024763355,-0.018223884,0.00014160984,-0.0064576375,0.003175856,-0.05593211,-0.01609243,0.09971204,-0.0060438206,-0.025676241,-0.17321394,-0.1885447,-0.00039276265,0.15683952,0.00034546969,-0.009656354,0.09573018,0.0,-0.034951013,-0.104567885,0.0,0.025552858,0.1558218,0.0,0.04756506,0.011982666,0.0,0.033332948,0.037310403,0.0,0.05377842,-1.2330849,-0.12589385,-0.61793023,-0.32460603,-0.16410027,-0.006019878,0.003779276,0.32266462,-0.034734253
-0.017252535,-1.6520561,-0.1655696,-0.30552793,-0.042480856,-0.008377202,-0.04772574,-0.0058351974,-0.093248576,-0.05772908,-0.027954027,-0.007671144,-0.056184743,-0.00010372288,-0.06871647,0.021608928,-0.1011833,0.0071498468,-0.4210065,-0.0018292625,-0.003767929,-0.08708017,0.0,-0.04226628,-0.022673013,0.0,-0.032175966,-0.28537694,0.0,0.008611888,-0.0048366967,0.0,-0.057132564,-0.0044448054,0.0,-0.10308276,-1.3992832,-0.07324576,-0.8564711,-0.09256526,-0.056985814,0.027506394,0.0145198805,-0.19874775,-0.031821672
-0.04009229,-0.5243038,0.014957933,-0.18440516,-0.10912203,-0.023480695,-0.0050478047,0.010907595,-0.13713865,-0.0970895,-0.016763264,-0.003398258,-0.13458712,0.00017995553,-0.13227324,0.0148699535,-0.1260188,0.0027956965,-0.4415409,-0.0024025538,0.007878898,-0.106174774,0.0,-0.032063592,-0.04687388,0.0,-0.035508543,-0.33285978,0.0,0.0106387045,-0.0004629493,0.0,-0.060476284,0.01156334,0.0,-0.15472074,-1.2063607,-0.08100911,-0.8477462,0.08819494,0.0327789,-0.045063015,0.0023737892,-0.13540037,-0.05207271
-0.048840802,-0.46491152,-0.10093072,-0.32643285,-0.07589071,-0.025682302,-0.15512256,-0.04378407,0.008537177,0.0068499087,-0.0068137166,-0.0022321995,-0.22253026,-8.2104336e-05,-0.10945372,0.0561377,0.13989732,-0.0011429805,0.057931367,0.0002801634,-0.014190776,0.122237794,0.0,-0.027169753,0.14418332,0.0,-0.055685606,-0.40006223,0.0,-0.08680039,-0.003762868,0.0,0.018154314,-0.039446585,0.0,0.056606118,-1.0482194,-0.19592604,-0.79126143,-0.009797691,0.009694743,-0.034569286,-0.08686032,-0.24969707,0.0028259822
-0.054110073,0.11033982,-0.33833697,-0.17106314,0.033431225,0.0001656804,-0.01831372,-0.011173663,0.0067607155,0.0066266037,-0.020301662,-0.0069705523,-0.06428171,-0.0013592099,-0.04180363,-0.0016512278,-0.19994834,0.0006408598,-0.54965764,-0.00084521563,-0.011996705,-0.14409438,0.0,-0.012382636,-0.033660226,0.0,-0.043421462,-0.3119206,0.0,-0.0012703324,0.015918069,0.0,-0.067448445,-0.01076785,0.0,-0.06465647,0.5151507,0.009640204,0.091326006,-0.10486645,-0.06472333,-0.022047099,-0.012499025,-0.08754097,-0.08551643
-0.042806413,-0.51752365,-0.118517995,-0.15978597,-0.053484626,-0.02906334,-0.024293166,-0.011407688,-0.00895752,-0.0081680855,-0.013370704,-0.0070425537,-0.0014347469,-0.0009707478,-0.013953394,-0.055276055,-0.17804049,-0.0007909894,-0.4486814,0.0009145578,-0.06571475,-0.048322152,0.0,0.10012583,0.008228357,0.0,-0.086853,-0.007373656,0.0,-0.022460146,-0.010052353,0.0,-0.14008829,0.060155984,0.0,-0.3312789,-1.0976278,-0.079400025,0.07684375,-0.15747759,-0.063237704,0.015986789,-0.073936515,-0.16686009,-0.18372993
-0.024457367,-0.112759575,0.2064478,-0.060795046,-0.09657135,-0.035387017,0.031608477,-0.004068351,0.064815566,0.016528005,-0.010381608,-0.004622591,-0.054642692,-0.0006168123,-0.015856205,0.049683344,0.17412348,-0.0013564131,-0.29012197,0.0010277793,-0.051879756,-0.10423881,0.0,-0.02008899,0.032708332,0.0,-0.05171994,-0.034529395,0.0,-0.023177873,0.045555923,0.0,0.0928291,0.037810955,0.0,0.2036975,-0.63104093,0.023574255,0.054346923,-0.3028822,-0.10694777,-0.030789837,-0.048271798,-0.2504987,0.036815748
-0.030116793,-0.43753532,-0.006920451,-0.0043118903,-0.08448273,-0.02552097,-0.072887495,-0.04087147,-0.015585395,-0.0033578193,-0.028677875,-0.006520721,-0.1056936,-0.0015682272,-0.06188835,0.032069795,-0.2008307,-0.0017214385,-0.5961587,-0.0008139279,-0.0037620072,-0.12426727,0.0,0.00041685998,-0.04887016,0.0,-0.040566754,-0.46599427,0.0,0.0059141372,0.007895761,0.0,-0.07411735,-0.01214068,0.0,-0.07395598,0.4281778,0.005960556,0.07351138,0.065132044,0.036428228,-0.015152476,0.017518193,-0.29427212,-0.17385311
-0.03061342,-0.11004529,-0.31832388,0.15585881,0.02726942,0.0061710235,0.09381314,0.048108395,-0.032389853,-0.03294949,-0.01477884,-0.004617731,0.0670905,4.68552e-05,0.028734237,-0.07672773,-0.17061424,-0.0011951916,-0.2707493,0.00031246452,0.010143626,0.22547166,0.0,-0.008327137,-0.05664232,0.0,0.08053587,-0.18971704,0.0,-0.048064236,0.025864586,0.0,-0.1430296,0.01104413,0.0,0.045969598,-0.85253584,-0.19329618,-0.2960983,-0.12652965,-0.06304228,-0.04838849,-0.054293644,-0.2242526,0.0286458
-0.012145965,-0.12078276,-0.15519631,-0.19461551,-0.0058081653,-0.004278023,0.028743047,0.0070705325,-0.021264758,-0.008602818,-0.010859988,-0.005007048,-0.08451815,-0.0005695884,-0.039523922,0.13690366,0.22406574,0.00019039618,0.12578876,8.2554965e-05,-0.009114493,0.031248344,0.0,-0.0688695,0.094785154,0.0,-0.069320984,0.16656943,0.0,0.009097755,-0.0067592054,0.0,-0.08315468,-0.019679803,0.0,-0.06543883,0.6007934,-0.0029954985,0.06923649,0.071408615,0.033016857,-0.08906004,-0.015546713,-0.39494252,0.028242396
0.00012053738,0.9841276,0.24101312,0.40122217,-0.037104823,-0.013603245,0.0005549476,0.0034468528,0.02806892,0.0067024715,-0.018122487,-0.0052352385,-0.13478285,-0.0019003275,-0.044562,0.13277708,0.19624023,0.00045999937,0.24686977,0.00013679425,-0.0016538203,0.07919112,0.0,-0.02018899,0.06669633,0.0,-0.070040874,0.16553324,0.0,0.0182512,-0.015643049,0.0,0.03772081,0.029560674,0.0,-0.0299756,0.7179717,-0.01548803,0.07857237,0.027059762,0.0076558962,-0.005495649,0.017419685,0.23029126,-0.009569497
-0.0133252265,-0.5342403,-0.543646,-0.13314386,-0.112581566,-0.03415481,-0.009142403,0.007013577,-0.14390686,-0.044459995,-0.03879035,-0.010210595,-0.04391248,-0.0014822731,-0.06169927,-0.24866849,-0.35827425,-0.00027443486,-0.43887722,2.2565437e-05,-0.07577695,-0.16993909,0.0,-0.007179499,-0.020056624,0.0,-0.09578684,0.14473028,0.0,0.0138156805,-0.031300616,0.0,0.0012927861,-0.012459936,0.0,-0.12550536,0.37021437,-0.047603637,0.069883704,0.030988755,0.0058830446,-0.1433951,-0.0454982,-0.36858705,0.028224505
-0.03918099,0.96730036,-0.40439367,0.19430733,-0.019869555,-0.0139748035,-0.019257514,-0.011173174,-0.040317904,-0.01968647,-0.0108763855,-0.0039867265,-0.05206869,-0.0008804654,-0.028797965,0.055264995,-0.18957637,0.0037052867,-0.37298352,-0.0008511441,0.0034772432,-0.09002418,0.0,-0.011202763,-0.011694205,0.0,-0.024863245,-0.32685962,0.0,0.013835006,0.017036436,0.0,-0.057014883,0.011650441,0.0,-0.043695454,0.58646077,0.021402262,0.09651312,-0.21807732,-0.089987546,-0.0028474457,0.032352563,-0.16753267,0.013516448
0.0077493303,0.09190807,0.16922328,0.031082684,-0.004106075,-0.0131851025,-0.09808019,-0.033363737,0.008479941,0.00014645758,-0.008147927,-0.002956085,-0.12885067,-6.755782e-05,-0.074603066,0.069143526,0.21840109,-0.00012933445,-0.3408891,5.3729513e-05,0.015402475,-0.16080055,0.0,0.035720747,0.046358913,0.0,-0.08354157,-0.3377959,0.0,-0.050380345,0.01938134,0.0,0.06498488,0.06620949,0.0,-0.026311764,0.49263132,-0.024229178,0.10693182,0.03907195,0.025697395,0.010187056,-0.022576956,0.26025587,0.021532167
0.012223329,-0.33757183,-0.25691748,-0.10236158,-0.08852067,-0.0039579803,-0.044895988,-0.017920904,0.013935042,0.008204383,-0.0118646845,-0.0051064305,-0.08771572,-0.0008251348,-0.059066933,0.06996104,0.11382499,-0.00012408078,0.15466055,0.00013896191,-0.0037809913,0.07775901,0.0,-0.004336262,0.13193585,0.0,-0.0456307,0.08820619,0.0,0.0016178736,-0.035580803,0.0,-0.10736242,0.033762153,0.0,-0.03875461,0.565288,-0.020177882,0.062035773,-0.44582915,-0.22326624,-0.0021764045,0.010763381,0.20599398,0.0038966762
-0.027776185,-0.8359275,-0.389511,-0.49121675,-0.11417303,-0.007014153,-0.012564314,-0.0011023573,0.02320966,0.013264984,-0.026807597,-0.0036139667,0.020315647,-0.0009838936,-0.033570588,0.028160853,-0.12469789,0.010617211,-0.38988513,-0.00205788,7.7066135e-05,-0.078631446,0.0,-0.048949305,-0.054200884,0.0,-0.07258349,-0.2483761,0.0,-0.0061583477,-0.0051888973,0.0,-0.075484514,0.010763819,0.0,-0.10171565,-1.196539,-0.088360615,-0.78136754,-0.10693288,-0.05449343,-0.11207904,-0.041521322,-0.18885422,0.008682101
-0.019353263,-0.6197829,-0.20812914,-0.43867528,-0.07935191,-0.0052772644,-0.06404909,-0.010758968,0.037481733,0.030731793,-0.021795059,-0.0031994113,0.057110716,-0.0009114404,0.05639422,0.0037278573,-0.116500735,0.06683622,-0.35855094,-0.0017381164,-0.011954432,-0.07430328,0.0,-0.037766214,-0.064851455,0.0,-0.06555381,-0.23485114,0.0,-0.00309368,-0.031833813,0.0,-0.08550838,-0.006677016,0.0,-0.090016216,-1.1707035,-0.08225734,-0.66667575,-0.13795891,-0.08320137,0.010898967,0.0496576,-0.18612397,0.018804565
0.13039671,-0.28159317,-0.106758706,-0.16354834,0.06598528,0.061238967,-0.06964721,-0.009827858,-0.020253032,-0.0018537366,-0.01698007,-0.004075058,-0.18451098,-0.00060450943,-0.030107044,0.12839016,0.16430345,-0.0002010512,0.09421546,0.00011696466,-0.004697797,-0.123005725,0.0,0.055418495,-0.1407388,0.0,-0.017631995,0.14024787,0.0,0.026978906,-0.05883597,0.0,-0.11423164,0.09510311,0.0,0.030938398,0.5190581,-0.023613604,0.06310622,-0.30411437,-0.112211846,-0.08750063,-0.019678133,-0.24053454,-0.045797527
-0.03646957,-0.8680757,-0.4924537,-0.3555477,-0.025105292,-0.03633314,0.009496275,-0.00056671427,0.0018021516,0.009441173,-0.053534374,-0.01549669,-0.005685543,-0.004613529,-0.045789894,-0.22634625,-0.33487642,-0.00074834545,0.21172266,8.8621695e-05,0.012834877,0.018338026,0.0,-0.13675265,0.07509793,0.0,-0.080211185,0.115110435,0.0,0.002490114,-0.021310799,0.0,-0.12069589,-0.08480412,0.0,-0.11833666,0.41134313,-0.015874298,0.044147238,0.023035651,0.016387593,-0.027453134,-0.05058245,-0.4606127,-0.30538633
0.0045691617,0.2681554,-0.16266492,0.06348886,-0.02806442,-0.022480823,-0.07808249,-0.019688606,-0.0006697901,0.0013569108,-0.0094131855,-0.002758137,-0.10222405,-0.00091317535,-0.060796913,0.09124467,0.12178404,0.000117113595,0.20257264,0.00012347873,0.0030875276,0.102826685,0.0,0.0044262777,0.03909187,0.0,-0.08695881,0.05221695,0.0,-0.010117166,0.005229786,0.0,-0.08482277,-0.026983948,0.0,-0.067131706,0.6464438,-0.014663709,0.068311796,-0.32605723,-0.13504955,-0.034457438,0.0032597645,0.1316607,8.634124e-05
0.19639277,-0.17596228,0.11893833,-0.09973506,-0.11194587,-0.01659701,0.092600144,0.02661273,-0.17156306,-0.096972115,0.108686686,0.03354685,0.04179869,-0.002629336,0.0031729126,-0.006424581,-0.121286236,-0.005193044,0.23924735,-0.0003150072,0.014516166,-0.06453007,0.0,0.15869652,0.020373952,0.0,-0.08462724,0.08781053,0.0,0.0068841865,0.05563066,0.0,-0.08307492,0.035101354,0.0,-0.30105802,-1.0184861,0.030049857,0.07265342,-0.020868413,-0.052227136,-0.03810041,-0.01935601,-0.10805316,-0.051752422
0.008395261,0.1711997,-0.12546559,0.16588622,-0.05314727,-0.003688275,-0.055653017,-0.015569713,0.010423215,-0.00075904786,-0.01165077,-0.002929769,0.123596855,-0.00069292384,0.06819572,0.10829199,0.18867461,0.0006422221,0.27035508,0.00012434999,0.002828381,0.068469204,0.0,-0.0355633,0.09319887,0.0,-0.057248026,0.10993912,0.0,-0.00512407,-0.009084514,0.0,-0.09749533,-0.010334583,0.0,-0.09275416,0.70413035,-0.015584069,0.06957816,0.07017332,0.033057593,-0.025281364,0.00216111,0.19833489,-0.003841198
-0.0049017924,0.21502466,-0.26436892,0.2028104,-0.11657874,-0.031027528,-0.10744865,-0.007225107,0.00760364,-0.0017340312,-0.020049844,-0.007856112,-0.066305034,-0.0009961932,-0.06355727,-0.15034021,-0.19679086,-5.2752264e-05,0.18407284,0.00011226267,0.005563168,0.051991306,0.0,-0.016778816,0.03942249,0.0,-0.08685773,-0.45454186,0.0,-0.07427234,0.0031316984,0.0,-0.08845027,0.06430912,0.0,-0.0438278,0.46667787,-0.02121226,0.073686905,-0.11342188,-0.07097152,-0.047540486,0.0038384958,-0.21364103,-0.06490131
-0.01355861,-1.6538006,-0.18223347,-0.4354208,0.004113215,-0.00715808,-0.030299863,0.0051287753,-0.15204099,-0.051009443,-0.03101239,-0.009759488,-0.09414896,-0.0005378404,-0.09640995,0.021311047,-0.107675344,0.0075137015,-0.42555967,-0.00054220547,-0.004197356,-0.108489975,0.0,-0.02195144,-0.04188502,0.0,-0.027366022,-0.32282546,0.0,0.011913703,0.006694392,0.0,-0.070523955,0.003596163,0.0,-0.123708546,-1.1579448,-0.09206334,-0.801726,-0.11471227,-0.064811066,0.14265077,0.01646676,-0.2072832,0.0014783752
-0.045884255,-0.70672184,-0.22645979,-0.20350216,-6.451123e-05,-0.0050772647,-0.048090283,-0.017580682,-0.004629158,0.0013473289,-0.008136312,-0.0035244927,0.15456271,-0.00065597583,0.09835178,0.0886573,0.14866644,-0.0022389626,0.16937016,0.00010146571,0.0052313125,0.075133964,0.0,-0.039152674,-0.14552982,0.0,-0.01520339,0.1564795,0.0,0.015865643,-0.14155832,0.0,-0.15696093,0.016960138,0.0,0.019451652,0.47153002,-0.021215433,0.04816796,-0.17226534,-0.06606811,-0.012569961,0.0051869154,-0.37832987,0.008932662
-0.025789812,-1.0058488,-0.3316322,-0.35161003,0.03792773,-0.00079462584,0.014646192,0.037087176,-0.03261629,-0.017028075,-0.028857864,-0.0051772995,0.039059006,-0.0005564683,-0.026310226,-0.16961023,-0.23327321,-0.00028684037,-0.35608822,2.1197855e-05,-0.052001804,-0.073352225,0.0,0.05690764,-0.009369697,0.0,0.08280124,0.1121357,0.0,0.001757279,-0.022515962,0.0,-0.11210097,0.02432706,0.0,-0.08935407,0.4049349,-0.024163924,0.05008032,-0.008031732,-0.013618496,-0.110278755,-0.07422087,-0.320143,0.0351254
-0.018228449,0.2879682,-0.25357124,0.26372692,-0.012647243,0.020973152,-0.00043239037,0.00485952,0.009998415,0.0038086593,-0.026822198,-0.006163459,-0.123037726,-0.004319678,-0.04877958,-0.09828049,-0.18951848,-0.00059488736,0.19124429,0.00012487442,-0.012433295,-0.2598173,0.0,-0.0013734858,9.518955e-05,0.0,-0.08821441,0.13849281,0.0,0.0009516191,0.021768281,0.0,-0.101735316,0.031344794,0.0,-0.040643033,0.5598452,-0.030997068,0.07232287,0.08982534,0.05945022,-0.0030257346,-0.012509995,-0.2166799,-0.10430207
-0.013540063,0.024366748,-0.3945168,-0.03238486,0.051564984,0.026995864,-0.00023376616,-0.008450056,-0.023816442,-0.010230183,-0.010703363,-0.0002867098,-0.065587826,-0.0014990778,-0.05164569,-0.060918506,-0.16991228,-0.00092015805,0.3457027,0.0017134936,0.0031940634,-0.09139847,0.0,0.057545483,0.018123731,0.0,-0.08454187,-0.31971952,0.0,-0.066335015,-0.012816764,0.0,-0.12312353,0.005094669,0.0,0.12602012,-0.54957694,0.23670624,0.120620325,0.03366363,0.03597255,-0.026653482,-0.038371928,-0.10053804,-0.051156
-0.01932923,-0.8904703,-0.4370433,-0.11657811,0.08158496,0.033031054,-0.033718817,-0.006641152,-0.01817764,-0.024685802,-0.011706649,-0.002541646,0.08274977,-0.00022667261,0.03581162,-0.17350733,-0.19188857,-0.0004931723,0.17806408,0.00027813288,-0.01961607,0.17585246,0.0,-0.008931405,-0.1054439,0.0,0.064315476,-0.3646346,0.0,-0.09669847,-0.014848637,0.0,0.046181355,0.06775522,0.0,0.07527822,-0.87357354,-0.27743387,-0.48790026,0.037478488,0.010789297,0.042771682,0.019990234,-0.3227198,-0.009834733
-0.036134437,-0.8688014,-0.16129962,-0.46193472,0.038321756,0.03506976,-0.092976935,-0.022586182,0.008596508,0.0006576827,-0.0095640905,-0.0035765108,-0.14852196,-0.000622662,-0.07298833,0.075481355,0.15932699,-0.0022512062,-0.49119517,7.879805e-05,-0.08649678,0.068769954,0.0,-0.027346749,-0.09983408,0.0,-0.003198833,0.13330902,0.0,0.00943907,0.07923843,0.0,0.113702625,-0.055286482,0.0,-0.08700466,0.43818778,-0.023572847,0.056985773,-0.118209705,-0.03587246,-0.023006141,-0.01264677,-0.32370648,-0.28614372
-0.04005239,0.7304818,-0.6850381,-0.08285863,-0.09434694,-0.048474856,-0.026169382,-0.005933448,0.0012294835,0.00900044,-0.04282792,-0.0053022467,-0.008522473,-0.0033618994,-0.006680005,-0.2741768,-0.27745378,2.7012962e-05,0.15534788,0.00013199123,-0.0015447772,-0.42271808,0.0,-0.07232253,0.024636736,0.0,-0.073183216,0.057628743,0.0,-0.0025307096,0.010868571,0.0,-0.08922384,0.0016777214,0.0,-0.04242237,0.56865865,-0.01684834,0.06658993,-0.31496316,-0.12916884,0.008903022,-0.024419986,0.042069893,-0.056962952
0.059537906,-0.11128331,-0.08668619,-0.12889874,-0.005245034,-0.01875241,-0.0901607,-0.03258232,-0.001171365,-0.0013263738,-0.013592534,-0.0034754612,0.07508776,-0.00087364257,0.052741192,0.105479866,0.14157678,0.00018075856,0.23441687,0.00010368147,-0.0038476293,-0.035804212,0.0,-0.061292198,-0.17390437,0.0,-0.004962468,0.1065579,0.0,0.0055110147,-0.06638658,0.0,-0.111867934,-0.07397848,0.0,-0.10244576,0.65449375,-0.012606748,0.06461179,0.07382464,0.03600542,0.014476758,-0.0018516121,0.33800095,0.0011882816
-0.03597343,-0.44652152,-0.025611278,-0.16113423,-0.019594003,-0.011691074,-0.04975599,-0.0046844524,0.014220173,0.012564711,-0.02364148,-0.005294976,-0.12138429,-0.0010977009,-0.1203641,0.017506454,-0.13349739,0.002774275,-0.413875,-0.0026945206,0.0016891573,-0.10964468,0.0,-0.008223078,-0.053497568,0.0,-0.040353462,-0.26833224,0.0,0.004919258,0.0051392014,0.0,-0.06090472,-0.014684707,0.0,-0.12933278,-1.2602662,-0.06582325,-0.78949636,-0.24845986,-0.09139121,-0.068287715,0.023215514,-0.15597574,-0.16401733
0.015901662,-0.44864824,0.21660247,-0.501856,-0.027277082,-0.017610816,-0.10442033,-0.022795452,-0.27450287,-0.16647826,-0.008733833,-0.001640985,0.092838205,-0.0001771583,0.025518876,0.12406004,0.19438513,-0.00018698428,0.23003693,0.00010383891,0.009710409,-0.17487198,0.0,-0.07613959,-0.008204631,0.0,0.11892003,0.14397521,0.0,0.011968172,0.0039268127,0.0,0.008966059,0.08686434,0.0,0.0633747,0.5231963,-0.016873443,0.05060002,0.044750653,0.022464048,-0.07073033,-0.035110228,-0.20874335,-0.029969674
-0.02120281,-0.5397362,0.118062444,-0.13110824,0.016544288,0.021215716,-0.015195266,-0.0027174333,-0.020924022,-0.010282763,-0.013368195,-0.003367851,-0.23945087,-0.0004430114,-0.059085093,0.137976,0.19686376,-0.00011598972,0.15829839,0.0001061522,-0.0065464717,-0.09136887,0.0,0.010400995,0.039299987,0.0,-0.0590211,0.18466975,0.0,0.0202984,-0.029843142,0.0,-0.046491794,0.034225255,0.0,0.024883807,0.54152966,-0.023845734,0.07389516,0.03376077,0.016540008,-0.048494015,-0.04449778,-0.27369627,0.003121581
-0.02150708,-0.5967458,-0.14557673,-0.2593505,0.13020752,0.026736075,-0.034226045,0.0050885654,0.066888854,0.028181586,0.21862276,0.025908694,0.14027758,0.0058792997,-0.045905042,-0.26856506,-0.23697539,-0.0013964237,0.2355694,0.00011328667,0.008293502,-0.006685573,0.0,-0.09343851,0.020049367,0.0,-0.06944892,0.19893757,0.0,0.028362524,0.06005573,0.0,0.0681876,0.043370504,0.0,0.047221325,0.468744,-0.038876582,0.04601068,-0.0008779434,0.022578279,-0.008690582,0.026586846,0.33180586,0.0024632886
0.03133294,-0.07288521,-0.029057555,-0.34731966,-0.120092124,-0.062808365,-0.0877411,-0.011678487,-0.031642467,-0.011392631,-0.009468183,-0.0035103965,-0.14429542,-0.00065551884,-0.043281488,0.067630425,0.12547998,-0.00040314655,0.15662055,0.0011074326,-0.010795861,0.050684325,0.0,-0.087129824,0.06101532,0.0,-0.07347757,0.17684066,0.0,0.008926354,0.006804817,0.0,0.08322615,0.03889931,0.0,0.16552304,-1.3178782,-0.038738526,0.083110385,0.0053835167,0.0036445807,-0.11374739,-0.01849761,-0.17338318,-0.05470772
0.027579324,-1.4367265,0.25542024,-0.35221013,0.03664971,0.03128802,-0.033443946,-0.034939498,0.0109985955,0.014032053,-0.010901829,-0.0025274681,0.16566156,-0.00021817438,0.06522728,0.095801696,0.16985373,-0.0004706157,0.21072896,0.000106470245,0.004202369,0.14410914,0.0,-0.008838941,0.019054724,0.0,-0.08193454,-0.5960555,0.0,-0.11599656,0.07311931,0.0,0.11134843,0.0072355005,0.0,0.030838666,0.41845557,-0.045880683,0.07298579,0.06795588,0.031537954,0.017906908,-0.017891401,0.17839362,-0.008764206
0.007604261,-0.33346915,-0.2257491,-0.19210845,-0.06181364,-0.062496874,-0.08101981,-0.033625517,-0.111958876,-0.045219056,-0.0040163165,-0.0022212828,0.052854035,-0.00013081086,0.060753506,0.09738361,0.14968452,-0.0014476788,0.21118523,1.3495563e-05,-0.0005500737,-0.021272529,0.0,-0.04933331,-0.16180517,0.0,0.01568008,0.13880454,0.0,0.010435318,-0.04977566,0.0,-0.12458259,-0.11460933,0.0,-0.11965052,0.53400695,-0.020761477,0.06402447,-0.00017398168,0.003444525,-0.0021072337,-0.2601493,-0.54852724,0.008355456
-0.0013140476,-0.014022183,-0.34363604,-0.46532166,-0.009869478,-0.0082075205,-0.12373376,-0.0675185,-0.081898205,-0.028951688,-0.026190033,-0.0090859085,-0.05809626,-0.00068593153,-0.043039035,-0.14038187,-0.30613044,-0.00014803768,-0.28503227,4.7565958e-05,0.008218978,-0.060625564,0.0,0.039462306,-0.045707073,0.0,0.042677104,0.15126999,0.0,-0.013381692,-0.0070638913,0.0,-0.07515197,0.09348163,0.0,-0.03218818,0.49356586,-0.01981761,0.0801997,0.05805138,0.034704275,-0.027088013,-0.042781133,0.08228598,0.011147611
-0.03516777,-0.3585565,-0.16629283,-0.10261314,0.015977632,0.0007139882,-0.056287874,-0.008894586,-0.060206078,-0.0347064,-0.01751054,-0.0014939378,-0.11292414,0.00080742803,-0.1286068,0.014002539,-0.12126349,0.0032637771,-0.40485334,-0.002437162,0.00046117016,-0.119078286,0.0,-0.007328941,-0.026785988,0.0,-0.040044416,-0.2699597,0.0,-0.002743815,-0.005361987,0.0,-0.04433743,-0.016327476,0.0,-0.120992176,-1.3440549,-0.06353291,-0.8965778,-0.3054239,-0.10897193,-0.07802579,0.013034676,-0.14071836,-0.112144805
-0.030920014,0.1026187,-0.34321955,0.035949163,0.09634738,0.003620332,0.053019907,0.010823613,-0.047411222,-0.019101465,-0.01291168,-0.002331533,-0.027785817,0.0010497628,-0.075721145,-0.014155669,-0.10334005,0.0042316075,-0.4279162,-0.009312228,0.0036472552,-0.08545497,0.0,-0.040367384,-0.021072378,0.0,-0.059856076,-0.21670859,0.0,-0.0017154432,-0.009165102,0.0,-0.061638985,0.0079450095,0.0,-0.20550482,-1.3164642,-0.06195112,0.09264697,-0.071495056,-0.027407192,-0.09107379,0.0051810243,-0.10343756,-0.04922539
-0.008163655,-0.53187704,-0.16898362,0.03827172,0.10147237,0.010746165,0.09695189,0.020178936,-0.12930085,-0.09732858,-0.04013052,-0.0069493884,0.0658287,0.0003128602,0.022978568,0.055070303,-0.22515547,0.005440548,-0.4467547,-0.000719514,0.0015868059,-0.12818675,0.0,-0.028425781,-0.042394582,0.0,-0.058651086,-0.3169168,0.0,0.0027713503,-0.0059951395,0.0,-0.040822748,0.0069450927,0.0,-0.058811225,0.41341498,-0.008634728,0.07843173,-0.11668278,-0.08899443,0.05443079,-0.032549117,-0.09622092,-0.022501772
-0.04490527,0.011140076,-0.49377304,0.093941204,0.029914355,-0.003265816,-0.026971964,-0.013416686,-0.025029546,-7.368828e-05,-0.014390147,-0.0036444077,-0.05098243,-0.0006165033,-0.03663064,-0.0033398718,-0.20669565,-0.0002540684,-0.5239162,-0.00084521563,-0.00904998,-0.1417979,0.0,-0.0062826667,-0.030522142,0.0,-0.03428834,-0.29348305,0.0,-0.0060390746,-0.041495938,0.0,-0.058128707,-0.015684297,0.0,-0.057497762,0.51477396,0.013683989,0.08405028,-0.20279561,-0.08799806,-0.026434291,0.0032797589,-0.19188355,-0.087918065
0.0010180206,-0.4383334,-0.28853187,-0.31044042,-0.06263296,-0.029709153,0.0038424614,0.028602215,-0.008489594,0.006528576,-0.018178677,-0.004667525,0.12983549,-0.0014874204,0.036167067,0.043810267,0.10027861,-0.00047756778,0.25617984,0.00032535804,-0.008351208,-0.18295032,0.0,-0.047083642,-0.105174914,0.0,0.021165399,0.17132337,0.0,0.05853514,-0.18703984,0.0,-0.21322367,0.011531072,0.0,0.06858063,-1.2330472,-0.30662784,-0.5745504,0.02483794,0.013994245,-0.06322374,-0.02382417,0.24298678,0.0088530565
-0.021601776,-1.0464141,-0.4781288,-0.27296752,-0.06585138,-0.021988029,-0.07369974,-0.020718558,0.00419448,0.004904457,-0.022749647,-0.0043043233,-0.059677828,-0.0009765575,-0.020202741,-0.17372327,-0.30644137,-0.0006200094,-0.55536854,6.758254e-05,-0.10968378,0.015898215,0.0,-0.120816365,0.06298479,0.0,-0.07188029,0.14129692,0.0,0.00834326,-0.034653526,0.0,-0.09024964,0.012866944,0.0,-0.05537651,0.43000403,0.001111012,0.049459986,0.013133162,0.010355403,-0.12333351,-0.054000217,-0.40127015,0.0328433
-0.018302452,0.111200914,-0.5582314,-0.066862814,0.067079715,0.022487054,-0.04523254,-0.011602567,-0.010504246,0.0065178922,-0.011363048,-0.0017541818,-0.11213178,-0.00030293653,-0.08719175,-0.005659031,-0.20846473,0.014485812,-0.5152439,-0.00012972084,-0.0019093715,-0.11867927,0.0,-0.04073331,-0.09376015,0.0,-0.0377109,-0.446783,0.0,0.0059590596,-0.029909603,0.0,-0.046969987,-0.035302162,0.0,-0.04507995,0.5247646,0.012420897,0.07987843,0.0072975648,0.009061099,-0.022754086,-0.33647072,-0.21767852,-0.03179659
-0.037434306,0.8863978,-0.13544661,0.26948693,0.053595327,0.011754582,-0.0065217707,-0.0051405174,0.10830941,0.02247881,-0.009261,-0.0015207101,-0.02399667,0.00059279427,-0.041946948,0.052527983,-0.21789947,0.0031622373,-0.36054406,-0.00055614073,0.0023409282,-0.073416345,0.0,-0.010431016,0.014878246,0.0,-0.03286925,-0.28381932,0.0,0.013770792,-0.005264091,0.0,-0.04372295,0.013568388,0.0,-0.0548118,0.62947804,0.021290366,0.11960839,0.082337774,0.05319434,0.016651323,0.016628208,-0.1669061,0.029906029
-0.031230677,-0.64090925,-0.10548255,-0.45722532,0.03515178,-0.0019838393,-0.014757009,-0.011533232,-0.01323765,0.016783748,-0.016461026,-0.0027508698,-0.09958025,-0.0010556789,-0.11082174,0.01675304,-0.11928724,0.008534011,-0.44159278,-0.0007935601,0.010650692,-0.08724076,0.0,-0.032917287,-0.052683234,0.0,-0.02966308,-0.2607861,0.0,0.01103962,0.029499134,0.0,-0.11571852,0.02334619,0.0,-0.1542953,-1.1662583,-0.09069648,-0.71122503,0.041616105,0.022686398,-0.0084444005,0.007102533,-0.19471115,-0.15519957
-0.0024146703,-1.053514,0.23472488,-0.15109748,-0.13207231,-0.06527498,-0.046704892,0.013465001,0.01034306,-0.006410203,-0.011588482,-0.0052675977,0.024441136,-0.00030065354,-0.019193014,0.052878577,0.11507433,-0.0012244347,0.15897302,0.0010376777,0.0089932075,-0.08167426,0.0,-0.01307042,0.034252737,0.0,-0.068778254,0.045526855,0.0,0.007166044,0.05212798,0.0,0.07600697,0.039686732,0.0,0.13526995,-1.0125399,0.032324567,0.07971104,-0.47636345,-0.18186109,-0.15494798,-0.0629228,-0.25745255,0.020164898
0.23242144,0.5860502,-0.22375497,0.18707068,-0.026536062,0.013717467,0.011412583,-0.0024657575,0.0043297405,0.0025812108,-0.024020895,-0.0069605424,-0.13314497,-0.0010397222,-0.05449461,-0.014113265,-0.11055236,0.0006876288,0.17299539,0.00011602065,-0.00276306,0.020831648,0.0,-0.0214971,-0.090554096,0.0,0.14498323,0.1365951,0.0,0.011341377,-0.010626358,0.0,-0.09820037,-0.041428242,0.0,-0.060923453,0.5727339,-0.027414616,0.062615536,-0.2644666,-0.12080952,0.0012709849,0.007265935,-0.2626724,0.02522275
0.09776642,0.121273294,-0.525786,-0.22419441,0.014057246,0.017253146,-0.044584192,-0.0023839024,-0.010558249,-0.004573118,-0.013080125,-0.005759384,0.1072148,-0.0007015774,0.040507227,0.05111616,0.13798095,-5.2112155e-06,-0.4917018,0.0011318154,-0.041403536,0.10677915,0.0,-0.07406903,0.044833243,0.0,-0.07038586,0.12100708,0.0,0.0061704596,-0.04196401,0.0,-0.14915743,0.028105415,0.0,0.109138235,-1.1702489,-0.0287628,0.10018143,0.022183247,0.017558482,-0.00034379816,-0.011174667,0.19104645,-0.028808832
-0.028385093,-0.25767028,-0.16342512,-0.10112029,-0.017043725,-0.012451377,-0.02246253,-0.024392325,-0.025373362,0.0036909224,-0.015243532,-0.0023908054,-0.103861175,-0.0007742294,-0.13216047,0.012352033,-0.11925952,-0.0019449736,-0.46595776,-0.0027068912,0.007932312,-0.113214426,0.0,0.013600164,-0.0393371,0.0,-0.0460816,-0.30466053,0.0,0.008661773,-0.0033495151,0.0,-0.07519891,0.005307869,0.0,-0.14978127,-1.2777133,-0.06883139,-0.80740285,0.058228612,0.03589303,-0.029405572,0.006180982,-0.18547635,-0.16007294
-0.021894401,-0.9283586,-0.23571315,-0.43902853,0.0068004867,0.0022286153,-0.055563122,-0.023663549,-0.10102033,-0.03334316,-0.0167426,-0.008055453,-0.05970944,-0.0010825989,-0.027968789,-0.05523321,-0.13375558,-0.005267551,-0.3648262,3.907024e-05,-0.050493684,-0.10793928,0.0,0.049786035,-0.026029026,0.0,-0.0966563,0.06762444,0.0,0.0006198729,0.008146439,0.0,-0.13412914,0.003748121,0.0,-0.3291438,-0.9241238,-0.05310248,0.06724345,-0.13112281,-0.057368986,-0.3015503,-0.098592155,-0.26082826,0.023082694
0.121594004,-0.37506798,0.07798151,-0.029866744,-0.0437157,-0.0102208825,-0.0036874635,0.0075467597,0.036124926,0.023373771,0.11661424,0.03352311,0.19673282,0.0035207712,-0.027913572,-0.17279358,-0.19625635,0.00015106224,0.1869449,0.00013737174,-0.0015116333,0.08145718,0.0,-0.0532016,0.058967717,0.0,-0.06968804,0.21701021,0.0,0.02233322,-0.017928867,0.0,-0.104267076,0.01993202,0.0,0.053558458,0.45272782,-0.036253277,0.062314212,-0.00215737,0.01522986,0.015718466,0.00024059367,-0.4529542,-0.039494507
-0.05585152,-0.52301276,-0.40324908,-0.076961674,-0.16872519,-0.038138792,-0.03363544,0.0014782508,0.024175648,0.003442228,-0.013751975,-0.0052829324,-0.12131627,-0.00065435027,-0.15736511,-0.0060584154,-0.13457547,-0.0017937323,-0.21831825,9.260467e-05,0.042995144,-0.14170535,0.0,-0.0145166945,-0.073690146,0.0,0.04561203,-0.25884464,0.0,-0.05019275,0.064618185,0.0,-0.12288624,0.078867644,0.0,-0.07340571,-0.828978,-0.15660208,-0.7403902,-0.028038457,-0.0026364618,0.01400207,0.016218578,-0.19835907,0.020320965
-0.0033374391,-0.5909376,-0.004214691,-0.08007822,-0.09305298,-0.030225538,-0.031846005,-0.010208301,-0.023775328,-0.008153791,-0.007546947,-0.0030990054,-0.3099773,-0.00058660714,-0.13374996,0.10216959,0.19693942,-0.000108024,0.09961701,0.000121003286,-0.016317958,0.10584555,0.0,-0.0373507,0.108196005,0.0,-0.060969397,-0.54841083,0.0,-0.09989756,0.042825643,0.0,0.08942966,-0.066060275,0.0,-0.010596855,0.43616697,-0.041867945,0.06960005,0.030531172,0.011747602,0.014943288,0.005279658,0.23100924,-0.009946361
0.0022774278,-0.6463882,-0.010942077,-0.09003226,-0.059163846,-0.018316394,0.05123937,0.013160217,-0.016588312,-0.0044228127,-0.017295904,-0.0031315684,0.024247408,-0.0008386917,0.025187988,0.11356643,0.18831937,0.00017940634,0.20874792,9.596485e-05,-0.0059889974,0.02453414,0.0,-0.03646988,-0.20473431,0.0,0.0025123367,0.094000906,0.0,0.006530967,-0.06796277,0.0,-0.10989877,-0.05631419,0.0,-0.1046016,0.6549495,-0.011802831,0.06471947,0.056772225,0.03164089,0.0032859538,0.0028059308,0.3389105,0.026461884
-0.019543797,-0.6049207,-0.2585155,-0.34494776,0.19933717,0.038493473,-0.09649358,-0.03967983,-0.011845863,-0.0034012909,-0.019469216,-0.008056917,0.00811511,-0.0007766448,0.013666128,-0.077272676,-0.28341708,-0.0019439029,-0.43315777,3.485693e-05,-0.06657902,-0.0183811,0.0,-0.09515614,-0.14364488,0.0,0.0040782914,-0.26351115,0.0,-0.00064780127,0.008699498,0.0,-0.083803095,0.0549376,0.0,-0.085414335,0.38228688,0.0042282133,0.0556456,-0.110810086,-0.043131106,0.007626365,0.13278858,-0.3336282,0.014670302
0.008534264,-0.45089835,0.10825633,-0.26067016,-0.11583756,-0.03711304,0.028637843,0.020483818,0.033350483,0.0135201365,-0.012405901,-0.007156473,-0.13244122,-0.001040245,-0.06264495,0.053693987,0.08698691,-0.000658138,0.21293868,0.00032895902,0.012614581,0.21394241,0.0,0.02794805,-0.081537426,0.0,0.029649418,0.13453937,0.0,0.060421158,0.05910863,0.0,0.09084076,0.0075820168,0.0,0.005637891,-1.0292279,-0.16320205,-0.42736205,-0.40380377,-0.12914075,-0.016419806,0.008225186,0.19251907,0.012804327
8.511939e-06,-0.39582592,-0.36230117,-0.15440583,0.015855659,0.027974349,0.04012892,-0.0036397837,-0.021638071,-0.0137065435,-0.021164162,-0.009566409,-0.1008453,-0.0011422355,-0.025462056,-0.1351287,-0.22534503,-0.0005934827,0.36812508,0.0011190847,0.008094842,0.055723444,0.0,-0.10831303,0.05748309,0.0,-0.07652156,0.13309576,0.0,0.0085946545,0.0072366907,0.0,0.07690035,0.017460711,0.0,0.17856307,-0.79506063,0.056796953,0.08770578,0.05623201,0.03994351,-0.05039025,0.015173624,-0.21161886,-0.06900563
-0.030603172,-0.2003595,-0.1844122,0.18257062,0.006688099,0.011265806,-0.06555831,-0.015265098,0.02385609,0.016109757,0.18425183,0.039710354,0.13252263,0.008097313,-0.031204494,-0.29249066,-0.22750059,-0.00021195371,0.1755436,0.00013247874,0.0029667143,-0.17441124,0.0,-0.035173237,0.03465917,0.0,-0.078438155,0.16883011,0.0,0.015467732,0.020607619,0.0,0.16202706,0.0587887,0.0,0.058790594,0.4213017,-0.054164644,0.07292649,0.042759247,0.027695734,-0.013029356,0.032573145,-0.3906972,-0.044323348
-0.043514736,-0.7969923,-0.4105321,-0.12432414,-0.12748441,-0.029464383,-0.07692866,-0.020756856,0.03436677,0.019163964,-0.031038987,-0.008508498,-0.16232637,-0.0015503058,-0.06438588,0.03585436,-0.18410772,0.0037793973,-0.5334412,-0.0008511441,-0.0016808509,-0.1465645,0.0,-0.034435764,-0.0783567,0.0,-0.03812072,-0.41189772,0.0,-0.0023025253,0.019784156,0.0,-0.059971858,-0.021458004,0.0,-0.063038334,0.38050908,-0.0041208137,0.06702646,-0.16209376,-0.07885969,-0.06170924,-0.0006985898,-0.16966741,-0.17810817
-0.032016914,-0.04887812,0.5029075,0.34191224,-0.03853758,-0.009224886,-0.03843119,-0.010526966,0.009096625,0.0059958827,-0.012605426,-0.0033120797,0.106355794,-0.00085918134,0.034642465,0.105700016,0.16704042,-0.00025482173,0.14577758,0.00014276865,-0.0057355873,0.15541054,0.0,0.01116066,0.068635,0.0,-0.06781778,0.119147584,0.0,0.005590499,0.058025535,0.0,0.11824963,-0.01756817,0.0,0.031252667,0.5490117,-0.026340198,0.06581596,-0.5077386,-0.25583604,0.0011720048,-0.0058418177,0.06701584,0.007365694
0.010699354,-1.0883639,0.042356316,-0.27818155,0.049909852,0.025074847,-0.045838695,-0.014595505,-0.2868319,-0.089831404,-0.0073740077,-0.0013523236,-0.18828195,0.0008708061,-0.068101965,0.047701333,0.108367175,-0.0006037357,0.17514391,0.00024587472,-0.005137718,-0.1769278,0.0,-0.023524785,0.030901773,0.0,-0.089790836,-0.37946188,0.0,-0.10852173,0.020136941,0.0,0.084469326,0.03181939,0.0,0.16089787,-0.59760606,0.09708303,0.08249685,0.04077181,0.02040082,-0.04234529,-0.008540802,-0.23037496,-0.0060277847
-0.031974304,-1.2675889,-0.070405066,-0.22445378,-0.07109369,-0.006851362,-0.03255542,-0.013026029,0.008824154,0.0030332645,-0.02930515,-0.007968055,-0.08992444,-0.0010906472,-0.0832302,0.0063640666,-0.111682735,0.006963101,-0.4593123,-0.0007628152,0.004930105,-0.08737667,0.0,-0.03773123,-0.04067997,0.0,-0.045055844,-0.26119304,0.0,-0.0009386873,-0.0012714247,0.0,-0.07332707,-0.011687437,0.0,-0.10563678,-1.3849225,-0.07039676,-0.8084565,-0.15749803,-0.07323907,-0.03223804,0.012168323,-0.18795592,-0.08223885
-0.010369105,-0.09522615,-0.70945084,0.09738284,0.15223579,0.042930145,-0.04018181,-0.01595994,0.008893811,0.013069359,-0.019139819,-0.0003621708,-0.1559519,-0.00036700768,-0.10275664,-0.00016043178,-0.16847208,0.01692432,-0.46791434,-0.00012972084,-0.0075854217,-0.12353327,0.0,-0.025874443,-0.12468541,0.0,-0.034722973,-0.3989333,0.0,0.0049108355,-0.03486262,0.0,-0.049012363,-0.059624754,0.0,-0.04538344,0.4984577,0.007452554,0.07802006,-0.040268376,-0.0031600103,-0.042114828,-0.2008294,-0.17995021,-0.025084341
0.022545472,-0.18598184,0.047379214,0.009240168,-0.038635526,-0.0034464425,0.07015585,0.009638703,0.01901051,0.004021387,-0.020387767,-0.0038335964,0.11522576,-0.0013137576,0.03211926,0.13298903,0.21535516,-0.00020835719,0.19568145,0.000113787806,-0.014470003,-0.19861743,0.0,-0.035794888,-0.026763102,0.0,0.084168635,0.15807594,0.0,0.012434674,0.054545693,0.0,0.095783256,-0.020242179,0.0,0.050374545,0.58232325,-0.030054126,0.070835404,0.07512587,0.045530047,-0.0072864937,-0.00618273,0.16038392,-0.028358761
-0.0660414,0.19399934,-0.3537409,-0.01750344,-0.015934123,-0.007178102,-0.035019513,-0.0013636805,0.021473667,0.0025928812,-0.009665496,-0.0020506333,-0.31290206,-0.00066565175,-0.10645951,0.12528302,0.15040985,-5.6132543e-05,0.22270162,0.0001408699,-0.0030841823,0.09550559,0.0,-0.0071787424,0.04142781,0.0,-0.071028955,0.104302555,0.0,0.00942576,0.0122560095,0.0,0.10267001,-0.0020677454,0.0,0.025356408,0.6642668,-0.023896735,0.07113302,-0.01933451,-0.0022153629,0.00042590545,-0.014610789,0.027939461,-0.042198032
-0.03851148,0.11059366,0.22331817,0.083777554,-0.06339881,-0.030325698,-0.035752766,-0.009219623,-0.33062512,-0.13749042,-0.010119094,-0.011972948,-0.18882921,0.0002224947,-0.10789246,0.04522607,0.13535199,-0.00017408692,-0.38322586,0.00031108496,-0.028978694,-0.24225572,0.0,-0.039976556,-0.06684985,0.0,0.013983546,-0.29151222,0.0,-0.044162028,0.020695407,0.0,0.0674635,-0.03986998,0.0,0.039611883,-1.0576104,-0.1906731,-0.6011425,0.018376395,-0.0025270388,-0.07158472,0.0023676686,0.098994486,0.0040181163
0.0046599247,0.024037022,-0.011252645,-0.23860677,-0.012511868,0.013240081,-0.026514819,-0.008092796,-0.11815034,-0.05065132,-0.013161408,-0.0013404987,-0.20222342,-0.0010132702,-0.09600917,0.1290719,0.1841082,-0.00016398434,0.18534012,0.00010588479,-0.012291608,0.07705838,0.0,-0.03061587,0.07346668,0.0,-0.07955554,0.16539922,0.0,0.016237903,0.022535365,0.0,0.10581398,-0.02247117,0.0,0.008430973,0.55462664,-0.037595063,0.07690307,0.013099106,0.020604866,-0.0041303723,0.012184938,0.139224,-0.00872938
-0.006058324,-0.718876,-0.18320929,-0.38261458,-0.024884364,-0.01406703,-0.011156106,0.0074189412,-0.012025556,-0.01016199,-0.020701656,-0.0040368563,-0.23445617,-0.0011429421,-0.070304714,0.111667484,0.1455132,-0.00020723857,0.16271558,0.00011941299,-0.0053487094,0.13766618,0.0,0.017194226,0.09688063,0.0,-0.057147935,0.14645705,0.0,0.012971498,0.018810079,0.0,0.08714129,-0.008449823,0.0,0.035152312,0.49746504,-0.054948315,0.069342166,-0.3014971,-0.14854127,0.0016192889,-0.0050477227,0.15042025,0.008480364
-0.074504055,-0.43675682,-0.5055909,-0.27291256,0.02381517,0.00025331252,0.06092042,-0.0009509985,0.03226244,0.020228256,-0.014159009,-0.0045949896,-0.18226211,-0.00094850507,-0.12572955,-0.12055687,-0.1735036,-0.0017276418,0.14392337,0.00031530755,-0.002818856,-0.11432329,0.0,0.015402416,-0.1254989,0.0,-0.022427976,-0.335915,0.0,-0.08941804,-0.015502582,0.0,0.04028035,0.014406488,0.0,0.032979187,-0.83231086,-0.3176412,-0.72761494,0.0064491048,-0.0012720037,-0.009633513,-0.12336095,-0.1922384,-0.015203038
-0.013002448,0.8924811,-0.0042944965,0.23783894,0.019200586,-0.0067296717,-0.029836792,-0.00083317666,-0.24901211,-0.08017553,-0.017485011,-0.0044828854,0.10665335,-0.0016082623,0.04791169,0.13801818,0.18991779,0.00042860073,0.24390084,0.00011138767,-0.0003063045,0.068688385,0.0,-0.021411601,0.042463083,0.0,-0.092340745,0.16974756,0.0,0.013003503,0.042627733,0.0,-0.07229354,0.014691647,0.0,-0.08548951,0.716427,-0.01784415,0.07589758,0.10201252,0.054455098,-0.03466931,0.018160105,0.17626402,-0.02336907
0.009597448,0.19947383,-0.18347594,0.11921929,0.030790629,0.034246635,-0.046813972,-0.011211215,-0.0051342966,-0.0035366195,-0.012010386,-0.0027716951,0.10920032,-0.0007268369,0.09641635,0.09258627,0.1751322,0.00062458473,0.3251214,0.00012434999,0.005709324,0.0525161,0.0,-0.022512669,0.06987506,0.0,-0.072150126,0.11116881,0.0,-0.00068499724,-0.0009499354,0.0,-0.09777032,-0.015359354,0.0,-0.0809044,0.7092292,-0.016388567,0.07094731,0.059669744,0.020817325,-0.0439331,0.004801736,0.18026365,0.008307311
0.0049853176,-0.62845707,0.04632295,-0.16403764,-0.06926645,-0.040778674,-0.11567382,-0.033817593,0.042644985,0.015080832,-0.008095017,-0.0026304116,0.03710511,-7.257992e-05,0.008954063,0.097033665,0.16238862,-0.0006470045,0.13069993,0.00011592324,-0.0066252574,-0.22590367,0.0,-0.036693666,-0.07016077,0.0,0.0041643106,-0.38486907,0.0,-0.07504129,0.0756508,0.0,0.07424915,0.007086835,0.0,0.022865925,0.3234118,-0.061938055,0.04566154,-0.2672515,-0.13356803,-0.029090274,-0.025763853,0.09866799,0.015011883
0.0023989333,0.042453833,-0.26921323,-0.04102786,0.17786185,0.01680191,-0.096506014,-0.03859831,-0.09583927,-0.036366697,-0.020933857,-0.0040213414,-0.18827325,-0.0006789984,-0.081808,-0.27414045,-0.27396727,-0.00012655501,0.1266581,0.00012380545,-0.009671514,0.15262698,0.0,-0.0058251712,0.063382246,0.0,-0.07689145,-0.28135458,0.0,-0.03194201,-0.03492717,0.0,0.02025955,-0.017469257,0.0,0.0047659627,0.5162683,-0.03577653,0.07748264,-0.026807405,0.004024861,0.0006613962,-0.005097711,0.20009853,-0.029874813
-0.023593886,-0.30309114,-0.13168941,-0.32162324,0.12316146,0.02790581,-0.052199293,0.005259711,0.034582023,0.017545924,0.056163464,0.02953876,0.0756896,0.0011900505,-0.06373927,-0.12800036,-0.19503397,-0.0027105983,0.25723293,0.0010434191,-0.0016389438,-0.013386012,0.0,-0.15186915,0.07542038,0.0,-0.04926467,0.13528512,0.0,0.020961108,0.021874152,0.0,0.03866908,0.10309903,0.0,0.20304036,-0.8603101,0.059328314,0.08040349,0.0103684105,0.02384419,-0.004937124,-0.3274973,-0.33394986,-0.042696066
-0.038813695,-0.80203635,0.08085828,-0.26990274,0.039192293,0.042635042,0.0292694,-0.0013104368,-0.02271545,-0.0042109936,-0.019885963,-0.0039692027,0.145309,-0.0009365847,0.03292314,0.113496885,0.1647909,-0.00023241085,0.15445565,0.000116396215,-0.006068297,0.076496884,0.0,0.004062186,-0.059175786,0.0,0.046600875,0.09621581,0.0,0.008863115,0.039264083,0.0,0.10482032,0.029360235,0.0,0.04009732,0.51623017,-0.03437648,0.069455154,-0.4877893,-0.23533535,-0.0036186571,-0.0073461826,0.12292057,0.0016921514
0.25027993,0.47105095,-0.048293922,0.46798205,-0.111389145,-0.040873695,0.067132406,0.021733815,0.020016843,0.00987053,0.12468956,0.024873933,0.1719186,0.0018247194,-0.03279583,-0.025498647,-0.15479727,0.0008824514,0.20026222,0.00012506904,-0.0011075337,0.09516968,0.0,-0.026371162,-0.09215912,0.0,0.14357276,0.14996415,0.0,0.0047926474,0.0042113066,0.0,-0.09015129,-0.05089455,0.0,-0.115581214,0.6625966,-0.017979108,0.0560161,0.048730817,0.039250888,-0.010799648,-0.008746817,0.130895,-0.028015522
0.0022575485,0.098232925,0.018079964,0.10786801,-0.040524848,-0.007405208,-0.0452168,-0.00986829,-0.2936401,-0.09717081,-0.013717009,-0.0027328895,-0.23906109,-0.0007691348,-0.0938398,0.11767849,0.18903455,-0.00014942154,0.19885294,0.00011517338,-0.008476966,-0.23217766,0.0,-0.058996134,0.04082355,0.0,-0.07022773,0.18897948,0.0,0.02476511,0.014228036,0.0,0.10807245,-0.049195975,0.0,-0.014741281,0.51059186,-0.04024266,0.07130247,0.07990875,0.037431158,-0.006120646,-0.0018631608,0.12908436,0.0099778315
-0.011726613,-0.46255314,-0.24323674,-0.08735633,-0.07222445,-0.010257222,0.012953461,0.009622132,-0.012799759,0.0053972243,-0.011310005,-0.002723577,0.102703094,-0.0005198151,0.032170616,0.06744809,0.13322467,-0.0004099087,0.24787626,0.00012670801,0.01123928,0.09069613,0.0,-0.019782552,-0.13068937,0.0,0.03698525,0.18108909,0.0,0.03531896,0.018447617,0.0,0.0674926,-0.09030186,0.0,-0.23136696,-1.3824534,-0.059467126,-0.4793092,0.029859783,-0.0046807323,-0.067543596,-0.0101635195,-0.29794243,0.012490706
-0.007188213,-0.8853511,0.3294588,-0.14167225,-0.21693791,-0.05505116,0.032162026,0.012972862,-0.020956788,0.002352155,-0.014895238,-0.006830463,0.095288515,-0.0004044916,0.031470425,0.078657694,0.1366087,-0.00036835799,0.38419876,0.0003059484,0.03054128,-0.076955415,0.0,-0.022327874,-0.030822812,0.0,0.07091751,0.21720295,0.0,0.027221808,0.046961065,0.0,0.061932486,0.03589855,0.0,0.12176075,-1.3332998,-0.09338856,-0.38205492,0.07198559,0.041456755,0.045680467,-0.0036631976,-0.26453403,0.009119557
-0.040628985,0.9749104,-0.22881514,0.56696993,0.07662058,-0.008321814,-0.038798083,-0.03163844,-0.033837713,-0.06490679,-0.020233791,-0.0049256254,-0.14511585,-0.0006306807,-0.03207376,-0.2591644,-0.2449977,8.384755e-05,0.23958921,0.00013368975,0.022387896,0.101469986,0.0,-0.009631834,-0.087561555,0.0,-0.0040319394,0.12996742,0.0,0.016148988,0.04248744,0.0,-0.060023256,-0.016143108,0.0,-0.044592485,0.6095808,-0.03026646,0.06599499,-0.26410964,-0.11648562,-0.009091953,-0.01012985,0.14011523,-0.034692068
-0.047602993,0.24664941,0.7566894,-0.05310642,-0.09820777,-0.03800924,-0.062480547,-0.029600995,0.05034115,0.016682561,-0.008038344,-0.0034977621,0.08824542,-0.00055849913,0.015513714,0.085292265,0.29105705,-0.00026951396,-0.48324433,0.00013261872,-0.06447141,0.12442828,0.0,0.0130948145,0.033549096,0.0,-0.09822482,0.06949356,0.0,-0.008952697,0.05895193,0.0,0.18060592,0.03192941,0.0,0.039560135,0.5322461,-0.01737852,0.090968944,-0.4352676,-0.17512372,-0.020578584,-0.0077930754,-0.19783273,-0.13731278
0.013000138,0.38824597,-0.013527985,0.22355708,-0.039045967,-0.025700668,0.11009941,0.02588639,-0.09423399,-0.019308845,-0.00677029,-0.0001569336,0.11543833,1.1647062e-06,-0.013774559,0.06841053,0.20172475,0.0004907375,-0.82667494,6.367876e-05,-0.10401619,0.060174406,0.0,-0.031867344,-0.05577018,0.0,0.06425519,0.13473143,0.0,0.0005433016,0.003755903,0.0,-0.076676615,-0.014856561,0.0,-0.08971349,0.5860786,-0.006194579,0.09159517,0.0360144,0.02684463,-0.02965853,0.011700218,0.20410365,-0.014387191
-0.005292339,-0.14245969,-0.2249189,-0.11664601,-0.023963956,0.0023232258,-0.05638854,-0.014481006,-0.010367352,0.009265626,-0.012028121,-0.0032306777,-0.09435174,-0.0013019684,-0.09520591,0.021761961,-0.104927726,0.0049865264,-0.3853924,-0.010403726,-0.003314909,-0.08987316,0.0,-0.055297393,-0.04845979,0.0,-0.020938594,-0.21529426,0.0,0.002728569,0.0066736685,0.0,-0.055726748,0.014570374,0.0,-0.17444906,-1.1520584,-0.08018335,0.07866386,-0.027537849,-0.05044378,0.15487105,-0.013304465,-0.14246003,0.033660255
-0.01953466,0.01033134,-0.22610654,0.118096635,0.015054002,0.008137911,-0.043634854,-0.014850057,-0.17607169,-0.082859784,-0.012538087,-0.004917526,0.057841145,0.001191112,0.115165,0.02043189,-0.117326,0.06472738,-0.40013587,-0.0021070319,0.0030955593,-0.13806462,0.0,-0.008550509,-0.05212073,0.0,-0.05375865,-0.2338878,0.0,-0.004966182,-0.06256998,0.0,-0.022071872,-0.01076191,0.0,-0.087275855,-1.3136961,-0.07867355,-0.84325296,-0.13159691,-0.07148501,-0.078947686,0.042502645,-0.10822287,0.02035813
0.037331387,-0.7476581,-0.1576528,-0.15511928,0.0073735034,-0.003420962,0.009906328,0.008265181,0.037088502,0.017923746,-0.016810274,-0.003282199,0.07394923,-0.0008345741,0.044512857,0.10679776,0.15011486,-0.0018825412,0.190031,9.076423e-05,-0.0072945515,0.041917764,0.0,-0.039555904,0.07036839,0.0,-0.06553272,0.12153398,0.0,0.015654534,-0.05326725,0.0,-0.11428452,-0.06397259,0.0,-0.09154768,0.60970855,-0.025670085,0.05620337,0.002810903,0.0144793475,0.0013112229,0.01616158,0.39433813,0.008238296
-0.022878947,-0.43424097,-0.5774816,-0.18624313,0.09249421,0.011242211,0.079889745,0.029418318,0.018548239,0.011005583,-0.01713894,-0.0025346407,-0.14197579,0.0012453585,-0.07935868,0.023391612,-0.15786384,0.0038310748,-0.4607312,-0.009259245,-0.00050444144,-0.09350485,0.0,-0.07551241,-0.050347768,0.0,-0.044060055,-0.28668344,0.0,0.004608857,0.0069146617,0.0,-0.07484204,0.016574733,0.0,-0.24790974,-1.1526251,-0.10628249,0.0734471,0.055335637,0.036696468,-0.031470127,-0.003193954,-0.13846385,0.0076999585
-0.033268284,-0.192515,-1.4848807,-0.037569817,0.03734737,0.004444788,-0.050666843,-0.017823419,0.0068728123,0.010593549,-0.018851185,-0.0006086297,-0.044913612,-0.00016472697,-0.053366896,0.02742302,-0.18794182,0.002979414,-0.5082668,-0.00084521563,0.0005197767,-0.13065046,0.0,-0.00936333,-0.048603658,0.0,-0.04637147,-0.29777697,0.0,-0.008179472,0.0009535216,0.0,-0.055452485,-0.0010599309,0.0,-0.044259287,0.46052602,0.0053148675,0.06636146,-0.28405166,-0.14770544,-0.05094254,-0.0051895455,-0.21894048,-0.16030204
-0.001560721,-0.5612894,-0.48791963,-0.11124734,-0.089378715,-0.052163407,-0.04510322,-0.017987996,0.034771502,0.016406123,-0.052342962,-0.011289292,-0.19452102,-0.003978493,-0.07193026,0.029850075,-0.1988334,0.0025176634,-0.53981733,-0.0008816094,-0.016012972,-0.2525199,0.0,-0.015663117,-0.13525935,0.0,-0.017562943,-0.59517556,0.0,-0.00049964676,0.0138476305,0.0,-0.056171145,-0.071010366,0.0,-0.031016232,0.36097252,-0.01108025,0.06805276,-0.27002504,-0.088772416,-0.05718578,0.0041510416,0.015218863,0.008425197
-0.007323698,-0.5207358,-0.3409469,-0.25802934,-0.013957434,0.009686958,0.009034038,0.0005947045,-0.18342899,-0.099370815,-0.033274785,-0.007883823,0.1279871,-0.00072630285,0.0642241,-0.18907547,-0.2417291,-0.0005451758,0.21060029,0.00020569004,-0.009430512,-0.21290869,0.0,-0.03454136,-0.07246529,0.0,0.06559485,-0.50831604,0.0,-0.10045494,-0.009954701,0.0,0.033951435,0.0003701742,0.0,0.012725266,-0.9611891,-0.32476646,-0.71579957,0.024174813,0.0070416657,-0.053769547,0.0027954048,0.19190544,-0.0006486703
-0.037260883,0.40611166,-0.15402985,0.11204053,-0.10987445,-0.05123111,-0.00012005177,-0.0045886794,-0.10876881,-0.065587014,-0.011975665,-0.0039827065,-0.07766144,-0.0010707882,-0.05569734,-0.13905299,-0.20113418,-8.0573765e-05,0.2049303,0.00010786209,0.015604568,0.08414725,0.0,-0.0056977007,0.0057109995,0.0,-0.098891936,0.060962737,0.0,-0.0035954183,0.017755095,0.0,-0.07410319,-0.018870935,0.0,-0.06311851,0.5395445,-0.019576393,0.06286544,-0.26986283,-0.12091695,-0.018136004,-0.015177023,-0.30308932,-0.107844464
-0.009615466,-0.21738568,-0.20534231,-0.078828774,-0.031436086,0.0015708453,0.006756967,-0.0039070193,-0.05121296,-0.008648593,-0.013598438,-0.0017473022,-0.11063966,-0.0010559871,-0.12554745,0.025537994,-0.13554923,-0.003553411,-0.40830052,-0.0026885166,-0.00033070226,-0.10744489,0.0,-0.007287684,-0.036201514,0.0,-0.036851205,-0.33299467,0.0,0.010190482,-0.012433595,0.0,-0.04545647,-0.029935172,0.0,-0.12323504,-1.427363,-0.053495664,-0.68637586,-0.09365858,-0.010592979,-0.11080724,-0.00019638582,-0.17961608,0.00293037
-0.0009892704,0.045061428,-0.36997905,0.26268867,0.036158424,0.0023265602,-0.088497624,-0.01788414,-0.019709771,-0.011831562,-0.0115431715,-0.0030055952,-0.08163834,-0.00036236554,-0.07781458,0.019699398,-0.12885746,0.0007489263,-0.41563568,-0.010386864,0.0001572552,-0.07017815,0.0,-0.05815311,-0.05145849,0.0,-0.037799314,-0.33118975,0.0,0.010163677,-0.01810154,0.0,-0.079117745,0.0034085382,0.0,-0.21345432,-1.3677254,-0.10673634,0.07856129,-0.08166887,-0.0130860545,-0.0006922675,-0.0015620893,-0.17650265,-0.027114563
-0.01169493,-0.20439647,-0.24503857,-0.23184106,-0.21717834,-0.07225943,-0.013626782,0.0008042812,0.022193,0.009508709,-0.006423572,-0.003684403,0.03942766,-0.00058460777,0.048064403,0.06861532,0.19799745,-0.0017986081,-0.52563274,-0.0012888444,-0.023279019,-0.09126651,0.0,0.038156867,0.036873017,0.0,-0.06589457,-0.4210292,0.0,-0.10398733,-0.04421041,0.0,-0.11543926,0.052245747,0.0,-0.086367644,0.42473215,-0.019241016,0.0948732,-0.012730863,0.0040118922,0.01661002,-0.079863556,-0.4992861,0.02939783
0.011650893,-0.17767529,0.17810333,-0.2834217,0.055652827,0.02408065,-0.0128000025,-0.0068591996,0.020670576,-0.0046696537,-0.014602299,-0.0033652943,-0.23685968,-0.0003998282,-0.053540986,0.059255295,0.123895034,-0.00030124118,0.17748147,0.0010913094,0.004768425,-0.09522667,0.0,0.021627791,-0.094247736,0.0,0.016755397,0.09278725,0.0,0.0028374593,0.04468223,0.0,0.089875706,0.05623232,0.0,0.18642426,-1.0300552,0.011360137,0.08046924,0.020201704,0.003997221,-0.09664342,0.015522164,-0.23505092,-0.044630323
0.10185596,-0.7665323,0.33901846,-0.4420348,-0.008479408,-0.004377168,-0.032794654,-0.005198945,0.0021321252,0.0020322567,-0.008762236,-0.0027591814,0.14515698,-0.00025840287,0.08719357,0.09364738,0.19323328,-0.0016700833,0.2338074,8.1717306e-05,0.002460178,0.07029928,0.0,-0.031750567,-0.10151976,0.0,0.025369646,0.08139427,0.0,0.020542733,0.12630554,0.0,0.1225057,0.09030117,0.0,0.06235386,0.4337961,-0.025212415,0.031573668,0.0071828477,0.006282765,0.014406103,0.026890652,-0.34585536,-0.011834071
-0.007613266,0.14497586,-0.28725398,-0.12200453,-0.120292425,-0.029747343,-0.0124451425,0.0017302601,-0.025393983,-0.011720751,-0.021749696,-0.0045631025,-0.21378078,-0.0010023833,-0.06968403,-0.15548272,-0.18288212,0.000683471,0.26805958,0.00013737174,0.006663258,0.06775154,0.0,-0.024950428,0.03977662,0.0,-0.088802904,0.16446504,0.0,0.01010116,-0.0025875675,0.0,-0.109708525,-0.033402503,0.0,-0.030590413,0.4758391,-0.050334126,0.068047605,0.03947665,0.024769492,-0.021152435,0.0226345,-0.33326626,-0.011387574
-0.007232474,-0.04218411,0.23528236,-0.03797007,0.008609699,0.026871128,0.028955754,0.009996353,0.073427364,0.032985363,-0.01049545,-0.0047037927,0.06312818,-0.0005652643,0.016041817,0.053331994,0.14818785,-0.00080126,-0.3361911,0.00032051178,-0.042098157,-0.17974369,0.0,-0.058722917,-0.0119775515,0.0,0.043316275,-0.24278583,0.0,-0.057388198,0.03397324,0.0,0.100097924,-0.005993503,0.0,0.05267766,-0.82057893,-0.21713868,-0.6661714,-0.06598182,-0.03663578,-0.13574015,-0.011441029,0.09837702,0.025470665
-0.03588604,-1.5766618,-0.3262507,-0.48331308,0.00042918755,-0.007180147,0.015257894,0.0013203042,0.034467045,0.0224281,-0.03611374,-0.008836739,0.045657266,-0.0012394561,-0.02101809,0.015310153,-0.12235015,0.009418637,-0.52036476,-0.0020664753,-0.0010901275,-0.073377416,0.0,-0.039752178,-0.054485407,0.0,-0.039903883,-0.3392494,0.0,0.011406953,-0.00079357554,0.0,-0.10645063,-0.003592637,0.0,-0.12980174,-1.1347628,-0.11063417,-0.7809754,-0.14419816,-0.08009161,-0.012228041,-0.029951544,-0.24006297,-0.18367991
0.004112547,-0.12421105,0.013591307,0.1281241,-0.1137505,-0.03801012,-0.059481345,-0.029511388,-0.15552515,-0.0617842,-0.0389771,-0.009860389,-0.108533315,-0.000953931,-0.083165586,0.03145727,-0.24669133,-0.004013604,-0.5754099,-0.0007873718,-0.011155459,-0.24585795,0.0,0.011382326,-0.07780724,0.0,-0.033824153,-0.51726043,0.0,0.006317004,-0.004542627,0.0,-0.05407513,-0.07133481,0.0,-0.022285035,0.43342307,-0.0013194956,0.08160491,0.131093,0.038860135,-0.027847365,0.01941244,0.14520796,0.02219666
0.008135886,0.96663016,-0.24873975,0.15604837,-0.030416338,0.0068991375,-0.03447193,-0.019799469,-0.027766585,-0.006356862,-0.012057483,-0.0035753353,-0.08529537,-0.00013540745,-0.039487526,0.124233074,0.20452392,-9.252359e-05,0.25711998,0.00011310777,0.0039309245,0.02269763,0.0,-0.019065972,-0.17319272,0.0,0.012025935,0.12270889,0.0,0.016528497,-0.00441109,0.0,-0.08489353,-0.05013156,0.0,-0.058111217,0.6601034,-0.014155669,0.06835191,-0.37518364,-0.17533007,-0.052850444,-0.004086431,-0.21468292,-0.0906999
-0.035919175,-0.5418178,-0.43650866,-0.4553611,0.0549423,0.029047683,-0.019280579,0.0020225341,-0.16254355,-0.082379736,0.05212135,0.022461984,-0.015822072,-0.008107431,-0.06730406,-0.24648805,-0.2686307,-0.0022887161,0.058167133,6.78193e-05,-0.01398293,0.024356898,0.0,-0.09818512,0.07877418,0.0,-0.06869599,-0.42437303,0.0,-0.049796797,0.0033679865,0.0,0.044753104,-0.009416859,0.0,0.030529639,0.40581858,-0.037569363,0.0645876,-0.0677016,-0.07629322,-0.014213836,-0.14741582,-0.36083403,-0.034873385
-0.009829061,-0.1516381,-0.065606415,0.07278845,-0.028130269,-0.01208975,-0.23329833,-0.036868557,-0.003293913,0.0009171103,-0.007488465,-0.0032626179,-0.1520607,-0.0005443024,-0.060896587,0.027230617,0.120214544,0.0013522117,-0.59923524,6.96435e-05,0.020778777,0.061814725,0.0,-0.021984017,0.054903515,0.0,-0.084281884,0.10857985,0.0,-0.01042619,0.010376127,0.0,-0.09579265,0.014722264,0.0,-0.06697924,0.5652315,-0.0038157753,0.08564463,0.06448464,0.020672796,-0.02987106,-0.015451333,0.08508252,0.011761916
-0.0107825715,-0.9421161,-0.3716829,-0.62308276,-0.06308428,-0.00902447,0.019201485,0.016610928,-0.11770506,-0.061166156,-0.0131069245,-0.00514869,-0.06022335,0.0002727966,-0.047111977,-0.056427028,-0.16424851,-0.00079371245,-0.29131693,2.0728761e-05,-0.06320039,-0.063540414,0.0,0.12064879,-0.03107595,0.0,0.103532046,-0.28343654,0.0,-0.066102035,0.049675643,0.0,-0.09327986,0.035404705,0.0,-0.34499887,-0.7537265,0.023642834,0.08249497,-0.018920066,-0.006965833,-0.14986114,-0.042061687,-0.29025462,0.00046787976
-0.025583304,-0.625036,-0.08526051,-0.22824197,-0.021718672,-0.010037894,-0.10170605,-0.032024007,0.044839036,0.012221989,-0.015630813,-0.0031996064,0.10118152,-0.0007562619,-0.00067692646,0.06477921,0.20573764,-0.00018951636,-0.7938814,0.00010689498,-0.09279935,-0.17607613,0.0,0.007503843,-0.078696385,0.0,0.017545784,0.13182369,0.0,0.0021454436,0.036267582,0.0,0.06300826,-0.013119642,0.0,0.016465545,0.4115441,-0.03699046,0.053957243,0.071178295,0.020178419,-0.0327264,-0.028532742,0.20701344,0.009909821
-0.01815738,0.80309105,-0.07786837,0.11268499,-0.071521774,-0.023406764,0.010284455,0.0018522824,0.0055746213,0.010043205,-0.05818007,-0.0059530484,-0.07878327,-0.003066592,-0.013999684,-0.3129159,-0.36010757,0.0004902418,0.12594125,0.00012982356,-0.013984987,-0.40783384,0.0,-0.037382547,0.023355627,0.0,-0.079926856,0.104110084,0.0,0.00034608383,0.024721015,0.0,-0.07964095,0.010872405,0.0,-0.054150067,0.624138,-0.015175534,0.07087863,0.0804535,0.03585282,0.008496794,-0.032215692,0.092146516,-0.02025833
-0.018107755,0.18383725,-0.26908174,0.043028884,0.0066655027,-0.013060627,-0.13874558,-0.06023271,0.024308098,0.010672949,0.017442534,0.013626517,0.110236704,0.007987618,-0.05650445,-0.16065063,-0.25736812,-0.00012922814,0.15205729,0.00012907761,-0.017306339,0.07440488,0.0,-0.037328336,0.09274914,0.0,-0.07618833,-0.7130273,0.0,-0.08807062,-0.0055908165,0.0,-0.09043425,0.07421453,0.0,-0.07346921,0.5346839,-0.025104666,0.07562512,0.07698968,0.052951984,-0.038620792,-0.009381405,0.1473539,0.01855751
0.12683122,-1.2741762,-0.25102165,-0.70107245,0.020497646,-0.018506385,-0.038972788,0.0016864655,0.024981063,0.013531,-0.030091856,-0.010257592,0.0723842,-0.0012476082,0.01751507,0.0029064,-0.121044576,0.010226619,-0.45604146,-0.0020664753,0.003982909,-0.06882892,0.0,-0.04381675,-0.07481805,0.0,-0.049808145,-0.31875628,0.0,0.00918541,0.008853475,0.0,-0.11741663,0.011996908,0.0,-0.13495897,-1.158599,-0.09983044,-0.6335294,-0.087696426,-0.07156151,-0.06119809,-0.027794309,-0.20783311,-0.02564078
-0.053590305,0.3297289,-0.23665915,0.18347842,-0.11921399,-0.05545769,0.0010775513,-0.0025257266,-0.00093753275,0.0063437326,-0.0210905,-0.0060480293,-0.047383126,-0.0011817624,-0.03415485,-0.08532111,-0.16881296,0.00073016237,0.13888404,0.00012412922,-0.010888133,-0.33340952,0.0,-0.036294278,-0.009114422,0.0,-0.08932605,0.048814632,0.0,-0.017327046,0.013539892,0.0,-0.09706612,0.002055345,0.0,-0.06724713,0.5266906,-0.022278342,0.0656349,-0.41539177,-0.1858121,-0.0028773877,-0.05220505,-0.16811544,-0.08623036
-0.09284717,0.7104751,-0.1027018,0.09875308,-0.1743261,-0.060150966,-0.07792851,-0.0013757431,-0.0051451484,-0.007514637,0.039859686,0.038863696,-0.0036160897,0.0032863417,-0.018030608,-0.094292834,-0.1541304,-0.000627393,0.35458896,0.0008885796,0.018257668,0.06053229,0.0,-0.04716145,0.046990074,0.0,-0.07701527,0.16102831,0.0,0.010086746,0.027933896,0.0,-0.13468678,0.006263156,0.0,-0.3142194,-1.38227,-0.010236429,0.08133783,-0.20901264,-0.08506996,-0.007495031,-0.027710054,-0.16612855,-0.03220597
-0.0010893594,-1.4200304,-0.21758623,0.013396575,-0.04195808,-0.019252557,0.006335121,-0.0042930106,-0.21744272,-0.0717797,-0.011324368,-0.0059630782,0.056633763,-0.00014101068,0.022039026,0.04230046,0.10770872,-0.00029640697,-0.5281057,0.00018474809,-0.08329124,-0.14571868,0.0,-0.007089044,-0.01781184,0.0,0.04937395,-0.32321763,0.0,-0.06951258,-0.0008722809,0.0,0.039494343,-0.040713094,0.0,0.006227658,-1.1907738,-0.2920504,-0.8150487,-0.01936304,0.006632448,-0.10856568,0.0006188799,0.18856312,0.0026072995
-0.0067681717,0.45269564,0.023697149,0.1140584,0.046739653,0.03788596,-0.0720642,-0.024598425,-0.015653865,-0.00463823,-0.007448006,-0.0018077366,-0.18584275,-0.00043666566,-0.099826664,0.14226674,0.2244474,0.0002143369,0.23842393,0.00013922348,-0.003769352,-0.16507567,0.0,0.027577076,0.029913269,0.0,-0.08753206,0.11342595,0.0,0.008239316,0.017445095,0.0,-0.12069219,0.05014437,0.0,0.07241259,0.6517966,-0.035178997,0.076999135,0.071535364,0.023567593,-0.018894047,-0.020895109,-0.2507864,-0.07935409
-0.019786887,0.989755,0.055789754,0.06265451,0.03392446,0.028771207,0.03284688,-0.00087883807,0.00032252856,0.006747859,-0.010371209,-0.0044201133,-0.16416538,-0.0011376982,-0.10659099,0.10265065,0.20502436,-0.0008767928,0.21554469,8.407654e-05,-0.009490547,4.4108456e-05,0.0,-0.050412506,-0.18964644,0.0,0.052987106,0.1326872,0.0,0.012215051,-0.020695256,0.0,0.03518155,0.011649474,0.0,-0.05496357,0.69618636,-0.016131178,0.069923654,0.030909516,-0.008983976,-0.025530059,-0.3657224,-0.3331047,-0.075179406
0.04318348,-0.28375828,0.03429755,-0.35679638,-0.0336855,-0.010667996,-0.046082724,-0.008248355,0.0007920609,0.00087198365,-0.015183331,-0.0038128768,-0.17739835,-0.0009498354,-0.06877196,0.100020714,0.12836054,-0.00020507522,0.15252616,0.0001251169,-0.0032665278,0.10690094,0.0,-0.017466566,0.102049775,0.0,-0.049414497,0.14193013,0.0,0.0120633785,0.049046643,0.0,0.13257001,0.013976237,0.0,0.051700138,0.5281389,-0.028662644,0.069799066,-0.28899494,-0.15848102,0.005763806,-0.003617198,0.07811852,-0.032988947
-0.0040298114,1.0440004,-0.016775291,-0.03914302,-0.0434168,-0.011521367,0.016478643,0.009496736,0.044834904,0.009844344,-0.017739737,-0.0058497386,-0.26555505,-0.0018809251,-0.06550395,0.12599668,0.17949168,0.00047809503,0.26407868,0.00014361776,0.001767138,0.10278193,0.0,-0.024432844,0.051358894,0.0,-0.082394764,0.17815803,0.0,0.023149716,-0.016140057,0.0,0.01171194,-0.028436197,0.0,0.0078100376,0.6728939,-0.032797966,0.080416664,-0.00895582,-0.0032396496,-0.017555539,0.015199894,0.1751521,-0.036366418
-0.0148837,-0.0750374,-0.40514264,-0.006445934,-0.22499375,-0.07956142,-0.056346767,-0.016913475,0.03355761,0.013517771,-0.026133046,-0.007280894,-0.1673534,-0.0008811096,-0.12054459,0.02513228,-0.1362778,0.019605264,-0.44989216,-0.00062653504,-0.0026783983,-0.15620573,0.0,-0.015212028,-0.11243864,0.0,-0.032140493,-0.30723384,0.0,-0.004532006,-0.014888808,0.0,-0.053233493,-0.045203943,0.0,-0.030534275,0.41336176,0.0042720893,0.07532669,-0.13385044,-0.07182197,-0.09451012,-0.39791304,-0.15810992,-0.013526099
-0.015793651,-0.07210478,-0.37873927,0.12416052,0.045177788,0.011554437,-0.029431347,0.0005309742,0.041131373,0.017351724,0.06430452,0.00975867,0.07247235,0.0027014925,-0.04216022,-0.08459871,-0.15164213,0.0005817042,0.2096719,0.00013679425,0.0011794207,0.057807766,0.0,-0.02685705,0.060110364,0.0,-0.0734364,0.1484605,0.0,0.004961696,-0.0074653444,0.0,-0.08705162,-0.012133349,0.0,-0.10599192,0.6046654,-0.023264887,0.05639849,0.01872367,0.020077411,-0.020708114,0.01833673,0.31086132,0.020492263
-0.038988493,-0.11498886,0.31080577,-0.0054353145,0.05625509,-0.0010797014,-0.055428214,-0.016546842,-0.0008063225,0.002112104,-0.021618754,-0.0044125044,-0.06402837,-0.00086451764,-0.049235836,0.027507678,-0.16066049,0.002979414,-0.45265666,-0.00084521563,-0.0010198395,-0.10534712,0.0,-0.009909161,-0.043629177,0.0,-0.032231893,-0.2088441,0.0,-0.01007946,0.0047941003,0.0,-0.053995173,-0.019923868,0.0,-0.041513022,0.49930307,0.01060775,0.090017155,-0.12698194,-0.079619914,-0.06810023,-0.0065471376,-0.08132781,-0.22692956
-0.019538445,0.54415023,-0.58022374,-0.17224449,0.10642336,0.023335962,-0.014146251,-0.0032471109,0.003716258,0.003797782,-0.02017914,-0.0077019753,-0.06832537,-0.0007496255,-0.047757555,-0.14345258,-0.22141613,0.00047844203,0.16149198,0.00012506904,-0.007033816,0.11425776,0.0,-0.036000583,0.08461956,0.0,-0.065714546,-0.38589507,0.0,-0.21528453,0.01914259,0.0,-0.09141916,0.05593937,0.0,-0.031261533,0.6237563,-0.012717949,0.07589518,0.060534127,0.034419473,-0.0014287247,-0.014381675,0.20004389,-0.0011717365
0.0053059575,0.022432959,-0.31771922,0.21871276,-0.08783332,-0.022259573,-0.032622147,-0.0026818858,-0.040828515,-0.0080867475,-0.011786884,-0.004146773,-0.11785797,-0.000923314,-0.0735465,0.018736208,-0.111412056,-0.0031133,-0.47529602,-0.01043479,0.0001480304,-0.08409564,0.0,-0.048760906,-0.041431367,0.0,-0.038261913,-0.31352192,0.0,0.00853191,-0.008169593,0.0,-0.08156781,-0.029682318,0.0,-0.27023962,-1.2979326,-0.16729629,0.06680542,-0.09140776,-0.009338722,0.01640928,0.031122245,-0.20913804,-0.015181898
-0.0067434437,0.1133408,0.036253802,0.18466009,0.08104392,0.030397575,-0.037314378,-0.015140842,0.05177009,0.021895869,-0.002217176,-0.001882518,0.10903486,-9.18011e-05,0.09427421,0.099169455,0.23490691,-0.0017144061,0.19642475,8.242665e-05,0.00071570574,0.030699547,0.0,-0.042762946,0.11748446,0.0,-0.05955833,-0.2720748,0.0,-0.022416538,0.0038570026,0.0,-0.08959462,0.05112141,0.0,-0.08008056,0.63226223,-0.004795564,0.07309353,0.021803286,0.02467895,-0.008872074,-0.031025434,-0.37827,0.020949285
-0.035926502,0.035991266,0.04293575,-0.22849305,-0.023794096,-0.009458417,-0.06790553,-0.025560517,0.064968005,0.02558922,-0.016679164,-0.0034087328,0.1506179,-0.001344249,0.05136337,0.13538077,0.22796808,-0.00020880527,0.22570878,0.00014217295,-0.0012395713,-0.220248,0.0,-0.06699333,-0.038504656,0.0,0.08521259,0.108522736,0.0,0.014268348,0.06435785,0.0,0.107631065,0.0013403161,0.0,0.021008946,0.5446106,-0.03106896,0.05271294,0.12754783,0.06162008,-0.030702263,-0.0058167814,0.123476155,-0.030554917
-0.039796423,0.29184976,-0.12404927,0.17275713,0.016261695,-0.009563053,0.0064651943,0.0012510527,0.03285913,0.015227102,-0.007521492,-0.004837586,0.010832229,-0.0013705287,-0.046828967,-0.103065364,-0.24840917,7.35831e-05,-0.5497928,9.7331285e-05,-0.06842428,0.045299966,0.0,-0.04076346,0.07703131,0.0,-0.08146213,0.09147947,0.0,-0.0130878845,-0.0029681432,0.0,-0.10479271,-0.024408698,0.0,-0.10949619,0.5364784,-7.238797e-05,0.0713521,0.04316772,0.027989412,-0.0024359878,-0.05622014,-0.2564852,-0.25390786
-0.003178256,-1.1461221,0.11866921,-0.34675524,0.07483639,0.004436248,-0.006054879,0.003638867,-0.018198064,-0.0035978975,-0.022212753,-0.010489169,0.106592104,-0.001127219,0.023528136,0.044041883,0.105455205,-0.0018486141,-0.6358476,0.0002319251,-0.05951428,-0.1397997,0.0,-0.025883637,-0.057676367,0.0,0.06745541,0.11650675,0.0,0.013344394,0.02733285,0.0,0.10896214,0.06431274,0.0,-0.12132663,-1.3600502,-0.118727066,-0.6677343,0.030227887,0.00018256997,-0.052235026,-0.008222469,0.33876252,0.021758419
-0.013449955,-0.577475,0.05869628,-0.14228344,-0.074892335,-0.03491662,-0.024608297,-0.006956071,0.0031923682,0.001332896,-0.015580888,-0.0032686288,0.12817201,-0.0006272206,0.04607141,0.12673907,0.17949235,0.0002168268,0.23996828,0.00010897121,-0.007846011,0.060682673,0.0,-0.04212405,0.042775135,0.0,-0.09632943,0.107077904,0.0,0.0050513973,-0.04016578,0.0,-0.08145805,0.017728703,0.0,0.03361977,0.6333404,-0.016200332,0.067234084,0.0456759,0.03170427,-0.012022992,-0.026246762,0.2014808,0.0022052599
-0.016632132,-0.46346146,-0.26665896,0.033332247,-0.17463388,-0.024827916,-0.09076685,-0.04227559,-0.07493256,-0.04994519,-0.010267687,-0.0036509724,-0.1459976,0.00019554769,-0.08825067,0.012481847,-0.12499664,0.0030144902,-0.5301382,-0.009372524,0.010094955,-0.07786076,0.0,-0.07875258,-0.07547041,0.0,-0.04693976,-0.32184887,0.0,0.0058398983,0.021586485,0.0,-0.08498179,0.025448736,0.0,-0.32380527,-1.0366517,-0.12520659,0.06327338,0.08327436,0.042544886,-0.022618756,0.0062244493,-0.15785596,-0.020807853
-0.05017092,1.1070013,0.029990599,0.29748875,-0.07118951,-0.02263155,-0.028952952,-0.011648199,0.013920817,0.009679736,-0.009285816,-0.0028737942,-0.009859899,-0.0013592099,-0.028023016,0.054995373,-0.18725687,0.003546201,-0.2936764,-0.00084521563,0.00090716337,-0.08676272,0.0,-0.014749115,0.004078282,0.0,-0.02359722,-0.23855238,0.0,0.010978011,0.016148876,0.0,-0.05631231,0.015752003,0.0,-0.04733811,0.6414854,0.026490493,0.10897181,-0.26359248,-0.10435348,-0.010653403,0.016009634,-0.12288113,-0.017162338
-0.03722496,-1.2025138,-0.3177806,-0.53182507,-0.020836089,-0.014990447,-0.16362533,-0.045967516,-0.12783267,-0.07722869,-0.05114579,-0.003835625,0.031629004,-0.0038148072,-0.028049137,-0.42635873,-0.3425728,-0.001915698,0.12416843,-1.2410659e-05,0.0031686039,0.058697015,0.0,-0.07469683,0.080013216,0.0,-0.08209891,0.14249873,0.0,0.026579387,-0.0007572871,0.0,0.0736164,0.02675325,0.0,0.041569166,0.3931476,-0.034170777,0.053623296,0.0018074628,-0.004914065,0.0007522772,-0.12989876,-0.4658662,-0.017155204
-0.007702114,-1.5471144,0.09187228,0.00442921,-0.045218363,-0.02044141,-0.046374347,-0.0127674425,-0.21786584,-0.066985495,-0.0068637687,-0.0024236415,0.04212285,0.0005187846,0.028325327,0.03741484,0.114293255,-0.0011087646,-0.43928498,-5.9599814e-05,-0.070858434,-0.13840812,0.0,-0.00078197836,-0.065725625,0.0,0.021544324,-0.27365956,0.0,-0.052761015,-0.0081624575,0.0,0.029320626,-0.020351479,0.0,0.054334026,-1.1907583,-0.28200695,-0.8385666,-0.025113286,0.005613063,-0.11225302,-0.14429718,-0.19445978,-0.0006614519
-0.028642401,-0.49503025,-0.26264694,-0.40274304,0.14617068,0.018267525,0.0031691785,0.021372521,-0.047930483,-0.0301259,-0.02795274,-0.007179084,-0.019061357,0.0010110554,-0.037547126,-0.1612411,-0.25561747,-0.00047157845,-0.32969922,8.833344e-05,-0.06422312,0.001210306,0.0,-0.08752417,0.05482138,0.0,-0.063858144,-0.29662037,0.0,-0.05917819,-0.03634056,0.0,-0.10110711,-0.042437557,0.0,0.021092407,0.34864843,-0.01701484,0.07885253,-0.09877601,-0.04229759,-0.008320423,-0.03452947,-0.35115016,-0.0035589284
-0.026180793,0.3218236,-0.5755224,0.29403004,0.097140856,0.018008135,-0.10734238,-0.045496438,-0.1153919,-0.04202812,-0.010115304,-0.0019159792,-0.066777386,0.00042753687,-0.10546415,-0.013120773,-0.14536345,0.0294874,-0.4629458,-0.009097087,-0.005137469,-0.10653084,0.0,-0.055894315,-0.10399114,0.0,-0.038211536,-0.31114608,0.0,-0.0033587145,-0.08783076,0.0,-0.07214735,-0.050015774,0.0,-0.20294431,-1.3326254,-0.07260606,0.07760656,-0.00799838,0.021960914,-0.036088593,-0.10508992,-0.16632019,-0.020870173
-0.007862442,-0.30561727,-0.1402218,-0.02559313,-0.034687974,-0.055184092,-0.05255294,0.0042209816,0.0028917454,-0.016534436,-0.0026621183,-0.00058810227,0.011316089,0.0022485177,0.023226567,0.05796403,0.10419699,-0.00027321518,0.19786188,0.0009625939,-0.002696657,0.09922612,0.0,-0.066350825,0.04412082,0.0,-0.09806514,-0.28803226,0.0,-0.013173893,-0.032548867,0.0,-0.123231195,-0.04324539,0.0,0.06712664,-1.2926154,0.02283015,0.088570625,0.037860412,0.02964644,0.011152709,-0.030721862,0.17074607,-0.020692632
-0.030183297,-0.6091245,0.35605717,0.040641937,-0.22173601,-0.094406165,-0.038711317,0.001980344,0.005116056,5.1548526e-05,-0.008518234,-0.0037174658,0.12611946,0.00039296132,0.051607348,0.06869077,0.17238389,-0.0017728724,-0.55947983,-4.953344e-05,-0.03050287,-0.090988,0.0,0.03366826,0.088924736,0.0,-0.03930112,0.17993249,0.0,0.016630864,-0.07898884,0.0,-0.12503615,-0.002203454,0.0,0.012122824,0.42603523,-0.026362605,0.07670719,0.054874074,0.02754945,0.01299955,0.049690858,-0.3764335,0.014196843
-0.032583613,-0.23386937,-1.4954728,-0.14954855,0.09743716,0.014348126,0.036795627,0.008823023,-0.08416202,-0.05609475,-0.017547466,-0.0036649455,-0.07110398,0.0008601586,-0.055831008,0.02728137,-0.21108717,0.0036878455,-0.5309802,-0.00072367466,0.0035747006,-0.11504543,0.0,-0.019370202,-0.020312605,0.0,-0.050407533,-0.24073212,0.0,-0.0050498242,-0.02940971,0.0,-0.04294245,-0.010395366,0.0,-0.045617614,0.44892636,0.00075098104,0.07898348,-0.28148127,-0.14602719,-0.052440476,0.0028974111,-0.16278704,-0.13812396
-0.00692324,-0.65404814,-0.25840524,-0.17791402,0.041647594,0.0148357535,-0.06668396,-0.009073295,0.019292511,0.008787041,-0.014645087,-0.003891751,0.104615346,-0.00086249865,0.07453557,0.030908791,-0.13130693,0.009697039,-0.50864327,-0.010383638,0.0047397,-0.020617394,0.0,-0.09294771,-0.053595625,0.0,-0.043905117,-0.2998579,0.0,0.018328536,0.018739317,0.0,-0.0720011,0.01168924,0.0,-0.24114631,-1.0205866,-0.066261485,0.064712234,-0.055848017,-0.015254646,0.0024517777,-0.038511194,-0.23227224,0.029951222
-0.027466588,0.1534844,-0.2675592,0.23597622,-0.06254475,-0.05209527,-0.08531843,-0.027445005,0.013943031,0.004551921,0.00598899,0.013598962,0.00015809605,0.0013886418,-0.020670349,-0.038328953,-0.1351619,-0.0003419903,-0.32973126,0.001466845,-0.016079472,0.02679847,0.0,0.030353837,-0.0422674,0.0,0.13299026,-0.17538385,0.0,0.0117746275,-0.013042054,0.0,-0.12181836,0.09503303,0.0,-0.31306097,-1.2964401,-0.061015084,0.0945033,-0.17284688,-0.08265136,-0.01594432,-0.054348063,-0.13281526,-0.09462962
-0.012854197,-1.5733299,-0.29138985,-0.54562706,-0.026097609,-0.017670915,-0.00051640254,-0.0045425906,-0.23758651,-0.11790996,-0.014220634,-0.008025726,0.086090885,-0.00031924868,0.10862452,0.019065386,-0.112463534,0.039610118,-0.45928288,-0.00074706716,-0.0028859281,-0.06790027,0.0,-0.032313082,-0.067938454,0.0,-0.024536837,-0.3712266,0.0,0.020761492,0.004493375,0.0,-0.085854635,-0.0005446446,0.0,-0.10760674,-1.1478386,-0.10075146,-0.6764499,0.038037635,0.019419637,-0.016441679,-0.03615495,-0.25073296,-0.0021138748
-0.035343032,-0.7415451,0.079123974,-0.4408911,-0.20812704,-0.04472169,-0.07258293,-0.013348811,0.04611182,0.01207049,-0.0065407846,-0.0030503988,0.04112928,-0.00020316188,0.0357492,0.06710203,0.22277151,-0.0018269677,-0.6664616,-4.953344e-05,-0.06884028,-0.19176327,0.0,-0.041672044,-0.00096474984,0.0,-0.073742524,-0.38633397,0.0,-0.07124043,0.020090058,0.0,0.07847084,0.013894097,0.0,0.036027275,0.26940975,-0.04085395,0.054364737,0.022259908,0.01275326,-0.0040713563,0.02354218,-0.26650986,-0.010294681
-0.019972451,0.061020896,-0.025214512,0.12860456,0.029712876,-0.0042702137,-0.040901843,-0.005329371,0.008314083,-0.0015259258,-0.0067220475,-0.0022978515,-0.104248405,-0.000720273,-0.05877733,0.043750547,0.15767072,0.00071188965,-0.5737946,0.000113110116,-0.03631941,0.06999272,0.0,-0.04980648,0.09398994,0.0,-0.05429383,0.1079565,0.0,-0.012940151,-0.004143822,0.0,-0.09382294,0.03678553,0.0,-0.042560514,0.60240257,0.0020115029,0.08047562,0.06886808,0.036205992,-0.0056289462,-0.017737241,0.13925236,-0.0053336844
-0.0588135,-0.7419719,-0.107763804,-0.13886254,-0.041181874,-0.0131405,-0.06688255,0.0012115662,0.034785498,0.0029443153,-0.0151713155,-0.0048686177,-0.0131923,0.00020561792,-0.025766307,-0.033163812,-0.17533208,-0.0020083212,-0.25186324,5.9683007e-06,5.8813428e-05,-0.0694175,0.0,0.061942127,0.0714597,0.0,-0.07695355,-0.24188092,0.0,-0.052297715,0.008330031,0.0,0.051778562,0.02495412,0.0,-0.3345809,-0.6967503,-0.029462965,0.10146868,-0.059111398,0.03130022,0.041321553,0.015371503,-0.2557561,0.021056036
0.09983602,0.2421469,0.27734473,0.3159898,0.02356198,-0.0073599326,0.008983222,-0.0024082002,0.06045048,0.024659408,-0.008575612,-0.0021426654,0.15335855,-0.00042495658,0.08038267,0.13964501,0.2444046,-0.00016586472,0.16843815,0.00013571777,-0.00607905,0.07371582,0.0,-0.02309035,0.059598774,0.0,-0.08062788,0.14530538,0.0,0.021274768,0.02925039,0.0,0.09197632,0.103800036,0.0,0.08478736,0.61712503,-0.018378658,0.066276416,0.065164775,0.027533816,0.02451591,-0.0125961965,-0.25262812,-0.02702054
-0.041333698,-0.018668508,-0.5095142,0.3137582,-0.13529608,-0.041599896,0.04224155,0.012494457,0.004135445,-0.004617106,-0.021329202,-0.0061696195,-0.11020339,-0.0040351455,-0.085163556,-0.20983051,-0.26168412,-0.0011342838,0.141932,8.698942e-05,-0.0051849484,0.058632232,0.0,-0.044651642,0.09087355,0.0,-0.061798148,-0.42233133,0.0,-0.07747546,-0.03447,0.0,0.034079432,0.08275603,0.0,-0.06503397,0.33276603,-0.052798733,0.052444372,0.015643997,0.008291996,0.018041246,-0.12207933,-0.41198462,-0.01079722
-0.023860898,-0.64999056,-0.06717589,-0.16558033,0.0509724,0.014172042,-0.021747546,0.0061051664,-0.09657362,-0.023460051,-0.00835358,-0.0031650213,-0.13030945,-0.0005054601,-0.04587254,-0.08093071,-0.20276727,-0.0015016218,-0.29096523,0.000660834,-0.029786171,0.07587294,0.0,-0.09429941,-0.105606884,0.0,0.038185295,0.114242055,0.0,-0.0059421337,-0.0004909617,0.0,0.03722607,0.024706805,0.0,0.15873215,-0.71980095,0.08577876,0.082476266,-0.038635932,-0.022049071,0.008923486,-0.1593395,-0.22899431,-0.0066910326
0.004069803,0.053077564,-0.38387358,-0.11521299,-0.0042917114,-0.03675883,-0.024011731,0.013436585,-0.015318902,-0.0006618295,-0.022669278,-0.01522736,-0.012548206,-0.0008993205,-0.037207175,-0.09163962,-0.20271575,-2.257415e-06,-0.30475575,0.0013201608,-0.018472655,-0.14941676,0.0,-0.032408472,-0.008692632,0.0,0.09841819,0.06491489,0.0,-0.0128219025,-0.033613544,0.0,0.01006504,0.084795095,0.0,-0.2505069,-1.173726,0.035464004,0.094698265,-0.20577198,-0.11049781,0.013511906,-0.020167109,0.17708209,-0.049571194
0.373858,0.02899921,-0.3041829,0.11374795,0.08715736,0.029065276,-0.02906085,-0.019476114,0.0050394703,0.010712295,-0.013819854,-0.0023343381,-0.040447347,-0.001314191,-0.03708893,0.012723709,-0.14407825,0.0021419253,-0.48673308,-0.00084521563,-0.001681607,-0.13804209,0.0,-0.017844582,-0.036960103,0.0,-0.029323023,-0.33438927,0.0,-3.278494e-05,0.008592161,0.0,-0.059709214,-0.000925125,0.0,-0.04805801,0.5174652,0.009176068,0.09215472,-0.119293265,-0.034788527,-0.047990836,0.008470411,-0.064497136,0.033185042
-0.01564609,0.004073527,0.047965758,0.061948966,-0.16286816,-0.03505717,-0.050867032,-0.030970674,0.032934956,0.015512297,-0.021735573,-0.0027244387,-0.09168302,-0.0005933865,-0.053260654,0.03268509,-0.19747834,-0.006887784,-0.59741163,-0.0008139279,0.0005579038,-0.12888418,0.0,-0.017035225,-0.04144211,0.0,-0.046448074,-0.42896163,0.0,0.010325636,0.016847715,0.0,-0.07525279,-0.018646635,0.0,-0.052161444,0.47506958,-0.0046023256,0.08438542,0.009113384,0.02168515,-0.015756933,0.031500306,-0.2341645,-0.04118961
0.013822687,0.35360014,0.0130504165,0.24208498,-0.1892149,-0.050771575,-0.052618798,-0.013645259,-0.023116946,-0.006945585,-0.006967733,-0.0020447369,-0.2576421,-0.0005907753,-0.10603581,0.090488926,0.18517888,0.00071620126,0.28502804,0.00014361776,0.0029127554,0.0761316,0.0,-0.020046577,-0.13571697,0.0,0.0507604,-0.5147706,0.0,-0.0981361,-0.08392786,0.0,-0.14006542,-0.07221376,0.0,-0.02189934,0.5810039,-0.03638137,0.083540335,0.0778166,0.024763772,-0.034720026,0.01178193,0.064508095,-0.05659051
-0.014417656,0.073316626,-0.15480486,-0.07295005,-0.004121397,0.0046758335,-0.021096805,0.0017087657,-0.004217686,-0.006699189,-0.007116729,-0.0024497088,-0.13494846,-0.0030923716,-0.04091682,0.038426142,0.11556426,0.00033227983,-0.59917694,0.000113110116,0.014515635,0.0511956,0.0,-0.021290943,0.08164865,0.0,-0.06388817,0.112315044,0.0,-0.016023776,0.0123768225,0.0,-0.08597838,0.051390737,0.0,-0.053321484,0.5936063,-0.0006515389,0.08220443,0.10435684,0.049099326,-0.012748795,-0.027793081,0.16174857,0.034235705
0.12954295,-0.5526038,-0.21293892,-0.53359985,-0.12916575,-0.04640981,-0.07149773,-0.023402736,0.016131544,0.014390214,0.08602838,0.022745984,0.09551273,0.0021751842,-0.053653236,-0.061414137,-0.1653083,-0.00032634183,0.23200172,0.00032550772,0.01888541,-0.09007468,0.0,-0.023108792,-0.062933415,0.0,0.04514733,0.21033487,0.0,0.05053884,0.035552915,0.0,0.06981013,0.057966843,0.0,0.059504505,-1.2441207,-0.1832112,-0.48903632,0.01367874,0.015797222,-0.15996061,-0.02714537,-0.33197057,-0.027028743
-0.038369987,-0.05016473,-0.30953318,0.20680043,-0.1848563,-0.03192309,0.0092923865,0.016758887,-0.10984115,-0.014833875,-0.008487376,-0.0044645607,0.044544704,0.00093071733,-0.0387524,-0.0074179457,-0.19362313,-0.0018312299,-0.29553065,0.0008305313,-0.038875565,0.06482073,0.0,-0.13515158,0.06598463,0.0,-0.07231713,-0.26650304,0.0,-0.045875076,0.013887057,0.0,-0.07051483,-0.01957024,0.0,0.18779558,-0.61298436,0.14450432,0.102191485,-0.08110543,-0.02934262,0.0043695634,0.06648503,-0.1757298,0.013994961
-0.017449047,-0.33303365,-0.3356564,-0.24375705,-0.050275434,-0.015926609,-0.041467696,-0.0165793,-0.015476211,-0.0022966627,-0.010730377,-0.0057688,0.013366136,-0.00024179784,-0.047713112,-0.09772059,-0.2081989,-0.0013221371,-0.37104985,0.0011169646,-0.035069086,0.006294393,0.0,-0.13371973,0.084849335,0.0,-0.05339057,-0.21077898,0.0,-0.030858172,0.025168847,0.0,0.04992453,0.012967035,0.0,0.116073616,-0.7858106,-0.01648015,0.0892361,-0.16138545,-0.07050571,-0.031514302,-0.028674081,-0.20320201,-0.025936943
-0.03180189,-0.3884117,-0.1927647,0.15549003,-0.08178883,-0.012928601,-0.02079228,-0.0025811975,0.03515833,0.017374845,-0.014170203,-0.004352919,0.08198277,-0.0008027791,0.13949576,0.017336035,-0.13171941,0.056946993,-0.42084762,-0.010280903,-0.0024796594,-0.049865846,0.0,-0.07042284,-0.04866267,0.0,-0.050458245,-0.23796329,0.0,-0.0014345468,-0.04351942,0.0,-0.04548004,-0.010122811,0.0,-0.11675264,-1.0486448,-0.119120486,0.062050942,-0.08670328,-0.051593263,-0.018723534,0.11227878,-0.1533537,0.036512937
-0.007998459,-0.52974254,0.28032753,-0.2958837,0.009283781,0.013016114,-0.12296196,-0.044720132,-0.19913997,-0.09161392,-0.003962757,-0.0031401417,0.15183741,0.00032078568,0.05309415,0.07615644,0.12227227,-0.0005614861,0.18867919,0.00020349672,-0.007911132,0.29875168,0.0,0.021030707,0.059526414,0.0,-0.118785,-0.37047192,0.0,-0.06477249,0.008343009,0.0,0.08474873,0.026518296,0.0,0.06175521,-1.1451447,-0.20344903,-0.6121984,0.06804046,0.038849972,-0.09992254,0.0019882694,0.14361878,0.017356513
-0.018975876,0.0055233887,-0.2232661,-0.096452855,-0.029925805,-0.025995508,0.014937195,0.02179423,-0.101216584,-0.09553451,0.05535978,0.01863402,0.095251285,0.0040087383,-0.05834014,-0.037164185,-0.14670594,-0.0013249711,-0.2626,0.0008149313,8.789872e-05,0.02849471,0.0,-0.046935506,-0.0994968,0.0,0.051096287,0.13746329,0.0,0.00087858725,-0.030680085,0.0,0.08584927,0.014339186,0.0,-0.3665619,-1.1771238,-0.0055616703,0.08769011,-0.12829025,-0.0645371,-0.01624559,-0.19453737,-0.29626715,-0.0035210047
-0.034494765,0.9516662,-0.3239441,0.25619233,0.14604242,0.02435919,0.03504231,0.01370819,-0.07199231,-0.03982135,-0.021775648,-0.0037654403,-0.08462192,0.001260186,-0.042808574,0.03321473,-0.27848607,0.0032202178,-0.44371322,-0.0005757728,-0.002949452,-0.21339627,0.0,-0.012273434,-0.027932327,0.0,-0.048971392,-0.44472492,0.0,0.0041155415,-0.019492954,0.0,-0.04497827,-0.030144159,0.0,-0.033520497,0.56906515,0.011647253,0.114734106,0.05721825,0.026414594,0.004608625,-0.00028630815,-0.05884088,-0.10719125
0.014687717,0.5067699,-0.1164259,0.17058775,0.004208233,0.0061338837,-0.0344396,-0.009947702,-0.025441162,-0.0070061707,-0.007352116,-0.0016986202,-0.10557996,-0.0003563352,-0.077095196,0.13021724,0.20084554,6.0164697e-05,0.25034526,0.000121961544,0.0012289615,-0.18586877,0.0,-0.040467642,0.00889137,0.0,-0.08569384,0.0980988,0.0,-0.0041742167,0.027559794,0.0,-0.07855205,-0.024830326,0.0,-0.0762249,0.6827203,-0.015184092,0.07462387,0.06741836,0.018747078,0.1771252,-0.031036872,-0.2986826,0.019109935
0.005153121,-0.6529291,0.07101092,-0.31030476,0.03819329,-0.019928932,0.013156844,0.0033614433,0.034618642,0.015460632,-0.005705294,-0.0024237148,0.094919704,-0.0010234398,0.073877074,0.1072082,0.15911232,-0.00016880251,0.19462262,9.6478856e-05,0.0035893645,-0.34919316,0.0,-0.05274614,0.074894235,0.0,-0.056153134,-0.3866206,0.0,-0.0351514,-0.017545465,0.0,-0.003193557,-0.009941501,0.0,-0.047722798,0.49893484,-0.03373633,0.06458555,0.08481682,0.026132036,0.039107498,-0.05147384,0.2648201,0.008101925
-0.007243049,0.10549108,-0.123827495,0.19288449,0.03631982,-0.002416264,0.022884954,-0.002776189,0.00048247882,0.0013233981,-0.010782444,-0.00282841,-0.08023496,-0.00062710326,-0.047438886,0.07882815,0.116105184,0.00088875194,0.232383,0.00012723671,-0.0066715796,0.13301486,0.0,0.0081497505,0.08831395,0.0,-0.06576496,0.06439049,0.0,-0.0068464153,0.0032217794,0.0,-0.10107177,-0.015104195,0.0,-0.078124136,0.64666045,-0.01491501,0.061255336,-0.29484662,-0.120019294,-0.017225284,-0.018642591,0.08510481,-0.010421363
-0.046635445,1.0303574,-0.21845603,0.20677873,-0.045382965,-0.005103996,-0.022896122,-0.0061261356,0.060143426,-0.022314908,-0.019514352,-0.0057739834,-0.06077502,-0.00017807636,-0.032981664,-0.21609706,-0.23195074,-0.00012760056,0.2146909,0.00010410411,0.01476671,0.03239856,0.0,-0.022037063,-0.036396846,0.0,0.13773388,0.10811409,0.0,0.016839352,0.038882107,0.0,-0.090029575,0.009699224,0.0,-0.050325397,0.5949759,-0.026855364,0.0710522,-0.21183816,-0.09746148,-0.0068017603,0.0073821237,-0.2653036,0.022237536
-0.03992099,-0.13869637,-0.31713355,-0.11806811,0.05317374,-0.007146951,-0.053312775,-0.014366289,0.003967402,0.004382908,-0.021601612,-0.0044125044,-0.077796124,-0.00086451764,-0.05811171,0.027482374,-0.16126314,0.002979414,-0.48326895,-0.00084521563,-0.0021686158,-0.12931526,0.0,-0.011447218,-0.050258853,0.0,-0.0484728,-0.22512013,0.0,-0.011998784,-0.0019037453,0.0,-0.05425294,-0.026269287,0.0,-0.037643317,0.48364273,0.010190281,0.0869584,-0.06870855,-0.06456684,-0.086598046,-0.006998965,-0.09329581,-0.22313869
-0.019385718,-0.25383136,-0.24958871,-0.044365883,-0.2545025,-0.08030872,-0.016468931,-0.0069089676,-0.016523017,-0.013796333,-0.008003177,-0.004960948,-0.06288087,-0.00050296454,-0.036374424,0.081453584,0.1793258,-0.00081567443,0.16516116,5.559079e-05,-0.018073963,0.028770855,0.0,-0.09225382,0.124452434,0.0,-0.059965912,0.13837522,0.0,0.0025860344,-0.032166995,0.0,-0.106766135,0.016282843,0.0,-0.054481152,0.5239329,-0.011535234,0.06409903,-0.0059936102,0.008294386,0.0010709866,-0.22069421,-0.48012608,0.02446737
-0.03458166,-0.26284647,-0.25492224,-0.09974133,-0.010618807,-0.0074910903,-0.050451532,-0.0045110136,-0.06371942,-0.036791224,-0.016976831,-0.0009678265,-0.074635066,0.00023951431,0.00788821,-0.13023686,-0.18342821,-0.0011776878,0.1311865,0.00030215218,-0.006288642,-0.14688207,0.0,-0.040593453,0.05869534,0.0,-0.07704437,-0.23941131,0.0,-0.033786807,-0.031125488,0.0,0.0019251995,0.005729333,0.0,0.046042714,-1.0325375,-0.24101005,-0.8692139,-0.14766587,-0.111216456,-0.055089206,-0.028622026,-0.17225713,-0.009113034
-0.01665909,-0.18982938,0.40526477,-0.26568097,-0.20944177,-0.07269815,-0.17081276,-0.041729826,-0.36266884,-0.08276853,-0.0029903033,-0.0008190368,0.05846023,0.0012571735,0.06412701,0.05814621,0.15129595,-0.0012335168,-0.31974077,-6.371108e-05,-0.039991997,0.25833446,0.0,0.035239305,-0.08006801,0.0,0.046970434,-0.2088934,0.0,-0.027470756,-0.02698195,0.0,0.017768886,-0.009346608,0.0,0.10534352,-0.9079849,-0.046691105,-0.30656195,-0.030789953,0.010274546,-0.10692774,-0.08670662,-0.1699819,0.015288787
0.0088583175,-0.057417475,-0.078315586,-0.29336488,-0.039289944,-0.012005145,-0.036412675,-0.008921663,-0.12870678,-0.08218296,-0.012703064,-0.00085188745,0.064615116,-0.0010105295,0.050941896,0.12780887,0.18640964,-0.00021812934,0.20089006,9.071917e-05,-0.008120697,0.040220536,0.0,-0.043084167,-0.06710012,0.0,0.08678271,0.13177842,0.0,0.008090403,0.009184901,0.0,0.07510249,-0.02087031,0.0,-0.09257124,0.6182467,-0.024630351,0.072940715,0.023261655,0.0272093,0.0076695653,0.02286349,0.34227458,-0.005620976
-0.02279857,-1.2127734,-0.27928755,-0.49667686,-0.02323627,-0.016692664,-0.062812276,-0.018605584,-0.014819044,-0.014536219,-0.004356701,-0.002771742,0.08113081,9.716318e-05,0.049546372,0.023244742,0.08078815,-0.002358647,0.11776522,-8.876772e-05,-0.005681259,0.05402263,0.0,-0.07926367,0.1222391,0.0,-0.081493616,-0.25690386,0.0,-0.044358585,-0.045152273,0.0,-0.1325709,0.003361766,0.0,-0.3923887,-1.0881075,-0.08439905,0.060281344,-0.0042160554,0.003185169,0.020897457,-0.014159033,-0.3609289,0.022655483
-0.02181156,-0.5917492,-0.3126117,-0.2550639,-0.052571747,-0.008780373,-0.044931665,0.0016877925,0.0062241843,-0.0058272844,-0.0109290015,-0.0035438002,-0.08436714,5.395711e-05,-0.09083899,-0.10240436,-0.18075973,-0.0005141463,-0.32758766,0.00030521178,-0.038388964,0.123838484,0.0,-0.013846942,-0.12379387,0.0,0.024472157,-0.20620574,0.0,-0.048598796,0.009757215,0.0,0.056928482,0.0040898034,0.0,0.030930644,-0.93460065,-0.15463,-0.5112658,-0.12300481,-0.03353961,-0.09789748,-0.038936913,-0.16652937,0.011047819
-0.03948165,1.1344103,-0.43335056,0.18489802,-0.070060536,-0.022208652,-0.026941307,-0.011508106,0.046698187,0.024611734,-0.011145606,-0.0044764467,-0.08070973,-0.0015910753,-0.03258761,0.05521377,-0.18731293,0.0037052867,-0.3509756,-0.0008511441,0.0033635376,-0.09799727,0.0,-0.01145514,-0.010878944,0.0,-0.03324876,-0.33840668,0.0,0.014723439,0.016250947,0.0,-0.057548214,0.0041399873,0.0,-0.046475258,0.6036101,0.018689515,0.1051677,-0.079793885,-0.051105555,-0.0006292528,0.018845133,-0.043763727,0.04047664
-0.032717578,-0.44016343,0.026195714,-0.45117408,-0.21434255,-0.089992404,0.020910392,-0.0011607273,-0.1568045,-0.01338187,-0.013303449,-0.0022752841,0.080068626,0.0001916349,-0.016279226,0.06845051,0.08887858,-0.00039669007,0.17053078,0.0009087311,0.013578977,-0.09166297,0.0,0.017910194,0.007567671,0.0,-0.07148902,0.105766356,0.0,-0.00843296,0.01786242,0.0,0.029757682,0.02790459,0.0,0.13929264,-1.0801036,0.038562886,0.07155717,-0.34826416,-0.12644772,-0.037481576,-0.060243063,-0.16397588,-0.18881854
0.09696999,-1.0904458,-0.21687193,-0.26037094,-0.0023472945,0.0065522552,-0.028014803,-0.013113038,-0.021771187,0.0032702107,-0.018123627,-0.008183993,-0.17471401,-0.00038959098,-0.11563643,0.02633027,0.06542329,-0.0013425876,0.23012377,0.00029318072,0.0063026296,-0.14971957,0.0,-0.028678056,-0.1456808,0.0,0.0147209475,0.19815542,0.0,0.043810785,-0.06106778,0.0,-0.10247756,0.008113842,0.0,0.06672506,-1.0821584,-0.16544898,-0.5827257,-0.14491773,-0.086287044,-0.07300596,-0.10080912,-0.20651707,-0.02316397
-0.016506009,-0.20375426,-0.20387948,0.05153544,0.07324682,-0.0044161724,0.05396113,0.027091078,-0.023145255,0.0073711714,-0.004956502,-0.0062737456,0.021531934,0.0012562114,-0.041860037,-0.0489764,-0.16819388,-0.00026329336,-0.35603985,0.00085146,-0.054153148,0.035286013,0.0,0.15551943,0.005017835,0.0,0.1314184,-0.2403406,0.0,-0.024863804,0.015385056,0.0,-0.11806881,0.12089795,0.0,-0.3279249,-1.0268217,0.029097421,0.105056874,-0.030783055,-0.005125686,0.014925874,-0.029647361,-0.23761092,-0.09934916
-0.023716796,-1.5344845,-0.28593644,-0.2891644,-0.075072125,-0.011450208,-0.011921767,-0.0075291786,-0.12288333,-0.06210362,-0.017920924,-0.009334073,0.06995639,-6.489268e-05,0.043904208,-0.08457088,-0.18467528,-0.0013340958,-0.42011955,-5.8190722e-05,-0.031208629,-0.15135291,0.0,-0.021231266,-0.083358854,0.0,0.0077359304,-0.3711582,0.0,-0.09706809,-0.013818547,0.0,0.05534813,-0.029663578,0.0,0.041843746,-0.983288,-0.2701202,-0.82878935,0.001960484,0.0054046726,-0.03529528,-0.06968588,-0.20482601,0.0043754335
-0.028793983,-1.5998924,-0.29363924,-0.045550916,-0.08458002,-0.025333455,0.011740286,0.014830666,-0.05859246,-0.048513193,-0.020401536,-0.0072395783,0.014857711,-0.00048450372,-0.012119049,-0.10414049,-0.18440318,-0.00043694183,-0.48021144,0.000100175814,-0.05910313,0.10955796,0.0,-0.034130525,-0.06993697,0.0,0.055116415,0.14583468,0.0,0.011677939,-0.018690275,0.0,0.0271499,-0.0127152465,0.0,-0.15334511,-1.1590817,-0.0868598,-0.48209852,0.016396493,0.009295423,-0.030074047,-0.021663716,-0.28262824,0.014320441
-0.005255807,0.29974586,-0.29025665,0.26283148,0.022774221,0.0074759573,0.0095730275,-0.007365063,-0.0106329685,-0.0017345246,-0.012334821,-0.0036510038,-0.07612241,-0.00019532678,-0.051979505,0.11473501,0.20199662,0.00019921217,0.22799984,0.00011310777,-0.0034356914,0.10027858,0.0,0.007912996,0.05349333,0.0,-0.0714324,0.050794803,0.0,-0.00371542,0.012678874,0.0,-0.09623925,-0.05870192,0.0,-0.09130175,0.6286341,-0.011108137,0.06524052,-0.28814438,-0.11410663,-0.00921017,-0.017931512,-0.23418337,-0.021527914
-0.037727214,-0.2894105,-0.22645423,0.012975639,0.08347386,0.020961333,-0.06361596,-0.023572369,-0.019529253,0.003907704,-0.031626496,-0.011328375,-0.032693263,-0.0011767382,0.0138799455,-0.13022217,-0.24122086,-0.00031809811,-0.33730525,7.9862664e-05,-0.06987016,-0.017837277,0.0,0.061624013,-0.05252824,0.0,0.025040856,0.082776465,0.0,-0.0022771093,-0.012064939,0.0,-0.07174374,-0.008111924,0.0,-0.07018519,0.420413,-0.020240767,0.07524987,-0.23398419,-0.08924274,-0.2270749,-0.105101824,-0.20000778,0.011367975
-0.04664954,-0.54609156,-0.015508216,-0.12833644,-0.0035340653,-0.0045052036,-0.04341772,-0.011853372,-0.11455874,-0.06600816,-0.01838092,-0.0024204217,-0.10851557,0.00115069,-0.11165818,0.012172253,-0.108875945,0.0037265709,-0.4177706,-0.002437162,0.003515794,-0.10440976,0.0,-0.032097667,-0.027664037,0.0,-0.02821953,-0.26790372,0.0,-0.0038678823,-0.024173439,0.0,-0.046524417,-0.02176749,0.0,-0.10684527,-1.2371792,-0.06650476,-0.89410275,-0.27505413,-0.08704814,-0.09006178,0.0032404582,-0.10575097,-0.08898171
-0.0366332,-0.6204547,-0.27532047,-0.23765108,-0.13863653,-0.01794918,-0.07127092,-0.021266116,-0.13188757,-0.03808343,-0.013631537,-0.0038204754,-0.09293516,-5.0386498e-06,-0.08162533,0.011359706,-0.13178165,0.0036416561,-0.4818369,-0.0093893865,-0.002516267,-0.11890855,0.0,-0.07808637,-0.07344055,0.0,-0.04111507,-0.30692357,0.0,0.00043134048,0.023452641,0.0,-0.08165014,-0.002336746,0.0,-0.2561726,-1.0613225,-0.16578807,0.062268592,-0.24361865,-0.10614952,-0.08184635,0.011775954,-0.15656848,-0.12523891
-0.039889917,-1.486159,-0.43340972,-0.14089137,-0.046707522,-0.024878152,0.026657568,0.020521253,-0.11874951,-0.05505777,0.092355065,0.03573077,0.058444038,-0.0049054516,-0.054944254,-0.100470215,-0.17383805,-0.00032007482,-0.3811864,0.00026586826,-0.014825565,-0.12332891,0.0,-0.0038820985,-0.05788,0.0,0.041853447,-0.3547286,0.0,-0.09934785,-0.019025274,0.0,0.013850163,-0.011632115,0.0,0.072062746,-1.082895,-0.18405996,-0.7227059,0.012923194,0.006344996,-0.054029383,-0.014248397,-0.23938812,-0.0058743716
0.0023956082,1.1180222,-0.14352527,0.83855724,-0.06497694,-0.012939427,-0.007975944,-0.0011231571,0.019805903,0.011585316,-0.01654411,-0.0057398602,-0.10216781,-0.0016326354,-0.02463002,0.13889137,0.24668626,0.00051391835,0.26547197,0.00013679425,0.0043194857,0.07286184,0.0,-0.021670232,0.08777682,0.0,-0.06521282,0.18923466,0.0,0.020770114,0.05864401,0.0,-0.074126065,0.022600267,0.0,-0.030461548,0.7380328,-0.01379935,0.078055106,0.04263632,0.021547548,-0.00871232,0.01846732,0.23245572,-0.0051953075
-0.006635443,-0.63914543,-0.21377088,-0.3991586,-0.08870714,-0.010904589,-0.0013395529,-0.0098375715,0.015372822,0.008318242,-0.031585682,-0.010448435,-0.12801887,-0.00436706,-0.10531809,-0.24571516,-0.32405025,-0.0005855127,0.14986765,0.000116125746,-0.015509998,0.1205034,0.0,-0.07794775,0.1467586,0.0,-0.055333514,-0.43139306,0.0,-0.06774074,-0.028863503,0.0,-0.09503672,0.07268538,0.0,-0.016416427,0.4380482,-0.026369093,0.05791119,0.026148055,0.00842083,0.008212283,0.0025015934,0.20648131,0.01339735
-0.035712488,0.76495445,-0.4806136,0.44287497,-0.121074215,-0.010210443,-0.02473804,-0.013095921,0.018527266,0.008319329,-0.01648825,-0.015046064,0.020711197,-0.0009965308,5.790475e-05,-0.21044786,-0.26716492,-0.00012407833,0.19383866,0.000112825466,0.012525097,0.0075221257,0.0,-0.03250271,-0.12565227,0.0,0.08488597,-0.5485085,0.0,-0.22833624,0.03743055,0.0,-0.061987106,0.042029228,0.0,-0.066655435,0.49710026,-0.03721537,0.07420055,-0.16011073,-0.120905526,-0.009521926,-0.029149653,-0.14227395,-0.05814856
0.09974826,1.3343403,0.06437385,0.05663098,0.0044288207,0.0016013547,-0.0024080132,0.00054496445,0.024739943,0.0038897526,-0.014672093,-0.00480006,-0.291989,-0.00048586662,-0.079297796,0.11086146,0.14922243,0.00058850966,0.21257049,0.0001408699,0.0013344374,0.042599298,0.0,-0.03819427,-0.08931386,0.0,0.08265781,0.16942112,0.0,0.018255057,0.004245475,0.0,-0.051212754,0.03937507,0.0,0.0438864,0.7309703,-0.021281535,0.073982075,0.03715532,0.0046595223,-0.022923112,0.00390963,0.13808274,-0.059999347
-0.018019123,-0.39391866,0.03145029,-0.36987624,-0.00584702,-0.0054799295,-0.0016048934,0.009593375,-0.1745027,-0.04926098,-0.014605371,-0.0068595447,0.06890955,-0.00013315656,0.0065645627,0.06542078,0.119534455,-0.0012553419,0.22491425,0.00019056263,0.006377723,-0.19498089,0.0,-0.0454004,-0.05738283,0.0,-0.11471948,0.1351771,0.0,0.004380404,0.026184121,0.0,0.08176704,0.02239684,0.0,0.08685714,-1.1157947,-0.094903514,-0.5186795,-0.39904925,-0.16761252,0.088461414,-0.021371337,-0.204849,0.015672969
-0.022762485,-0.53213924,-0.40945137,0.0045417594,-0.05011608,-0.018702649,0.012988243,-0.008848511,-0.0021330365,0.012485137,-0.013599286,-0.0029542095,-0.16140306,-0.00073671783,-0.1801916,0.01960423,-0.11810106,0.0119949095,-0.39766696,-0.0024793802,0.001594041,-0.11173925,0.0,-0.035044596,-0.053879056,0.0,-0.042939287,-0.2785232,0.0,0.012839325,-0.017178094,0.0,-0.04712281,-0.020924048,0.0,-0.12489529,-1.1761049,-0.0656134,-0.5953875,0.00024778725,0.011750312,-0.029524649,-0.22685303,-0.16272824,0.01140462
-0.0015761956,-0.2840317,-0.2399309,-0.5231425,0.037605833,-0.009613042,-0.09263452,-0.034313302,-0.02209909,-0.012826316,-0.011981613,-0.0035089813,-0.2339736,-0.0013013574,-0.11065849,0.09100217,0.128358,0.00023728673,0.18240178,7.174125e-05,-0.0051973877,-0.038027264,0.0,-0.041602384,-0.21029651,0.0,-0.023321627,0.09415325,0.0,0.00047974577,-0.103813894,0.0,-0.130954,0.007077301,0.0,-0.03384119,0.6184378,-0.019988742,0.06453311,0.0679153,0.030900666,-0.03420341,0.021361869,0.21568277,0.002825375
-0.03476174,-0.4816822,-0.3666584,-0.08593467,-0.18236442,-0.046886154,0.06599781,0.00198361,-0.0071915165,0.00068303547,-0.058261152,-0.015563945,-0.10523183,-0.0045379633,-0.02413625,-0.23318523,-0.30322483,-0.0011833176,0.1551524,7.734236e-05,0.005598749,-0.053215124,0.0,0.060243666,-0.12332145,0.0,-0.0018768627,0.13412336,0.0,0.01593793,-0.020466225,0.0,0.023824932,0.047210846,0.0,-0.042294085,0.39753646,-0.04877612,0.0622196,0.04994211,0.029163802,-0.011071635,-0.17757632,-0.32712063,-0.036028575
0.102203935,-0.24336964,0.3391054,-0.4082799,-0.030117674,-0.013675836,-0.112416655,-0.022496458,0.0031018509,0.0015300494,-0.009846895,-0.003153861,0.13064867,-0.00083359994,0.082002245,0.14820826,0.2257013,-0.0018649255,0.10966804,7.20378e-07,-0.014938858,0.08211858,0.0,-0.032999758,-0.08512021,0.0,0.035078056,0.116697,0.0,0.020475527,0.0733738,0.0,0.078257814,0.14344846,0.0,0.0666594,0.5749579,-0.023954941,0.07414232,0.047865536,0.028793518,-0.009707541,-0.19614798,-0.36702615,-0.04082514
-0.009824817,0.25311354,-0.334508,-0.35754243,0.0735569,0.016471032,0.022600275,0.01802536,-0.017624546,-0.021612119,-0.018597897,-0.0043524187,0.028518759,-0.00085241994,0.013534046,-0.1272332,-0.23076384,-0.0006915339,-0.44068658,0.0009160947,0.00095010176,0.062559165,0.0,-0.093335055,0.04621184,0.0,-0.063140206,0.12842548,0.0,-6.0140315e-05,-0.005002075,0.0,0.064858824,0.02904586,0.0,0.2133399,-0.8633504,0.040363345,0.10793766,0.04415665,0.022340953,-0.10489682,-0.0059163333,-0.26352975,-0.014481771
-0.02617654,-0.5226862,-0.2511823,0.06096112,-0.0071383743,-0.033568025,-0.08861819,-0.020418962,-0.006802024,-0.008514203,-0.007587133,-0.004557026,-0.037651364,0.00012087126,0.02577086,-0.09922349,-0.2253114,-0.0018121176,-0.39893857,0.0010167058,-0.02886045,0.05487462,0.0,-0.09363083,-0.110679366,0.0,-0.012265691,-0.22109835,0.0,-0.051477548,-0.011159359,0.0,0.06425622,-0.0075123543,0.0,0.13586356,-0.9087233,0.07902779,0.09593131,-0.039849877,-0.010047681,0.018329054,-0.03768038,-0.26412496,-0.010660866
-0.019745644,-0.026955549,-0.44659254,-0.01527454,-0.111535035,-0.043927863,-0.107298955,-0.031166496,0.011249255,-0.003003747,0.022749692,0.021310138,0.023837473,0.001486286,-0.03073639,-0.13877772,-0.18341595,-0.00024618462,0.13920525,0.0017201039,-0.020495256,-0.16980112,0.0,-0.06254684,-0.09889203,0.0,0.010995414,-0.24549235,0.0,-0.026120497,0.0137153575,0.0,0.050181136,-0.02811937,0.0,0.043688715,-1.0422015,0.07634455,0.088485,-0.30482793,-0.1563711,0.0049565183,-0.031698007,0.072087824,-0.04379248
-0.03331051,0.010728045,-0.27903104,-0.12376569,-0.069427304,-0.042967573,-0.12586485,-0.022030035,-0.019654078,-0.0045794803,-0.038607016,-0.0060357605,-0.08162417,-0.0011278255,-0.053231724,-0.21019575,-0.19161811,-0.00012751442,0.09575773,0.000120371245,0.0042159334,-0.32590064,0.0,-0.10961355,0.0030354103,0.0,-0.08759967,-0.010967239,0.0,-0.033047944,0.010213635,0.0,-0.09358336,0.014038309,0.0,-0.073272906,0.43582216,-0.025952535,0.065808855,-0.18534565,-0.10064668,0.0112680625,-0.022254659,-0.26402253,-0.08770351
-0.013757494,-1.6615099,-0.3353173,-0.5876305,-0.028556034,-0.012713555,0.0153187895,0.010333665,-0.14199793,-0.080626555,-0.029814733,-0.0080717625,0.036189623,-0.00019625897,0.0059413994,0.022933714,-0.10887307,0.008520469,-0.44352454,-0.0018188959,-0.002551187,-0.09211094,0.0,-0.04418287,-0.04260128,0.0,-0.05726651,-0.3287438,0.0,0.0033946796,-0.016428472,0.0,-0.06500635,-0.004275305,0.0,-0.10362622,-1.2333955,-0.09282134,-0.8120115,-0.11559395,-0.06660265,-0.0024674402,-0.016946558,-0.2077305,-0.008503149
0.20156252,-0.16506287,-0.36504686,-0.08798822,-0.1414297,-0.040266395,-0.1019409,-0.003122489,-0.005004537,0.0017448544,-0.027955445,-0.0070166807,-0.19409767,-0.0016352438,-0.06895186,-0.15058795,-0.25349882,-0.00079416623,-0.3026741,-0.0012524835,-0.018955022,0.108467974,0.0,-0.0509536,0.0549241,0.0,-0.06232787,0.14454317,0.0,-0.0063563366,-0.003124979,0.0,-0.11502033,-0.03000626,0.0,-0.0024691105,0.41433853,-0.03698986,0.076540835,-0.031838644,-0.010107282,-0.0137535855,-0.16280809,-0.31363285,-0.040512413
-0.022829464,-0.089557916,0.6889915,0.14225942,-0.042661108,-0.021371761,-0.04033438,-0.020135326,0.084182456,0.028530551,-0.005350773,-0.0018487383,0.040585883,0.0001501057,0.03412742,0.062605724,0.19644628,-0.0025877892,-0.2855368,6.006821e-05,-0.038557637,-0.15759666,0.0,-0.03572598,0.07488565,0.0,-0.062678024,-0.2336296,0.0,-0.048901238,0.0061582113,0.0,0.060883354,0.005005257,0.0,0.1261095,-0.648001,-0.18501927,-0.5480592,0.0044982294,0.0128110405,-0.11934584,-0.03296502,-0.18939368,0.039896656
0.0024362758,-0.42336792,0.0521317,-0.0014293422,0.00022711989,-0.007670217,-0.014471632,0.0026349642,-0.22697128,-0.08443797,-0.003076939,-0.001644945,0.084792614,0.0009532862,0.08082594,0.1039241,0.15554495,-0.00017470686,0.22978088,0.00010734,-0.0029265434,0.22199999,0.0,0.017373044,-0.027449984,0.0,-0.11288414,-0.29042682,0.0,-0.035622068,0.013816994,0.0,0.028591637,-0.000979995,0.0,0.020629123,0.5064915,-0.035105623,0.072838046,0.053462163,0.023354884,-0.004864149,-0.028837362,0.12246898,-0.02274006
-0.03196333,-0.28882915,0.19517283,-0.17373267,-0.030883733,0.016930183,0.020962982,0.0057821968,-0.3243707,-0.12009669,-0.0076164063,-0.0017563836,0.03681288,0.0006688037,0.02494828,0.05103748,0.14400893,-0.00080046285,-0.35354477,0.00018284321,-0.042804558,-0.18083112,0.0,-0.0379916,0.0020209916,0.0,0.058249075,-0.24372642,0.0,-0.028174708,0.027052758,0.0,0.072958894,-0.011528195,0.0,0.10152284,-0.8866768,-0.11387221,-0.5652736,-0.01221101,-0.045483433,-0.20946167,-0.005153938,-0.14689468,-0.29280776
-0.012588495,0.2567885,-0.09348912,0.32689893,-0.058948264,-0.021365661,0.008974695,-0.009643157,0.03345845,0.007797414,-0.01231148,-0.0027420395,-0.33285746,-0.00079148856,-0.09935565,0.11548296,0.20217137,-6.125048e-05,0.19175653,0.00014361776,-0.00421377,0.047322392,0.0,-0.026987454,-0.12564287,0.0,0.031395763,0.14775605,0.0,0.01495793,0.07779077,0.0,0.10411066,-0.018131485,0.0,0.015532227,0.55968976,-0.037243396,0.06355918,0.07351851,0.051036883,-0.021050207,0.024257103,0.14042413,-0.034434102
-0.037454084,0.28164116,-0.22381791,0.44475508,-0.16168775,-0.09202573,-0.28485823,-0.12037578,0.030502431,0.012789205,0.076823,0.026371181,0.22242385,0.0001542776,-0.043386724,-0.1352756,-0.25648797,0.001646814,0.23466401,0.00013315328,0.0049644485,0.12383995,0.0,-0.012547502,0.047116593,0.0,-0.095201954,0.15270069,0.0,0.005319426,0.025192436,0.0,-0.0998403,0.018848622,0.0,0.1362414,0.60426116,-0.023811555,0.061873075,0.05685479,0.021832416,-0.029422168,-0.0075192796,0.13248698,0.008506425
-0.007747238,-0.07547546,-0.13206692,0.055848323,0.045461494,0.016730245,-0.051015653,-0.0043487605,-0.13399251,-0.08020125,-0.013198263,0.006554779,0.109592475,0.00070833444,0.19972861,0.029467948,-0.13573575,0.04201836,-0.40180558,-0.0013463715,-0.000327081,-0.122036085,0.0,0.0034628662,-0.06004551,0.0,-0.022210278,-0.28298232,0.0,0.007853554,-0.019384606,0.0,-0.048936736,-0.0020255432,0.0,-0.10056938,-1.2529374,-0.068819664,-0.672354,0.07779056,0.026725566,-0.016296072,-0.0351782,-0.14771356,-0.010852186
-0.006143567,-0.724032,-0.20539127,-0.06092431,-0.120243154,-0.06964749,0.021254199,0.01374122,-0.1277041,-0.059214946,0.027050586,0.008256262,0.102933854,-0.017847547,-0.05401774,-0.14874433,-0.19882542,-0.0009781854,0.15323976,0.00096325966,-0.013194156,0.090067804,0.0,-0.089228675,-0.051265523,0.0,0.068209425,-0.42129982,0.0,-0.07720286,-0.0034861634,0.0,0.048383314,-0.0008085909,0.0,0.0755375,-0.9599661,0.025509,0.08144612,-0.0014672645,-0.004978205,0.015744234,0.004871656,0.28597298,-0.025502697
-0.022059698,-1.4749362,0.21509431,-0.30647257,-0.0062923008,-0.0024362667,0.06392359,0.006246719,0.00068709964,-0.0031549947,-0.009339068,-0.0028725504,0.048722908,-0.00011734948,0.00041371665,0.08008572,0.22613493,-0.00031923177,-0.6196314,5.3155323e-05,-0.055749893,0.11657091,0.0,-0.022718003,-0.020383477,0.0,0.073626034,-0.33442447,0.0,-0.06407101,0.08376204,0.0,0.1360232,0.017475069,0.0,0.07452472,0.17927612,-0.014512369,0.018541312,-0.039755005,-0.0065768017,-0.08769102,-0.036621965,-0.28775108,0.007640484
-0.006910526,-0.30889136,-0.028475292,-0.3125808,0.074046336,0.032154843,0.062141,0.036484532,-0.107714966,0.014364266,-0.01882963,-0.006540464,-0.09151174,0.00033364596,-0.08538807,-0.12310479,-0.20466056,-0.00097437087,-0.37666607,3.6720303e-05,-0.020404683,0.027382135,0.0,-0.064109705,0.0928275,0.0,-0.06527357,-0.22763792,0.0,0.05998257,-0.015322129,0.0,-0.09940887,0.0706926,0.0,-0.037328918,0.41989622,-0.0022369719,0.07706327,-0.14839482,-0.066208884,0.0054788734,-0.028191328,0.24196322,0.02200148
-0.0029317178,-0.29395542,0.27907035,0.14803639,-0.011233592,0.0064949067,-0.103661664,-0.020141436,0.08838694,0.022655498,-0.003831634,-0.0022663258,0.028598376,6.705898e-05,0.01757113,0.032288954,0.16585548,-0.0018198929,-0.3590535,0.0009593657,-0.04934759,-0.055452242,0.0,0.007844278,-0.10190447,0.0,0.016927196,-0.0650959,0.0,0.015534734,0.016940447,0.0,0.08908825,0.014768839,0.0,0.195525,-0.57900053,0.13925864,0.124437414,-0.05715126,-0.031095779,-0.025505045,-0.04697308,-0.20295842,0.019366954
-0.014205206,0.0046274667,-0.021737874,-0.017545478,-0.061691567,-0.007732545,-0.003828747,0.0026269022,0.03800107,0.016101021,-0.017920166,-0.007986414,-0.108711906,-0.0018633523,-0.0558066,-0.22779362,-0.21988976,-0.00010681918,0.16855857,0.00012487442,-4.5669694e-05,-0.23246592,0.0,-0.061535947,0.027883854,0.0,-0.08776554,-0.24992388,0.0,0.0077267434,0.002505733,0.0,-0.10011223,0.08083815,0.0,-0.046825573,0.4270729,-0.03774541,0.07740365,-0.028441424,-0.0029399581,0.021743052,-0.026612738,-0.218456,-0.14619288
-0.007753868,0.012126828,-0.27868453,-0.17161612,-0.06439833,-0.016994327,0.03578411,0.03160581,-0.09238244,-0.036360163,-0.018860096,-0.0073189954,-0.061044507,-0.0005433065,-0.031189231,-0.096863344,-0.18561926,-0.00047303637,-0.33203274,0.000903803,-0.032120723,0.008131129,0.0,0.13456422,-0.010432513,0.0,0.047253236,0.13776998,0.0,0.01084769,0.046730172,0.0,-0.08434775,0.07302315,0.0,-0.35189828,-1.0587754,0.040324055,0.09829675,0.020733744,0.01986827,-0.1239358,-0.017167501,-0.24199969,-0.0073760813
-0.008770679,-0.6492643,-0.9340282,0.03809276,-0.14434928,-0.032016654,-0.061599817,-0.027899222,0.007499333,0.00355642,-0.012376885,-0.0041756686,-0.238872,-0.00056545256,-0.143445,0.0011042182,-0.12995288,0.012273548,-0.508882,-0.010207279,-0.002131317,-0.04823127,0.0,-0.13859,-0.1208992,0.0,-0.051075026,-0.29339084,0.0,0.004141638,-0.030803759,0.0,-0.06882286,-0.051395636,0.0,-0.28496733,-1.0841846,-0.13762796,0.05441879,-0.012752932,0.0059431996,-0.024643397,-0.21079656,-0.18060336,-0.017598873
-0.0086812265,-0.06922102,0.18232293,0.025000624,-0.060122605,-0.010210516,0.022909202,0.011899923,-0.198834,-0.10079297,-0.016794236,-0.001520816,-0.10634489,-0.0012217057,-0.055447903,0.1272791,0.16849823,-0.00018016403,0.17479339,0.00013267962,-0.00651306,0.10462924,0.0,-0.007135186,0.11435341,0.0,-0.04790131,0.13074277,0.0,0.007033437,0.035748426,0.0,0.07947181,-0.009417415,0.0,0.0641265,0.54038465,-0.03763176,0.073325366,-0.23875616,-0.13006012,-0.030052215,0.005574095,0.05470082,0.0043505407
0.026076905,0.37625912,0.08922363,0.104492486,-0.11849604,-0.021504503,0.014654712,-0.0033638685,-0.22658451,-0.10479896,-0.0076066875,-0.002111682,-0.17268932,-0.0002996343,-0.09935601,0.152219,0.2515896,-0.00016810175,0.23425508,0.00012858646,-0.011058841,-0.23475756,0.0,-0.02609207,0.04218332,0.0,-0.08910251,-0.43901137,0.0,-0.077363014,-0.00835232,0.0,0.03568338,0.095290765,0.0,-0.015597054,0.5661079,-0.027948385,0.090239786,0.041811433,0.021746717,0.010305351,-0.004239669,0.05313688,-0.012620606
0.07886454,-0.34214264,0.5640039,-0.14545539,-0.022402853,-0.008861507,0.057539083,-0.002186027,0.017985187,0.004269929,-0.012763155,-0.0028321508,0.08378553,-0.00039686987,0.028376373,0.154025,0.2511442,-0.00017763373,0.13097686,0.000107332635,-0.0065593845,0.06953649,0.0,-0.044278286,-0.03998975,0.0,0.05874171,0.17137368,0.0,0.009011766,0.04992963,0.0,0.06446501,0.12652007,0.0,0.07737359,0.612883,-0.0019127,0.06403031,0.09792853,0.040433418,-0.06484786,-0.0041284333,-0.36447588,-0.02295707
-0.0067915013,-0.3729468,-0.02252568,0.013159866,-0.13520634,-0.026390325,-0.02031454,-0.009644407,0.0023697626,-0.0083223395,-0.0068547,-0.002740563,-0.18906543,-0.0005799387,-0.11537023,0.09699933,0.17862077,0.0002277006,0.16411239,0.000110925124,-0.024266487,0.10724549,0.0,-0.043279283,0.173846,0.0,-0.040785197,-0.40967143,0.0,-0.09446247,-0.01425376,0.0,-0.09511801,0.069171615,0.0,-0.015537874,0.53198284,-0.02160353,0.07407906,0.059969496,0.030259617,0.02404326,-0.005826608,0.30660194,0.024291446
0.034865785,-0.5716586,-0.029217154,-0.15627411,-0.09753534,-0.035101213,-0.06571789,-0.022903377,0.04519231,0.020455979,0.16123039,0.024115162,0.17274058,0.0047332826,-0.054002088,-0.20625663,-0.19502923,-0.00057264155,0.22117093,0.000119122815,0.013023507,-0.21611297,0.0,0.004203801,-0.06493694,0.0,0.017560504,0.19985916,0.0,0.030281406,0.028045401,0.0,0.07873831,0.026781283,0.0,0.026247405,0.4601419,-0.034565303,0.041033864,0.036058273,0.020717656,0.014729142,-0.035998415,0.17241964,-0.022461183
-0.0011676798,-0.34655142,-0.10727277,-0.097467296,-0.10212946,-0.048931006,-0.03594528,-0.021850703,0.0044084373,0.012707148,-0.009184475,-0.0017931948,-0.047425423,-0.00013173322,-0.035108868,0.07119798,0.13114084,-0.00045580618,0.1546467,0.0008988574,-0.018178066,0.0628788,0.0,-0.07249214,0.097642206,0.0,-0.07360365,0.14494082,0.0,0.00952949,0.008321021,0.0,0.06585422,0.02199207,0.0,0.1698926,-1.1961448,-0.0044788662,0.085455276,0.025402663,0.013289738,-0.1132747,-0.011680969,-0.18682894,-0.04254799
-0.029508311,-0.013177725,-0.3231745,0.09489873,-0.115360215,-0.03761737,-0.06815672,-0.013452435,-0.03858668,-0.006837918,-0.009000218,-0.004713562,-0.046195768,-0.00058923854,-0.048749603,-0.13210264,-0.1536765,-0.0006536697,0.22901012,0.0017068939,-0.0013348514,-0.06495029,0.0,0.01181225,0.05640189,0.0,-0.07885533,-0.21230927,0.0,-0.0046388786,-0.042722505,0.0,-0.13092165,-0.08453789,0.0,0.05868692,-0.9702476,0.09347495,0.106680945,-0.17339443,-0.13049978,-0.017429184,-0.06761209,-0.10059785,-0.0605472
-0.019284476,-0.16419564,-0.09082341,0.20306894,0.049395293,-0.00963186,-0.008292809,3.291825e-05,-0.011861888,-0.0045392737,-0.026546387,-0.0118137915,-0.054760177,-0.00056306197,-0.057934996,-0.053792853,-0.18897757,-0.0019467622,0.21716018,0.000889475,0.012646367,-0.03861899,0.0,0.0819462,0.065942355,0.0,-0.0715198,0.0627469,0.0,-0.006123889,0.024764232,0.0,-0.0806429,0.0057753376,0.0,-0.30317783,-1.2077905,-0.08513907,0.07732749,0.040667236,0.03627278,0.027942417,0.18818748,-0.1599683,0.008506195
-5.670183e-05,-0.09101566,-0.4985101,-0.10896892,0.056132324,-0.0012320098,-0.025741983,-0.016413383,0.011353226,0.0036936065,-0.003612785,-0.0026745603,-0.15235952,0.00013675477,-0.11071795,0.058790807,0.17354253,0.00029334985,-0.5513293,0.00010824247,-0.038577747,0.04985063,0.0,-0.06014677,0.079904005,0.0,-0.058804717,-0.38523814,0.0,-0.065613516,-0.07561641,0.0,-0.12711117,-0.11910237,0.0,-0.04061787,0.4800513,-0.0062206183,0.090765774,-0.017536625,0.007538747,-0.004235913,-0.025129346,0.1892798,0.018598313
-0.0052380217,-0.10897759,0.1961005,0.04894984,-0.020154707,-0.01330295,-0.121988446,-0.05566274,0.015343061,0.011670914,-0.0074034086,-0.002203839,-0.016297843,-0.00036572598,0.0042545814,0.055953894,0.19568723,-0.0005213774,-0.41897994,0.00030386192,-0.06912176,-0.14748777,0.0,-0.04469432,-0.008566576,0.0,0.03197167,0.076111875,0.0,0.018583627,0.030688686,0.0,0.067329966,0.036675658,0.0,0.12908502,-0.92463595,-0.14902312,-0.35252395,0.043435514,0.017893504,0.111961044,-0.029258642,-0.20445289,0.028612278
-0.033136465,-0.2979507,-0.638582,-0.1789907,-0.041756798,-0.0054325243,-0.06250271,-0.01893802,-0.028899154,-0.004933001,-0.013902655,-0.005170171,-0.09052689,-0.00011306194,-0.075457945,0.004100411,-0.11490867,0.0033043404,-0.48223,-0.010451652,0.0028167025,-0.09815812,0.0,-0.06793214,-0.051901225,0.0,-0.065392114,-0.22926536,0.0,-0.0052697,0.014103104,0.0,-0.09998644,-0.021866085,0.0,-0.22221938,-1.2577343,-0.1402364,0.06653216,-0.17173515,-0.08167478,-0.08625646,0.02037495,-0.16352065,-0.15458761
-0.0057633035,-1.0831374,0.21655086,-0.22273396,-0.036097106,-0.007997038,-0.033965502,-0.025097232,-0.16082273,-0.078102656,-0.0054500303,-0.0011414246,0.049424525,0.0004628766,0.0019375285,0.028397705,0.11828033,-0.0018751065,-0.3009458,-1.1314172e-05,-0.039881315,-0.0940495,0.0,-0.009067707,-0.08947839,0.0,0.031420104,0.11488996,0.0,-0.0036420065,-0.056353606,0.0,-0.14238003,-0.02091213,0.0,0.16599669,-0.9717682,0.06110845,0.09185527,0.031555004,0.011768756,-0.032734234,-0.09171522,-0.24669448,0.010357111
-0.051605266,1.0632899,-0.22189914,0.32862723,0.08843335,0.034692116,0.08941584,0.03079564,-0.049835984,-0.027043765,-0.011256654,-0.003121185,-0.016012076,0.0004968457,-0.03403108,0.050092366,-0.18852156,0.0038013952,-0.31350252,-0.00072367466,0.00021669426,-0.10387658,0.0,-0.015045811,0.005755417,0.0,-0.025556192,-0.2253009,0.0,0.010972281,-0.00016055349,0.0,-0.045481853,0.0081181405,0.0,-0.04944228,0.62146926,0.01674452,0.118235424,-0.24336095,-0.09924651,-0.01906328,0.010257504,-0.020369126,-0.027442655
-0.035965234,-0.26558208,-0.16935576,-0.006524554,-0.0025604942,-0.0023252964,-0.07326657,-0.021547584,-0.10815471,-0.057645667,-0.01578437,-0.0031254604,-0.08986618,-6.543094e-06,-0.12146652,0.004248206,-0.108214185,0.0034256498,-0.4003666,-0.002437162,0.003395933,-0.11393097,0.0,-0.004486463,-0.018176626,0.0,-0.04490086,-0.23804027,0.0,-0.0005282242,-0.0047312328,0.0,-0.055865724,-0.0048018275,0.0,-0.11251239,-1.3337127,-0.06266597,-0.8659788,-0.25250885,-0.07641134,-0.10716028,0.014917262,-0.1353945,-0.12732738
-0.0010376776,0.5575783,0.046319198,0.17900047,-0.08319528,-0.033372648,-0.059722725,-0.0077503053,-0.0033871501,-0.012372007,-0.005400724,-0.0028768638,0.19623563,-0.00028648681,0.087905295,0.15257312,0.32567152,0.00015560172,0.32059723,0.000136275,0.0031331652,0.113711424,0.0,-0.03258129,0.0641359,0.0,-0.08023909,-0.46078706,0.0,-0.08697695,-0.043457065,0.0,-0.120017365,-0.029958542,0.0,0.045220636,0.58204836,-0.027227473,0.08560159,0.01399642,0.012787429,0.019957516,-0.0069945725,-0.27529502,-0.021507194
-0.010906594,0.15566698,-0.45537987,0.030638607,0.07179923,-0.0058979383,0.023169354,0.008377739,-0.02233827,-0.012744114,-0.0135579575,-0.0026849806,-0.088578634,-0.0014596304,-0.058931913,-0.25924444,-0.26999682,0.00012102678,0.1501938,0.00011094009,-0.0033013145,0.070365705,0.0,-0.0105888285,0.05866818,0.0,-0.07859638,-0.24679844,0.0,-0.009334938,-0.011316514,0.0,-0.0010857563,0.047602125,0.0,-0.055899404,0.4867901,-0.023694415,0.07493125,-0.028008392,-0.0052029025,0.023709286,-0.021709818,-0.36378118,-0.13124314
-0.020750634,-0.08853206,-0.2036004,-0.087046094,-0.013866843,-0.023613036,-0.10237797,-0.022086497,-0.12626,-0.037384074,-0.019879369,-0.004162951,-0.0033176106,0.0002574269,-0.028237915,-0.36196294,-0.27654415,-5.708832e-05,0.11245599,0.00010734934,0.0060550985,-0.22075595,0.0,-0.061125558,-0.0012021577,0.0,-0.10972352,0.0495573,0.0,-0.007622755,0.021887578,0.0,-0.07837043,-0.03899304,0.0,-0.11447137,0.45178458,-0.03210808,0.05938469,-0.01926925,-0.00028593745,-0.013484882,-0.040949892,-0.31646883,-0.09429867
0.07572938,0.4945545,-0.2935903,0.03287463,-0.2545004,-0.098983355,0.01764107,0.015648097,-0.14389005,-0.057651665,-0.009799591,-0.015894258,-0.12659475,-2.4198413e-05,-0.07077011,-0.16697924,-0.1797756,-0.0007695853,0.048271008,-6.2788313e-06,-0.013061952,0.05921442,0.0,-0.051813245,0.07051551,0.0,-0.07666394,-0.54856086,0.0,-0.2789215,0.028358448,0.0,-0.083037786,0.044967353,0.0,-0.05266453,0.46759376,-0.027700882,0.069753,-0.0021393676,0.018659206,-0.026837548,-0.22802135,-0.3298035,-0.06750519
0.0042421203,-0.25326994,-0.13717514,-0.046612635,-0.116038315,-0.016474623,-0.07460084,-0.024451472,0.009089539,-0.0019184737,-0.012846492,-0.0028004486,-0.31535432,-0.00066289556,-0.104872234,0.07117309,0.1162426,3.8508035e-05,0.2192617,0.00014361776,-0.0007458249,0.0664127,0.0,-0.031675834,0.12693018,0.0,-0.059259158,0.13122791,0.0,0.0046348884,-0.05367495,0.0,-0.11819178,-0.054523308,0.0,-0.03000269,0.6095465,-0.031318095,0.06797607,0.019585704,0.009746206,-0.03542426,0.019067457,0.18703488,-0.0144292815
-0.016895227,-0.6221229,-0.5789162,-0.010729769,-0.041018147,-0.009217285,0.035233915,0.0027181536,-0.0012461797,-0.0011897057,-0.024469467,-0.0046091354,-0.13388345,-0.0007478845,-0.06488685,0.026104826,-0.127561,0.0045569935,-0.40339604,-0.010374494,-0.008156338,-0.06664097,0.0,-0.097689055,-0.04051435,0.0,-0.04213047,-0.21382755,0.0,0.005226046,-0.01123749,0.0,-0.053275786,-0.0010670708,0.0,-0.19988853,-1.1476617,-0.109733604,0.07157322,0.023956964,-0.022322172,0.214772,-0.013306466,-0.120875716,-0.0052839285
-0.029055474,-0.055600684,0.4749391,-0.020148283,0.10545594,0.046731226,-0.03776771,-0.01944087,0.010774774,0.0064027812,-0.007166609,-0.0019789636,-0.18671001,6.8760724e-05,-0.07201616,0.07327097,0.22068064,-0.0010454586,-0.3767338,-8.910694e-05,-0.0019379301,-0.15402015,0.0,-0.0394835,-0.0010268518,0.0,-0.07780959,0.05811975,0.0,-0.0013697246,-0.036944576,0.0,0.0018066001,0.004545928,0.0,0.01723109,0.55598444,-0.029018722,0.097466834,0.07829854,0.03626627,-0.008522903,-0.09459065,-0.19008988,0.000908199
-0.0046445574,-0.1963057,-0.07102245,-0.10076078,0.06373442,-0.0034117745,0.028294649,0.008511918,-0.028709171,-0.05090524,-0.02121785,-0.00317171,-0.04955404,0.0012660377,-0.060408328,0.025060952,-0.120351605,0.005341131,-0.36106783,-0.009312228,-0.005381978,-0.07463142,0.0,-0.060987186,-0.034029264,0.0,-0.024717977,-0.17634268,0.0,0.0014592076,-0.002928052,0.0,-0.05375275,0.02121717,0.0,-0.19882059,-1.2902254,-0.16156082,0.07889822,-0.06558709,-0.060312636,0.17884882,0.011227104,-0.12493652,-0.022778012
0.108247,-0.55535305,-0.44907498,-0.04692426,-0.0014194265,0.009820603,-0.049979962,-0.007172765,0.007245759,0.0047187386,-0.008938231,-0.002521505,0.093087465,-0.00020699749,0.06103345,0.016806914,0.116285786,-0.0020515807,0.18743068,8.9270274e-05,-0.011569799,0.09490452,0.0,-0.042336833,0.11104025,0.0,-0.08063468,0.10452508,0.0,0.026781838,-0.03870122,0.0,-0.12733753,-0.068742864,0.0,-0.22105663,-1.2787409,-0.07602558,-0.5190064,0.02505553,0.013940715,-0.050389353,-0.031773817,-0.24476974,0.00932831
-0.01143697,0.03141961,0.5732166,-0.027090138,-0.14870122,-0.04388166,-0.0878882,-0.018383877,0.04900207,0.015619389,-0.006242658,-0.003020738,-0.21925654,0.000450561,-0.08015414,0.07406478,0.24322827,-0.00010234243,-0.44234443,0.00010904437,-0.030038064,0.16133446,0.0,-0.023363518,-0.049517494,0.0,0.049730357,-0.4554477,0.0,-0.07927729,0.061108135,0.0,0.12051758,-0.021103418,0.0,0.022641053,0.3833246,-0.044808187,0.09354236,0.05644345,0.02646446,-0.011993023,-0.0039491705,0.15502636,-0.030217007
-0.023065185,-0.51530826,-0.512946,-0.49602413,-0.014675509,-0.01698056,0.059243508,0.0062855775,-0.193153,-0.106501654,-0.010813031,0.0011249064,0.021360043,-0.021353332,-0.052952662,-0.062368177,-0.20327947,-0.0020417836,-0.36341217,4.060357e-05,-0.07082269,0.0017558505,0.0,-0.16393977,0.099173926,0.0,-0.07285172,-0.2646468,0.0,-0.06258129,0.02952483,0.0,-0.09683617,0.10574284,0.0,-0.38287416,-0.9662845,-0.059265923,0.06674289,-0.062283244,-0.0074132476,-0.009858231,-0.078885324,-0.23469365,0.025753496
-0.042292424,-0.55511636,-0.3890985,0.02902482,0.035699964,-9.203963e-06,-0.03445692,-0.0057476885,0.0042166957,0.004478705,0.086131126,0.033422872,0.047145113,0.008432403,-0.029284643,-0.1149264,-0.18277833,1.9210718e-05,0.16872849,0.00011602065,-0.0033465698,0.06422073,0.0,-0.006599717,0.061279465,0.0,-0.0716973,0.10231753,0.0,-0.0034927807,-0.020238383,0.0,-0.11576586,-0.029475769,0.0,-0.13946146,0.42370492,-0.028088806,0.05504842,-0.2678767,-0.13518485,-0.021891003,-0.004092626,-0.4622986,-0.2437488
-0.013004849,-0.19436882,-0.96896493,-0.1674471,0.0782557,0.03317334,-0.009218553,-0.02403267,-0.0026771813,-0.0026302275,-0.026430426,-0.006542855,-0.17558083,-0.0008699236,-0.105715394,0.040804937,-0.23381375,0.010327999,-0.50585186,-0.00012972084,-0.0070536262,-0.113220066,0.0,-0.042731218,-0.099496976,0.0,-0.027943237,-0.45780602,0.0,0.010835549,-0.0111969,0.0,-0.04394421,-0.04891671,0.0,-0.05383459,0.46869242,0.009143737,0.0592748,0.16169415,0.082403354,-0.011332504,-0.187157,-0.24377272,-0.019893633
-0.032768544,-0.32805097,-0.18454896,-0.09372844,-0.048963983,0.00595492,-0.061613116,-0.033112492,-0.20537971,-0.09804362,0.037544552,0.014118676,0.066533685,-0.007937333,-0.0751366,-0.031165976,-0.13096124,-0.00037782127,-0.3793975,0.00029590365,-0.029704398,0.082333945,0.0,-0.034930643,-0.09653309,0.0,0.09189015,-0.34416842,0.0,-0.059022717,-0.016003143,0.0,-0.121460944,0.06811088,0.0,-0.13467093,-1.1601682,-0.09412089,-0.6761881,-0.13065873,-0.061542597,-0.04669292,-0.03144874,-0.18490781,-0.15668549
0.004782238,-0.3006696,0.38682076,-0.13727427,0.09876311,0.017725442,-0.010286491,-0.0032877452,-0.20296068,-0.08035225,-0.008702854,-0.002664996,-0.19566415,0.0009812203,-0.14110543,0.06834934,0.12073483,-0.0005524919,0.13132721,0.00019386518,-0.016431483,-0.13223709,0.0,-0.03431503,-0.0053766984,0.0,0.06607561,-0.2892992,0.0,-0.0849836,0.027770098,0.0,0.08347464,0.006632879,0.0,0.07730682,-1.0044187,-0.16986668,-0.71189934,-0.08351819,-0.06279456,0.06854574,-0.00048188583,-0.1556809,0.0013551115
-0.012975864,-0.60525966,-0.6143888,-0.3255127,-0.11192158,-0.024389476,-0.031534888,-0.0012218666,-0.12836036,-0.09139671,-0.022194076,-0.009239495,-0.1545982,-7.648225e-06,-0.12526965,0.02571316,-0.116684556,0.0057376763,-0.40729898,-0.0024555363,-0.0038850734,-0.13455585,0.0,-0.02523004,-0.08558748,0.0,-0.030545369,-0.26672068,0.0,0.01146155,-0.0011747698,0.0,-0.045428343,-0.005418428,0.0,-0.10955467,-1.1120654,-0.08141935,-0.77659875,-0.05973172,-0.056372568,0.18024611,0.0018331516,-0.14204282,-0.02251535
0.0012274713,0.95009625,0.09295116,0.23152263,-0.0003358755,-0.00405843,0.005006171,-0.0026602775,0.009631815,0.004728112,-0.030033948,-0.014733241,-0.09808898,-0.0015266462,-0.029735675,-0.20374921,-0.23615006,5.432543e-05,0.21837912,0.00011385297,-0.0014548604,0.07178386,0.0,-0.025209699,0.033509172,0.0,-0.08545684,0.18245013,0.0,0.02623017,0.014126062,0.0,-0.09606959,-0.015625505,0.0,-0.059088163,0.6281578,-0.021319035,0.071697645,0.00082711386,0.009913986,0.0038033652,0.009612483,-0.36372584,-0.07573676
-0.010207234,-1.5716316,0.10063358,0.018392017,0.00806486,0.0059430134,-0.0654501,-0.00961389,0.04195792,0.011355048,-0.0071671517,-0.0038288746,0.04976585,-0.00033744652,0.031876963,0.036933392,0.12927617,-0.0016074149,-0.4459142,0.00023117455,-0.07679514,-0.14383167,0.0,-0.027922962,-0.056665517,0.0,0.01721771,-0.19316745,0.0,-0.025650118,0.016230326,0.0,0.07748844,-0.007410995,0.0,0.058635566,-1.0710645,-0.35068452,-0.92918605,-0.055500478,-0.04368289,-0.05420352,-0.057093725,-0.19295235,0.008433135
-0.039468937,0.86466086,-0.41552892,0.13585094,0.039202027,0.019767713,-0.026789187,-0.013910798,0.014363557,0.002216668,-0.023317242,-0.0030335234,-0.05961004,-0.0075662276,-0.023623295,0.03802016,-0.22294721,0.0042277356,-0.5072879,-0.0008648477,-0.0038319,-0.22458997,0.0,-0.012230278,-0.05311506,0.0,-0.020573603,-0.39064485,0.0,0.005464984,0.015409644,0.0,-0.058352783,-0.006454728,0.0,-0.040882967,0.52748185,0.006021557,0.09148503,-0.20676254,-0.097916186,0.0042126663,0.0033139635,-0.028444197,-0.27023485
0.045375414,-1.504908,-0.20488632,-0.10810454,0.027863456,0.010295894,0.026416052,0.011459103,-0.20379333,-0.05374827,-0.010719753,-0.00063792744,0.053873755,0.0001537459,0.010172161,0.065260455,0.12528223,-0.0017564895,-0.61896414,3.7809645e-05,-0.05773132,0.12292467,0.0,-0.022414342,0.025195744,0.0,-0.114457205,0.109889165,0.0,0.0044494052,-0.09068677,0.0,-0.17529467,0.024968253,0.0,-0.084577106,0.45009804,-0.019273749,0.06353479,-0.021055823,-0.007678898,-0.004141204,-0.021113532,0.22549908,0.023104882
0.0014787907,0.1228329,-0.5033492,0.059793532,-0.059915558,-0.045598574,-0.050888773,-0.0041402653,-0.026707781,-0.01377205,-0.017212715,-0.012812087,-0.15154962,-0.0008159644,-0.048609763,-0.07645689,-0.20942841,0.0005473898,-0.38752195,0.001700032,-0.023663823,0.08980731,0.0,-0.032302525,0.04799197,0.0,-0.073944315,0.104101785,0.0,-0.003564599,0.006578867,0.0,-0.12929885,-0.053338617,0.0,0.023691025,-1.24405,0.023795277,0.07944249,0.05732514,0.024232425,0.0016269019,-0.04066791,0.1510507,-0.0016442103
-0.03653109,-0.36929333,-0.019873396,-0.1298751,0.047474552,-0.001092286,0.06260986,0.006091458,0.0067631793,0.017563697,-0.014600874,-0.0034196512,-0.0372868,-0.0007291117,-0.055275273,0.0068483916,-0.088700786,0.005679083,-0.3934802,-0.002723753,0.0064239036,-0.07356568,0.0,-0.03739432,-0.038727034,0.0,-0.025631681,-0.20659748,0.0,0.011009502,0.03192633,0.0,-0.09777239,-0.00021904183,0.0,-0.107078955,-1.2785218,-0.06311156,-0.5281813,-0.1427191,-0.07041547,-0.028434528,0.015443197,-0.16105767,-0.12737076
-0.015583195,0.050451595,-0.24762149,0.026634458,-0.1482746,-0.0806581,0.012661132,-0.0034415498,0.018989649,0.015183285,-0.051758684,-0.011253968,-0.1032822,-0.003462047,-0.037873108,-0.19368018,-0.16521151,-0.00015540654,0.052789748,0.00013199123,-0.016670404,-0.42600828,0.0,-0.10093436,0.04931002,0.0,-0.06954895,-0.001621799,0.0,-0.013417926,-0.004205328,0.0,-0.06577407,0.039697386,0.0,-0.032901216,0.48256168,-0.01657832,0.058051746,-0.45532608,-0.2294077,-0.0029198441,-0.040592432,-0.032187495,0.02341818
-0.04593823,-0.010348649,-0.18906492,-0.15450302,-0.13812532,-0.029353226,-0.0041846684,0.025618479,-0.14496987,-0.038554125,-0.022841996,-0.008759499,-0.07849524,-0.0005963943,-0.068888664,-0.027777508,-0.1439052,0.00032605242,-0.5102326,-0.009360154,-0.009738516,-0.12174677,0.0,-0.055979725,-0.0357146,0.0,-0.046979476,-0.32018033,0.0,0.006874406,-0.0022075437,0.0,-0.0935863,0.005904932,0.0,-0.25430208,-1.2678275,-0.07716383,0.09152192,-0.20813479,-0.07762574,-0.05473397,0.0051772906,-0.09869467,-0.061023366
-0.019749843,-0.06640716,-0.22053525,0.08571737,0.020846661,-0.010541849,-0.07442207,-0.023413358,0.030419596,0.018054994,-0.03661811,-0.0045049395,0.1564504,-0.0010577668,0.03601556,-0.20297465,-0.35143846,-0.00012003556,-0.571254,0.00012734337,-0.061452657,0.1035741,0.0,-0.030496893,-0.10612466,0.0,0.0539662,0.120131865,0.0,0.0004231086,0.01704999,0.0,0.059629604,0.03411495,0.0,0.069064446,0.5352694,-0.017308265,0.07300707,0.056880277,0.037969843,-0.017669816,-0.02017666,0.18022728,-0.01681863
-0.01653942,-0.33267784,0.4746115,-0.10077716,-0.01723748,-0.0017137729,-0.089691594,-0.018888123,0.009613836,-0.0006819615,-0.012732583,-0.0033795007,0.1390196,-0.00063477294,0.04022719,0.1119104,0.21044591,-0.00017613343,0.21611024,0.00011993247,-0.0015246377,0.095682636,0.0,-0.030708404,-0.07536467,0.0,0.046372015,0.14814019,0.0,0.013558262,0.054262366,0.0,0.11084189,0.049983554,0.0,0.046716157,0.58256316,-0.025804918,0.06944616,0.1157152,0.059614096,0.0034155413,-0.0076360567,0.23606971,-0.005037009
-0.04039604,-0.5413339,-0.27580294,-0.39409173,-0.09015597,-0.032362416,0.10350159,0.028137753,-0.0022580961,0.009354938,0.13424462,0.018435784,0.044731166,0.0033412995,0.002425964,-0.057694893,-0.17163557,-0.0011383186,-0.42138356,0.00032639384,-0.08049658,-0.0349753,0.0,-0.14821064,-0.06403163,0.0,0.14445756,0.08329935,0.0,-0.010677783,-0.02320986,0.0,-0.12271141,0.04923874,0.0,-0.3438081,-1.0823834,-0.080333434,0.05746795,-0.051929835,-0.039274175,-0.0063602533,-0.014452731,-0.2655486,-0.17199384
-0.017109156,0.7977238,-0.23057574,-0.112105876,-0.104894765,-0.037379786,-0.05075554,-0.014896366,0.015371798,-0.00023008151,-0.016374351,-0.0038787299,-0.14863016,-0.0018833963,-0.040350176,0.043823484,-0.24129511,0.0026660343,-0.57473886,-0.0008139279,0.0048902524,-0.11012507,0.0,-0.013776166,-0.011724245,0.0,-0.04763504,-0.47869232,0.0,0.018027207,-0.007126249,0.0,-0.0497295,0.0026853357,0.0,-0.057204403,0.5454413,0.0051007373,0.09832179,0.03266479,0.000641189,-0.46708784,0.018078119,-0.1739864,-0.32256722
0.15236226,-0.25200644,0.09263433,-0.09485462,-0.03362083,0.00023764986,-0.03328914,-0.017524377,0.018574841,0.006244222,-0.012664969,-0.002804878,0.021546047,-0.0009136662,0.025727056,0.11483924,0.11022858,-0.00021448541,0.16949472,7.798893e-05,0.0026899194,-0.28523633,0.0,-0.079796374,0.019509828,0.0,-0.071734466,0.04731271,0.0,0.0041258987,-0.0020768263,0.0,-0.06446355,-0.01563033,0.0,-0.0015553843,0.5590706,-0.023352277,0.065357946,-0.6228483,-0.28039542,0.0027317966,-0.030454421,-0.078903936,-0.033651203
-0.016735641,0.42942858,-0.13279545,0.20207775,0.02309424,0.014683798,0.018907692,-0.015416482,0.009482836,0.0061396114,-0.00671664,-0.0028304555,0.09432892,-7.920986e-05,0.12007107,0.11425905,0.21735263,-0.0011013569,0.26715454,9.83754e-05,0.003577014,0.100557074,0.0,0.00082407857,0.07495503,0.0,-0.07574006,0.06941772,0.0,-0.0089851385,0.03051867,0.0,-0.07984293,-0.010241521,0.0,-0.10601474,0.65062356,-0.011898801,0.063381225,-0.36334163,-0.14614075,-0.02927516,0.012043337,-0.21368474,-0.00793048
0.0076968414,-0.5986949,-0.11182083,-0.19450001,0.037145115,0.008411985,-0.06028804,-0.015768528,-0.22503935,-0.09930396,-0.009394919,-0.0007333501,0.08254566,0.0010195356,0.03198507,0.14251941,0.14458548,-0.00014653057,0.23699668,0.00010049076,0.0012793395,-0.28383285,0.0,-0.08632654,-0.0038518296,0.0,-0.11718075,0.107536405,0.0,0.0020906555,0.002312513,0.0,-0.05607124,0.010325334,0.0,0.03584511,0.5545071,-0.031767864,0.066793025,0.08760484,0.036912065,-0.012763714,-0.048466574,0.040724017,-0.0036399697
-0.00044853427,-0.3188268,-0.36799854,-0.13969958,0.013401005,0.0009973007,-0.014008207,-0.011278555,-0.0014203498,-0.008707954,-0.011270121,-0.010044618,-0.0598599,-0.00053652446,-0.033985175,0.01608516,0.09094529,-0.005066036,0.17541859,0.0009702777,0.00048915093,-0.10031459,0.0,0.034479957,0.047114987,0.0,-0.06616956,0.054425716,0.0,0.0028393718,-0.02126628,0.0,-0.12417498,-0.045737345,0.0,-0.34593356,-1.21109,-0.055634152,0.08137874,-0.28879124,-0.14612366,-0.0784419,-0.012914197,-0.25965786,-0.008401009
-0.06689471,-0.06888765,-0.23352681,0.04106201,-0.097868726,-0.051891275,-0.0683415,-0.0053113,0.013168329,0.006560485,0.027996816,0.0155757945,0.03112679,0.004684628,-0.006226901,-0.07493196,-0.18072772,1.8618623e-05,-0.5760078,0.000107283806,-0.08417462,0.051404644,0.0,-0.019334335,0.040551025,0.0,-0.084973596,0.029300807,0.0,-0.023531666,0.0041162358,0.0,-0.100450225,-0.0058666714,0.0,-0.1038343,0.49211562,-0.0007520478,0.07291416,-0.24332958,-0.12923175,-0.029710334,-0.049752604,-0.30869862,-0.2862399
-0.038997233,1.1576287,-0.22890095,0.3782591,-0.03746379,-0.023429006,-0.023008669,-0.014897881,0.04841397,0.023482928,-0.011492307,-0.0042506116,-0.055489436,-0.0015910753,-0.029824408,0.059885576,-0.17607868,0.0037052867,-0.3168953,-0.0008511441,0.003543961,-0.104301386,0.0,-0.011084843,-0.0037916633,0.0,-0.03287153,-0.27208135,0.0,0.015262602,0.019854432,0.0,-0.057854943,0.011771928,0.0,-0.044349976,0.620882,0.020948015,0.11054898,-0.22862999,-0.08569507,-0.006779705,0.025127355,-0.050464958,0.0016133239
0.03998497,0.5556043,0.19047143,0.29662463,0.055934742,0.0012908111,0.03336247,0.01035121,0.016816376,0.0043495013,-0.011680053,-0.002665324,-0.25143957,-0.0005149789,-0.09423868,0.065219454,0.12815057,0.0046553146,0.24989212,0.0001408699,0.004318361,0.09715183,0.0,-0.009905844,0.05452904,0.0,-0.082342915,0.13275838,0.0,0.00040870893,0.01680916,0.0,-0.08127455,0.032914758,0.0,0.13498965,0.67727774,-0.017798321,0.07020278,0.03433538,0.015800187,-0.024628066,-0.0038971528,0.14418958,-0.023052536
-0.024951333,0.100849494,-0.52500916,0.04719514,-0.078137554,-0.026531294,-0.042707864,-0.004252716,0.0040890826,0.0028023229,-0.011027157,-0.0049548536,-0.098205075,-0.001753503,-0.12251085,-0.032691926,-0.13410573,0.013767282,-0.46004146,-0.0103498865,-0.0055944785,-0.11360019,0.0,-0.06949842,-0.09009089,0.0,-0.046683736,-0.2927044,0.0,0.002616681,-0.008071759,0.0,-0.09424847,-0.0067897323,0.0,-0.23466413,-1.2681857,-0.13283059,0.05686149,-0.13994287,-0.06985502,-0.026159333,-0.3362552,-0.18212762,-0.08043169
-0.009968311,-0.19623327,-0.12765568,-0.03793108,-0.12060127,-0.03630641,-0.09915219,0.005062503,0.030372746,0.016595734,0.16060016,0.017866766,0.1729065,0.0136047015,-0.053428896,-0.35716185,-0.25079677,-0.00011231043,0.12662679,0.00012868323,0.0042473003,0.07274607,0.0,-0.011114478,-0.067729175,0.0,0.07849162,0.1248112,0.0,0.013682177,0.024145922,0.0,0.11148536,0.071015954,0.0,0.079007424,0.49666944,-0.036373492,0.06300208,0.03154813,0.046979606,-0.0938147,0.008920936,-0.5328903,-0.044048723
-0.031745624,-0.2717249,-0.17652638,0.0092869755,-0.05467982,-0.011797636,0.024940088,0.011987157,0.0022983782,-0.03001614,-0.015128557,-0.0040511363,-0.012953678,-0.00035350665,-0.014645084,-0.07235709,-0.1887244,-0.0014109947,-0.32339254,0.00086496375,-0.061818525,0.032238428,0.0,-0.08738757,-0.13758264,0.0,0.029818013,0.065535426,0.0,-0.014311356,-0.0037573145,0.0,0.038435467,0.020921081,0.0,0.15504472,-0.81516534,0.09220783,0.102104865,-0.19085148,-0.085151315,0.005864629,-0.083603136,-0.23521282,-0.02427862
0.028233705,-0.50385404,-0.2303731,-0.63295937,-0.06526531,-0.029441489,-0.063211955,-0.020867506,0.0016857877,-0.008184147,-0.008701494,-0.002806799,-0.19837277,-0.00038495043,-0.0542116,0.024020059,0.093497895,-0.00026155455,0.13027523,3.3603385e-05,-0.00704941,-0.08237275,0.0,0.025336375,-0.14519872,0.0,-0.009485752,0.12765028,0.0,-0.008945065,-0.019612087,0.0,0.009003147,-0.05949077,0.0,-0.37379622,-1.3049595,-0.059266593,0.06137572,-0.014578094,0.011332683,-0.16780494,-0.05194925,-0.22264037,-0.029615063
-0.030055298,-0.24681948,-0.24872957,-0.065386504,-0.17038108,-0.06250209,-0.08739822,-0.031190418,0.028252406,0.009804181,0.113560304,0.019278578,0.14057526,0.0034420458,-0.043653734,-0.16966486,-0.122150235,-0.00015839367,0.13883248,0.00014303757,0.0038120777,0.133895,0.0,0.011819378,-0.08397011,0.0,0.06259833,0.081625804,0.0,0.0044264863,0.029386321,0.0,0.0773644,0.026420813,0.0,0.033392135,0.5424974,-0.018313546,0.050173827,-0.4459803,-0.26075774,-0.0019939041,-0.0126978075,0.17731601,-0.015482377
0.096772805,-0.5829791,-0.059524488,-0.34363148,0.044265416,0.0042761806,-0.08253179,-0.0066583757,0.057629887,0.01793737,-0.009914478,-0.002306255,0.020852916,-0.00037159165,-0.0035313661,0.07872331,0.22916146,-0.00020797232,-0.6223187,0.00010122782,-0.08119637,-0.1748258,0.0,-0.027032165,-0.046215557,0.0,-0.11119846,0.10371328,0.0,0.0049446076,-0.0034681524,0.0,0.017659385,0.060845427,0.0,0.051602587,0.40256655,-0.01428156,0.06140078,0.055095147,0.013433277,-0.12041114,-0.04076444,-0.25484934,-0.021693302
-0.022345314,-0.6946337,-1.3249612,0.16791405,-0.034365736,-0.0013511082,-0.07537987,-0.017189674,-0.08525605,-0.055941142,-0.013795226,-0.0021414156,-0.07102002,0.00043166065,-0.05827995,0.0003111579,-0.104264416,0.02091569,-0.3996384,-0.008992464,-0.010684943,-0.11269612,0.0,-0.07813695,-0.077629514,0.0,-0.0363473,-0.25779343,0.0,-0.0044860677,-0.031997092,0.0,-0.07943872,-0.015637156,0.0,-0.1854407,-1.2299356,-0.11200471,0.06424821,-0.26891834,-0.1178806,-0.011560149,-0.26123077,-0.18964659,-0.030255115
-0.038732715,1.1393827,-0.116016656,0.27770436,-0.09532198,-0.026155623,-0.02612864,-0.011481887,0.059947688,0.029767742,-0.011091695,-0.0044764467,-0.08722454,-0.0015910753,-0.032401327,0.0562437,-0.18639693,0.0046002157,-0.32326034,-0.0008511441,0.0035101792,-0.099424876,0.0,-0.011477585,-0.010203044,0.0,-0.031154556,-0.30317098,0.0,0.0149344355,0.022593765,0.0,-0.061518703,0.0044936305,0.0,-0.048369024,0.60473377,0.01676056,0.10982427,-0.12157961,-0.07051231,-0.00016698336,0.012461798,-0.043090656,0.0467808
0.009796398,-0.054451734,-0.25090617,0.09071705,-0.0045533134,-0.008300713,0.012366932,0.00018380278,-0.1161308,-0.023523161,-0.0029107346,-0.00019155549,-0.13092063,0.0013885533,-0.08644439,0.08058008,0.13123173,-0.000118618256,0.17872167,0.000112106754,-0.002052172,0.056559622,0.0,-0.03489236,0.06295877,0.0,-0.077280514,-0.2866061,0.0,-0.041968346,0.014379308,0.0,-0.080748945,0.060175017,0.0,-0.037993982,0.6194522,-0.009462207,0.084239624,0.015058656,0.01882701,-0.026352955,-0.019015841,0.15825942,0.012994404
-0.016367262,0.21283033,-0.3806225,-0.033874545,-0.088308595,-0.01255445,-0.019516474,0.0013011227,-0.014450016,-0.0051972624,-0.011451302,-0.0031930846,-0.16242173,-0.0033652557,-0.070295066,0.09060551,0.17727391,-0.00049294333,0.25449243,0.00011385297,-0.0026147254,0.06450897,0.0,-0.016567001,0.052910447,0.0,-0.082036205,0.12786241,0.0,0.001888085,0.0061091073,0.0,-0.101400994,0.031137638,0.0,-0.041077767,0.6137362,-0.019432984,0.07052336,0.032268543,0.029771965,-0.023603022,0.01706776,-0.35090977,-0.1266149
-0.037950985,-0.7618567,-0.26211855,-0.28272662,0.030863924,-0.00998788,-0.022355046,-0.0055092224,0.032431208,0.010521243,-0.024790669,-0.0038561337,-0.10733775,-0.0011705073,-0.094301745,0.018026628,-0.119961165,0.007868618,-0.4322125,-0.00078118965,0.004104949,-0.08865557,0.0,-0.02893177,-0.04868974,0.0,-0.040845826,-0.2557658,0.0,0.0073162797,0.010079771,0.0,-0.10777381,-0.0021346053,0.0,-0.13970543,-1.1646057,-0.09092385,-0.83080006,-0.1680227,-0.06971429,-0.03253553,0.014262682,-0.19095528,-0.14867856
-0.017053485,-0.889265,-0.50858873,-0.4569898,-0.07640137,-0.024036542,-0.03837464,-0.010343141,-0.114972495,-0.079229325,-0.024745021,-0.003370599,-0.0724265,0.00020058421,-0.07459573,0.020798713,-0.10672627,0.008115588,-0.36958185,-0.0005238311,0.0018763057,-0.118674226,0.0,-0.029552145,-0.039040126,0.0,-0.049371064,-0.26614943,0.0,-0.0023636494,-0.0028677327,0.0,-0.046844363,0.0017315608,0.0,-0.08411888,-1.1875823,-0.0806402,-0.85295117,-0.059713133,-0.047243394,0.09467434,0.010554808,-0.15551385,-0.0051947036
-0.02838053,-0.2572201,0.0005335072,-0.073208794,0.0031231926,-0.012293289,-0.0066673453,-0.016117807,-0.033062056,0.0068784715,-0.015083446,-0.0023908054,-0.11653799,-0.0010783068,-0.1270783,0.011957081,-0.11928613,-0.0019449736,-0.46702102,-0.0027068912,0.0077721006,-0.11040367,0.0,0.016093375,-0.039633714,0.0,-0.04313856,-0.2983032,0.0,0.008860591,0.001856054,0.0,-0.070494875,0.0057927044,0.0,-0.15362947,-1.3286052,-0.06797754,-0.72261536,0.06844513,0.03970912,-0.0212305,0.013944163,-0.19331019,-0.14143492
-0.0024788836,-0.6522358,0.35316685,-0.19471522,0.05015662,0.012467766,-0.13243334,-0.023488345,0.020035151,0.010507545,-0.0078557115,-0.0033857278,0.033574123,-0.00042767433,-0.00548339,0.03480172,0.13067955,-0.0004800182,-0.52308375,0.001090353,-0.090487696,0.10189809,0.0,0.0011058389,-0.039300278,0.0,0.045157008,0.03936994,0.0,-0.01638496,0.057952065,0.0,0.11763073,-0.011446958,0.0,0.040025465,-0.83116245,0.040853586,0.08070673,-0.34493807,-0.074818276,0.02181833,-0.031374153,0.18408494,0.02106518
-0.028978735,0.05687117,-0.25510806,-0.08871411,-0.057376154,-0.01943971,-0.003772869,-0.009065211,-0.0035416635,0.004033586,-0.012459098,-0.013551369,0.009827015,-0.007373815,0.035979614,0.011904224,-0.14587426,0.005040513,-0.49480557,-0.01040443,-0.0013880266,-0.15147401,0.0,-0.028426379,-0.059296556,0.0,-0.026717503,-0.2888582,0.0,-0.0045250664,0.006954887,0.0,-0.08316134,-0.00076964765,0.0,-0.09656414,-1.152906,-0.052092902,0.07350635,-0.18702507,-0.07370312,-0.06645131,-0.029769424,0.082692444,0.024426004
0.004542128,-0.7711449,0.101586334,-0.034948368,0.051198218,0.018400786,-0.01613054,-0.026510753,-0.021735203,0.005015844,-0.015843159,-0.004761887,0.09180515,-0.0011963634,0.0048936643,0.05812962,0.09345865,-0.0004732099,0.19531925,0.0003260379,0.0012837544,0.094553,0.0,0.007691238,-0.041437842,0.0,0.05963226,0.12633482,0.0,0.049050115,0.05128095,0.0,0.11508856,0.0026051695,0.0,0.027517673,-1.2429696,-0.23751295,-0.71261364,-0.36105213,-0.1585289,-0.037374046,0.0015054442,0.27635235,0.01470937
-0.031774823,-1.000408,-0.14737429,-0.36248022,0.012713848,0.025829846,-0.10476855,-0.003055908,0.034793016,0.009192194,0.12376847,0.025881683,0.080959365,0.005182687,0.0058539063,-0.08366511,-0.2424466,-0.00025312084,-0.61453485,9.224699e-05,-0.10068273,-0.012378395,0.0,0.07659403,0.03362067,0.0,-0.084853075,0.14870262,0.0,0.012422784,-0.018830717,0.0,-0.110925116,0.005950383,0.0,-0.1256861,0.42638767,-0.019655759,0.067078955,-0.003620051,0.0061683087,-0.01809433,-0.0068591847,-0.3991401,-0.32707518
-0.015102905,1.1066546,-0.030755628,0.38409612,-0.060093533,-0.012232339,-0.026529703,-0.003484245,0.03528007,0.0053459913,-0.012578835,-0.0046342053,-0.13219687,-0.0019196259,-0.043435644,0.111838974,0.15638046,6.842441e-05,0.29473388,0.00014578542,0.014840188,0.11575723,0.0,-0.009304826,0.09620457,0.0,-0.056849476,0.18689051,0.0,0.018871374,0.009767596,0.0,-0.07398696,0.006834644,0.0,0.032281563,0.6882454,-0.023516221,0.076302506,-0.23465265,-0.07998105,-0.01878869,0.005509172,0.14210714,-0.027407508
-0.017207352,-0.4840931,0.044316344,-0.11754891,-0.06399899,-0.020491023,-0.009510755,0.028925788,-0.1133526,-0.04683681,-0.0067295404,-0.003968724,-0.123559825,0.00081235426,-0.10204861,-0.02488096,-0.10253785,-0.0012930082,-0.1507033,0.00016183514,0.02263956,-0.02365588,0.0,0.058084417,-0.096046865,0.0,0.081040196,-0.15205082,0.0,-0.0027575162,0.07928136,0.0,-0.07719155,-0.039880063,0.0,0.12390074,-0.7400209,0.13799948,0.10455042,-0.08841582,-0.06044512,-0.013583454,0.12453845,-0.1094315,0.012672041
-0.017107593,-1.3992956,-0.31335962,-0.063686974,-0.10179175,-0.030370811,0.0019098197,-4.522287e-05,-0.089486636,-0.076910466,-0.035377197,-0.008693824,0.072275065,-0.0010082613,0.018130345,-0.18711606,-0.21082906,-0.00035376867,0.32115388,0.00018216911,0.030283917,0.11810406,0.0,-0.019103037,-0.07127575,0.0,0.053243533,0.30210194,0.0,0.06546915,0.0054522646,0.0,0.053937595,0.071043506,0.0,0.09381315,-1.0312625,-0.16084993,-0.42554063,0.05632711,0.03196493,0.022548089,0.007814311,-0.3695268,-0.0066075237
-0.011816107,-0.64786047,-0.18699412,-0.11907612,0.03465051,-0.0055529475,-0.04269554,-0.043058828,-0.0141501725,-0.00047487885,-0.034225263,-0.011180693,-0.07262955,-0.0021402284,-0.011448272,-0.12580223,-0.25079152,-0.00019228358,-0.29760104,0.00010549876,0.0085990755,-0.07343992,0.0,0.036781546,-0.11786442,0.0,0.0014020847,0.07136847,0.0,-0.00919328,-0.04068789,0.0,-0.07745523,0.06259219,0.0,-0.025436582,0.42657882,-0.02127052,0.06690926,-0.30179015,-0.12089578,0.0071799397,-0.049931176,0.045843475,-0.004268739
-0.007160073,0.021489237,-0.56438404,0.18144484,-0.1817528,-0.033584155,-0.037810948,-0.015201978,0.044516213,0.015514478,-0.02996563,-0.016536629,0.041129485,-0.0020577307,-0.015165324,-0.13517983,-0.37248227,-0.00015503178,-0.46045107,0.000117145566,0.004348022,-0.18657789,0.0,0.019969093,0.12778325,0.0,-0.06080742,-0.41170636,0.0,0.0009677428,0.035262678,0.0,-0.07620925,0.11547646,0.0,-0.05237299,0.43068984,-0.02180402,0.090601265,0.068639375,0.021247217,0.0058159786,-0.012392478,0.22283676,0.020270174
-0.012562975,-0.29950705,0.3252302,-0.021628214,-0.11288225,-0.042681914,0.069091946,0.009114072,0.04869206,0.011530487,-0.010465133,-0.004515734,-0.048161022,-0.00067390566,-0.024291303,0.05395099,0.1746953,-0.00074792624,-0.26686466,0.0010277793,-0.046383947,-0.066728726,0.0,-0.027408002,-0.02608695,0.0,0.0036939352,-0.025188534,0.0,-0.02459499,0.04332519,0.0,0.078688815,0.028478572,0.0,0.16636187,-0.6977708,0.0062377746,0.03355847,-0.3580332,-0.10833339,0.033905957,-0.008622702,-0.28770962,0.02353553
0.0109182885,-0.21484402,-0.09150681,-0.0327771,-0.15906563,-0.06598423,-0.049417906,-0.035571918,-0.32563367,-0.12640595,-0.004064414,-0.0017527657,0.04795678,0.00032978202,0.04486113,0.08983788,0.20002499,-0.0017783451,0.22215417,7.854856e-05,0.0014119485,0.02375975,0.0,-0.041133378,0.09869724,0.0,-0.053285696,0.10394122,0.0,0.0023845718,-0.007812763,0.0,-0.10422685,-0.014458229,0.0,-0.10017745,0.5486776,-0.022300458,0.06124743,0.025590394,0.009302953,-0.071508996,-0.32461113,-0.41118187,-0.0048145936
-0.021197546,-0.59709543,-0.32298845,-0.37885872,-0.064442456,-0.038285766,-0.05001044,-0.037478264,-0.034846306,-0.019140715,-0.027042186,-0.012898043,-0.0013928236,-0.0014007576,-0.024831025,-0.101883054,-0.19041315,-0.0011572764,0.18154876,0.0006598429,-0.0012861339,0.030124994,0.0,-0.07612735,-0.14989933,0.0,0.0070025846,0.047612976,0.0,-0.011111241,-0.056071293,0.0,-0.15346889,0.046275314,0.0,-0.24197105,-1.2149636,-0.0956629,0.050234333,-0.25831196,-0.10568035,0.028237408,-0.055323917,0.13287403,-0.015264709
-0.04027997,-0.2253174,0.5515032,-0.23554455,-0.0981065,-0.029291198,0.081190534,0.007082237,0.020211019,0.009350952,-0.011426705,-0.0070454353,-0.0073863566,-0.00044769538,-0.018821271,0.054731797,0.18618149,-0.00052418106,-0.24504167,0.0010647019,-0.031474933,0.06943803,0.0,-0.027192606,-0.009969118,0.0,0.066780016,-0.021095315,0.0,-0.019164281,0.01327386,0.0,0.049408656,0.032701828,0.0,0.15799908,-1.199348,-0.09722942,0.088644244,-0.33360735,-0.12066593,-0.14236175,-0.026994035,-0.278808,0.01722643
-0.03466127,0.14631437,-0.076325096,0.2330383,0.035529863,-0.005164209,-0.031901944,-0.014481895,-0.017423961,0.00063630077,-0.015690718,-0.0023526333,-0.05856623,-0.0012837029,-0.041378938,0.014661993,-0.22043878,0.0033585778,-0.53718626,-0.00080799946,-0.0055446695,-0.09873922,0.0,-0.011607548,-0.026848009,0.0,-0.03926495,-0.3892744,0.0,0.004017482,-0.043977313,0.0,-0.060075834,-0.04265306,0.0,-0.050420366,0.55373096,0.0150298,0.08918533,0.031127011,0.034501262,-1.619187e-05,0.0002515704,-0.21121766,-0.081087664
0.1321872,-0.24995773,0.4700501,-0.21369791,-0.13115875,-0.05136581,0.0006526253,-0.0010999868,0.030785013,0.0029801342,-0.0034270473,-0.0043836855,0.0743483,5.8019163e-05,0.027429754,0.050443683,0.1387225,-0.0017430754,0.09288257,0.0010601311,-0.01595116,0.14489844,0.0,-0.03386494,-0.10549661,0.0,0.04328386,-0.24954696,0.0,-0.051130094,0.017043497,0.0,0.0407915,0.0472721,0.0,0.14953274,-1.1301445,0.008127285,0.075964555,0.02699572,0.010598997,0.03448983,-0.07031846,-0.34707773,-0.021458164
-0.058854107,-0.0036798911,-0.2905576,0.10158538,-0.11874759,-0.019505184,-0.0130360685,0.029503077,-0.00026222446,-0.015738482,-0.0137652485,-0.0043846173,0.029715534,-0.0006220377,0.025693703,-0.01608667,-0.14454721,-0.0019474708,-0.21493381,7.878355e-05,0.04203953,-0.15012893,0.0,-0.022069147,-0.057941936,0.0,0.08181071,-0.2419176,0.0,-0.06932286,0.042474568,0.0,-0.123281896,0.06707109,0.0,-0.06617319,-0.87156457,-0.16428687,-0.5918712,-0.03285222,0.024219172,0.021664578,0.086343564,-0.19054879,0.03066786
-0.0009793898,-0.47715542,-0.23836404,-0.113637455,-0.13907845,-0.04582188,-0.06595838,-0.028583622,-0.009078405,-0.029186424,-0.008838788,-0.0028188764,-0.09807648,0.0002091901,-0.048063945,-0.026551027,-0.18089989,-6.6990964e-05,-0.32809198,0.0010709137,-0.018839603,0.015696244,0.0,-0.12017487,-0.12538847,0.0,0.031169087,-0.2396433,0.0,-0.05485973,-0.0010675245,0.0,-0.10552383,0.025079701,0.0,0.14861923,-0.65575874,0.029221538,0.054262366,0.009407023,0.0006702217,-0.06995258,-0.090005144,-0.14061828,1.8210023e-05
0.009107929,0.09403731,-0.4491824,0.1269597,0.11077683,-0.006846889,0.011308966,0.0053684684,-0.0069847046,-0.0065212725,-0.034778725,-0.0051899413,-0.2355132,-0.0013113765,-0.06277364,-0.26520777,-0.2743636,0.00055491016,0.18722986,0.0001408699,-0.002717286,0.13927598,0.0,-0.0009395086,0.058007687,0.0,-0.060925104,0.10265436,0.0,0.0010488247,-0.006056149,0.0,0.05160791,0.00037837995,0.0,0.012284612,0.5696022,-0.032091573,0.06421056,0.0296618,0.02803499,0.0051791547,-0.004898056,0.19630304,-0.016618568
-0.013469997,-0.0054487637,0.05775245,0.029456219,-0.18913518,-0.065011434,-0.089183725,-0.023979459,-0.024910275,-0.006391,-0.014006969,-0.0031156882,-0.19475895,-0.0040445924,-0.05824073,0.089580245,0.12772116,-0.0041859937,0.2476885,0.00014735738,0.003736769,-0.28735122,0.0,-0.10723226,-0.10183612,0.0,0.007825927,0.07804284,0.0,-0.0073471195,-0.07019328,0.0,-0.1232831,-0.10204008,0.0,-0.057391614,0.552193,-0.040548544,0.06953941,-0.5458111,-0.24546711,-0.04604135,-0.009425078,-0.03714099,-0.017965714
-0.0135671655,-0.20184968,0.49587753,0.002272374,0.03975624,0.034435924,-0.03868487,-0.009411895,0.009285603,0.0034264883,-0.005510947,-0.0027346194,0.15638486,-4.0781786e-05,0.0751501,0.113422215,0.20935315,-0.0001436828,0.23313838,0.000117986514,0.0015862649,0.14736508,0.0,-0.03314836,0.082405575,0.0,-0.06539611,-0.41727754,0.0,-0.07293379,0.042857777,0.0,0.09820766,0.011741682,0.0,0.027541114,0.5066849,-0.029081224,0.08037486,0.07906937,0.033713944,0.006148388,0.0071475566,0.23611465,0.018801956
-0.007720633,-0.4699019,-0.52776617,0.0143272355,-0.048045523,-0.016565306,0.046746638,0.001089831,-0.16752516,-0.07842707,-0.03454111,-0.0062006805,0.03637553,0.00063509913,0.0013634167,0.04734424,-0.32598498,0.0051220525,-0.6324821,-0.0005662104,-0.01427113,-0.25194782,0.0,-0.03720394,-0.042206056,0.0,-0.09797749,-0.47823548,0.0,-0.007945383,-0.009650847,0.0,-0.052065466,-0.020179532,0.0,-0.038284685,0.42606974,-0.00036184632,0.07682064,0.017399559,0.017884444,-0.01729346,-0.03741768,-0.032892536,-0.001578811
0.052934654,-0.49088758,0.14378972,-0.25975117,-0.10832905,-0.04745136,0.046466794,0.0064396583,0.0021955841,-0.020729225,-0.013640456,-0.0024839214,-0.29156697,-0.00075450516,-0.09182033,0.043386124,0.12466164,-0.00016016873,0.110643625,0.0006815081,-0.008821712,-0.1459935,0.0,0.01026204,-0.09984572,0.0,1.3038516e-06,-0.29863584,0.0,-0.099784,0.032469243,0.0,0.07017342,0.01546677,0.0,-0.25367063,-0.84733635,0.060744587,0.061701406,-0.018507399,0.0060513658,-0.017194482,-0.0048514544,0.27726513,-0.011261464
-0.028906936,0.16881052,-0.20245823,0.26492155,0.091235556,0.035846293,-0.016179955,-0.007577324,-0.011840526,0.008504347,-0.02000187,-0.0030051337,-0.045842186,-0.0030666443,-0.03254054,0.017948931,-0.19988307,0.004487596,-0.4747424,-0.0008648477,-0.013355516,-0.2092089,0.0,0.0025515575,-0.05256963,0.0,-0.009604979,-0.3465256,0.0,-0.0074437317,-0.032563914,0.0,-0.05579257,-0.031386845,0.0,-0.031833902,0.51457894,0.007755103,0.080553,-0.24443561,-0.10934344,-0.028877856,0.006859981,0.11554171,0.0075696344
0.04764935,0.01998421,0.048169687,0.15935475,0.052549604,-0.001245461,-0.033057265,-0.01020041,0.036165033,0.02803718,-0.010083158,-0.0022415495,0.14703602,-0.0006661855,0.07206728,0.09159601,0.1487006,-0.00019464135,0.2264247,0.00012021923,0.0006672292,0.015025756,0.0,-0.031087795,-0.13453318,0.0,0.011177427,0.12854722,0.0,0.006073515,0.04388372,0.0,0.08485817,-0.07959968,0.0,-0.11558853,0.6958378,-0.013646937,0.06564855,0.021557279,0.019481355,-0.019260457,-0.002692957,0.13385358,-0.030462308
-0.014842369,-1.654163,-0.06414378,-0.26530707,-0.035083134,0.007269575,-0.009374018,-0.01136982,-0.13620119,-0.07523752,-0.023932371,-0.0066520176,-0.12112394,-3.958776e-05,-0.13622387,0.0023553506,-0.11386111,0.014902691,-0.42399454,0.00055659295,0.0006108788,-0.07798997,0.0,-0.028218681,-0.0601938,0.0,-0.013680738,-0.33514744,0.0,0.010034918,-0.011275089,0.0,-0.051485386,-0.016168436,0.0,-0.08833842,-1.313099,-0.0864764,-0.8670957,0.05460925,0.02230383,-0.0122310715,-0.15321179,-0.1936613,-0.035922997
0.12919423,-0.241297,0.1698205,-0.018011762,0.07440523,0.03774244,-0.10918657,-0.030978635,0.04739617,0.015580276,-0.014920136,-0.0036312924,-0.14980523,-0.0005578548,-0.074635684,0.06558033,0.11960982,-0.000118267344,-0.51823074,0.000117347,-0.052651156,0.13951217,0.0,-0.021035392,0.12916172,0.0,-0.03656051,0.17259072,0.0,-0.00072258076,0.031317815,0.0,-0.035974752,-0.006365407,0.0,0.008928006,0.46475366,-0.017339978,0.07582405,-0.08972406,-0.018898508,0.007938579,-0.029527415,0.11973679,-0.043419782
-0.026618233,-0.78575265,-0.20371212,-0.43942302,-0.0015865543,0.00035663383,0.050522212,0.0039241766,-0.10757761,-0.041733976,-0.018456237,-0.0006861508,0.050295632,0.00013170307,0.028250402,0.01658751,-0.11462798,0.0093990145,-0.4704769,-0.0017659133,0.0056480486,-0.0757794,0.0,-0.043078035,-0.036977023,0.0,-0.056635626,-0.3378128,0.0,0.015121147,0.00986427,0.0,-0.08586086,0.010810922,0.0,-0.1234269,-1.2074131,-0.078893825,-0.7568415,0.060096633,0.025728233,0.0026651276,-0.01103175,-0.19984548,-0.086441286
-0.02569316,-0.45234033,-0.4637211,-0.7053242,-0.0790894,-0.023492292,0.014886373,0.01887506,-0.1459939,-0.08168767,-0.016009122,-0.003332015,-0.08444417,0.0006316039,-0.09082216,-0.12796357,-0.17738296,-0.0012632797,-0.22592695,0.00027357697,-0.055109035,0.1426039,0.0,-0.035777662,-0.059069313,0.0,0.03188403,-0.21326423,0.0,-0.056118947,0.01176401,0.0,-0.08434912,-0.0062074754,0.0,0.02174682,-0.9412472,-0.12358322,-0.60393715,-0.101544276,-0.047140997,-0.041531432,-0.04791947,-0.21671073,0.018059228
0.0033344876,-0.0040609827,0.02510899,0.056958,0.0879104,0.034374386,-0.037263136,-0.024775775,0.00619922,0.00682627,0.06296342,0.019513404,0.10367334,0.0037769545,-0.03392519,-0.04708979,-0.14289528,0.0028683688,0.2635545,0.0020217577,-0.0032580013,0.09249542,0.0,-0.011667318,-0.10638158,0.0,0.05164125,0.13508175,0.0,-0.0029724564,0.009537062,0.0,0.10531324,-0.100683436,0.0,-0.3375172,-1.4326279,-0.030280797,0.07943019,0.06477595,0.041855797,-0.0072086034,0.021752821,0.32127807,-0.021156741
-0.030208088,-0.27432483,-0.07031713,-0.089785956,-0.008595553,-0.008074287,0.012191763,0.026493026,-0.063190706,-0.010855511,-0.022145925,-0.0032336565,-0.12347782,-0.0006170415,-0.12592179,0.019294163,-0.14748429,-0.0020805588,-0.39438468,-0.0026231636,-0.00020237976,-0.097590685,0.0,-0.013340571,-0.029075589,0.0,-0.038429774,-0.2660386,0.0,0.009059375,0.006503659,0.0,-0.060511835,0.016997915,0.0,-0.12996876,-1.459852,-0.05576929,-0.8700025,0.04908999,0.047180906,-0.025501834,0.016685765,-0.15551315,-0.06590416
0.004082633,-0.4755911,-0.3560456,-0.19703418,0.08394527,0.03279637,-0.021572614,0.026360065,-0.33570105,-0.13150309,-0.010813093,-0.003121168,0.043818418,-0.00090001523,0.013147085,0.03719547,0.10667081,-0.00051734707,-0.5538982,0.00027850198,-0.08844244,-0.12532108,0.0,0.0030884375,0.008685071,0.0,0.047531646,0.06868878,0.0,-0.005882832,0.017395116,0.0,0.06584405,-0.025871184,0.0,0.08359019,-0.97746605,0.043748166,0.071152985,-0.004367357,-0.0089938715,-0.05517087,-0.013008868,0.13384375,0.017260458
-0.0080143735,-0.3731944,0.2794759,-0.15012465,0.14031602,0.060327332,-0.046534568,-0.0008424609,-0.22768973,-0.08022187,-0.0037939693,-0.0020851302,0.16932617,0.00082871405,0.055440415,0.06933933,0.12214988,-0.0002700961,0.24775338,0.0009619101,-0.007835831,0.2192605,0.0,-0.013510846,0.02339392,0.0,-0.08752269,-0.32208884,0.0,-0.049774345,0.005870459,0.0,0.057122286,0.03742121,0.0,0.11470268,-0.9629206,0.065509066,0.08963182,0.098999776,0.03755841,-0.057429746,0.008908916,0.1927941,0.009801792
-0.016103653,-1.668666,-0.018301947,-0.14478901,0.026302887,-0.0102919685,-0.01845091,-0.007243864,-0.009214828,0.0036433842,-0.013487817,-0.0071543525,0.064053625,-0.00028262264,0.010746961,0.040407464,0.1192541,-0.0010634355,-0.5126385,0.00029069124,-0.043182287,-0.1708013,0.0,-0.041891173,0.044980023,0.0,-0.09142279,-0.2521447,0.0,-0.089950524,-0.054975197,0.0,-0.15116091,8.389837e-05,0.0,0.09886251,-1.0115389,-0.22970511,-0.79962593,0.0274274,0.011601568,0.0031452877,-0.045808557,-0.23169234,0.01853283
-0.03108911,-1.2791382,-0.33124092,-0.14786373,0.01531803,-0.018740129,0.004405998,-0.011031681,-0.07486044,-0.05507933,-0.018871961,-0.0076072724,-0.10538738,4.012407e-05,-0.12637457,-0.089289084,-0.15125953,-0.001193889,-0.32440245,0.0001117969,-0.004536661,-0.13357292,0.0,-0.017378138,-0.06913285,0.0,0.040083442,-0.28734612,0.0,-0.05128653,-0.05258595,0.0,0.01482419,-0.0732369,0.0,0.0032176522,-1.0243365,-0.22827189,-0.83952254,-0.08340536,-0.024908816,-0.06615797,-0.05559153,-0.16843078,-0.0023038147
0.12730767,-0.52776414,-0.3686821,-0.2298358,-0.08800154,-0.05752484,-0.030902745,-0.008740725,-0.010073161,-0.0119898785,-0.012839112,-0.0048254635,-0.06268215,-0.0011586196,0.005390778,-0.096967995,-0.15262164,-0.0005064127,0.049441844,0.0010780524,-0.014577117,0.023376502,0.0,-0.11197573,-0.16014424,0.0,-0.013601962,-0.22099467,0.0,-0.051366877,-0.0067980913,0.0,0.0007128597,0.027648533,0.0,0.08381457,-0.89648986,0.022344679,0.07162323,-0.14369653,-0.068708114,-0.20178254,-0.07070603,-0.17311595,-0.059182275
-0.023159347,-0.2248486,-0.15884334,-0.03263723,-0.054628767,-0.017735383,0.02206866,0.016690787,-0.072494656,-0.049817387,-0.022916673,-0.006545281,-0.06154821,-0.00026697497,-0.02426203,-0.06988469,-0.17237113,-0.00054978125,-0.43225825,0.000903803,-0.08706488,-0.06152162,0.0,0.11853459,-0.02881856,0.0,0.05157502,0.10435818,0.0,0.0042043095,0.029824026,0.0,-0.07246945,0.03857729,0.0,-0.3999689,-0.99645805,0.010111292,0.09207642,0.017876564,0.023538508,-0.17539772,-0.04273808,-0.24670222,0.01623847
-0.03409325,-0.18395744,-0.42567074,-0.01887156,0.02364618,-0.018417357,0.005084125,-0.0030881234,-0.0061323107,0.0033164108,-0.035942387,-0.006310666,0.12468847,-0.00091069937,0.06655489,-0.28334808,-0.31884867,7.205311e-05,0.19907081,0.00013571777,0.002862623,0.08406789,0.0,-0.012587827,0.07333042,0.0,-0.085776865,0.09507372,0.0,0.0048788153,-0.0130437,0.0,-0.10531177,0.077214085,0.0,0.05789719,0.49003342,-0.03708378,0.06164587,0.048636053,0.026270485,0.004593429,-0.041217938,-0.40972063,-0.11011036
-0.025372129,-0.40815213,-0.26513654,-0.043390725,0.036332104,-0.0010512057,-0.063398875,-0.016654897,-0.011931225,-0.0052920827,-0.02403722,-0.0039850436,-0.09551488,-0.000409199,-0.053829953,0.031830058,-0.2127338,-0.0016055955,-0.577009,-0.00080799946,0.0022255406,-0.12429129,0.0,-0.022197856,-0.052160904,0.0,-0.050978735,-0.33457085,0.0,0.000772553,-0.0031034953,0.0,-0.062146287,-0.007092464,0.0,-0.047137775,0.49634182,0.005381134,0.07354308,0.03220714,0.018814676,-0.043915574,0.0021149304,-0.2631252,-0.19169462
0.14663476,-0.590904,-0.2684671,-0.10191546,-0.04381943,-0.021274524,-0.0771995,-0.029749144,0.011010077,0.016660126,-0.0060381778,-0.0021859517,-0.1777928,-3.758537e-05,-0.14306839,0.0025321143,0.0644591,-0.0034770768,0.028090281,0.00012405032,-0.023349248,0.071981326,0.0,-0.04964166,-0.14725019,0.0,-0.021895178,-0.30268177,0.0,-0.030711526,-0.015774405,0.0,0.06063925,0.023064673,0.0,-0.088546455,-1.072274,-0.10347365,-0.44206393,-0.09097438,-0.07091411,-0.016467126,-0.20112742,-0.2544573,-0.0096998485
-0.01799632,-0.14200892,-0.097538956,0.00178783,-0.016368946,-0.010799062,-0.011065942,-0.009777761,0.01597121,0.014078023,-0.015195998,-0.005410786,-0.08479204,-0.00044458505,-0.04944786,-0.07414216,-0.18045494,-0.0007479073,-0.3058067,5.7175326e-05,-0.030734194,0.059075437,0.0,-0.008227587,0.096787564,0.0,-0.060065188,0.02309498,0.0,-0.012015455,0.021995166,0.0,-0.08051702,0.03637597,0.0,-0.055764355,0.48443067,0.002683458,0.068751864,-0.31849477,-0.1425802,0.018179053,0.017057741,-0.35222307,0.019631717
-0.047757395,-0.38560116,-0.31416324,-0.25405777,-0.048001565,-0.01042622,0.00078202476,-0.022147113,-0.13599539,-0.08883223,0.08956394,0.029516248,0.08842839,0.0032721108,-0.040495697,-0.13835153,-0.17805336,-0.0012232221,0.13293865,9.829234e-05,0.010344832,-0.09904938,0.0,0.03829208,-0.063403435,0.0,0.1263196,0.15808886,0.0,0.01836368,0.056737967,0.0,-0.081316,0.019634772,0.0,-0.015674403,0.45373967,-0.029144958,0.057636473,-0.22130717,-0.12034656,-0.023899084,-0.006281413,-0.17811881,-0.016175266
-0.016269896,-0.42423117,-0.09430493,-0.017791228,-0.12113885,-0.03851582,-0.030617995,-0.009192015,-0.0067170276,-0.012024895,0.00019403324,-0.0032723842,-0.01875403,0.00018618433,0.05286262,0.010896087,0.07538717,-0.0023444383,0.16454358,-4.1298692e-05,0.009675959,0.045366846,0.0,-0.08674767,0.110300735,0.0,-0.06346209,-0.23444049,0.0,-0.010588896,-0.0073402403,0.0,-0.1036153,0.001979394,0.0,-0.33897012,-1.1693021,-0.07464956,0.069720306,-0.12362103,-0.10132011,0.017667364,-0.0101077575,-0.25169188,0.005891102
-0.012968512,-0.5241757,0.6965333,0.026849877,0.05793285,0.018781137,0.09132094,0.029697254,0.06631216,0.02507377,-0.004773821,-0.002317349,-0.08269058,0.00016950439,-0.06768636,0.039751977,0.13219792,-0.001488017,-0.31687784,0.0002896323,-0.038430493,-0.22529005,0.0,-0.05527636,-0.069045365,0.0,0.013589458,-0.13845307,0.0,-0.009009624,0.03453438,0.0,0.09640251,-0.021870563,0.0,0.09551277,-0.6356927,-0.16586965,-0.5377913,-0.09434654,-0.004481187,-0.02246566,-0.11981785,-0.15754746,0.007890457
-0.018325442,-0.7532769,-0.33151507,-0.48624182,-0.08827762,-0.032532237,-0.020508245,-0.00906495,-0.10614993,-0.0720579,-0.043635085,-0.007728878,0.06583379,-0.0010196668,-0.013659313,-0.17713244,-0.19761428,-0.00076778024,0.19557254,0.00054165785,0.011240133,0.09929743,0.0,-0.05781944,-0.010968081,0.0,0.08952345,0.1113603,0.0,0.010187233,0.0013126552,0.0,0.035599608,0.0251915,0.0,-0.26408282,-1.024464,-0.025821421,0.058969505,-0.016612934,0.0042739846,0.032002565,-0.0018787121,0.34481686,-0.020159181
-0.016953927,-1.6225449,-0.28177735,-0.5241561,-0.009868815,0.00015295425,-0.021088336,-0.0025309403,-0.19376291,-0.09446723,-0.024967296,-0.0076572085,0.063367106,-0.00012380574,0.08423857,0.0069163693,-0.10653946,0.030539218,-0.43783137,-0.0014991323,-0.006224518,-0.091447905,0.0,-0.03376186,-0.055452727,0.0,-0.05243287,-0.3276976,0.0,0.00050343724,-0.03727289,0.0,-0.06258228,-0.022618974,0.0,-0.097267315,-1.2629976,-0.089571744,-0.80605793,-0.15364125,-0.07130529,-0.025468234,-0.060676515,-0.21020344,-0.009042311
0.002834997,-0.7855292,0.17620152,-0.41436735,-0.061629552,-0.021456355,0.04990729,-0.0036217724,-0.27884176,-0.09214708,-0.0071450016,-0.0011622842,-0.21837123,0.0008922024,-0.14255938,0.10971695,0.18822017,-0.00014623531,0.047529854,8.160188e-05,0.0005885149,-0.16080391,0.0,-0.010692089,-0.031181138,0.0,0.066450365,-0.5789285,0.0,-0.21172504,0.053601887,0.0,0.06795915,0.009591353,0.0,0.034646247,0.24542737,-0.022399796,0.015146522,-0.026842887,-0.014951467,0.12936063,9.386967e-05,-0.2375792,-0.016502818
0.016052641,0.02575449,-0.105548725,0.044988893,-0.06014354,-0.041996527,0.0009667003,0.00411927,0.031295646,0.008399947,-0.014471952,-0.006330024,-0.07704083,-0.0007178809,-0.038402896,-0.11131161,-0.18933713,0.00068901246,-0.49896696,0.000113110116,-0.027802857,0.100195125,0.0,-0.032071535,0.070941985,0.0,-0.06861885,0.09708094,0.0,-0.0112486845,0.015537425,0.0,-0.080281936,0.049283326,0.0,-0.0355477,0.5442048,-0.0051821643,0.07216596,0.039614998,0.036342915,0.007534654,-0.027817475,0.20813128,-0.0014147884
0.002795888,-0.55990803,-0.13369618,-0.1192504,-0.0591491,-0.035520587,-0.030886834,-0.0022238684,-0.08398922,-0.025233077,-0.010336267,-4.5454195e-05,-0.20511658,0.0009487503,-0.10561364,0.11356746,0.15143174,-4.4305067e-05,0.17112492,0.00010313695,-0.0064030816,0.07487177,0.0,-0.04739741,0.08416357,0.0,-0.091878645,0.11787022,0.0,0.0070101446,-0.045929395,0.0,-0.09265749,-0.011336557,0.0,0.0034700935,0.56404686,-0.021508452,0.06874805,0.011742484,0.013488998,-0.028376771,-0.007704847,0.112042926,-0.003928624
-0.023495633,-0.1723591,-0.3020624,-0.44760776,-0.05815722,-0.040536422,-0.058902204,-0.026194295,0.0069932737,0.002285834,-0.0076037617,-0.0028847829,-0.025450343,-0.00066050095,0.02460734,0.07801748,0.08667415,-0.00015438226,0.16745624,0.0001223869,-0.0018913101,0.0690836,0.0,-0.0021921108,0.068338096,0.0,-0.06795108,0.007710971,0.0,-0.032638893,-0.062388282,0.0,-0.11054479,0.020988235,0.0,-0.08122375,0.60955805,-0.021086812,0.05827256,-0.4653903,-0.24058087,-0.018279366,-0.020116407,0.057438783,0.013338815
0.020765582,0.24721627,-0.047382507,0.22383864,0.005536655,-0.005650804,-0.03859819,-0.009241277,-0.14923048,-0.028017208,-0.003319171,0.00014750582,-0.08216893,0.00030635213,-0.05839868,0.09010172,0.13563491,0.00053895614,0.21229596,0.00011982337,-0.0052722287,0.086957335,0.0,0.0013600731,0.0759492,0.0,-0.06557946,0.08548434,0.0,-0.0016912338,0.0046337494,0.0,-0.08852386,0.027071983,0.0,-0.05100324,0.6686566,-0.01562733,0.06647924,0.048001885,0.028529283,0.005922751,-0.011938085,0.16936335,-0.0067130867
-0.00012403268,0.26777703,-0.59627604,-0.0024169493,0.052447397,-0.04061783,-0.018803587,-0.003431478,-0.0029664487,0.007954386,-0.05523767,-0.011470798,0.1384519,-0.003344648,0.046540413,-0.36629826,-0.37898234,0.00050366716,0.13115895,0.00014087425,-0.0100449845,-0.4269175,0.0,-0.09353596,0.05261588,0.0,-0.088669054,0.11107192,0.0,0.0056270063,0.031959236,0.0,-0.067246035,0.04910956,0.0,0.06520074,0.5572369,-0.029020999,0.0636003,0.095461264,0.04438489,-0.019523611,-0.03555791,0.0776502,-0.013251296
-0.016408406,-1.2084811,-0.29995722,-0.558251,-0.011045989,-0.00016593933,-0.028242446,-0.006389298,-0.19475296,-0.09226638,-0.026373386,-0.0076572085,0.07204828,-0.00012380574,0.09612509,0.008875945,-0.10757552,0.034995373,-0.43641976,-0.0014991323,-0.008826149,-0.097054236,0.0,-0.03531323,-0.060503196,0.0,-0.06452636,-0.32040107,0.0,-0.007104973,-0.038226347,0.0,-0.073879115,-0.024224956,0.0,-0.099017635,-1.2571669,-0.0855881,-0.75015783,-0.15259121,-0.07799015,-0.031886313,-0.07902219,-0.18751727,-0.008890658
0.005642373,-0.007051329,-0.32579157,0.10482624,-0.040300652,-0.012839645,-0.03831555,-0.03879927,-0.35198408,-0.08948089,0.044737313,0.013412192,0.06755782,-0.0064941146,-0.04492343,-0.103525884,-0.2577742,0.0004451787,-0.48229015,7.612303e-05,-0.029991578,0.11633128,0.0,-0.03596889,0.06057744,0.0,-0.08954693,-0.4132875,0.0,-0.04940098,-0.0020119422,0.0,-0.0955733,0.06493436,0.0,-0.07498908,0.41850185,-0.008597451,0.08733705,0.016370958,0.020615438,-0.049508385,0.004326088,0.20700778,0.04331637
0.0963241,0.19638318,-0.04926754,0.34611273,-0.0943902,-0.009661052,-0.03534247,-0.010132772,0.06327331,0.032646615,-0.008069688,-0.0030504987,0.15269834,-0.0011602147,0.08087336,0.14292133,0.2325419,-0.00021018514,0.21556179,0.00014217295,0.0016540152,-0.27622786,0.0,-0.03628343,-0.07288146,0.0,0.06803877,-0.5491764,0.0,-0.12174951,0.069022335,0.0,0.09700226,-0.0031439618,0.0,0.025066307,0.5072902,-0.059582353,0.06821731,0.08505171,0.033746857,-0.0015939503,-0.0032549535,0.03622621,-0.058295697
-0.040504478,-0.2991498,-0.5169401,-0.31376502,-0.06552507,-0.036604743,-0.075840004,-0.019214995,0.020083368,0.0077910554,0.027362788,0.0138544515,0.022842655,0.0073294803,-0.055049557,-0.077696286,-0.17237577,-0.0012706227,-0.29224035,0.00030369687,-0.004940003,-0.1155661,0.0,-0.005842021,-0.059214137,0.0,0.017255476,-0.2822511,0.0,-0.079343714,-0.025826456,0.0,0.03641884,-0.018356236,0.0,0.009956603,-0.9689707,-0.2422474,-0.7770151,-0.14882082,-0.031302847,0.013347081,-0.027120873,-0.23522975,0.0031465148
-0.03792299,-0.4096371,-0.34840322,-0.3359265,0.052421328,0.014788328,-0.059878487,-0.017358078,-0.011681131,0.006690117,-0.01187362,-0.00474559,-0.0094426805,-0.00091912586,-0.06986587,-0.041874234,-0.15715231,-0.0010692339,-0.2802298,0.00015742583,-0.023856558,-0.08885307,0.0,0.012829639,-0.043004513,0.0,0.03410331,-0.1740932,0.0,-0.025423687,0.0154034,0.0,-0.07344434,0.0699567,0.0,-0.07309247,-1.0302907,-0.11150892,-0.7637093,-0.06988762,-0.02234808,-0.19659413,-0.09530037,-0.15577291,0.008020524
-0.03307032,-0.23818012,-1.3682781,-0.12584609,-0.016359638,-0.0023532945,-0.038458336,-0.0053993114,-0.004146173,-0.0003084533,-0.011683343,-0.0054226886,-0.07100855,-0.00031263634,-0.070719495,0.00036402978,-0.11603193,0.003154941,-0.49852413,-0.010451652,0.0014278961,-0.102002636,0.0,-0.06087802,-0.057112046,0.0,-0.06162649,-0.28611344,0.0,-0.0010110156,0.0017420086,0.0,-0.09996619,-0.0037975674,0.0,-0.24069941,-1.159719,-0.12201486,0.053318672,-0.332799,-0.13983914,-0.07534122,0.007673668,-0.17426234,-0.17572092
0.0036696505,0.41414198,-0.08641234,0.1312064,-0.076081105,-0.0063244198,0.012699635,0.0012460966,0.014379354,0.0028782727,-0.013472501,-0.003312599,-0.28962958,-0.0016203996,-0.09612043,0.05967729,0.14830428,0.0046084053,0.2968888,0.00014361776,0.0048544495,0.09739918,0.0,-0.019068848,0.07421062,0.0,-0.08306977,0.14985028,0.0,0.006042001,0.004046522,0.0,-0.09850077,0.020224001,0.0,0.12568344,0.6339088,-0.031319138,0.07441571,0.023947446,0.011924901,-0.028221305,0.01454112,0.20915169,-0.012501775
-0.02723956,-0.8303409,-0.10069229,-0.14386003,-0.0035064404,-0.008421756,-0.042902842,0.006910985,0.02343932,0.010154681,-0.004431904,-0.002500533,0.13877484,0.00072376395,0.09850202,0.102945864,0.17143045,-0.001798246,0.13052003,-1.1421362e-06,-0.005069844,-0.12642306,0.0,0.006821992,0.10685634,0.0,-0.034754053,-0.540026,0.0,-0.20947143,-0.15203434,0.0,-0.13563977,0.009768107,0.0,0.047296807,0.33204836,-0.041619454,0.06605998,0.024270639,0.00929611,-0.010241469,-0.10102999,-0.48865452,0.01576315
0.00019611605,-0.35737768,0.088323675,-0.18710183,-0.018862726,-0.035413604,0.010650053,0.024962021,-0.01638545,-0.0037502348,-0.019602299,-0.004674739,0.049823362,-0.0016660047,0.00044582516,0.112713024,0.16897997,-0.00023363183,0.14001131,0.00010684567,-0.007098297,-0.15524994,0.0,-0.0055759917,-0.11418798,0.0,0.055333886,0.08769707,0.0,0.011176643,-0.034487322,0.0,-0.08804048,0.09548029,0.0,-0.057207275,0.5157138,-0.022233974,0.068225704,-0.60620147,-0.26154184,0.009004661,0.0041234284,0.200496,0.0040114163
-0.0059312936,-0.017900962,-0.36942518,-0.12778376,-0.017705314,-0.013581041,-0.04483691,-0.0040443204,0.0069126803,0.0001395482,-0.014577187,-0.0046876837,-0.21530575,-0.00063841254,-0.062063888,0.08924555,0.13913074,4.1312713e-05,0.17762496,0.00013679425,-0.0053516356,0.06997571,0.0,-0.006944662,0.10444219,0.0,-0.052207112,0.10867934,0.0,-0.0039413464,-0.015430837,0.0,-0.10452142,0.032899875,0.0,-0.042676803,0.65020996,-0.019565146,0.06482092,0.032834686,0.025247544,0.007857984,0.023375995,0.2501355,-0.029250404
0.019359134,-0.69750965,0.23570965,-0.35796276,-0.1522028,-0.069625005,-0.027648643,-0.020178284,-0.19442295,-0.06632194,-0.004651467,-0.00084197905,0.067432314,0.0011837976,0.028246654,0.054071862,0.111935124,-0.00038128128,0.123838745,0.00022411355,-0.020027595,0.1447142,0.0,-0.036557373,-0.033331055,0.0,0.09361288,-0.3468827,0.0,-0.076357424,0.008416593,0.0,0.024249982,0.0330089,0.0,0.15457353,-1.0455642,-0.022799691,0.057513054,-0.002091793,0.010568705,-0.09329242,-0.016067766,-0.29673132,-0.015223794
-0.016674796,0.40017065,-0.2579893,0.12805513,-0.02878015,0.040148262,0.037517354,-0.008236391,-0.23178072,-0.055322833,-0.025528125,-0.0055405973,-0.2483067,-0.0017366293,-0.0649758,-0.10168255,-0.19611226,0.004504313,0.22620483,0.00013426993,-0.0064534904,0.11729095,0.0,-0.030663768,0.048391435,0.0,-0.086192876,0.20130242,0.0,0.014154533,0.018156053,0.0,-0.08737122,-0.022496881,0.0,0.041812398,0.5356394,-0.040914834,0.06533228,0.030568538,0.016226614,-0.022098714,-0.00063165784,0.099286355,-0.03610678
-0.022017334,-0.9061392,-0.1984738,-0.45570287,-0.09419237,-0.010787346,-0.00065419846,-0.00031549358,0.016956314,0.01053027,-0.026709875,-0.0035766163,0.037949137,-0.0009838936,-0.005530585,0.01892157,-0.13248335,0.009482887,-0.38314897,-0.00075244874,0.00384535,-0.09135601,0.0,-0.043489333,-0.049564105,0.0,-0.07504607,-0.25376546,0.0,-0.0018413706,0.0010448616,0.0,-0.06737062,0.013889234,0.0,-0.098819144,-1.2156577,-0.09366382,-0.7795951,-0.10042671,-0.05468355,-0.09979027,-0.02564556,-0.18166925,0.0030740926
-0.013947152,0.53152883,0.29284188,0.035806824,-0.06314364,-0.014377328,-0.030388575,0.0052379863,0.0041695894,-0.00268828,-0.008206192,-0.0021897403,-0.1892651,-0.0027725538,-0.07854046,0.13784789,0.2305292,-0.0005573928,0.27091658,0.00011385297,0.0019158054,0.030045036,0.0,-0.026544811,-0.022891397,0.0,0.249882,-0.2891277,0.0,-0.05169967,0.0018288624,0.0,0.057361104,0.059270162,0.0,-0.045704722,0.6068583,-0.021012824,0.092032485,0.02861222,0.02592077,-0.016049763,0.029728007,-0.20335361,0.08304068
-0.020673431,-0.3671487,0.21435149,-0.12522267,0.05276479,0.011192214,0.015272269,0.010374948,-0.11313315,-0.011503215,-0.012860677,-0.0026580652,0.15273145,-0.00077878387,0.02506875,0.0722018,0.11179908,-0.00024134622,0.21926029,0.0006449087,-0.01144351,-0.16767731,0.0,-0.0039786487,-0.05870088,0.0,0.021975696,0.11707972,0.0,0.009992995,0.019119132,0.0,0.052763797,-0.015744934,0.0,-0.26782927,-1.2246271,-0.028159035,0.061277118,-0.019352308,0.0017522384,-0.012544702,0.026572246,0.3618975,0.0064075077
-0.022829948,-0.11824617,-0.23204705,-0.025995046,0.017748356,-0.018129418,0.008761911,-0.019178096,-0.10867883,-0.09423922,-0.008721351,-0.0056401044,-0.052400693,-0.0004904118,-0.04692131,0.085214026,0.06570454,-0.00028488864,0.15692122,0.00010786209,0.009577232,0.062496044,0.0,-0.013550377,0.07488558,0.0,-0.059960514,0.028089866,0.0,0.00042930912,-0.0022498656,0.0,-0.06635854,-0.06948893,0.0,-0.083117366,0.56606877,-0.015677473,0.061900016,-0.4106709,-0.15028419,-0.044508275,-0.023952825,-0.2589785,-0.006194178
-0.019906629,-0.4412268,-0.7216427,-0.1309637,0.11079307,0.022101102,-0.06806387,-0.039508615,-0.16339037,-0.060866654,-0.009221099,-0.0021185996,-0.15135938,0.00057447486,-0.115593605,-0.007469358,-0.13377087,0.015287678,-0.47747302,-0.009097087,-0.005167065,-0.07357653,0.0,-0.113524005,-0.0989768,0.0,-0.043261014,-0.2794164,0.0,-0.002636292,-0.04843556,0.0,-0.051751286,-0.060303975,0.0,-0.22185345,-1.1741879,-0.13246858,0.063731186,-0.005954759,0.0055694487,-0.03548465,-0.12117519,-0.123633906,-0.03126702
0.07975789,-0.5228647,0.16696596,-0.12156824,-0.119044624,-0.036906794,-0.09819755,-0.02472458,0.031277157,0.01282689,-0.01655674,-0.0029452783,0.20683618,-0.00071511307,0.052138675,0.10867507,0.18173702,-0.00014131954,0.22629225,0.00011755521,0.0035082796,-0.16129164,0.0,-0.001565426,-0.07130093,0.0,0.0610166,0.17534085,0.0,0.015062611,0.020308468,0.0,0.056438956,-3.30286e-05,0.0,0.030193258,0.5395337,-0.025099851,0.044477712,0.09440055,0.039826304,-0.023823729,-0.038963832,0.103215314,-0.005980918
-0.022878103,-0.0319836,-0.27264395,-0.42803475,0.084946446,0.008036852,-0.08288474,-0.0223056,0.030502135,0.01149733,-0.017175138,-0.0031524992,0.04532808,-0.0009756109,-0.0060222107,0.042771902,-0.14553806,0.0059843855,-0.45567402,-0.0007734145,0.016703887,-0.05757432,0.0,-0.034772787,-0.042390954,0.0,-0.012243956,-0.3562109,0.0,0.02860489,0.014989937,0.0,-0.057518654,0.04369036,0.0,-0.14633389,-1.1109318,-0.10504827,-0.6252299,-0.019159917,-0.0068775862,-0.15504923,-0.041234184,-0.20306954,0.02707592
-0.030459145,-0.6174287,-0.059006777,-0.026789857,-0.0025970247,0.0052469345,-0.03227214,-0.010914718,0.03654612,0.00808754,-0.008051907,-0.0027906315,0.10224179,-3.831629e-05,0.031418037,0.067131534,0.1687226,0.00020854524,-0.60813504,0.0001060276,-0.044925597,0.11404241,0.0,-0.029845558,0.14728491,0.0,-0.051662978,-0.4940598,0.0,-0.096338674,-0.08904356,0.0,-0.1240891,-0.031439308,0.0,0.012027602,0.32619828,-0.014525627,0.07934479,0.044663534,0.015662953,0.020904096,-0.018369976,0.31186625,0.031470463
-0.0072278692,0.26916948,-0.17683215,0.21584688,-0.02318774,0.0060229446,0.020514743,-0.0041193846,0.00541523,-0.00067467574,-0.013590399,-0.0034264694,-0.085954145,-0.00076396303,-0.056187127,0.096886456,0.19431688,0.0007274079,0.27792823,0.00011602065,0.00081530836,0.10484017,0.0,-0.010193916,0.07053088,0.0,-0.07555918,0.091768295,0.0,-0.0015183109,0.002264039,0.0,-0.112682715,-0.0042927614,0.0,-0.07168332,0.6226351,-0.01921552,0.06818504,-0.18967688,-0.087035455,-0.022019763,-0.008826227,-0.21993159,-0.073068075
-0.012445382,-1.6668708,-0.25754732,-0.6003408,-0.028050357,-0.012713555,0.012901052,0.010333665,-0.14156854,-0.08116733,-0.029318314,-0.0080717625,0.046326898,-0.00019625897,0.018036133,0.022933714,-0.108515866,0.008520469,-0.45017573,-0.0018188959,-0.002551187,-0.10155797,0.0,-0.043031134,-0.042590618,0.0,-0.05722925,-0.32903442,0.0,0.0033990287,-0.016428472,0.0,-0.06579395,-0.004275305,0.0,-0.103583276,-1.2451615,-0.095339365,-0.8136776,-0.11154641,-0.06660265,-0.0047947844,-0.013878337,-0.20451182,-0.010881483
-0.026842037,-0.43861556,-0.26192436,-0.24705042,0.043758772,0.028035445,0.03147505,0.007540823,0.0031571018,0.007085533,-0.031388447,-0.012213583,-0.090679154,-0.0013049382,0.00025589188,-0.13093998,-0.20818488,-0.00053066044,-0.30353042,0.0010864631,-0.045237165,-0.05765502,0.0,0.08377628,-0.0603653,0.0,0.026312115,0.02486808,0.0,-0.01175456,-0.028127827,0.0,0.002124138,0.032788668,0.0,0.14383052,-0.7282766,0.112583496,0.119658716,-0.16042238,-0.030178811,-0.20718102,-0.07845237,-0.19756138,-0.0014197356
-0.023511427,-0.25816652,-0.35456005,-0.3161549,-0.17880996,-0.052339546,-0.017037688,-0.009148361,-0.12672424,-0.068904884,-0.00882382,-0.003494712,-0.0026968417,0.0007597592,0.0049620005,-0.06716806,-0.19985558,-0.0015461593,-0.3862355,-6.512893e-05,-0.023424154,0.103923164,0.0,-0.06671224,-0.08077314,0.0,0.02415508,-0.2580373,0.0,-0.06378253,0.05443776,0.0,-0.0916006,0.019357596,0.0,-0.105302595,-1.0102683,-0.100923955,-0.6984751,-0.024492871,-0.009307877,-0.011007904,-0.071284376,-0.29934958,0.02778296
-0.04800777,-1.6662985,-0.2069253,-0.68194556,-0.061056606,-0.030675946,-0.05811845,0.0019631328,-0.024223175,-0.013528082,-0.014061343,-0.0029125554,0.044245437,-0.0006418971,-0.013884901,0.09562914,0.12245788,-0.0002602467,0.20438503,0.0001101913,0.01183826,0.08348377,0.0,-0.036819912,-0.12274927,0.0,0.03189445,0.13275144,0.0,0.0071997144,-0.22392572,0.0,-0.18565463,0.06173799,0.0,0.042909544,0.4132803,-0.033474088,0.043343246,-0.26925036,-0.1403243,0.016817493,-0.063786745,-0.3433324,-0.2133244
-0.03899288,-0.59898347,-0.52054894,0.40196273,-0.13857135,-0.019353833,0.04106342,0.030551054,0.022840701,0.017214803,-0.01593804,-0.0028516976,-0.047538016,-0.00080407644,-0.06290999,0.023329472,-0.09738818,0.00591788,-0.39976174,-0.0027053785,0.00946712,-0.1202781,0.0,-0.026736168,-0.040017664,0.0,-0.053429943,-0.2537763,0.0,0.0065228157,0.024615841,0.0,-0.0785615,-0.016828686,0.0,-0.04451126,-1.0770384,-0.059875783,-0.50464475,-0.0985389,-0.047583375,-0.022998478,-0.019862102,-0.13299106,-0.17893822
0.30655107,0.24343933,-0.27998444,0.13670385,-0.027076153,-0.009140943,-0.18695495,-0.023348771,-0.025944509,-0.0017072853,-0.022515872,-0.006103644,-0.11233743,-0.00046281682,-0.08849727,-0.07750384,-0.14474681,-0.0005702709,0.0538543,8.339733e-05,-0.010607534,-0.2966945,0.0,-0.0040476085,0.063193426,0.0,-0.079267874,0.05628979,0.0,-0.015185392,0.035818044,0.0,-0.085987754,-0.0006215265,0.0,-0.06271679,0.48544064,-0.02305784,0.062301498,-0.264109,-0.061438624,-0.010318997,-0.09382994,-0.17596461,-0.056122955
-0.079112604,-0.6924471,-0.3109633,-0.21691833,-0.04703912,-0.028187355,-0.058532964,-0.0014216364,-0.0757158,-0.059000414,-0.012045879,-0.0027743112,-0.067576855,0.0006241301,-0.08460344,-0.027951648,-0.12946348,-0.001658085,-0.18383925,6.3218475e-05,0.020725904,-0.10447005,0.0,0.018617481,-0.033531494,0.0,0.073509425,-0.22313647,0.0,0.0014103574,-0.030472076,0.0,0.022018261,0.14098161,0.0,-0.027630148,-0.982271,-0.110186,-0.68465626,-0.047767457,-0.019678814,-0.0040174564,-0.015994037,-0.1865581,0.015433814
0.0048370454,0.2847353,0.053765155,0.14967997,0.036063075,0.011667476,-0.026156286,-0.0047924314,0.004408291,-0.00022176898,-0.008102832,-0.0020567847,0.20491332,-0.0005064031,0.11350001,0.10930281,0.1458919,0.0006878489,0.3199226,0.0001393023,0.0076826895,0.06572084,0.0,-0.01636808,0.055256706,0.0,-0.086718276,0.11296697,0.0,0.0051591936,0.037797485,0.0,-0.06938123,0.059168812,0.0,0.076586455,0.7165193,-0.019207206,0.07002276,0.058907058,0.020300377,-0.043083105,-0.005336204,0.1235973,-0.026336363
0.005532586,-0.77554023,0.25334927,-0.25765216,-0.064108714,-0.031067114,-0.045062512,-0.018732976,0.028583959,0.021282887,-0.007765607,-0.0035511188,0.024535509,8.888109e-05,0.0020871102,0.02235579,0.0910493,-0.00091062393,-0.40441644,0.001094903,-0.073668,-0.10198994,0.0,-0.002609353,0.038224522,0.0,-0.061406873,-0.20256126,0.0,-0.04929207,-0.10278587,0.0,-0.18541189,-0.017251233,0.0,0.05830065,-0.59362227,0.11589703,0.11745218,-0.3069455,-0.066909544,0.006932734,-0.06753599,0.11589129,0.028751377
0.006707819,-1.0308938,-0.030232243,-0.27881256,-0.07203312,-0.008608868,-0.072379224,-0.027533568,-0.018490467,-0.016518367,-0.009690127,-0.0041097677,0.034412153,-0.00037179625,-0.03294576,0.03483091,0.10714224,-0.00069875136,-0.4229115,0.00058796845,-0.05471592,-0.074903935,0.0,0.030619504,-0.095223084,0.0,0.022945141,0.109147444,0.0,0.004655182,-0.086585686,0.0,-0.1857057,0.099443324,0.0,-0.22905499,-1.0157772,0.041405026,0.085961066,0.020483356,-0.0045700194,0.038884673,-0.06038361,0.36173052,0.02771883
-0.015127467,-0.5001531,0.09452984,-0.31581166,-0.027423963,-0.0070291697,0.048713554,-0.00085404527,0.025633296,0.0090826135,-0.0019398647,-0.002052103,0.11243768,0.00033677722,0.06124546,0.040001318,0.11235709,-0.0034587453,0.16261435,0.0001390662,0.007569758,-0.15795828,0.0,-0.043719206,-0.06975074,0.0,0.05276837,-0.28223574,0.0,-0.087494776,0.021035187,0.0,0.0916499,-0.06163972,0.0,-0.18918252,-1.1738908,-0.13719687,-0.65435493,0.05310137,-0.006338603,-0.026453588,-0.004397966,-0.24647716,0.011968222
0.007723187,0.24997313,0.4298604,-0.011968383,-0.015130419,-0.03263819,-0.07608103,-0.03780087,0.04014891,0.02002303,-0.004763593,-0.0022283858,-0.11076811,-0.0006930733,-0.035249885,0.05042523,0.12655395,0.0004916591,0.114833966,0.001718847,-0.010558741,-0.18004338,0.0,-0.040354975,-0.022686739,0.0,0.082650736,-0.28851825,0.0,-0.073887065,0.0062773577,0.0,0.057893448,-0.033125106,0.0,0.113829754,-1.1235509,0.122474454,0.11084516,0.05167648,0.024247289,-0.029647088,-0.008354658,0.10852488,-0.031352334
-0.021829894,-0.4098354,-0.19363774,-0.002185353,-0.07847226,-0.06771033,-0.05364209,-0.006312223,-0.008256937,-0.009946791,0.03394888,0.014218776,0.06186557,-0.018557698,-0.036699813,-0.11332307,-0.19823748,-0.0013507464,0.1316819,0.0010460148,-0.0090940865,-0.059178594,0.0,0.1017782,0.1070334,0.0,-0.06260015,-0.37763086,0.0,-0.07719399,-0.01889401,0.0,0.015477163,-0.0007853209,0.0,0.09451566,-0.8501461,0.10318063,0.10497196,-0.035511103,0.0041023623,0.018140698,-0.026630716,-0.24893238,-0.016290141
-0.017420908,-0.49020833,-0.19220063,-0.3192781,0.00022801082,-0.007790016,-0.05793261,-0.015281253,0.015391102,-0.00917352,-0.009229899,-0.004373677,0.059900284,-0.0004532482,0.029760228,-0.043371953,-0.20129874,-0.0018772121,-0.39153793,-2.4460016e-05,-0.034645848,-0.05299011,0.0,0.07362121,-0.097446755,0.0,0.022010103,-0.21563046,0.0,-0.046412136,-0.0096645085,0.0,0.02344476,-0.016914202,0.0,-0.37181002,-0.82817334,0.0036136622,0.090539955,-0.052112114,-0.027144264,0.03921738,0.029018318,-0.2912832,0.0122834705
-0.03390205,-0.27034238,-0.09587579,0.16220836,0.026112037,0.005376282,-0.084096044,-0.021677395,0.019693129,0.0097778,0.0952323,0.03467216,0.115997866,0.002945595,-0.024975395,-0.11655118,-0.23581475,-0.00016637707,-0.5078306,0.00012823645,-0.05755812,-0.12528136,0.0,0.010791892,0.018182259,0.0,-0.07651249,0.2191985,0.0,0.021026121,0.0076946365,0.0,-0.09713548,0.012039488,0.0,0.003249852,0.44072482,-0.028273676,0.08129703,0.030837623,0.022517066,0.006804442,-0.013256397,-0.39637795,0.025859142
0.0009803206,0.07702974,-0.43324608,0.12569024,-0.06075074,-0.030034369,0.006015384,-0.0041621006,0.013662215,0.007530908,-0.025159964,-0.010350361,-0.13724019,-0.0013931216,-0.046218187,-0.11336546,-0.16879855,0.0006273793,0.16346611,0.00012506904,-0.005627277,0.13082272,0.0,-0.0031283356,0.07281419,0.0,-0.06757734,0.082388476,0.0,-0.0034419103,0.015698021,0.0,-0.08530543,0.040626086,0.0,-0.038365763,0.61586916,-0.017590825,0.05702663,0.050744,0.031756736,-0.017322669,-0.01445489,0.2510837,0.02355201
-0.004617448,-0.5201885,0.2597315,-0.18615091,-0.08031549,-0.025668796,-0.028921869,-0.018709306,0.031538453,0.00787014,-0.00618193,-0.002786714,0.07784501,-3.6903144e-05,0.0042515825,0.04870244,0.09132032,-0.0011785304,0.1539235,0.001086535,0.00091586076,-0.13415517,0.0,-0.008312694,0.05454912,0.0,-0.028851762,-0.21911725,0.0,-0.064607866,-0.13688391,0.0,-0.1711615,-0.0054463614,0.0,0.046289798,-0.77804685,0.07741142,0.08119035,-0.3456513,-0.16698514,-0.011886213,-0.05628375,0.19010502,0.025300398
-0.014128543,-0.3726858,0.18291351,0.16568874,0.063286796,0.010925692,0.06036257,0.025893977,-0.016487593,0.013434528,-0.0372275,-0.007046351,-0.09717224,-0.0010272185,-0.023512429,0.04989979,-0.18763049,0.0030074776,-0.34994033,-0.00078069617,-0.0117427,-0.066618934,0.0,-0.042142097,-0.030000396,0.0,-0.024655763,-0.18077146,0.0,0.01111484,0.0062370203,0.0,-0.04227054,-0.00030579977,0.0,-0.040048365,0.50950056,0.018228775,0.08610519,-0.08743466,-0.056988806,0.10784057,0.010085918,-0.106015176,-0.03552898
0.013110461,-0.42023516,0.10814353,-0.11282511,0.008564421,0.013448388,-0.013854371,-0.0005558534,-0.006578764,-0.012587766,-0.011165891,-0.0035643757,-0.21270476,-0.00038700306,-0.026959874,0.048853874,0.110271975,-0.00047186296,0.28810933,0.0010951046,0.0017557995,-0.14688684,0.0,-0.023126295,0.02344929,0.0,-0.057463687,0.11717098,0.0,0.00665372,0.02076296,0.0,0.12090283,0.050616954,0.0,0.17237355,-0.8941897,0.1150389,0.10218975,0.059448976,0.029546916,-0.12632322,-0.0018987551,-0.20176588,-0.0076338663
-0.016759513,-0.53324234,-0.012485327,-0.18410398,-0.15560426,-0.06342705,-0.01700672,0.0031698449,-0.48136675,-0.20056532,-0.0047421437,-0.0012845905,0.06667519,0.0010249977,0.032100044,0.05769463,0.1110915,-0.00032646177,0.24352646,0.0002834232,-0.009027951,-0.17582737,0.0,-0.009317745,0.0006314447,0.0,0.099483795,-0.21272399,0.0,-0.024709648,-0.0024221193,0.0,0.031064006,-0.016444324,0.0,0.070906535,-0.92468125,-0.015098782,0.0540452,0.0033424299,-0.0022504518,-0.07171583,0.0016572826,0.20044775,-0.016311169
0.017768452,-0.04616297,-0.19476326,0.034203418,-0.041002557,-0.019966561,-0.0870434,-0.037182845,-0.17659964,-0.07642798,-0.013474747,-0.0023930257,-0.18248443,-0.0010888812,-0.08705773,0.10555687,0.18386352,-0.00016191101,0.18572165,0.00011563456,-0.003041633,-0.13936877,0.0,-0.017180337,-0.08169656,0.0,0.06059481,0.15723656,0.0,0.013097617,0.016051559,0.0,0.103745185,0.109973565,0.0,-0.0068514077,0.56213635,-0.035781335,0.07250105,0.052224506,0.03638312,0.0034251842,0.00025981045,0.21342124,-0.01982349
-0.010468226,-0.4964766,-0.20805542,-0.46937287,-0.11839794,-0.043081503,-0.039603096,-0.016518973,0.05195599,0.02333026,0.08772647,0.023224061,-0.009636869,-0.011221712,-0.054578602,-0.094127715,-0.23743108,-0.0010624767,-0.43377438,-5.9071506e-05,-0.025530633,-0.034969255,0.0,0.062261768,0.04463628,0.0,-0.093315996,-0.43905655,0.0,-0.104047425,-0.031130845,0.0,0.06617706,0.05610053,0.0,-0.09156324,0.38030922,-0.029109921,0.07236166,0.009565164,0.011493434,-0.0015223059,-0.035522766,-0.36867675,-0.00013896998
0.08173245,-0.55977523,-0.14349364,-0.15791865,0.0011969421,0.0019396733,0.008977526,0.009495426,0.01352014,0.0012052509,-0.012850645,-0.0029458774,0.072097,-0.00049660366,0.018203016,0.1321962,0.19346671,-0.00017890795,0.15635234,7.415243e-05,-0.0029010193,-0.10302669,0.0,0.0023654504,0.05777522,0.0,-0.072546594,0.14570759,0.0,0.0033508036,-0.015020318,0.0,-0.07259845,-0.084121846,0.0,-0.12402453,0.5957721,-0.0009604762,0.062234823,0.06409353,0.031830337,-0.11780184,-0.07218352,-0.4040027,0.010358471
-0.0018362376,-0.7480676,0.3040054,-0.21926299,0.062057853,0.03062985,0.034482528,0.023631131,0.090847656,0.027205972,-0.004032835,-0.0019558507,-0.011847019,-3.704259e-05,0.0032310532,0.029889865,0.15730934,-0.002429563,-0.48434347,0.0009827062,-0.071532644,-0.10475817,0.0,0.026633706,-0.12353215,0.0,-0.015206853,-0.19423978,0.0,-0.03933383,0.040672027,0.0,0.104526,0.013338048,0.0,0.19811825,-0.51758766,0.05520403,0.07548041,-0.031759955,-0.013430762,0.0114056105,-0.032794096,-0.2233069,0.009867777
-0.03913789,0.78852814,-0.04742005,0.25366008,0.07497123,0.029271772,-0.016751545,-0.004194029,0.09175391,-0.006925916,-0.016834443,-0.004581839,-0.034753792,0.00030136298,-0.028689355,0.03766152,-0.22149639,0.0035284017,-0.40450075,-0.0007433067,-0.0014170767,-0.16091077,0.0,-0.013446169,0.009067627,0.0,-0.030873215,-0.26724038,0.0,0.0010711639,-0.005962797,0.0,-0.04497261,-0.008877222,0.0,-0.034605227,0.5811597,0.008888018,0.10454271,-0.25115296,-0.106441475,-0.014182423,0.021773962,0.0144819915,-0.12325152
-0.0054014134,-0.17095548,-0.29321316,0.050463554,0.07654899,0.01772358,-0.16375524,-0.022559652,-0.05313467,-0.05317183,-0.035768334,-0.0045432737,-0.108020656,-0.0011945694,-0.06207675,-0.32120076,-0.26943824,-0.0011854318,0.048220668,-9.191703e-06,-0.011015321,0.0056883343,0.0,-0.040722236,-0.13877957,0.0,0.04717372,0.070433624,0.0,0.0017228406,-0.05886574,0.0,0.01710999,0.015115367,0.0,-0.06085992,0.45130652,-0.028077666,0.06291082,0.023703787,0.013936391,-0.00822784,-0.17174698,-0.44759446,-0.06150267
-0.04120579,-0.7264618,-0.23350939,0.110027604,-0.06915064,-0.022721725,-0.015224051,-0.005367225,-0.0915828,-0.059765626,-0.018602476,-0.0021239622,-0.09559809,0.0010258412,-0.11713842,0.018272525,-0.103873916,0.0037265709,-0.40310225,-0.002437162,0.003595118,-0.1147849,0.0,-0.02329711,-0.0149228275,0.0,-0.04946547,-0.28093028,0.0,-9.420083e-05,0.0011083008,0.0,-0.045272302,-0.026846085,0.0,-0.09516268,-1.2275964,-0.062241044,-0.81268483,-0.2288363,-0.07939131,-0.09895898,0.0026649907,-0.10778525,-0.1292268
0.00519474,-0.12825452,0.018404663,-0.23517741,-0.05490224,-0.032531377,0.009887664,0.018622303,-0.12196195,-0.05461377,-0.007667871,-4.5454195e-05,-0.15973805,0.00096194254,-0.102302104,0.11727112,0.13874523,-4.4305067e-05,0.19144902,0.00010313695,-0.008924895,0.026013866,0.0,-0.053787813,0.070526965,0.0,-0.09113406,0.11842735,0.0,0.0036750943,0.0024859002,0.0,-0.06677958,-0.041735306,0.0,0.013756119,0.593412,-0.020441402,0.07238652,0.02161914,0.017321901,-0.013113165,-0.008967702,0.12072967,-0.007166361
-0.040195495,0.67631054,-1.196632,0.3002679,-0.0590857,-0.031690195,-0.056719158,-0.005963534,-0.10477918,-0.039636657,-0.011744208,-0.0055203987,-0.053198088,-1.1059656e-06,-0.061137203,0.017560285,-0.1639669,0.004126322,-0.4474934,-0.009360154,0.0008756444,-0.08325214,0.0,-0.058244184,-0.019091254,0.0,-0.03296843,-0.2715488,0.0,0.014491421,-0.013867332,0.0,-0.08619266,0.0075938893,0.0,-0.23551483,-1.3847462,-0.09458481,0.08777308,-0.281626,-0.1536995,-0.036095023,0.0128727,-0.12404155,-0.015683953
-0.014630241,-0.13319235,0.5370462,-0.33819637,0.10143341,0.035078768,0.06257899,0.019144243,-0.06442894,-0.046485938,-0.014425627,-0.0033079337,0.10981641,-0.00045193563,0.007748779,0.06480274,0.110975206,-0.00032377717,0.18279377,0.0009647833,-0.0049722935,0.08805331,0.0,-0.008927135,-0.031367734,0.0,0.058917645,0.06648941,0.0,-0.0020648695,0.01990699,0.0,0.07242882,0.018649334,0.0,0.046542056,-1.1652853,0.04682296,0.09562767,-0.42670202,-0.16926622,-7.736346e-05,0.014365918,0.24270545,-0.008578888
-0.008449683,0.52093166,0.3031934,0.21855815,0.10996339,0.017297644,-0.0186616,-0.0013620794,-0.027856842,-0.0021668258,-0.0051062917,-0.0021055862,0.14436717,-0.00062434986,0.08027263,0.12310577,0.20580567,0.00050891814,0.2536067,0.00014087425,-0.0054833214,-0.1917105,0.0,-0.026992109,0.07216154,0.0,-0.07024587,-0.52041095,0.0,-0.0857079,0.00811131,0.0,-0.07320785,-0.038948074,0.0,0.017687688,0.68814653,-0.026506742,0.09094367,0.07719988,0.03538908,-0.033047,-0.033107754,0.09320319,0.01997328
-0.006277032,-0.14734651,-0.33764172,-0.09064817,0.038092334,-0.0067423787,-0.04019402,-0.01004279,-0.016998395,-0.005679784,-0.018811215,-0.011090214,-0.16742602,-0.0052113472,-0.11480257,0.034697622,0.09697747,0.00022544805,0.15312381,0.00025379905,-0.023573253,0.14078029,0.0,-0.02543809,-0.15890597,0.0,0.03178086,-0.21048427,0.0,-0.041723683,-0.0016170342,0.0,-0.102728695,0.063338146,0.0,-0.084367245,-1.3352493,-0.118496746,-0.6796096,0.023359876,0.006504812,0.03319572,-0.057300914,0.27520177,0.0154829165
0.08324333,-1.14005,-0.15696098,-0.3754314,-0.11805255,-0.062438827,-0.019501068,0.010183732,0.024568886,0.0062883873,-0.0070726303,-0.0026708962,0.09075781,0.00034429602,0.04852766,0.061943755,0.116333224,-0.0033524856,-0.5640095,-0.0013088458,-0.037115335,-0.08760124,0.0,0.00050565484,0.103425086,0.0,-0.05806646,0.11212727,0.0,0.0043775244,-0.11103726,0.0,-0.1580282,0.018043512,0.0,-0.11912753,0.39523727,-0.057281546,0.064325035,-0.0037053002,-0.010015881,-0.01481128,-0.034958925,-0.37302098,0.009855903
0.13380517,-0.10542786,-0.6646872,-0.08770666,-0.18068165,-0.06291418,-0.119309984,-0.016621366,-0.0076847863,-0.005278018,-0.021068975,-0.008667744,-0.27901128,-0.0007352707,-0.08329031,-0.28090894,-0.27919525,-0.0010569632,0.06203062,2.248562e-05,-0.009604874,0.07017368,0.0,-0.04228524,-0.13359796,0.0,0.00027569314,-0.32565236,0.0,-0.047823463,-0.02710448,0.0,-0.081422605,-0.05348354,0.0,-0.026627986,0.34644243,-0.061380208,0.065086,-0.0044873133,-0.0020804896,0.0037575439,-0.27062604,-0.39137468,-0.113812245
-0.014829833,-0.55244976,-0.27349943,-0.6079497,0.006705448,-0.024505073,-0.044779953,0.0002869857,0.046316203,0.034428746,-0.019330885,-0.0040832986,0.08900469,-0.0011205099,0.112445936,0.016570106,-0.12824312,0.060669135,-0.36734363,-0.0017467118,-0.009097923,-0.06735467,0.0,-0.023988798,-0.067401744,0.0,-0.060799215,-0.26382196,0.0,0.001276541,-0.013298028,0.0,-0.10298415,-0.0019130015,0.0,-0.12727655,-1.1006694,-0.10773166,-0.6682216,-0.14401786,-0.07995856,-0.007856006,-0.00022525215,-0.20079955,0.02076023
0.03242698,0.14683072,-0.069305815,0.13641399,0.06913525,0.00019201252,0.006994995,-0.0013289716,0.0034363475,0.001411552,-0.014616496,-0.002819511,-0.13451079,-0.00085221103,-0.057760995,0.046126634,0.09703966,0.00088818325,0.2055385,0.00012723671,-0.0043777637,0.12988015,0.0,0.013767798,0.07363173,0.0,-0.0743246,0.06657336,0.0,-0.007748234,0.0052477075,0.0,-0.1002044,-0.02485941,0.0,-0.08368005,0.6424984,-0.014385837,0.059593163,-0.2645793,-0.10244542,-0.014551393,-0.015560653,0.11554387,-0.011726463
0.25308225,-0.2064175,0.17908336,0.20683618,0.03877991,0.019767603,0.051141057,0.028624708,0.027439764,0.016275309,0.18908463,0.0515236,0.1378013,0.0048164353,-0.0004703741,-0.09890083,-0.16637573,-0.0003199583,-0.35474348,0.00011932166,-0.031683818,0.10909235,0.0,-0.048940014,0.0584082,0.0,-0.06880053,0.17150225,0.0,0.01054366,0.009105125,0.0,-0.10308743,0.03678296,0.0,0.0728389,0.46622196,-0.008124772,0.07924175,-0.08880687,-0.04376679,0.14840272,-0.0077513307,-0.22349155,-0.007357811
-0.016815035,-0.5601465,-0.3837529,-0.29318085,-0.08137639,-0.050583042,-0.0640271,-0.015097652,0.017518112,0.011163837,-0.07643072,-0.012285985,0.04012144,-0.0042515043,-0.046335757,-0.30255955,-0.37125584,-0.0006182629,0.16767585,9.183411e-05,-0.004634642,0.09614077,0.0,-0.09168548,0.053509586,0.0,-0.10864073,0.03363589,0.0,-0.008421063,-0.048737396,0.0,-0.100940086,-0.008599302,0.0,-0.076840766,0.5186233,-0.013370298,0.052128427,0.02014269,0.020285659,-0.023605457,-0.017242441,0.2472389,0.019039625
-0.033245668,-0.5101442,-0.23881403,-0.36929166,-0.20113745,-0.10918292,-0.04501986,-9.364127e-05,0.031164777,0.012728741,-0.034781944,-0.0049570166,0.09899821,-0.0026181736,0.024897367,-0.17638294,-0.2397466,-0.0007185768,0.20241274,0.0011288578,-0.0044105873,-0.1343159,0.0,0.019779973,0.04596316,0.0,-0.08292636,-0.3150121,0.0,-0.046761252,0.012696337,0.0,0.012198709,0.036948673,0.0,0.10135011,-0.8647051,0.06504684,0.09132113,-0.008124655,0.0038155243,-0.003091983,-0.03147275,0.1620724,0.005075119
-0.02070112,0.8924426,0.13264138,0.2785313,-0.08970042,-0.029117089,-0.07201361,-0.02218104,-0.32613504,-0.09056538,-0.0149595775,-0.0040401313,-0.13157143,-0.0028893985,-0.042257294,0.11817172,0.1341804,5.241284e-05,0.27508625,0.00013267962,0.012601282,0.10677286,0.0,-0.014131693,0.055482417,0.0,-0.07564967,0.1846709,0.0,0.0071966527,0.043521866,0.0,-0.05311661,-0.026205735,0.0,0.054410577,0.6559525,-0.026425462,0.078911446,-0.14435793,-0.054720115,-0.035466366,0.015096558,0.08320201,-0.027679674
-0.038928118,-0.45974317,-0.20059423,-0.19193794,-0.1484477,-0.06810814,0.12900595,0.050937824,-0.20666027,-0.08313571,0.1470757,0.035394758,0.024777442,0.0024921247,0.006240136,-0.13319479,-0.20160355,-0.00044601772,-0.4116986,7.7997276e-05,-0.0494685,-0.04950242,0.0,0.06988455,-0.0462405,0.0,-0.12781315,0.09964044,0.0,0.0036753067,0.050853953,0.0,-0.07533124,0.020674944,0.0,-0.09469611,0.42127827,-0.011849537,0.08262506,-0.10330775,-0.053606864,0.024846597,-0.027937833,-0.14195353,0.01542926
-0.001922648,0.026479453,-0.10946208,0.004402495,0.056546915,0.0047247773,0.015173732,0.01674729,0.0024638209,0.00591433,0.0707967,0.012773722,0.12991007,0.0029618393,-0.048647262,-0.09303603,-0.16037153,0.0006291478,0.28172857,0.00013679425,0.0029000982,0.007947596,0.0,-0.044548206,-0.11783657,0.0,0.05465001,0.1791684,0.0,0.015494545,-0.03036521,0.0,-0.104596294,-0.057069737,0.0,-0.10141242,0.6440621,-0.02177969,0.061818525,0.044113442,0.05153111,-0.043600902,0.022818642,0.19000895,-0.025593506
0.008776584,-0.14758867,-0.7423124,-0.08636709,-0.1833902,-0.03462464,0.03808599,0.0065920497,-0.20555209,-0.09317012,-0.040540587,-0.012269513,-0.1777165,-0.00030453407,-0.07585052,0.037267704,-0.28832772,-0.0036424885,-0.64021444,-0.0005925346,-0.007965529,-0.2839337,0.0,-0.02916092,-0.096287586,0.0,-0.06181541,-0.63214064,0.0,0.0022783433,-0.04016476,0.0,-0.05156611,-0.102513514,0.0,-0.028194781,0.41185483,-0.014954228,0.082754046,0.0040560784,0.006331028,-0.051443778,0.008871116,0.054873783,0.0072381953
-0.015215394,-0.29840833,-0.33288118,-0.37120703,0.0457396,0.03463166,0.0035155069,0.017026432,0.041368086,0.014161306,-0.018471604,-0.006533857,-0.06703017,-0.0010447856,-0.041434363,-0.06412397,-0.17678642,-0.003466752,-0.20893325,5.9683007e-06,-0.0035348244,-0.035231285,0.0,0.0790584,-0.03485183,0.0,0.07384051,0.087702915,0.0,-0.007359423,-0.072076224,0.0,-0.00164091,0.01106127,0.0,-0.3388648,-0.8021495,0.056010798,0.09469034,0.013979412,0.03842724,0.032000285,-0.024174118,-0.26255897,0.013959933
-0.028592413,-0.4987303,-0.2583039,-0.0995009,-0.11818615,-0.052951325,-0.03296301,0.015164437,-0.07564084,-0.012451076,-0.024354404,-0.0077515705,-0.09830053,-0.0011280125,-0.064355806,-0.096980795,-0.15542252,-0.0013159792,0.036826637,0.0008843903,-0.0061855554,0.04195826,0.0,-0.10320331,-0.12470431,0.0,0.0005023754,0.080679104,0.0,0.0101443175,0.03632508,0.0,-0.07068078,-0.01702264,0.0,0.041138083,-0.899876,0.051486533,0.06515095,-0.15892428,-0.092220135,0.0017424024,-0.04358569,-0.24838464,-0.032764588
-0.0145953335,0.25372106,-0.10142553,0.2575283,-0.08504068,-0.03557147,0.044487115,0.012882983,0.014477994,0.00435384,-0.026644036,-0.0051057236,-0.084636666,-0.0037050426,-0.039428897,-0.15293674,-0.22505586,0.00026069552,0.18626499,0.00012506904,-0.015348602,0.1260163,0.0,-0.01473823,0.056109156,0.0,-0.06845547,0.08419749,0.0,-0.008183831,-0.028465359,0.0,0.059080176,0.0027410702,0.0,-0.054259524,0.61515784,-0.018915288,0.06259017,0.066388875,0.01929724,0.005588677,-0.017472615,0.13743076,-0.007238719
-0.020676395,-1.647724,-0.3728808,-0.5594692,-0.07784164,-0.010214259,-0.010513972,-0.0038181827,0.01989344,0.013096549,-0.025947588,-0.0074011576,0.05887906,-0.0010688704,-0.00029738655,0.025499023,-0.1349276,0.0021112151,-0.5116396,-0.0020048975,0.011890585,-0.0735689,0.0,-0.04490143,-0.08272041,0.0,-0.051453095,-0.37017336,0.0,0.014829377,0.009262982,0.0,-0.08588948,0.0114983395,0.0,-0.11933064,-1.2613847,-0.08738686,-0.7458231,-0.0013591539,0.0104339365,-0.11736567,-0.037707668,-0.23927227,0.00016565509
-0.020571094,-0.3023325,-0.9195057,-0.13127796,-0.11798309,-0.029177614,-0.055186667,-0.018981643,0.040916406,0.012337473,-0.022463446,-0.002830305,-0.0892804,-0.00047853714,-0.055164687,0.017448418,-0.13653049,7.1730465e-05,-0.61211187,-0.0008139279,0.0050861766,-0.14726803,0.0,-0.015832342,-0.047599915,0.0,-0.052046,-0.4379698,0.0,0.0029176523,-0.0010047241,0.0,-0.0652789,-0.033873796,0.0,-0.05365082,0.45788676,-0.006661577,0.066758096,0.14498107,0.077781044,-0.01735721,0.025736276,-0.26660982,-0.05727375
-0.00423376,-0.2857429,-0.53749454,-0.14082657,-0.18879527,-0.028910633,0.0029047541,0.015850082,-0.1526122,-0.09575842,-0.011805226,-0.0032393036,-0.19483875,-0.00014012249,-0.1448348,0.0050306213,-0.14229788,0.029138537,-0.46064752,-0.00827973,-0.007905612,-0.13105881,0.0,-0.087380216,-0.108510226,0.0,-0.028158091,-0.37181327,0.0,0.004151822,-0.017905708,0.0,-0.076537944,-0.050748754,0.0,-0.26404876,-1.0595884,-0.07551941,0.06998306,0.044324443,0.019799126,-0.03586291,-0.24086961,-0.2064871,-0.010730065
0.05773901,-0.82775086,-0.124239646,-0.3932018,-0.030188816,-0.017151665,0.0400098,0.011766162,0.014476782,0.006868445,-0.020186823,-0.0028215738,-0.46869078,-0.0006871241,-0.14557435,0.09787538,0.12810798,0.00033761666,0.1460784,0.000110538815,-0.0015729227,0.10410228,0.0,-0.05012156,-0.13590918,0.0,0.0070639476,0.1318762,0.0,0.01775371,0.011528874,0.0,-0.054668542,0.011893645,0.0,0.0024750354,0.5287174,-0.027556762,0.055925444,-0.011526042,0.0042826417,-0.017004196,-0.009887651,0.11266395,-0.042389907
-0.0414671,-0.6310227,-0.24757323,-0.40945932,-0.14644425,-0.06337931,0.018117284,0.020898595,0.022153433,0.010928954,0.17774172,0.039500568,0.05663744,0.004587171,-0.0056706886,-0.18422157,-0.25905812,-0.0010475528,-0.4482,7.222151e-05,-0.089315034,0.014771002,0.0,-0.07161746,0.016027337,0.0,-0.09992608,0.079718545,0.0,0.0017545237,0.008603498,0.0,0.07123635,-0.012469338,0.0,-0.10544312,0.45348498,0.0012538325,0.063150786,-0.16634543,-0.069395214,-0.062119104,-0.022283653,-0.35622644,0.03297077
-0.037937988,-0.81229025,-0.25120735,-0.24579547,-0.06694202,-0.008919407,0.028541084,-0.00783258,0.023277901,0.01072969,-0.026769258,-0.0030912946,0.031845935,-0.0009888338,-0.014584872,0.008076421,-0.12735511,0.009443174,-0.43373352,-0.00075244874,0.0053081373,-0.07005965,0.0,-0.040694818,-0.043772474,0.0,-0.071409136,-0.25705162,0.0,0.0024091867,0.0013023119,0.0,-0.087932564,-0.001909232,0.0,-0.092586264,-1.1693234,-0.090312846,-0.7738916,-0.15157546,-0.07045212,0.00016645153,-0.027798943,-0.18722011,-0.17062965
0.0071928096,-0.0028332113,-0.26769978,0.07394534,-0.096961446,-0.023756918,0.026846718,-0.0012934395,0.0092777135,0.0013071828,-0.016154842,-0.003393843,-0.17102802,-0.0016623243,-0.061860666,0.03984749,0.156758,0.0013273146,0.22313845,0.00013679425,-0.014384512,0.08017614,0.0,-0.008119883,0.08146717,0.0,-0.07183059,0.12700745,0.0,0.004745415,-0.013277961,0.0,-0.104746625,0.0015268859,0.0,-0.06761028,0.65931106,-0.020990811,0.06863525,0.028537223,0.015646305,-0.022110568,0.004139019,0.15701497,-0.010075089
-0.004873102,0.49506965,0.0036301105,0.10351224,0.14802349,0.043119363,-0.036318883,-0.006257459,-0.021165544,-0.0063472386,-0.003973201,-0.0016783482,-0.2525276,-3.922851e-05,-0.13537838,0.10317672,0.22566438,-0.00046359363,0.21454903,0.00010953629,-0.009944668,0.031550515,0.0,-0.02720584,0.10068689,0.0,-0.056115177,-0.3511221,0.0,-0.0902494,-0.0041410583,0.0,-0.08061628,-0.04226543,0.0,0.0054087853,0.6177554,-0.024601683,0.08168581,-0.0040864954,0.007855135,-0.032043453,-0.15162891,-0.30431238,-0.010075565
-0.021603443,0.3976736,-0.15551667,0.23419614,-0.15346693,-0.08347738,0.046972066,0.0075455965,0.051157333,0.02063813,0.092122085,0.035324052,0.16024694,0.0009547535,-0.015884861,-0.024956293,-0.1933022,0.0016236922,-0.49235934,0.00013048295,0.006467849,-0.2100388,0.0,0.027350137,0.043602344,0.0,-0.0970344,0.16401532,0.0,0.004978032,0.042152938,0.0,-0.09923172,0.0038158316,0.0,0.053315144,0.56047887,-0.012135255,0.08224025,0.13736178,0.07340411,-0.00866783,-0.035518143,0.16246098,-0.0030833986
-0.022150092,-0.20673491,-0.2978999,-0.26853013,-0.17796692,-0.06011168,-0.07334155,-0.033302944,-0.0035605342,0.0045767156,-0.027420256,-0.011185659,0.030601779,-0.0011415329,0.01061022,-0.1609633,-0.25376675,-0.00033670146,-0.3800399,0.00011477383,-0.036619272,-0.086894326,0.0,0.013532002,-0.1167733,0.0,-0.013203795,-0.36593196,0.0,-0.099107005,-0.017982814,0.0,-0.10134735,0.016603194,0.0,0.00782948,0.31841013,-0.05620561,0.085910976,-0.20650211,-0.09407364,-0.07295296,-0.04741739,-0.2690464,-0.015243212
0.026093872,-1.0697123,0.1382663,-0.26053074,-0.08759933,-0.039141733,-0.023757793,-0.025396746,0.010196445,0.009672425,-0.018155152,-0.0027430113,0.11000689,-0.00073270296,0.016659813,0.118453786,0.17461084,-0.0003029037,0.2610438,0.00010603894,0.019320227,-0.09886265,0.0,-0.017662004,0.00804849,0.0,0.11867638,0.13196762,0.0,0.03561132,0.09777334,0.0,0.07269177,-0.027412446,0.0,0.024728077,0.46212232,-0.046190027,0.043417137,0.06034349,0.03160608,0.0061182035,-0.00624931,0.21360183,0.012546228
-0.03529198,-0.30546343,0.15810601,-0.04935447,-0.05297985,3.6420883e-05,0.049346697,0.013453388,-0.45111364,-0.14101313,-0.004061815,-0.001999846,0.030884584,0.0012749578,0.03757066,0.028981514,0.1346719,-0.0017022688,-0.32211316,0.00016130615,-0.0081833415,-0.11309242,0.0,-0.0099070445,0.11598017,0.0,-0.026238287,-0.2643283,0.0,-0.0034230321,0.034575343,0.0,0.10123105,0.015746132,0.0,0.15103383,-0.70516646,0.0407855,0.087819114,-0.045218345,-0.057890292,-0.064948194,0.012425043,-0.19977064,0.030015621
-0.049199697,0.3273869,-0.19467098,0.11565952,-0.024889378,0.0053744935,-0.06742065,-0.004413304,-0.13796796,-0.034308888,-0.015763735,-0.012459232,0.057083268,-0.0014073681,-0.058757305,-0.075004525,-0.15247633,0.00021166669,-0.5920045,8.736204e-05,-0.05765794,0.050255507,0.0,-0.035860747,0.013399758,0.0,-0.10521079,0.116235346,0.0,-0.0035147713,0.022367693,0.0,-0.085677184,0.023092523,0.0,-0.077336766,0.50064427,-0.009908852,0.077350475,-0.24551241,-0.11616679,-0.035589855,-0.029929623,-0.22170536,-0.16337945
-0.11746927,-0.73957247,0.22569232,-0.30277267,0.05987484,0.016609801,-0.0021998996,-0.009578317,0.018438743,0.015828386,-0.014478664,-0.0032981068,0.10064293,-0.000862925,0.019653063,0.045782346,0.124234796,-0.0005645507,0.2422389,0.0010932278,0.006007145,-0.14990334,0.0,-0.02025054,-0.034980908,0.0,0.0704599,0.045242336,0.0,0.006990711,0.0702497,0.0,0.10595659,0.0073417807,0.0,0.121571094,-1.0305644,0.058305763,0.09823795,0.02637788,0.00933266,0.004436373,-0.0029196267,0.22420588,-0.014042643
-0.03901965,-0.42924196,-0.14353238,-0.13796967,0.04161747,0.017892638,-0.013273001,-0.0014539724,0.0017021664,0.0056160456,-0.010345785,-0.0060450686,0.05542896,-0.0007399843,0.023847273,-0.054190803,-0.19355437,-0.0018691148,-0.27899966,0.0008370435,-0.021178244,-0.08518478,0.0,0.07246792,-0.0982814,0.0,0.02280379,-0.23000674,0.0,-0.040515915,0.012307487,0.0,-0.10122555,0.029600067,0.0,0.15963459,-0.6480772,0.14141706,0.13696188,-0.083583854,-0.029955825,0.010461303,-0.036451083,-0.27638856,0.0005311915
-0.015217209,-0.3231119,-0.19547987,0.052380968,0.09140832,-0.0026091198,-0.059065253,-0.022990843,-0.01194446,-0.008725223,-0.0100019,-0.0051464266,0.06868982,-0.0005360124,0.04873449,-0.028329901,-0.16334404,-0.0019609781,-0.4224062,0.0010300813,-0.05063717,-0.04019653,0.0,0.10668879,-0.08819839,0.0,0.016275583,0.04992799,0.0,-0.023624904,0.02347358,0.0,-0.067326866,0.04461944,0.0,0.20936474,-0.58297974,0.21040921,0.12243414,0.029132288,-0.015630946,-0.010743514,0.08908395,-0.17810082,0.0047176424
-0.008597211,-0.21566203,-0.072506934,-0.30649012,-0.0082955435,-0.020081038,-0.043866333,-0.00602351,0.015648417,0.011107653,-0.009452122,-0.0031806794,0.041511692,-0.000718998,0.019362722,0.110073455,0.20661306,-0.00019097839,0.19324538,8.8621695e-05,-0.003467817,0.03504604,0.0,-0.059047036,0.07714126,0.0,-0.063262045,0.15831666,0.0,0.0022572943,0.025881164,0.0,-0.028595608,-0.09293897,0.0,-0.12421796,0.6221191,-0.0033683768,0.06776658,0.06079727,0.0282186,-0.11553583,-0.027548088,-0.4599764,0.028422007
0.3878712,0.86147124,-0.2563309,0.21461624,0.041543495,-0.014611468,-0.0357572,-0.0071463473,0.02098668,-0.009658752,0.16507661,0.0521685,0.15237042,0.013064227,-0.013008214,-0.14199916,-0.22595759,3.1196614e-06,0.15399091,0.00013520394,-0.006561415,0.071065575,0.0,-0.02095242,0.07405658,0.0,-0.06884607,0.17990352,0.0,0.02549399,-0.0019915137,0.0,-0.10003775,-0.0053764395,0.0,-0.07993151,0.5857454,-0.019270131,0.06364029,-0.21451685,-0.1438613,-0.008464573,0.012217673,0.1575062,-0.018301895
0.13726482,0.2657901,0.094919935,0.174267,-0.015928634,0.012850036,0.016442867,0.003414219,0.035069034,0.0088400915,0.087913096,0.013944558,0.233636,0.00567249,-0.04412723,-0.08173836,-0.13253634,-0.0037908757,0.23388804,0.00014361776,-0.0017090535,0.07819305,0.0,-0.034014523,-0.09044021,0.0,0.10507176,0.21773726,0.0,0.023197602,-0.024213208,0.0,-0.12600122,0.0436357,0.0,0.03483143,0.5970504,-0.03110184,0.06446051,0.086831614,0.06838669,-0.02094096,0.029859066,0.22152656,-0.03267408
0.05326408,0.0014153491,0.3007096,-0.3519262,-0.057662122,-0.042573415,0.064676955,0.02725648,0.055581722,0.02086042,-0.009146619,-0.002638253,0.12121098,-0.0005611512,0.058535162,0.10939575,0.1436799,-0.00013564127,0.16599056,0.00011863378,-0.006849342,0.086010575,0.0,-0.007902889,0.046148807,0.0,-0.078641556,0.073080175,0.0,0.0022010268,0.03093649,0.0,0.05098121,0.008348264,0.0,0.03010072,0.6001359,-0.017943267,0.06390768,0.10199475,0.048069585,-0.0028197255,-0.0053997403,0.13677567,-0.02340152
0.023873942,-0.49582464,0.10907209,0.101386726,0.0022941567,-0.012954619,-0.020432964,-0.0058305305,0.007903732,0.0058714827,-0.020460209,-0.0028430615,-0.21372753,-0.0010106785,-0.057648595,0.092706874,0.15804847,-6.275016e-05,0.17030495,0.000109155044,-0.0038209273,-0.15419777,0.0,0.009603989,0.08910353,0.0,-0.06879324,0.09412864,0.0,-0.005431453,-0.016054584,0.0,-0.07855619,0.03617269,0.0,-0.032962635,0.6266767,-0.010570203,0.059802916,0.086939745,0.044851273,-0.0052514924,-0.05423154,0.12706573,0.0054420643
-0.0233157,-0.461064,-0.17955068,-0.13608548,0.07309133,0.0022942624,-0.0147118,-0.011934094,0.022400178,0.017745877,-0.01715606,-0.0057207616,0.07058298,-0.001104444,0.07731289,0.027562888,-0.11374686,0.0072779544,-0.38433275,-0.0027036073,-0.0020737213,-0.05575776,0.0,-0.025988273,-0.045892473,0.0,-0.030390617,-0.23167993,0.0,0.012830678,0.014586492,0.0,-0.0507675,0.002968329,0.0,-0.09814731,-1.0730108,-0.088621184,-0.6636889,-0.08394775,-0.049701747,-0.0008368949,-0.05297346,-0.17141095,0.038606588
-0.020418262,0.93725026,0.08323976,0.2704854,0.007597302,-0.01646671,-0.056794047,-0.011214209,-0.112922415,-0.025134552,-0.020530846,-0.0134607665,-0.0802451,-0.00064825465,-0.028529856,-0.1521591,-0.23372105,9.040748e-06,-0.5028343,5.318175e-05,-0.04249667,0.07476629,0.0,-0.026195457,0.021056227,0.0,-0.09679874,0.18163058,0.0,0.01905436,0.021879591,0.0,-0.093121335,0.012756209,0.0,-0.053797472,0.57810503,-0.002600315,0.08984448,0.04725962,0.058867954,-0.009878316,-0.0054735197,-0.23778251,-0.11617084
0.0062870476,0.29191867,0.25008714,0.09400108,0.038242072,0.013949507,-0.11210879,-0.024769822,-0.017354202,-0.008296934,-0.008493148,-0.0022647344,-0.20355427,-0.0006502776,-0.086362615,0.12903634,0.11830564,0.0001797087,0.23953511,0.00014303757,0.005395913,0.05652248,0.0,-0.01749825,-0.16952223,0.0,-0.016929802,0.09088461,0.0,-0.004506949,-0.042119764,0.0,-0.075850815,0.020969642,0.0,0.012336577,0.6454492,-0.026215147,0.06355583,-0.32619485,-0.12792633,-0.030875271,0.005168559,0.06826832,-0.03334551
0.0013661538,0.75849104,-0.23721966,0.4327912,-0.013902244,0.0015849231,-0.00620763,0.00066639367,0.015264132,0.0124300495,-0.06689279,-0.016673908,-0.13712277,-0.008597113,-0.01852738,-0.33899274,-0.35068798,0.00042738294,0.1761944,0.00014154875,-0.0030478872,-0.38805535,0.0,-0.014457262,0.049559172,0.0,-0.08248594,0.14286067,0.0,0.0076229423,0.045781963,0.0,-0.07214487,0.030934762,0.0,-0.038087126,0.5982719,-0.020538861,0.07456259,0.023140932,0.012740878,0.015819933,-0.004207808,0.115116335,-0.0073756306
-0.040079083,-0.46031317,-0.44148654,-0.26709363,0.0735996,-0.0049846647,0.0067999186,-0.0019480793,-0.056041487,-0.043979753,-0.020586366,-0.0032910232,-0.14114125,0.0010311342,-0.13059226,0.008675193,-0.12525474,0.0032637771,-0.398363,-0.002437162,-0.0014326564,-0.13805854,0.0,-0.019301781,-0.040935826,0.0,-0.040081713,-0.26525912,0.0,-0.002611112,-0.0024387252,0.0,-0.048619445,-0.0100736,0.0,-0.122222,-1.2496375,-0.06907856,-0.8687214,-0.24378401,-0.117014185,-0.07819595,0.0027409745,-0.115929976,-0.07770864
-0.030964775,1.0685177,-0.017524585,0.30785045,-0.030373663,-0.0106284665,-0.009805887,-0.009612436,0.025746455,-0.0056040864,-0.012184156,-0.0038887167,-0.07912071,-0.00071175734,-0.035380326,0.058611177,-0.20629798,0.0023992178,-0.39543083,-0.0008139279,0.004421674,-0.09649337,0.0,-0.010770157,-0.0033495596,0.0,-0.039650846,-0.3562436,0.0,0.018044097,0.0052201827,0.0,-0.056932338,0.015976105,0.0,-0.049468335,0.6171717,0.019310279,0.09897773,0.09121746,0.046826296,0.030201195,0.030380309,-0.22984332,0.009190585
0.0054051885,-1.0396982,0.0010640728,-0.37911683,-0.049200267,-0.02978181,0.05011374,0.020063395,0.034843743,0.01629049,-0.010377962,-0.0020859085,-0.3414047,-0.0005132339,-0.12728876,0.089310884,0.12740651,-0.00048724405,0.13794863,0.0001144558,0.001282341,0.06835663,0.0,-0.011817559,0.09346847,0.0,-0.062924966,-0.55361503,0.0,-0.14291088,0.041466404,0.0,0.082603134,-0.039825164,0.0,-0.019970683,0.31207702,-0.05417249,0.0471282,0.009671231,-0.0001929484,0.009079763,-0.004708138,0.15543701,0.015748968
0.0033098042,-0.59439087,-0.19846639,0.051551938,-0.11846392,-0.028371116,-0.030320767,-0.013630319,-0.13485576,-0.072022125,-0.04424486,-0.008663257,-0.21898559,-0.006400706,-0.10951269,-0.3575012,-0.35989967,-0.0001900761,0.10941045,0.00010480622,-0.0118219545,-0.27792266,0.0,-0.011652704,0.046840828,0.0,-0.0690247,-0.49129352,0.0,-0.09079569,-0.013204621,0.0,0.016143084,-0.065220125,0.0,-0.015177272,0.321915,-0.0906101,0.06967922,-0.0060367263,-0.004641522,0.0021474862,-0.032095797,0.0938994,-0.043589145
-0.038635984,-0.33403292,-0.088411905,-0.08857153,-0.038197663,-0.017752392,0.010618984,-0.0028704312,0.011126107,0.014765735,-0.012381971,-0.0036851673,-0.08810332,-0.0007407232,-0.108664796,0.012943265,-0.101590954,0.0031772247,-0.41801456,-0.002723753,0.002115932,-0.089686565,0.0,-0.031769134,-0.058414243,0.0,-0.040063467,-0.20802131,0.0,0.0048340913,0.016838657,0.0,-0.060182337,-0.010312605,0.0,-0.12998141,-1.3801816,-0.06337612,-0.6701099,-0.14742889,-0.06359901,-0.06176338,-0.000110543086,-0.13476016,-0.09138551
-0.018763881,-0.26904932,-0.4893937,-0.27969941,-0.026987106,-0.035130344,-0.021077543,-0.016181301,-0.003039943,-0.0014054006,-0.012316943,-0.003862273,-0.010009014,-0.0003254275,-0.057368632,-0.053461485,-0.16425401,-0.0058332845,0.16559501,0.00033629226,0.020563107,0.03712885,0.0,-0.12970129,0.09194291,0.0,-0.07380562,-0.18493827,0.0,-0.024151025,-0.0038541849,0.0,-0.11866779,0.06229921,0.0,-0.30507234,-1.0840937,-0.09708747,0.049654145,-0.10954463,-0.08755612,-0.11826751,-0.045113202,-0.2273838,-0.010538992
-0.023420634,-0.41315955,-0.14651245,-0.092356026,-0.035665657,-0.008674125,-0.056184493,-0.020247908,-0.18421027,-0.100803316,-0.01921905,-0.0030814535,-0.087354995,0.0003417843,-0.111205235,0.025818173,-0.10437579,0.005062494,-0.37404403,-0.002437162,-0.0010776434,-0.08578214,0.0,-0.031663302,-0.023786476,0.0,-0.021013495,-0.23371254,0.0,0.00386453,-0.02806992,0.0,-0.035709117,-0.009852167,0.0,-0.095776245,-1.2926756,-0.0566381,-0.7798523,-0.066224255,-0.038692825,0.16061409,0.0069976696,-0.10731112,-0.038662817
-0.009938973,-0.576602,0.4053108,-0.48878896,-0.07655029,-0.04637997,-0.055828538,-0.00568091,0.025058016,0.013565384,-0.014101344,-0.0031561984,0.15784553,-0.0009053379,0.025286462,0.12753138,0.16244698,-0.00014554588,0.24268642,0.00011755521,0.0032167095,-0.22656968,0.0,-0.067940824,0.020204928,0.0,-0.0902141,0.103555776,0.0,0.0059972457,0.0032554797,0.0,0.01989732,-0.0040920926,0.0,0.023929363,0.56377566,-0.0284037,0.06529008,0.12185238,0.054993838,-0.00017871757,-0.034540292,0.11929739,0.007208728
-0.01670557,-0.59756917,-0.6622016,-0.5423311,0.03705026,-0.01836025,-0.009194611,-0.0057716514,0.0069449213,-0.001767662,-0.015994392,-0.005074081,-0.09179646,-0.0012036008,-0.096399024,0.025224607,-0.115807906,0.0071566915,-0.38330764,-0.0008104219,0.0049315183,-0.09842169,0.0,-0.02535874,-0.05649429,0.0,-0.036606297,-0.25876513,0.0,0.011064273,0.02558243,0.0,-0.082304254,0.003529932,0.0,-0.13415633,-1.103272,-0.097527966,-0.7398504,0.00555604,-0.033611435,-0.048109733,-0.0040154974,-0.18208233,-0.009757198
-0.017698847,-1.5673847,-0.18783315,-0.29786783,-0.05512284,0.0015741551,-0.032110587,-0.0032102352,-0.0065268665,0.0011837004,-0.029523423,-0.0084080985,-0.0678253,-0.0011059168,-0.06693279,0.016553052,-0.11452,0.00636571,-0.4417076,-0.0020682465,-0.0022573986,-0.07580782,0.0,-0.043378323,-0.028020995,0.0,-0.03582351,-0.26261398,0.0,0.009923415,0.0030380557,0.0,-0.059157953,0.001402758,0.0,-0.10736003,-1.3763497,-0.06898444,-0.8309922,-0.07386381,-0.05465366,-0.040041957,0.013767414,-0.22140132,-0.033791345
-0.008794246,-0.5560088,-0.1934414,-0.35989666,0.036074385,-0.0021225077,-0.004306623,0.003648804,-0.0049401964,-0.013242845,-0.030056173,-0.013397496,0.050303545,-0.0013058024,-0.014890393,-0.091160044,-0.17265439,-0.0019339093,0.14425555,-8.064846e-05,0.01600208,0.018805373,0.0,-0.12432621,-0.08864059,0.0,0.08413365,0.11134821,0.0,0.008834401,0.00078395614,0.0,-0.09316171,-0.01139821,0.0,-0.32451856,-1.0498844,-0.06617932,0.05591989,-0.19511306,-0.08854927,-0.2964313,-0.038280882,-0.33143082,-0.010029142
0.3190333,-0.34296238,-0.27445513,-0.079527214,0.00095408724,-0.008990733,-0.035617247,0.0023810528,0.0049362276,0.009957287,-0.04685507,-0.010476436,-0.071091406,-0.0017337776,-0.06441687,-0.03906218,-0.14445794,-0.00078247586,0.22536966,0.00028872382,0.015750283,-0.123731986,0.0,0.014554761,0.016033778,0.0,-0.07623172,0.079274185,0.0,0.0048112343,0.0019147065,0.0,-0.114503264,-0.064842105,0.0,-0.12612201,-1.0541682,-0.1327029,-0.7688065,-0.10805437,-0.092850536,-0.009835142,-0.013838965,-0.17965549,-0.11608798
0.014215587,0.12937413,-0.13057385,0.04620936,-0.026963076,0.011611622,-0.04094899,-0.009013352,-0.0077507943,-0.0031060255,-0.011980154,-0.0027762367,0.119109705,-0.0007268369,0.10364939,0.08183738,0.16923149,0.00062458473,0.3090047,0.00012434999,0.0022961772,0.0514169,0.0,-0.014047266,0.074037395,0.0,-0.07152973,0.12269691,0.0,0.0013977824,0.0013346976,0.0,-0.09849831,4.2147585e-06,0.0,-0.076471224,0.70049167,-0.01651611,0.07016152,0.06850936,0.034561306,-0.046073485,0.010062069,0.16558959,0.0089738155
-0.00923125,-1.349558,-0.17567469,-0.5603339,-0.057401095,-0.013363627,-0.061580725,-0.023506008,-0.006849266,0.00420481,-0.0088823,-0.0028698216,-0.2121658,-0.00014983256,-0.06748834,0.077230945,0.089282714,-0.0014607254,0.0372801,7.247685e-05,-0.012765986,-0.13168629,0.0,-0.006996931,-0.18051198,0.0,-0.008403864,-0.4651829,0.0,-0.10730189,-0.17850563,0.0,-0.16705368,-0.044770915,0.0,-0.0046836287,0.2596538,-0.05964015,0.06554594,-0.14562987,-0.054846402,-0.00997051,-0.16757055,-0.34245032,-0.032373946
-0.02587606,0.027522087,-0.6748529,-0.037178002,-0.19688822,-0.035177205,-0.0038817413,0.011762578,-0.18836854,-0.064318374,-0.013261544,-0.008130778,-0.08160574,9.933007e-05,-0.08034908,0.0056278966,-0.13254862,0.0047888295,-0.4721707,-0.009360154,-0.0014095365,-0.12886201,0.0,-0.054917175,-0.036691044,0.0,-0.06265083,-0.3134642,0.0,0.004565087,0.008384757,0.0,-0.0914531,-0.0054626516,0.0,-0.24662271,-1.1752768,-0.026824182,0.086802706,-0.11594012,-0.057864588,-0.08565768,0.0075934157,-0.12094367,-0.07670397
0.15389533,-0.15839992,0.28558728,-0.16385631,-0.11208801,-0.06226799,-0.03793042,-0.017843718,3.307624e-05,0.0030567278,-0.008663516,-0.0029691774,-0.18095078,-0.0003987052,-0.082722954,0.10997678,0.21497495,-0.0012830639,0.15196098,0.00012645693,-0.0016832206,0.099033974,0.0,-0.008560229,0.1022379,0.0,-0.051478893,0.111632995,0.0,0.006081991,0.039763,0.0,0.11435774,0.08452108,0.0,0.062070392,0.5158178,-0.028142616,0.070480205,-0.2136147,-0.0900894,-0.005036417,-0.23699124,-0.17713377,-0.043322828
0.0015032789,-0.39534277,-0.17039712,-0.16087165,0.04720228,0.006097866,-0.08071343,-0.0316364,-0.014698683,-0.010870612,-0.05458103,-0.0044782083,-0.20446931,-0.00636463,-0.09315249,-0.37028363,-0.4298332,-0.00012728728,0.07304655,0.000114056726,-0.014998297,-0.25271535,0.0,0.02077043,0.053492285,0.0,-0.07111736,-0.39682442,0.0,-0.086940356,-0.0043146247,0.0,0.040162776,-0.07178953,0.0,-0.029185142,0.41494495,-0.056812063,0.0771286,-0.018116156,0.009647874,-0.012475326,-0.010670409,0.15268087,-0.010190292
0.043850355,-0.50492847,0.047791127,0.21216859,0.060391024,-0.006966394,-0.03535904,-0.0075916904,-0.00955448,-0.0021398736,-0.018960983,-0.0031105224,-0.006348248,-0.000841595,-0.023530379,0.08089211,0.14248537,-0.00014820203,0.19603373,0.000106568215,0.0029614642,0.10646442,0.0,-0.026256237,0.13534054,0.0,-0.034073655,0.06377953,0.0,-0.00645207,-0.047371123,0.0,-0.09793396,0.029206328,0.0,-0.026177378,0.57734257,-0.011122571,0.057676997,-0.31351596,-0.15442023,0.014469939,-0.03719126,0.11849817,-0.0019822805
0.015504484,-0.55182797,0.31244326,-0.23237938,-0.1444439,-0.058708005,0.0051012444,-0.0049979165,0.033347905,0.009174451,-0.0140187405,-0.002457871,-0.3648034,-0.0002818903,-0.11599044,0.053139113,0.1380316,-0.00052250014,0.16143638,0.0010900274,-0.0035544182,0.10910853,0.0,-0.029665884,-0.05368356,0.0,0.0035040204,-0.31232423,0.0,-0.08931058,0.03830016,0.0,0.05624268,0.031304497,0.0,0.08533191,-0.7303745,0.12818514,0.09867469,0.03841497,0.011103853,-0.025598519,0.00939474,0.20927873,-0.014880414
-0.026921904,0.34840178,0.31943148,0.11940536,0.02298821,0.001163579,0.011942697,-0.0012027776,0.03044448,0.016910346,-0.008471103,-0.0031770288,0.087118626,-0.0004313063,0.053152442,0.15304045,0.25691822,-0.00028840156,0.14349517,0.00013788544,-0.0028477039,0.07976774,0.0,-0.005109853,0.029664021,0.0,-0.07613501,0.10172231,0.0,0.015105154,0.05536302,0.0,0.09297304,0.10060806,0.0,0.080503836,0.61704373,-0.017673312,0.06910302,-0.39140663,-0.14740656,-0.067642644,-0.0135170985,-0.19387525,-0.014038214
0.011830157,0.8693807,-0.1798362,0.13030942,-0.03167118,-0.015596053,-0.024303244,-0.007841636,-0.21000603,-0.05540368,-0.01702556,-0.003850347,-0.09715621,-0.001038444,-0.036516767,0.117686726,0.16755581,0.00046413724,0.22734453,0.00013154857,-0.004798761,0.069341525,0.0,-0.022445783,0.065295294,0.0,-0.07179903,0.1858929,0.0,0.021484112,0.029440232,0.0,-0.08287454,0.030330189,0.0,-0.02894249,0.70553344,-0.01693773,0.07317956,0.053958483,0.031255413,-0.025963774,0.017735818,0.15465164,-0.034849692
-0.007515881,-0.5103371,0.58695835,-0.2326422,-0.018807724,-0.0028979448,0.023973407,-0.0028481316,-0.025000246,0.018676259,-0.00275306,0.00024188447,0.099273056,0.0015849606,0.023776451,0.03961729,0.1367299,-0.00040266244,-0.3691847,0.0002074473,-0.022146039,0.1241326,0.0,-0.05375144,-0.056059364,0.0,0.06279015,-0.2331159,0.0,-0.041151132,0.019123247,0.0,-0.1035907,0.022798387,0.0,0.18639171,-0.769093,-0.016421748,0.05949312,0.025990006,0.017544886,-0.039697923,-0.062795825,-0.17482273,0.02426887
-0.035483293,-0.4177509,0.032171365,-0.12389345,0.0007548645,0.00066630344,0.022638854,-0.0066199005,-0.046979267,-0.013042591,-0.010150369,-0.0026284803,-0.09183804,-2.1410815e-06,-0.124792404,0.0109450985,-0.11406814,0.0032039336,-0.40365583,-0.0024663943,0.00085994985,-0.12131947,0.0,0.00019589756,-0.036857884,0.0,-0.041227277,-0.25507072,0.0,-0.0031836063,0.009871719,0.0,-0.05314414,-0.02114974,0.0,-0.11067648,-1.2548323,-0.06229013,-0.7589439,-0.30424964,-0.09258846,-0.07441175,0.0008722913,-0.1415624,-0.17576312
-0.0299048,-0.810174,-0.38200173,-0.24220645,-0.015509189,-0.007493344,0.037069935,0.022756161,-0.11414268,-0.05820501,-0.021205679,-0.0017650304,-0.008594252,4.5670466e-05,-0.021658825,0.0268168,-0.115425155,0.017823305,-0.46169376,-0.0059222323,0.0005804684,-0.027433975,0.0,-0.11549247,-0.030002251,0.0,-0.07524304,-0.25748733,0.0,-0.002895446,-0.0019419914,0.0,-0.10890631,-0.0022638233,0.0,-0.16654634,-1.0844713,-0.06672776,0.075899534,-0.123571,-0.06950936,-0.009900416,-0.037042897,-0.20058984,-0.10884996
0.08676728,-0.6610029,0.009138801,0.030098766,0.024978096,0.00553351,-0.008255076,0.0081389705,-0.21565013,-0.082940966,-0.009960273,-0.0005973689,-0.013532769,0.00052932906,-0.008937282,0.13182539,0.14429925,-0.00019941616,0.14327995,6.890677e-05,0.00035302056,-0.135589,0.0,-0.03317395,0.03427173,0.0,-0.09543136,0.11200799,0.0,-0.004310381,-0.02057947,0.0,-0.07487343,-0.13319543,0.0,-0.15440355,0.5168581,-0.027610943,0.060748618,0.035574924,0.012422095,-0.0020545297,-0.07553297,-0.37615383,-0.22917794
-0.009450365,0.1320901,-0.2752725,0.024299743,-0.19466022,-0.049209014,0.018389232,0.00544314,-0.16013168,-0.04762786,-0.010580404,-0.0043767723,-0.07736165,0.000112057314,-0.11814015,-0.0058700303,-0.10638906,0.020296928,-0.37609836,-0.00904039,-0.010989315,-0.12899998,0.0,-0.060373444,-0.09636249,0.0,-0.04137501,-0.30182558,0.0,0.00047613453,-0.0082510095,0.0,-0.08363509,0.0017400094,0.0,-0.23339911,-1.1393851,-0.07744948,0.0857885,-0.13665894,-0.054668244,-0.08566208,-0.37926885,-0.15942757,-0.018796034
-0.0325231,-0.01357578,-0.2831834,0.026774293,0.033900272,-0.010776021,-0.03803827,-0.012034208,0.013112251,0.010806008,-0.017986828,-0.00059273257,-0.028953128,-0.00086451764,-0.050266113,0.018639013,-0.1894057,0.0021009247,-0.5050417,-0.00084521563,0.0005464357,-0.11091928,0.0,-0.048100684,-0.03262927,0.0,-0.045556087,-0.26353616,0.0,-0.010600787,0.016550403,0.0,-0.053341612,-0.018561726,0.0,-0.0385751,0.5054673,0.006432507,0.089519724,-0.13338631,-0.06979231,-0.062610686,0.004040295,-0.10813634,-0.08243019
-0.038323082,0.33458018,0.7232452,-0.16480649,-0.058928624,-0.013576363,-0.05605116,-0.0070298137,0.034329068,0.016555462,-0.0062876786,-0.0025368163,0.16624624,-0.00040134147,0.064810514,0.13684185,0.32141927,-0.000245177,0.18824783,7.1222e-05,-0.00094022765,0.12130387,0.0,-0.005619287,0.00010786322,0.0,-0.11669388,-0.38617727,0.0,-0.078180335,0.061291527,0.0,0.1525119,0.0671465,0.0,0.052610803,0.50892335,-0.034867134,0.086753845,0.04979298,0.036670025,-0.01762566,0.0019750604,-0.29613575,-0.088155374
-0.015353238,-0.8388125,-0.3590607,-0.41008726,-0.0005390557,0.0047709867,0.006995883,-0.0001404132,-0.124764316,-0.076921284,-0.022162007,-0.003261519,0.07421258,-0.00018483793,0.046477143,0.02715615,-0.13512737,0.008720639,-0.44325867,-0.0004690772,0.002947699,-0.0939427,0.0,-0.040542148,-0.04166158,0.0,-0.05931521,-0.39458114,0.0,0.016534192,0.0013851426,0.0,-0.079762906,0.006950452,0.0,-0.13951512,-1.1630934,-0.09918732,-0.66153556,0.0042623254,0.009311848,-0.10885468,-0.014980754,-0.23131597,0.0040328233
-0.029350445,-0.6370319,0.57213056,-0.32587615,0.0225803,0.020887326,0.052338973,-0.002123462,-0.007118738,0.00017101146,-0.016966235,-0.0032954658,0.20652589,-0.000858428,0.057125263,0.12510215,0.19692063,-0.00014080868,0.23828888,0.000110269895,0.0018208451,0.094791144,0.0,-0.010165038,-0.040588666,0.0,0.03336224,0.1142318,0.0,0.0047864774,0.04074815,0.0,0.10957807,0.048856642,0.0,0.050322488,0.554669,-0.03463255,0.07188893,0.08893895,0.04740632,-0.010698652,0.009414445,0.21960106,-0.0017390514
-0.018949773,0.006569025,0.773418,0.29006147,-0.13336012,-0.03800914,-0.027067905,-0.011810808,0.052100968,0.027002895,-0.007884378,-0.0026950187,0.24019434,0.00010991331,0.1336345,0.1322704,0.24249056,-0.0021713322,0.22404382,0.00011223507,-0.0038391678,-0.16553667,0.0,-0.015786078,0.047031276,0.0,-0.087702796,0.15529782,0.0,0.010757889,0.06491458,0.0,0.12367821,0.032702327,0.0,0.030527942,0.5746688,-0.036406517,0.07507042,0.08454531,0.029971803,-0.03386165,-0.15394838,-0.27143505,-0.00844093
-0.012820342,-0.16877557,-0.6204797,-0.14094716,-0.08781271,-0.032652933,-0.02668868,-0.00958307,0.007875388,0.0022337232,-0.010493006,-0.004071652,-0.14300464,-0.0013325346,-0.16261597,-0.009719906,-0.1056701,0.017206695,-0.40890756,-0.0103498865,-0.009986601,-0.114649445,0.0,-0.07591915,-0.10870124,0.0,-0.03196967,-0.2998985,0.0,-0.0009990046,-0.019014578,0.0,-0.059901755,-0.025899218,0.0,-0.2385807,-1.1079621,-0.14285539,0.065384105,-0.11741428,-0.056488067,-0.07471802,-0.21045761,-0.17014877,0.009846943
-0.03756686,-0.66557217,-0.03164298,-0.13583498,-0.12973416,-0.024469217,-0.011122361,-0.022500813,-0.1436895,-0.06078991,-0.023080874,-0.009821106,-0.037081044,-0.0013589656,-0.0062995427,-0.11197784,-0.24569099,-0.00030601633,-0.5115761,8.70013e-05,-0.09952263,-0.12424368,0.0,0.051126555,0.017473927,0.0,-0.07620099,0.15368022,0.0,0.0014044343,0.008101426,0.0,-0.12310669,0.030842395,0.0,-0.07031269,0.41047233,-0.016309857,0.06764414,0.0282535,0.013141761,-0.0039495267,-0.043023746,-0.31382543,-0.34633696
0.05353099,-0.84531426,0.08689718,-0.57583916,0.07666993,0.0023375826,0.0047245016,-0.00827984,0.021279851,0.008712011,-0.008755152,-0.0020084505,0.03369295,-0.001054986,0.021156022,0.07789066,0.19629444,-0.00021254255,-0.45242763,2.6443515e-05,-0.04829282,-0.20254952,0.0,-0.024550185,-0.049719222,0.0,-0.1086482,-0.35007766,0.0,-0.06607102,-0.019619718,0.0,-0.003975627,-0.033131313,0.0,-0.1359451,0.44610897,-0.0063097826,0.08391824,-0.026986228,0.009219576,-0.13882516,-0.04781836,-0.305993,-0.012785778
-0.025003854,0.028855123,-0.19547088,-0.039528854,-0.12677386,-0.008961293,-0.04594508,-0.020972619,0.052071027,0.01842453,-0.02255013,-0.00523568,0.032405645,-0.0009565663,-8.233369e-05,0.038084146,-0.20911805,0.00420962,-0.6197101,-0.00084445404,0.005628962,-0.18068895,0.0,-0.0023687715,-0.054849096,0.0,-0.055179805,-0.34790105,0.0,-0.004223437,0.021986946,0.0,-0.07125614,-0.006242102,0.0,-0.06132472,0.43612927,-0.0045769326,0.07562717,-0.15195867,-0.07442975,-0.038187932,-0.018027505,-0.11037611,-0.14216463
0.14924768,-0.6566762,-0.49986386,-0.2274839,-0.10258673,-0.03521089,-0.046528738,-0.015674368,0.0008555324,-0.00078629615,-0.0155018,-0.0045501683,-0.17139785,-0.00073829235,-0.11105929,-0.016412975,-0.11699777,0.0180794,-0.42169344,-0.0103498865,-0.0064590233,-0.122356646,0.0,-0.111228846,-0.12691218,0.0,-0.03386631,-0.29013613,0.0,0.0026088033,-0.003965578,0.0,-0.061852556,0.006180063,0.0,-0.2541341,-1.1263638,-0.17244264,0.051543407,-0.18742435,-0.06632592,-0.04493269,-0.33814463,-0.13802958,-0.05689924
-0.043912932,-0.5175731,0.18420367,0.23947081,0.013757924,0.0017325839,0.11084206,0.028736383,-0.1433126,-0.08207757,-0.015056091,-0.0029723241,-0.04695098,7.885948e-05,-0.05198102,0.017208917,-0.0871579,0.0065198154,-0.392077,-0.0024847686,0.0073055327,-0.14688116,0.0,-0.01799998,-0.043758668,0.0,-0.022729388,-0.27896756,0.0,0.013167865,0.029277798,0.0,-0.08253427,-0.012225146,0.0,-0.09973593,-1.0610715,-0.07021554,-0.5417127,-0.23960507,-0.081157826,-0.044971064,0.022952888,-0.18366463,-0.17956606
-0.04598378,0.114259385,-0.34314737,-0.22162656,-0.10132864,-0.0259076,-0.019637942,-0.012234167,0.044373237,0.0196714,-0.02472005,-0.009125108,-0.106508724,-0.0015910753,-0.0432765,-0.013733741,-0.18148738,0.0007999458,-0.59800875,-0.0008511441,-0.009412453,-0.14693062,0.0,-0.008888702,-0.042630788,0.0,-0.0472904,-0.3703712,0.0,0.0042905523,0.015930291,0.0,-0.06935341,-0.014418732,0.0,-0.06266131,0.48709023,0.002718537,0.08827001,-0.1219447,-0.06566077,-0.024689084,-0.0016956682,-0.07022285,-0.064621255
-0.017791267,-0.26772028,0.24240938,-0.1720148,-0.14676897,-0.04005015,0.020286785,-0.011570027,0.0029717488,0.0048449044,-0.0066374647,-0.0026079088,0.073188454,-0.00017809181,0.041390195,0.07585638,0.14377214,-0.00073020236,0.05112158,0.0003047103,-0.019348538,0.03980109,0.0,-0.020360852,-0.03625163,0.0,0.036818475,-0.3018036,0.0,-0.12037395,0.037972566,0.0,0.08766729,0.027432596,0.0,0.080387674,-1.1858554,-0.19126399,-0.56603754,-0.28403455,-0.11931225,0.058036227,-0.007015751,-0.24576123,0.014731986
-0.029860372,-0.74399316,0.31650463,-0.4867279,-0.20864752,-0.07985165,-0.01880773,0.003151135,0.032288026,0.026610818,-0.014135176,-0.0029358116,0.07330537,-0.00059620873,0.017584171,0.051861234,0.115460105,-0.00034616905,0.26700976,0.0010814829,0.009559618,-0.16227566,0.0,-0.007544641,-0.022565076,0.0,0.07197692,-0.015131655,0.0,-0.0053640697,0.03447334,0.0,0.036225118,0.011943711,0.0,0.09324506,-1.0676498,-0.027102105,0.056176126,0.0026214814,0.002163151,-0.0002708334,-0.021303615,0.20540704,-0.006957292
-0.03896589,-0.7170246,-0.55337524,-0.33583796,-0.06016257,-0.026299017,0.010166431,0.0033387588,-0.06344976,-0.032299224,-0.0569984,-0.013480349,-9.874071e-06,-0.0034202542,-0.033652823,-0.27355444,-0.31885177,-0.0010757048,0.10558814,3.7401216e-05,-0.0059529142,0.02749047,0.0,-0.12025208,0.034229226,0.0,-0.1021598,0.056844566,0.0,-0.007182323,0.012229735,0.0,-0.09001042,-0.030084047,0.0,-0.112408064,0.36160433,-0.018682044,0.05393735,-0.19989005,-0.115223356,-0.028207459,-0.03487711,-0.32997373,-0.15182327
-0.053889316,-0.42487398,-0.7483493,-0.24053474,-0.11487678,-0.012974234,-0.046085883,-0.01774568,-0.018671518,-0.008045842,-0.02540855,-0.0105710095,-0.005429189,-0.0018301073,-0.06899894,-0.15012027,-0.27105162,-0.0002393332,-0.46783677,0.0001070015,-0.08915523,0.017111994,0.0,-0.02885667,-0.111208156,0.0,0.057136144,0.09270326,0.0,-0.028271388,0.07046516,0.0,0.12345266,-0.03757987,0.0,-0.120466195,0.3993101,-0.044745307,0.068476506,-0.26880193,-0.113272764,-0.017841471,-0.013298501,-0.38365233,-0.17587712
-0.030784532,-1.1551678,-0.35623625,-0.064200394,-0.0044734115,-0.022946022,-0.016382495,-0.009302359,-0.11153449,-0.05080088,-0.017072774,-0.008358494,0.06541767,9.614702e-05,0.042519365,-0.12627392,-0.18773475,-0.0014075374,-0.40000215,-5.9599814e-05,-0.034667805,-0.13316242,0.0,-0.020600094,-0.08356732,0.0,0.021195717,-0.34147593,0.0,-0.08413938,-0.039077766,0.0,0.014749619,-0.04121919,0.0,0.03418208,-1.0730004,-0.22774956,-0.73526347,0.002812221,0.004120042,-0.059562396,-0.03628401,-0.19496454,0.0048897034
-0.02202701,-1.6059115,-0.509803,-0.2164778,0.0011588606,0.011945865,-0.051249277,-0.018355044,-0.007324275,0.0026215317,-0.021652043,-0.009227304,0.05935151,-0.0012467279,0.009675994,-0.13681346,-0.20048921,-0.0004540371,0.28541058,0.00031115278,0.0128170485,-0.1427458,0.0,-0.056919612,-0.1274273,0.0,0.014355189,-0.488359,0.0,-0.13427266,0.021894379,0.0,0.052473135,0.013727632,0.0,0.06478102,-0.92006725,-0.33653983,-0.77839667,0.038470246,0.01940132,-0.09783043,-0.023141772,-0.2599895,-0.019784229
0.11961262,1.0627863,-0.038152292,0.50623775,0.021137264,-0.0009788552,-0.033685416,-0.010396872,0.036087546,0.0045799175,-0.018314958,-0.0057090945,0.10867952,-0.000872179,0.042357344,0.12627982,0.20413275,0.00046624124,0.25091097,0.00012434999,0.0032583075,0.06195059,0.0,-0.034685906,0.0570208,0.0,-0.07143876,0.15486935,0.0,0.014129327,0.012058392,0.0,-0.08401416,-0.024200967,0.0,-0.08679548,0.74815094,-0.012163203,0.07361001,0.043861035,0.020332426,-0.01196967,0.0055188183,0.19830543,-0.011290238
-0.038764704,1.1153995,0.2078929,0.30976132,-0.009627413,-0.00193574,-0.015824268,-0.010577344,0.037130058,0.010301925,-0.011458488,-0.0039867265,-0.049916685,-0.00087185414,-0.02718693,0.05999723,-0.17365548,0.0037052867,-0.30210805,-0.0008511441,0.0039823717,-0.08081154,0.0,-0.011348529,-0.0056518577,0.0,-0.025310678,-0.25515494,0.0,0.015180586,0.019902872,0.0,-0.057854943,0.013646459,0.0,-0.04394167,0.63058233,0.022787796,0.10220964,-0.25842923,-0.08952101,-0.0042702425,0.036169805,-0.10808648,0.026406495
-0.030455628,-0.9571644,-0.6679585,-0.0068807006,0.05345304,-0.003525914,-0.084795214,-0.031247001,-0.00740573,0.0022976229,-0.031052927,-0.006661569,-0.12902024,-0.001292632,-0.042578533,0.03556237,-0.17685606,0.0031309356,-0.5016634,-0.00084521563,-0.0050920895,-0.07319977,0.0,-0.05120189,-0.07576555,0.0,-0.025560774,-0.34397334,0.0,-0.008728484,0.030173799,0.0,-0.06108622,-0.02590095,0.0,-0.06113197,0.41558316,0.0046281605,0.07015334,-0.15035117,-0.07010596,-0.047541164,-0.023986695,-0.11696842,-0.18748456
-0.008626381,0.11885424,-0.14335787,0.016250856,-0.048547912,-0.016603807,-0.01884433,0.0013363339,0.030314784,0.022488542,-0.008806761,-0.0022754096,0.104897015,-0.00075189467,0.06005755,0.12420811,0.17882745,-0.00019189868,0.23567179,0.00012021923,0.0003817608,0.054062974,0.0,-0.021658868,0.051989004,0.0,-0.07532061,0.079345554,0.0,-0.0023770623,0.03758047,0.0,0.084833056,-0.0018175566,0.0,-0.09663232,0.7181614,-0.012032777,0.06957007,0.026999885,0.02087243,0.0036237414,-0.0128346905,0.17780344,-0.0015703652
-0.020924715,-0.5133896,0.3145159,-0.16800117,-0.11574314,-0.039918967,-0.07268264,-0.018932337,0.047102787,0.019040598,-0.015082598,-0.0029831063,0.1617172,-0.00074934977,0.032438822,0.117187865,0.18442167,-0.00014044593,0.2354857,0.00011755521,0.00815626,-0.16341853,0.0,-0.008916793,-0.032819506,0.0,0.092518866,0.15038604,0.0,0.016845115,0.029551012,0.0,0.05115218,0.0053168265,0.0,0.026220106,0.49547634,-0.018770741,0.034802023,0.10182267,0.051528838,-0.031896513,-0.02520072,0.122177675,0.010643633
-0.01205469,-1.6465771,-0.2669033,-0.60065037,-0.024078365,-0.018059134,0.028003532,0.008534715,-0.13962421,-0.072900616,-0.02407984,-0.006516892,0.06436902,-8.2433195e-05,0.033380087,0.021531783,-0.11273388,0.0062459875,-0.4918587,-0.0017659133,0.0008929145,-0.092669204,0.0,-0.04524584,-0.0541127,0.0,-0.051479615,-0.4052497,0.0,0.011871689,-0.0140010035,0.0,-0.06620299,-0.0018858202,0.0,-0.113545544,-1.2697738,-0.08882709,-0.7741251,0.0011481557,0.010508342,-0.08389601,-0.013645636,-0.21924685,-0.020497166
-0.0243963,-0.43393737,-0.4319227,-0.39652827,-0.11256601,-0.032417092,0.026855335,0.0015409929,-0.1291599,-0.08994086,-0.017219137,-0.001768979,0.05726281,0.00012089781,0.0615832,0.038627986,-0.1398389,0.0073422613,-0.39597443,-0.002373813,0.0071185543,-0.0805228,0.0,-0.042133413,-0.026973518,0.0,-0.063811004,-0.3422121,0.0,0.0132065285,-0.013861173,0.0,-0.046838798,0.003915335,0.0,-0.12231506,-1.1923063,-0.07067944,-0.6217183,0.013606935,0.016934535,0.03054038,-0.04049668,-0.14859337,-0.0012884297
-0.0420129,0.18500209,0.14357609,0.2190686,-0.11964063,-0.0360728,-0.03721952,-0.012050405,0.04622471,0.017401556,-0.01768741,-0.0052358145,-0.06068698,-0.0022525343,-0.037335508,0.019675335,-0.17465267,0.010112906,-0.5165133,-0.0008511441,-0.0063490975,-0.11385483,0.0,-0.001260146,-0.039636858,0.0,-0.031594936,-0.3608058,0.0,-0.0007984391,-0.022517825,0.0,-0.061110884,-0.06515747,0.0,-0.03091733,0.5026483,0.004673047,0.088795014,-0.19270493,-0.105878755,-0.031921197,0.010260733,-0.117572114,-0.07206405
-0.033545017,-0.7773035,-0.2845208,-0.3277477,-0.09604875,-0.04318777,0.026935363,0.009761622,0.018531589,0.02376998,0.10986628,0.012501864,0.05739504,-0.006076047,0.00811593,-0.036179744,-0.14675532,-0.005217523,-0.365624,0.00026796738,-0.044763256,-0.08905648,0.0,0.01177804,0.036261763,0.0,-0.11074679,-0.21477915,0.0,-0.023687012,0.0009886379,0.0,-0.10766413,0.06671549,0.0,-0.1268021,-1.0911964,-0.080829434,-0.8168668,-0.0795077,-0.04068158,-0.15108575,-0.027573666,-0.23876114,0.019157222
-0.020192489,0.21708709,0.23992422,0.13544245,0.035054106,-0.030373499,0.0143207265,0.01114538,0.02998709,0.007917103,-0.007905318,-0.002442411,0.16567054,-0.002968003,0.054209344,0.113149405,0.1592944,-0.00030739765,0.233405,0.0001393023,-0.0070869448,0.088484295,0.0,-0.003622962,0.03167847,0.0,-0.08740204,0.113587916,0.0,0.002729275,-0.027070588,0.0,0.012683973,0.052950308,0.0,0.07650057,0.64948297,-0.020359525,0.0706514,0.15332288,0.068069056,-0.03996198,-0.02394528,0.12095686,0.020123929
-0.034547392,-0.2559121,-0.3110393,-0.3506983,-0.11172459,-0.029502276,-0.073062584,-0.02249251,-0.0041245627,-0.0042520813,-0.012383049,-0.0037860111,0.09571149,-0.0006617993,0.039749727,0.118747994,0.19563313,9.940361e-05,0.24683893,0.00011560649,-0.0006778682,0.0618262,0.0,-0.055853326,0.08076206,0.0,-0.05850889,0.19175833,0.0,0.02073236,-0.1113776,0.0,-0.15804857,0.09116331,0.0,0.038936995,0.50553024,-0.022180874,0.07269629,0.06652348,0.032772228,-0.123223074,-0.011605335,-0.4690176,0.0022825086
0.0066350275,1.0701365,-0.09893905,0.8158167,-0.05651425,-0.012254847,-0.005027227,-0.0011231571,0.021380369,0.011977524,-0.01654411,-0.0057398602,-0.101425774,-0.0016326354,-0.02434309,0.13861848,0.24159555,0.00051391835,0.26509136,0.00013679425,0.0042981063,0.07287904,0.0,-0.021513028,0.08795462,0.0,-0.06521282,0.1918304,0.0,0.020879913,0.054269247,0.0,-0.07406701,0.022796053,0.0,-0.030333957,0.73765045,-0.0150587065,0.07805946,0.044648696,0.024310607,-0.008843085,0.020388568,0.22854993,-0.006550387
0.0007792237,0.39299142,0.15516862,0.034756776,-0.00360747,-0.012031496,0.07509533,0.0058478015,0.047096707,0.023039758,-0.011582678,-0.002183751,0.12640084,-0.00095193076,0.05905444,0.16514109,0.21496919,0.00047091194,0.19241877,0.00013315762,-0.0077505987,-0.23614869,0.0,0.06857712,0.008979362,0.0,0.10447527,0.15655771,0.0,0.014062601,-0.0043931613,0.0,0.063226044,0.027593903,0.0,0.09279323,0.6307321,-0.033175506,0.0678043,0.13017832,0.058057867,-0.019333929,0.0037295406,0.094471894,-0.029866973
-0.025824023,-0.48221368,-0.16682608,-0.12554511,-0.26816568,-0.059175976,-0.02480125,0.018111767,-0.1451222,-0.04606483,-0.026232317,-0.01150552,-0.13721521,0.00076698826,-0.07703578,-0.08682838,-0.21941735,-0.0012828247,-0.29936367,-0.0001624343,0.017176075,-0.12127261,0.0,0.050787535,0.029406788,0.0,-0.05975551,-0.37321877,0.0,-0.07936964,0.046992954,0.0,-0.06551972,0.054736324,0.0,-0.06947218,0.2833547,-0.039554022,0.08231191,-0.05552307,-0.035394542,0.0017646579,0.0669091,-0.2690132,0.015629603
0.031807277,-0.36268777,-0.19094445,-0.32618248,-0.12571,-0.041462984,-0.013988566,-0.0023413044,0.012691906,0.00027351192,-0.003909009,-0.0025999602,0.041694187,-0.0004028827,0.05356896,0.096931815,0.19578071,-0.00021046684,0.17554049,8.998928e-05,-0.00528955,0.07763886,0.0,-0.054287042,0.09235428,0.0,-0.06007611,-0.5890872,0.0,-0.107625715,0.034840595,0.0,0.10352287,-0.07288271,0.0,-0.12573801,0.49639902,-0.010477251,0.066087104,0.003560627,0.021181557,-0.2702283,-0.0052043125,-0.5720469,-0.010580619
-0.004395952,-0.39335674,-0.93664783,-0.11416321,-0.00682255,-0.006934058,-0.001042661,0.008300649,-0.15940134,-0.07269695,-0.019313004,-0.009674975,-0.120423414,2.106981e-06,-0.069878586,0.010876612,-0.16262782,0.0026185901,-0.44096228,-0.009339826,-0.014106161,-0.13759968,0.0,-0.06863331,-0.028830772,0.0,-0.03806198,-0.28995156,0.0,-0.0021144184,-0.013623365,0.0,-0.07175357,-0.04470228,0.0,-0.16227475,-1.2756524,-0.11563306,0.07044533,0.17589293,0.06637972,-0.0040785708,0.005050505,0.11263102,-0.056516744
0.09495193,-0.56221515,0.3577884,-0.19749382,0.09793367,0.043024287,0.038271107,0.008411556,0.027579848,0.00853721,-0.017421057,-0.0032436885,0.22597905,-0.00062823493,0.058784135,0.11447508,0.17488155,-0.00014218852,0.21284671,0.000110269895,0.00050068786,0.10038606,0.0,-0.030375302,-0.07737034,0.0,0.035811074,0.14461653,0.0,0.009609945,0.033407778,0.0,0.0700788,0.042509466,0.0,0.04721057,0.5994248,-0.021343216,0.0643358,0.059532072,0.03957786,-0.014391271,0.0091957785,0.18587993,-0.009437026
-0.010419916,-1.2925978,0.02218567,-0.42618245,0.0046704137,0.009428963,-0.04831661,-0.011018019,0.0077243233,0.0094011575,0.13836989,0.028026236,0.13463733,0.0032832492,-0.010231388,-0.15918313,-0.19256973,-0.0007307426,0.2274065,0.00011347724,0.024293503,-0.009674672,0.0,-0.122556426,-0.14111474,0.0,0.039138652,0.18614899,0.0,0.035018038,-0.12712179,0.0,-0.17414434,0.063319646,0.0,0.05642045,0.3766156,-0.057120204,0.047642536,0.005764262,0.009408242,-0.030198188,0.009026425,-0.5127983,-0.0042878096
-0.030960964,0.08125009,-0.39082867,-0.20125872,0.059238266,0.011088634,-0.10236604,-0.04548926,-0.0492412,-0.019617861,-0.018665532,-0.0061249402,-0.052065935,0.0004437311,-0.06799156,-0.0065312693,-0.13464615,0.0047703306,-0.4815229,-0.009341461,-0.008770821,-0.120432496,0.0,-0.034988884,-0.048057575,0.0,-0.03916652,-0.26495948,0.0,0.0038066145,-0.0010963612,0.0,-0.07847057,0.011913176,0.0,-0.20027998,-1.2342066,-0.025994323,0.07948502,-0.040351823,-0.053415548,0.09571163,-0.006142547,-0.10576159,-0.045860764
-0.045683254,0.5398753,-0.46535408,-0.25327027,-0.055778164,-0.040728133,-0.028741498,-0.019998293,-0.25096384,-0.12845841,-0.009378078,-0.0085293865,-0.091694616,-0.000235102,-0.09407498,0.029789131,-0.11590591,0.006129942,-0.4501733,-0.0005714377,0.002498364,-0.110753074,0.0,-0.00414186,-0.045050763,0.0,-0.02767524,-0.33756655,0.0,0.0112537,0.009748809,0.0,-0.06368113,-0.0018512151,0.0,-0.11834177,-1.4198344,-0.08367494,-0.9919341,-0.09151516,-0.056579493,-0.051184643,0.011301048,-0.11747884,-0.06270618
0.0031729087,-0.540109,-0.28675538,-0.018156242,0.18065502,0.043600053,0.094778374,0.014452619,-0.06345261,-0.058759827,-0.024480855,-0.006114317,-0.0006019502,0.00039522842,0.0019948063,-0.14824663,-0.2863963,-0.00039076392,-0.3446318,7.105437e-05,-0.024874019,0.06267777,0.0,-0.045857716,-0.09187497,0.0,0.055172138,-0.25628135,0.0,-0.020462431,-0.01238488,0.0,0.032972403,0.030780107,0.0,-0.069396175,0.44434556,-0.033443067,0.08039331,-0.13797651,-0.051202197,0.017709361,-0.030470267,0.27075738,0.017232317
-0.049047247,0.10959823,-0.22592248,0.22320016,0.029396184,-0.006177826,-0.021114338,-0.015792701,-0.029124869,-0.0048300405,-0.014022742,-0.0025586316,-0.03730806,-0.0006399887,-0.037115343,0.0036857952,-0.19206008,-0.0002540684,-0.46244216,-0.00084521563,-0.010050909,-0.12828554,0.0,-0.0096454015,-0.025198646,0.0,-0.03680365,-0.26236594,0.0,-0.0019886815,0.011020887,0.0,-0.06218119,-0.0036138315,0.0,-0.05982248,0.5484298,0.013034225,0.084846914,-0.11733421,-0.07683685,-0.017075747,0.006346768,-0.14816572,-0.04738111
-0.049266346,-0.5379813,-0.34218937,-0.29421806,-0.1485151,-0.02685567,-0.030633396,0.0047537936,-0.14540492,-0.058434825,-0.013203087,-0.0046068504,-0.12970528,-1.3324665e-05,-0.18028963,-0.011911239,-0.12107462,-0.0017584239,-0.22859761,7.625548e-05,0.03103978,-0.13812177,0.0,0.004484954,-0.052623704,0.0,0.058455586,-0.28934675,0.0,-0.056479212,0.06443678,0.0,-0.12098666,0.115541525,0.0,-0.09002832,-0.87410873,-0.16462013,-0.7946869,-0.028307568,0.014941525,-0.0054471605,-0.0010637104,-0.19838896,0.016673476
-0.008708961,-0.052620154,-0.20935105,-0.2976288,0.0492769,0.012278575,0.035695538,0.0107498085,0.01712287,0.008354561,-0.016179726,-0.0032360163,0.08302817,-0.00076273415,0.06337537,0.11589393,0.16762254,0.00021821959,0.2044975,0.00011663336,0.00075720454,0.026660068,0.0,-0.033284076,0.09169001,0.0,-0.06391056,0.091476,0.0,-0.016352372,-0.042534374,0.0,-0.083596826,-0.005000381,0.0,-0.09298249,0.671459,-0.018778382,0.07050799,0.070008315,0.03969831,-0.031838834,0.013746027,0.19801965,0.020785753
-0.009499845,-1.745943,0.103733525,-0.08775598,0.025887385,0.01632764,-0.09964885,-0.029387256,0.05817431,0.011814411,-0.0070248074,-0.0035316553,0.06283077,-0.00032757263,0.04224796,0.042804196,0.17577057,-0.001642056,-0.47127044,5.7366007e-05,-0.07631275,0.24683887,0.0,0.037824735,-0.08132865,0.0,0.018905357,-0.22794428,0.0,-0.03735561,0.019970475,0.0,0.07765507,0.03196919,0.0,0.09527585,-1.0358514,-0.29124165,-0.7331539,-0.013950823,0.0071558096,-0.05578579,-0.05818929,-0.21169864,0.008205969
-0.02107666,-0.5806014,0.17763987,-0.5543951,-0.0851966,-0.017629165,-0.0043323804,-0.025566045,-0.041059006,-0.011230846,-0.011929619,-0.0027160833,0.029648934,-0.0009866325,0.03387626,0.051752433,0.123258814,-0.00032044534,0.122050874,0.00014060651,-0.012700144,0.06191876,0.0,-0.0075555025,-0.070578545,0.0,0.02286072,-0.29855987,0.0,-0.04067294,-0.013666419,0.0,0.07405104,-0.043273162,0.0,-0.14559202,-1.1340635,-0.09078045,-0.7191837,-0.26346502,-0.10054022,-0.023377243,-0.0042920024,-0.24440886,-0.1379958
-0.025034806,0.080682196,-0.32180962,-0.01568397,0.08401763,0.00859036,-0.026162362,-0.0049664383,-0.2919746,-0.14998147,-0.013381401,-0.0072092596,0.0903832,-0.00025517357,0.11811979,0.027089436,-0.11083276,0.055494547,-0.32818553,-0.00020229624,-0.0010217298,-0.10004766,0.0,-0.018584747,-0.031915355,0.0,-0.026254583,-0.33384436,0.0,0.021151552,-0.01149013,0.0,-0.040849667,-0.00375036,0.0,-0.08793423,-1.0417435,-0.09859325,-0.72382045,-0.1357127,-0.07096245,-0.08027195,0.0034190735,-0.16994731,0.02664903
-0.062101062,-0.6043171,0.16628687,-0.39493948,-0.04279481,-0.034068666,-0.065700874,-0.012708984,0.0007730331,0.0025793568,-0.01401591,-0.00930747,0.021168755,-0.000656311,0.0068919244,0.11046018,0.18232575,-0.00028736982,0.16005224,0.00011399096,0.0023737487,0.07377346,0.0,-0.03194727,0.03414786,0.0,-0.06329747,0.091607906,0.0,-0.003127849,-0.032308977,0.0,-0.04689704,0.06519773,0.0,0.032534845,0.5284236,-0.004699713,0.06523548,-0.3292146,-0.14106922,-0.10058081,-0.0634561,-0.2978714,0.013972038
-0.028883386,-0.43327722,0.13102107,-0.23358735,-0.124230295,-0.059269816,-0.06966673,-0.03227614,0.003116627,-0.004390085,-0.010282447,-0.0036413043,0.13439518,-0.0007556063,0.005524247,0.05178518,0.109172806,-0.00015368818,0.17281257,0.0011326531,-0.00037952923,-0.157841,0.0,0.0024120188,-0.14240238,0.0,-0.01113829,0.0551967,0.0,0.004449778,-0.06793195,0.0,-0.123530164,0.0070716725,0.0,0.064369485,-1.235059,-0.071372315,0.056476664,0.052512094,0.028020797,-0.0008055363,-0.034160417,0.15573524,-0.004188146
-0.011579132,0.11021654,0.23369622,0.15344457,-0.06486876,0.017638203,-0.034730036,0.0007743475,-0.0055507002,-0.0050897077,-0.01217868,-0.0025067113,0.22737314,-0.003068853,0.08403159,0.092454836,0.18635854,-0.0038340006,0.24473272,0.00014060098,-0.00096635986,0.09396345,0.0,0.004085974,-0.033479806,0.0,0.09181861,0.13942242,0.0,0.023499161,0.011082477,0.0,0.055421427,-0.005077154,0.0,0.03353518,0.6396276,-0.03559298,0.07452789,0.13920574,0.06663474,-0.032926805,-0.0034809888,0.16544321,-0.018604312
-0.016225284,0.991966,-0.3301423,0.10096603,-0.026023801,-0.0002696198,-0.040816274,-0.013897014,-0.016078768,0.0014634643,-0.009433255,-0.0033022051,-0.11499754,-0.0005693343,-0.044517282,0.110454634,0.10709526,9.67514e-05,0.25395513,0.00012723671,0.00820015,0.04593785,0.0,-0.016091073,-0.19295412,0.0,-0.010292629,0.115648635,0.0,0.015557191,-0.0072168894,0.0,-0.08480326,-0.020388866,0.0,-0.04500813,0.6708513,-0.0149712,0.06508547,-0.46856737,-0.20848887,-0.013913195,-0.0010893691,0.094749086,-0.05895719
-0.012996884,-0.03893657,-1.2824326,-0.08280754,-0.10216166,-0.041682433,-0.033254344,-0.016414998,0.03144784,0.009834098,-0.037075803,-0.008648776,-0.10153158,0.0015360626,-0.04349278,0.033598013,-0.20952629,0.0030841473,-0.5450197,-0.0008816094,-0.006163414,-0.21558861,0.0,-0.017844783,-0.09925687,0.0,-0.021205662,-0.56024593,0.0,0.006542206,0.016170077,0.0,-0.060833603,-0.031535577,0.0,-0.031302225,0.4250096,-0.011205389,0.059702884,-0.3175903,-0.15044448,-0.03395658,0.016572777,0.121649094,-0.040711917
0.012997041,-0.040895905,-0.05894846,-0.010246677,-0.08498991,-0.041009575,0.00059276866,0.017722342,0.018254234,0.009151213,0.029705912,0.019608546,0.12894502,-0.006281687,-0.07239646,-0.1471629,-0.22627026,-0.0011354886,0.17229603,9.801087e-05,0.00047769197,-0.17264237,0.0,0.13517192,0.0389903,0.0,-0.081722006,0.12271637,0.0,-0.003791438,0.033922195,0.0,-0.06794027,0.018996257,0.0,-0.08253351,0.5016166,-0.029091181,0.065650426,0.05058307,0.027634483,-0.028917257,-0.32936573,-0.44569352,-0.00814151
-0.0197249,-0.49134806,-0.34203583,-0.18109226,-0.08106726,-0.044344813,-0.06915745,-0.012190247,0.012955915,-0.0033329222,-0.0079209525,-0.0032296686,0.06709489,-0.00054565596,0.048352484,0.08154787,0.22096431,-0.0018160576,-0.6654629,-8.4018255e-05,-0.076944664,0.052666903,0.0,-0.074218355,0.09359455,0.0,-0.050987583,0.15110904,0.0,-0.0016044378,0.012746832,0.0,0.06252127,-0.051918346,0.0,-0.1144391,0.5030979,9.6264e-05,0.070178494,-0.043194275,-0.023533305,0.010404465,-0.11708251,-0.40537766,0.030711498
-0.036903195,-0.39470926,-0.3768679,-0.6383792,-0.12694605,-0.06423114,-0.07749486,-0.017160397,0.024750756,0.008933675,-0.025815548,-0.011759288,0.06954261,-0.001045089,0.003898022,-0.1984294,-0.2609069,-0.002309938,0.17992976,0.0010321104,-0.0012354057,0.037462585,0.0,-0.10252484,0.08315169,0.0,-0.06603192,0.11482064,0.0,0.005401179,-0.005524235,0.0,0.026328187,0.060130753,0.0,0.14146566,-0.88646024,0.02886279,0.06980178,0.0130574815,0.012721364,-0.010594069,-0.058747087,-0.325363,-0.020605607
0.08448728,0.0011946878,-0.011029479,0.30524248,-0.0098889535,0.0028559302,-0.025367167,-0.019365482,0.014836668,0.0049283863,-0.015011801,-0.0028835705,-0.3552618,-0.00059648784,-0.11199363,0.08867627,0.114002846,0.00029362697,0.1999768,0.00014361776,0.0020046113,0.08110815,0.0,-0.021249123,0.09061374,0.0,-0.059909947,0.12097716,0.0,0.0006882695,-0.0327719,0.0,-0.0840922,-0.07118733,0.0,-0.061327342,0.59730214,-0.029308235,0.06633398,0.037500445,0.017262131,0.00049239,0.022051942,0.15519817,-0.029316956
-0.0043687234,0.19150563,0.06420819,0.03527375,-0.094457045,-0.0024352262,-0.04339566,-0.007183113,0.0051867794,-0.00038204974,-0.011925442,-0.0027761015,0.27086106,-0.002993271,0.11764927,0.099259116,0.17056935,-0.0037948706,0.31871912,0.00014060098,0.004661682,0.079583734,0.0,-0.014298854,0.06726798,0.0,-0.078777835,0.13047118,0.0,0.0022919106,0.008459579,0.0,-0.06666719,-0.049342364,0.0,0.020105725,0.67568594,-0.029239634,0.07525658,0.11549652,0.059175324,-0.03926161,-0.0041891458,0.1620388,0.0115534775
-0.026102211,-0.68229306,-0.6357724,-0.31688678,-0.049331345,-0.039557472,-0.047900427,-0.012271212,-0.22082436,-0.08690279,-0.01875292,-0.0072588422,-0.14420375,-0.00034482768,-0.15335001,0.014572759,-0.11233423,0.02200366,-0.36177525,-0.00022244186,-0.013135377,-0.13395555,0.0,-0.028677568,-0.070865184,0.0,-0.03852371,-0.32428527,0.0,-0.000672396,-0.011351202,0.0,-0.08975582,-0.019251741,0.0,-0.1353629,-1.1039004,-0.09292276,-0.76927745,-0.17908135,-0.06891829,-0.066664554,-0.24998568,-0.17070828,-0.00021249735
-0.03729115,-0.23276173,0.17452767,-0.41458267,0.09385719,0.034666233,0.01784691,0.007190058,-0.085118935,-0.028556641,-0.0038953503,-0.0020257984,0.034464143,0.00057389203,0.024679445,0.07209935,0.12600489,-0.00043234153,0.19985133,0.00028318504,0.004288702,0.15855367,0.0,0.009672394,0.005553252,0.0,-0.10626621,-0.28243902,0.0,-0.014307893,0.016870072,0.0,0.055548653,0.032404926,0.0,0.08865583,-1.2578229,-0.18341854,-0.83330345,-0.3218066,-0.17186713,-0.04311146,-0.016560357,-0.15540592,-0.12838672
-0.047889072,-0.042472944,-0.09497643,-0.23844811,-0.08846975,-0.010972797,-0.047754876,0.011634854,0.017667923,-0.010697176,-0.028829295,-0.010665861,-0.10123449,-0.0016191549,-0.048113044,-0.0035291696,-0.20203015,-3.513915e-05,-0.5555439,-0.0007866246,-0.010184778,-0.133472,0.0,-0.012275708,-0.021477982,0.0,-0.040490266,-0.3195498,0.0,0.0031165855,0.013170768,0.0,-0.066701196,0.0016892268,0.0,-0.060812827,0.4981946,0.005589353,0.0939497,-0.2108271,-0.07272045,-0.03174817,0.008802758,-0.064322315,-0.07307347
-0.013770495,-0.4236984,-0.30871764,-0.2581599,0.021576386,-0.009190301,-0.082758024,-0.018592332,-0.0068048895,-0.0074764295,-0.011951785,-0.0038865537,0.04315839,-0.0010702189,0.02789408,0.1190382,0.20000951,0.0001237824,0.22624663,4.560479e-05,-0.00094593153,0.035329342,0.0,-0.042336535,0.08254739,0.0,-0.061329506,0.1724017,0.0,0.011462905,-0.043526866,0.0,-0.11615773,-0.10057783,0.0,-0.1227232,0.5772594,-0.009963235,0.068220735,0.057679784,0.029433176,-0.118961304,-0.0013148539,-0.48892957,0.022717161
0.109748125,-1.6606877,-0.20146056,-0.6136643,-0.015566926,-0.020272372,-0.025042083,-0.0090650385,0.042690195,0.019423652,-0.018654825,-0.007572319,0.086267985,-0.0010591055,0.094825365,-0.00025645597,-0.11715588,0.0461144,-0.4996549,-0.0018513348,0.011312834,-0.06495213,0.0,-0.04088397,-0.07365653,0.0,-0.025347235,-0.3284495,0.0,0.014727148,0.0080329245,0.0,-0.09380583,0.014698083,0.0,-0.111324355,-1.1264311,-0.09435778,-0.6316375,0.014689368,0.009460719,0.016242009,-0.0015750108,-0.24539435,-0.011310129
-0.013306938,-0.62375104,-0.078907155,-0.0103301825,-0.0037909467,0.010975186,-0.039440736,-0.017761294,-0.19380671,-0.07433924,-0.03992598,-0.010460522,-0.10773971,-0.0012860376,-0.028957283,-0.15639354,-0.29608235,-0.00027571752,-0.44274306,9.5849275e-05,-0.040481105,-0.20666003,0.0,0.043684945,0.07145344,0.0,-0.069522105,0.16364338,0.0,0.0004036181,0.010816538,0.0,-0.08872378,0.0822853,0.0,-0.036522202,0.43274048,-0.020799777,0.06691969,0.009457766,0.011765957,0.016148614,-0.06031084,0.15096296,0.033370953
-0.035747927,-0.4241955,-0.11673074,-0.019082539,0.11254399,0.012607198,0.05132636,0.010063859,-0.046251293,-0.020220708,-0.026270732,-0.004947163,-0.0684471,-2.5094807e-05,-0.06606583,0.03565421,-0.1767726,0.0033765733,-0.44331956,-0.00072367466,-0.011930947,-0.1010359,0.0,-0.0153469,-0.028775467,0.0,-0.04010503,-0.33202696,0.0,-0.004301172,-0.013064707,0.0,-0.03497271,-0.0033502039,0.0,-0.05893163,0.4450015,0.005516881,0.088055335,-0.32591078,-0.12935202,-0.07255515,0.0017089008,-0.17302924,-0.17498106
-0.03230831,-1.0520943,-0.31200314,-0.2668751,-0.0706764,-0.019891545,0.027839042,-0.0059628515,-0.11958823,-0.053177267,-0.018576965,-0.008462244,0.06557453,-8.8603105e-05,0.04546101,-0.10046348,-0.17121494,-0.0015283822,-0.36308455,0.00011150653,-0.018747853,-0.14563239,0.0,-0.029450202,-0.052711222,0.0,0.03410212,-0.34215224,0.0,-0.065358296,-0.032437176,0.0,0.051337533,-0.058895092,0.0,0.0121652,-1.0093431,-0.2405938,-0.7745385,-0.09563891,-0.04158859,-0.053087506,-0.046130925,-0.17514896,0.010841489
-0.012202548,0.10078897,-0.16113183,-0.035699353,-0.0024128952,-0.0011866865,-0.060844287,-0.016764117,0.014419112,0.0019474172,-0.013360891,-0.002871754,0.11224677,-0.00069292384,0.039538015,0.10937014,0.18574484,-3.1033822e-05,0.23819627,0.00012434999,0.00010241514,0.07154643,0.0,-0.005639901,0.092185274,0.0,-0.057875056,0.10010013,0.0,-0.0014572717,-0.01913256,0.0,-0.10318361,-0.0109044565,0.0,-0.103898205,0.69891214,-0.016277593,0.067407295,0.05319568,0.03223166,0.006948047,0.012109794,0.2534393,-0.011217284
-0.016988114,-1.353129,-0.27571207,-0.45512134,-0.070518196,-0.011166656,-0.0020231635,-0.0032104643,-0.11677116,-0.050432768,-0.029453529,-0.007671144,-0.06682382,-0.00022857156,-0.09057458,0.024091393,-0.10577447,0.007801186,-0.42547804,-0.0005238311,-0.000267638,-0.09753202,0.0,-0.032626558,-0.031571005,0.0,-0.034484003,-0.30293304,0.0,0.005687142,-0.0076135923,0.0,-0.052467406,-0.00051474955,0.0,-0.10664778,-1.2401078,-0.0765257,-0.8513792,-0.08635233,-0.054807797,0.06507029,0.011423981,-0.17909445,-0.00732951
-0.009056762,-0.5404478,0.14124863,-0.4566699,-0.1409109,-0.059035335,-0.0055169645,-0.005390388,0.0045375284,-0.009397362,-0.0037821508,-0.00185665,-0.2382993,0.00027180344,-0.09672804,0.0191554,0.08241959,-0.0010385821,0.03389343,0.0010740355,-0.0034259802,-0.13545959,0.0,0.028281398,-0.18072727,0.0,-0.015553197,-0.33203423,0.0,-0.0966115,-0.11011616,0.0,-0.11530501,-0.017738873,0.0,0.1190741,-0.7397956,0.040602073,0.0741747,0.007685894,0.022924049,-0.029331291,-0.046077166,-0.24326162,-0.0059274677
0.04652271,-0.4190228,-0.05036177,-0.11605853,-0.081488974,-0.03664189,0.0459383,0.003991377,-0.020254701,-0.017767582,-0.018191285,-0.003509183,-0.057765726,-0.0005586941,-0.0024963517,0.12893428,0.20536618,0.00017171886,0.12884785,7.473772e-05,-0.015704291,0.050873566,0.0,-0.064435944,0.1068045,0.0,-0.053687215,0.17226532,0.0,0.009917465,-0.03329028,0.0,-0.10699884,-0.015687007,0.0,-0.08113932,0.5715619,-0.0014178001,0.06470835,0.04386263,0.02624108,-0.095461465,0.004737005,-0.4208973,0.00956975
-0.04471389,-0.83907914,-0.2776058,-0.31477457,0.101215854,0.04724638,-0.083365925,-0.035073955,-0.006925383,0.0050367103,-0.024207823,-0.0051252907,-0.014612708,-0.0011824734,-0.028523544,-0.09358373,-0.19244748,-0.0006688691,0.31477603,0.0010829237,0.0065137567,-0.10268827,0.0,0.071535625,0.07028463,0.0,-0.096308134,-0.3165354,0.0,-0.0836291,-0.045157105,0.0,-0.1573769,0.108196415,0.0,0.1881934,-0.3940047,0.22876924,0.110806145,0.04964743,0.024700373,0.023575578,-0.020934336,-0.26984102,-0.1067158
0.0077192346,0.4823274,-0.07625721,0.09855544,-0.10056213,-0.048534453,-0.0382434,-0.0014283155,-0.15418242,-0.057329956,-0.015354846,-0.004901696,-0.10684786,9.698802e-05,-0.064189374,-0.16944894,-0.2182519,7.159113e-06,0.17835182,0.00010860728,-0.00168999,0.11206041,0.0,-0.01871145,0.042600233,0.0,-0.09020458,-0.496478,0.0,-0.13057561,0.034287512,0.0,-0.067261636,0.08704908,0.0,-0.042562816,0.48592648,-0.022234961,0.0666105,-0.007162631,0.020335987,0.06513641,0.010122789,-0.34323046,0.007057922
0.0065607447,-0.6473958,0.31710488,-0.17822497,-0.092769384,-0.03906616,-0.045284193,0.00627615,0.02147883,0.0172314,-0.013737621,-0.0045914873,0.03322174,-0.0012540448,-0.012621817,0.053484466,0.10362891,-0.00039457268,0.19137128,0.00032613453,0.019666595,-0.21170494,0.0,-0.07623154,-0.03652551,0.0,0.05198323,0.07706647,0.0,0.028611416,0.053160418,0.0,0.076848626,-0.0037755591,0.0,0.0045263865,-1.1833342,-0.18584487,-0.6275718,-0.43634063,-0.18113396,-0.00802526,-0.019171568,0.21639413,0.017985526
-0.020034948,0.48929062,-0.22571588,0.48534545,-0.000721705,0.018130962,0.019171065,0.008046072,0.010745917,0.004443567,-0.03169168,-0.0064254967,-0.1345164,-0.0021226034,-0.044176053,-0.011270939,-0.15898609,0.00080760295,0.1896311,0.00012487442,-0.014874464,-0.2743833,0.0,0.0006442087,-0.0066422652,0.0,-0.09955517,0.155778,0.0,0.004197075,0.028687935,0.0,-0.09906848,0.015033634,0.0,-0.06481138,0.585178,-0.030716002,0.07219845,0.08021653,0.048871774,-0.0023067165,-0.018948225,-0.16239566,-0.08794015
-0.019428512,-0.18531987,-0.46360955,-0.36009973,-0.07551941,-0.035922773,-0.10185481,-0.033503745,0.0034903598,-0.008075256,-0.0032735248,0.01948701,0.016022898,-0.010176299,-0.045777548,-0.17733337,-0.17566256,-0.001037647,0.12389335,-3.112328e-05,-0.012320627,0.023771634,0.0,-0.07992291,-0.100751184,0.0,0.02318198,-0.31284904,0.0,-0.030189289,0.030056974,0.0,0.07268397,-0.013447347,0.0,0.043697216,-1.156379,-0.0066824947,0.0636291,-0.33215815,-0.15434335,0.020629128,-0.025017256,0.12925512,-0.033308115
-0.035907995,-0.08541901,-0.25900224,-0.11305941,0.11507026,0.0056192977,0.059283234,0.0009890541,-0.09571101,-0.06034821,-0.012865814,0.001236189,-0.030592797,0.001656592,-0.049162652,0.02666007,-0.21235268,0.0033771489,-0.47912303,-0.00072367466,-0.00045768544,-0.09276512,0.0,-0.05634953,-0.013219612,0.0,-0.041442778,-0.26740414,0.0,-0.009710131,0.0028721683,0.0,-0.03820496,-0.0075998083,0.0,-0.043069817,0.49748388,0.0023557444,0.09502107,-0.192909,-0.06501969,-0.06994751,0.018242171,-0.13056552,-0.08375862
-0.0051484974,-0.53384274,0.07622953,-0.052042093,0.015788274,0.012491435,-0.11121338,-0.03940815,-0.2779271,-0.12433379,-0.008132683,-0.0040563294,0.06770088,-0.00017801061,0.026496967,0.05317147,0.13871628,-0.0005415863,-0.39622167,0.00018683047,-0.051419638,0.30877134,0.0,0.04985607,-0.03853173,0.0,0.07375195,-0.3283859,0.0,-0.071361355,0.020463364,0.0,0.09104571,-0.01925261,0.0,0.07481725,-0.78038734,-0.078556105,-0.3797951,-0.010117224,0.0060969386,-0.140767,-0.009164723,0.14566061,0.024081994
0.0012189533,-0.5717787,0.36759457,-0.17013761,-0.039761845,-0.014477681,-0.049281757,-0.0053690933,0.031521324,0.009886363,-0.01459966,-0.00354555,0.15998547,-0.00080600375,0.029989993,0.13108851,0.16643398,-0.0001606981,0.22527814,0.00011755521,0.00044170866,-0.21947984,0.0,-0.076291226,0.025837876,0.0,-0.091621846,0.112559356,0.0,0.011521952,0.014402629,0.0,0.031737342,0.009916616,0.0,0.024500243,0.57518625,-0.02733925,0.06645162,0.13536124,0.056660056,0.0008736857,-0.032641135,0.12307388,0.013849951
-0.014835887,-0.6558434,-0.34414396,-0.5571403,-0.012988421,0.0064398577,-0.10057704,-0.02361659,0.0040014973,-0.00045015628,0.043067776,0.00967276,0.015597905,0.008554927,-0.03472596,-0.058545407,-0.17131747,-0.0007329851,-0.39194247,1.291708e-05,-0.029525042,0.017178388,0.0,-0.11943203,-0.090190545,0.0,0.01657434,-0.3013387,0.0,-0.0747096,0.010908866,0.0,0.04983665,-0.047975693,0.0,-0.45437112,-0.95081365,-0.07489202,0.054214366,-0.02879919,-0.007386105,-0.22557497,-0.038501542,-0.36281937,-0.004349172
-0.0040462087,0.108675525,-0.05416412,-0.1175949,0.08188469,0.017818144,-0.053830154,-0.015193508,0.048227463,0.01927382,-0.014726767,-0.00636493,0.042154502,-0.0010896523,0.09102651,0.03266276,-0.11461294,0.015931677,-0.3719116,0.00020304997,0.009616858,-0.03410603,0.0,-0.08158822,-0.036857337,0.0,-0.0044635125,-0.2227612,0.0,0.019798666,0.059451453,0.0,-0.06022474,0.041065477,0.0,-0.16074952,-0.9044511,-0.019486798,0.070456296,-0.07120939,-0.029883053,0.13318212,-0.024943886,-0.20373884,0.04349443
-0.005388021,-0.07583848,-0.105817445,-0.11664382,0.12245778,0.03557545,-0.089802414,-0.011085517,-0.017057924,-0.032037374,-0.016282823,-0.004548858,-0.14054897,0.0009964433,-0.068012625,-0.15653104,-0.19790468,-0.0012198611,0.05767191,6.71302e-05,-0.014038978,0.018249407,0.0,-0.037657633,-0.16508715,0.0,0.026443282,-0.21580055,0.0,-0.024093125,0.056718905,0.0,-0.0665063,0.05841549,0.0,-0.0617619,0.433854,-0.0150596285,0.06522457,-0.12548015,-0.10786232,0.012278944,-0.16153361,-0.3642078,-0.06735457
-0.017862456,0.71790916,-0.08627896,0.37633845,0.06018838,0.018913336,0.014380495,-0.002812603,0.009183881,0.008589509,-0.01187831,-0.0071681794,-0.079072274,-0.0007496255,-0.047713704,-0.12887035,-0.2096918,0.00052145834,0.20829898,0.00012506904,0.0057918266,0.10665604,0.0,-0.03327054,0.0957276,0.0,-0.056011736,-0.34434205,0.0,-0.19026035,0.046625804,0.0,-0.07134756,0.06674319,0.0,-0.022306586,0.6308194,-0.009618776,0.07629246,0.05165835,0.031077314,0.018050238,-0.020251473,0.21286649,0.015560149
-0.009110338,-0.86944604,-0.36972827,-0.53665435,-0.041461885,-0.01859896,-0.027660312,-0.0040444653,0.018338675,0.010034047,0.09040553,0.015230981,0.13428105,-0.00056501303,-0.10695397,-0.32816833,-0.27648297,-0.0011498109,0.08777968,0.00010576062,-0.0055941422,0.016613856,0.0,-0.0871903,-0.0733264,0.0,0.027168749,-0.6674396,0.0,-0.18253557,0.02468405,0.0,0.07468335,0.05392771,0.0,0.06825912,0.33267367,-0.047077388,0.053340968,-0.02717373,-0.01846731,-0.19144791,0.0129268775,-0.52334577,-0.036859963
-0.054488022,-0.8074851,-0.36361748,-0.34036222,-0.056648627,-0.030798541,-0.078788064,-0.013525185,-0.0044103954,-0.00051575206,-0.017843334,-0.004724608,0.024324577,-0.0004744531,-0.022247346,-0.11686963,-0.18480766,-0.00038447927,-0.45943943,0.00030762362,-0.064782545,-0.1402569,0.0,-0.02477011,-0.07001686,0.0,0.0658112,0.09194872,0.0,-0.0011110083,0.014870396,0.0,0.044993795,-0.010401371,0.0,0.021117637,-1.0672976,-0.21618678,-0.68431216,-0.21324046,-0.0842836,-0.01949742,-0.042925,-0.17379278,-0.26714557
-0.01835253,-0.75296557,-0.41241452,-0.50073135,0.0057765264,-0.0014083111,-0.03765098,-0.0106446585,-0.0063368073,0.0029957497,-0.040266123,-0.009927453,-0.056539394,-0.0033358147,-0.052941047,-0.2254191,-0.30325696,-0.0010923824,0.08225001,8.8681285e-05,0.00027311846,0.032874342,0.0,-0.09843383,0.097975336,0.0,-0.058062825,-0.2754777,0.0,-0.04430503,0.0009089013,0.0,-0.092119575,0.042309754,0.0,-0.06310956,0.36857313,-0.01763562,0.056077346,-0.12627381,-0.080475666,-0.058459222,-0.024877608,-0.3996639,-0.03462154
-0.0065038856,-0.3450786,0.43959367,-0.2109496,-0.17156649,-0.058245637,0.13211507,0.017599618,0.058319014,0.018684335,-0.0029780443,-0.0019072872,0.040289197,0.000611549,0.033379924,0.04832812,0.13956352,-0.0019062198,-0.3022236,0.00028492065,-0.033666275,-0.19866288,0.0,-0.049955275,0.071899645,0.0,-0.07471555,-0.086320296,0.0,0.037503578,0.00052353763,0.0,0.040334787,-0.018141542,0.0,0.087251164,-0.82293904,-0.2341608,-0.6245519,-0.06777127,-0.040795833,-0.02462835,0.04140538,-0.16276518,0.035653748
-0.007005959,-0.32651263,0.2783986,-0.10617031,-0.09938868,-0.034050886,-0.02850278,0.0037828614,0.07583136,0.017871188,-0.006810059,-0.0021851647,-0.0035426812,-0.00049707474,0.0005825242,0.048926577,0.19601813,-0.0025497505,-0.37149006,0.00078674534,-0.04867554,-0.11148754,0.0,-0.008583072,-0.13518642,0.0,-0.0036797323,0.057585787,0.0,-0.015513902,0.033292193,0.0,0.0680076,0.024361007,0.0,0.17724204,-0.72359484,0.004834747,0.08232168,0.026282137,0.0067885313,-0.04135083,-0.16890799,-0.28611282,0.021994982
0.006996608,-0.022204988,-0.13778153,0.124758504,0.06401428,-0.008708884,-0.05871279,-0.022992449,0.0106168715,-4.5366658e-05,-0.0073076733,-0.0023526526,-0.08421131,-0.0007384601,-0.047062896,0.039267313,0.13105531,4.5617577e-05,-0.5254009,0.000113110116,-0.040087845,0.022555854,0.0,-0.035531033,0.11012301,0.0,-0.05692803,0.10525512,0.0,-0.005697698,-0.01568085,0.0,-0.1011485,0.0474523,0.0,-0.03576273,0.5932865,0.005966101,0.08149861,0.065482,0.04156416,-0.015201559,-0.022634875,0.18066745,0.028596353
0.023729319,0.19756071,-0.1128073,0.1344564,-0.18405107,-0.054146484,-0.035277892,-0.007577343,-0.006814454,-0.0054674665,-0.0056767436,-0.002256577,-0.18512897,-0.0004632229,-0.12680075,0.102720976,0.24345812,-0.00075702247,0.23088522,8.698942e-05,-0.005795319,0.06490324,0.0,-0.045146067,0.09920102,0.0,-0.044978403,0.09890157,0.0,-0.0077290963,-0.0046662376,0.0,0.06652639,0.004582693,0.0,-0.06960437,0.59920925,-0.017784294,0.06979105,0.023221642,0.0074706203,-0.035259455,-0.3647912,-0.4103338,-0.00052535115
-0.013367571,-0.49978247,0.4243482,-0.06153536,0.072196946,0.014323024,0.0832821,0.010903351,0.011051807,0.0041327965,-0.012845633,-0.0036123756,0.15166031,-0.00043936603,0.023613548,0.044490583,0.15852316,-0.00018850165,-0.4218755,0.0010720115,-0.023553994,0.14873888,0.0,-0.019127183,-0.06459123,0.0,0.072236374,0.06574004,0.0,-0.008457749,0.037727658,0.0,0.08832762,0.010518174,0.0,0.11770173,-0.96953565,0.04785152,0.10020116,0.02255337,0.015960539,-0.012314468,-0.014175626,0.26695648,0.024708597
0.2006624,-1.6798613,-0.1875467,-0.2442898,0.007840334,-0.011622153,0.0035131325,-0.011533624,-0.08984921,-0.044856917,-0.01658115,-0.007368366,0.06804572,0.00033762917,-0.005750401,-0.047476772,-0.14652973,-0.0011624786,-0.30799797,0.00011009744,0.00048323942,-0.13174577,0.0,-0.015782818,-0.08115201,0.0,0.031040339,-0.31225538,0.0,-0.058786847,-0.04341878,0.0,0.010056754,-0.07356754,0.0,-0.0036541778,-1.1123136,-0.21930486,-0.7894794,-0.10784179,-0.055990756,-0.036619116,-0.015968664,-0.18052141,-0.0057769134
0.06975147,-0.21948317,0.028737383,-0.030292898,0.04200674,-0.0047028568,0.0017566951,0.016333645,0.050928213,0.021272397,0.25231493,0.032097425,0.17565715,0.008217935,-0.016212277,-0.24855301,-0.24230562,-0.00025403348,0.1888027,0.00011680458,0.008155736,-0.19865495,0.0,0.05249862,-0.074023716,0.0,0.037399713,0.21596004,0.0,0.025724694,0.047729243,0.0,0.09251365,0.021888211,0.0,0.050929517,0.47799706,-0.03566028,0.053576127,0.014108047,0.022122007,0.0032295515,0.015582791,0.19205876,-0.033042397
0.0005890515,0.24450739,-0.02195191,0.037293952,-0.12062236,-0.036905218,0.0024726605,0.0032980656,0.010211443,0.0029153172,-0.012041503,-0.0061376286,-0.09254757,-0.0014005995,-0.06583932,-0.16705826,-0.17643814,0.0006590796,0.21629132,0.00011385297,0.0042097615,0.07180056,0.0,-0.028278202,0.035490196,0.0,-0.095079385,-0.5099056,0.0,-0.12866853,0.0172033,0.0,-0.08291525,0.086651795,0.0,-0.037559796,0.49777558,-0.023373498,0.07249025,-0.028105244,-0.0008367415,-0.024988526,0.02061655,-0.33950284,-0.11770558
-0.014380927,-0.2970561,-0.3747304,-0.50688595,-0.041259456,0.005927207,0.14642537,0.063489825,-0.21070848,-0.10564739,0.083983965,0.04887341,0.095056355,-0.01517082,-0.037847646,-0.035660733,-0.15120263,-0.0011895123,-0.25156423,0.0014160725,0.009900214,0.01526768,0.0,-0.13663457,-0.08342312,0.0,0.09616722,-0.37856,0.0,-0.07568429,0.018167416,0.0,-0.11921644,0.07485308,0.0,-0.29009086,-0.9152336,-0.024392065,0.060732886,-0.08106241,-0.03919569,-0.025865575,0.0015115001,0.32319117,0.012631438
-0.0028846033,-0.87415785,-0.10140506,-0.22491193,0.017335724,-0.004418986,-0.04260639,-0.0077614277,-0.25208983,-0.10330828,-0.0066644764,-0.0017199655,0.0413934,0.00030236552,0.02684816,0.0228224,0.12171929,-0.0034467054,-0.4242123,-0.00037275977,-0.047717776,-0.06377849,0.0,0.024805583,0.051689465,0.0,-0.05769418,0.100799434,0.0,0.013978904,0.036318306,0.0,0.10497106,0.021807231,0.0,-0.37210354,-1.0282305,0.002365197,0.08037161,0.009451822,-0.008797584,-0.008094187,-0.0418234,-0.33395323,0.03247952
-0.038759675,-0.47465187,-0.5930965,-0.087929085,0.14515726,0.013987702,0.0127738835,0.0062398515,-0.008980456,-0.027732877,-0.027384493,-0.005514038,-0.10541745,-0.00012174397,-0.065223396,0.038516793,-0.18783644,0.0033765733,-0.45951542,-0.00072367466,-0.005616692,-0.12182171,0.0,-0.009834603,-0.040029395,0.0,-0.053719457,-0.33564675,0.0,-0.005084447,0.005595217,0.0,-0.051278647,-0.008069647,0.0,-0.064817876,0.43167427,-0.004298598,0.08602566,-0.20069742,-0.08030728,-0.07633293,-0.0018792636,-0.12968196,-0.15180606
-0.018142216,0.31156352,-0.17000334,0.07950841,-0.11201569,-0.054486483,-0.032341782,-0.016866725,0.0056462074,-0.0018840915,-0.0075927214,-0.002559466,0.10917369,-0.0029259697,0.10424164,0.12324567,0.17329253,0.0002831751,0.27074355,0.00011250261,-0.0008192477,0.06929757,0.0,-0.024451695,0.015068655,0.0,-0.10152477,0.0934481,0.0,-0.01529479,0.036046557,0.0,-0.07034887,-0.016072527,0.0,-0.11248112,0.7371047,-0.012291592,0.07096009,0.08856,0.051472202,-0.04374812,-0.032017726,0.11843792,0.02362679
-0.023239769,-0.6528748,-0.30836332,-0.6804755,0.0331863,-0.007410162,-0.04650944,-0.019052085,0.012066828,0.0067100087,-0.016842786,-0.002744951,0.055315796,-0.0010619154,0.013040749,0.021247024,-0.13261656,0.0047856933,-0.4758855,-0.0020788459,0.011913207,-0.071856886,0.0,-0.030837217,-0.08324926,0.0,-0.03734312,-0.32985464,0.0,0.016101588,0.01993231,0.0,-0.104581766,0.017022872,0.0,-0.1579125,-1.1119608,-0.110321485,-0.55465734,-0.020080991,-0.003024398,-0.18766768,-0.042557552,-0.22870679,0.01749702
-0.02095171,-0.64780754,-0.13262135,-0.18465143,0.11848863,0.045902245,0.033582944,0.01965138,0.011593806,-0.007954551,-0.016007,-0.004251779,0.06293904,-0.00060439494,0.026289582,0.045027703,0.072854504,-0.0011719503,0.16775855,0.001138926,-0.00024760276,0.056887142,0.0,-0.0419889,0.03053153,0.0,-0.07323284,0.1251253,0.0,0.00091649767,-0.1172997,0.0,-0.1640866,0.03985897,0.0,0.06697693,-1.0902327,0.0036305604,0.06743336,-0.3324205,-0.14962518,-0.0046081077,-0.023398913,0.2118267,-0.0013447627
-0.03880649,-0.81496465,-0.1038815,-0.46818113,-0.06417008,-0.036921427,0.0488753,0.014858424,0.0164229,-0.005704566,-0.01030341,-0.0056100558,-0.03830438,-0.00067485915,-0.03090227,-0.07086512,-0.15911725,-0.001770514,0.103277855,2.0391048e-05,0.0051093698,-0.06448956,0.0,0.08375121,-0.15780461,0.0,0.021923924,-0.27824837,0.0,-0.053807158,-0.03181148,0.0,0.0065150876,0.013867635,0.0,-0.27284572,-0.8113362,-0.006063202,0.07532133,0.009244689,-0.0033710806,0.0561344,0.014314335,-0.28891787,-0.014477384
-0.028021578,-0.13533685,-0.59849894,-0.06992257,0.04854212,0.00931961,-0.04949964,-0.020011337,-0.0053034197,0.0009585248,-0.021508975,-0.00035505707,-0.09250362,-0.00051322905,-0.059324607,0.03153808,-0.2119658,-0.0004417859,-0.60296327,-0.00080799946,7.718603e-05,-0.1409389,0.0,-0.0241132,-0.06878486,0.0,-0.05799874,-0.42130625,0.0,0.0014475657,-0.010380561,0.0,-0.06374517,-0.033966746,0.0,-0.05675123,0.48973274,0.0041049495,0.08630653,-0.07329259,-0.0004486674,-0.041791085,-0.014123931,-0.18817107,-0.16481173
-0.024241695,-0.123973474,-0.20578168,0.010592483,0.027628941,0.019392347,0.03550241,0.011288373,-0.08999132,-0.032809634,0.101454236,0.017135024,0.0972274,0.0062961644,-0.053750288,-0.02207046,-0.14393264,-0.00028583844,-0.45852038,0.0003643113,-0.060993444,-0.115427114,0.0,0.0047048563,0.011584098,0.0,0.17665632,0.13854235,0.0,0.0096064545,0.014227319,0.0,-0.097997464,0.07269738,0.0,-0.10807692,-1.3243845,-0.12830724,-0.9593387,-0.16571064,-0.07452243,-0.053038213,0.008748219,-0.18828104,-0.105528235
-0.009638943,-0.71184045,-0.29481414,-0.17526895,-0.2031435,-0.07191104,-0.05369817,-0.024989756,-0.014901967,-0.010509936,-0.007615408,-0.0033198826,-0.27315488,-0.0006406824,-0.10680617,0.083348945,0.13245903,-0.00013316877,0.1181447,0.00012317096,-0.008802365,0.05768549,0.0,-0.042081036,-0.27895397,0.0,-0.07055182,-0.5718797,0.0,-0.10824701,-0.1262414,0.0,-0.15977605,-0.0268426,0.0,-0.020887773,0.41932666,-0.04022902,0.06463395,-0.3956891,-0.16478552,0.0012721791,-0.01379319,0.073522724,-0.036241084
0.044268947,-0.5161383,0.13827282,-0.049312413,-0.08721958,-0.015926622,0.0029598232,-0.0007800325,0.013348914,-0.0012498096,-0.0098878,-0.003043153,0.0029748364,-0.0002718021,0.08871909,0.09967046,0.20487304,0.00016844034,0.17624064,9.596485e-05,-0.01035781,0.074858844,0.0,-0.052458998,0.12626608,0.0,-0.05663934,-0.35631478,0.0,-0.04444452,-0.018852357,0.0,-0.07860368,0.029256176,0.0,-0.07189239,0.61346334,-0.014921113,0.073109694,0.0836004,0.038584106,0.023547487,-0.007318175,0.39325118,0.012577635
-0.03246055,0.6839208,-0.044850446,-0.016660271,-0.088033706,-0.03525407,-0.009366358,0.016689852,-0.14434434,-0.08732425,-0.013112132,-0.004894779,-0.08969501,0.0002736425,-0.055225115,0.024996081,-0.13303496,0.013000801,-0.4437751,0.0012963782,0.005149746,-0.051227864,0.0,-0.077539936,-0.01419149,0.0,-0.0319379,-0.3301124,0.0,0.012931928,0.0031709368,0.0,-0.083199374,0.023826301,0.0,-0.28449762,-1.4791104,-0.15231647,0.10073345,0.09431111,0.043152254,0.006980839,0.035504602,-0.16477416,0.04503005
-0.03592266,-0.32641035,-0.2603079,-0.048167974,0.0059012477,-0.020615827,-0.0734304,-0.011537327,-0.00024797017,-0.0035184457,-0.016176825,-0.00843065,-0.06910097,-0.0005994545,-0.0742299,-0.0858352,-0.2179631,-0.0013398067,-0.46134725,0.00031892463,-0.058331527,0.03189779,0.0,-0.11121712,0.047073446,0.0,-0.070063286,0.04146961,0.0,-0.018590232,-0.0024918693,0.0,0.04064346,0.049310815,0.0,-0.359542,-1.2137684,-0.12795146,0.06283918,-0.20410289,-0.08901809,-0.20334506,-0.0475215,-0.26805916,0.027055085
-0.024280818,-0.4079408,-0.25454465,-0.0954993,-0.03971313,-0.021853026,0.024543133,-0.00027659055,-0.11748288,-0.08159863,-0.016230963,-0.0020187753,0.06812514,0.0009439995,0.05628334,0.0343203,-0.13288708,0.004659949,-0.43487227,-0.002373813,0.009676858,-0.122197255,0.0,-0.04647287,-0.024154013,0.0,-0.05991262,-0.3582664,0.0,0.011106611,-0.031352818,0.0,-0.038478803,0.00097399065,0.0,-0.11649889,-1.2058955,-0.0705866,-0.69379306,-0.001935067,0.015198028,-0.104766734,-0.033405777,-0.13661177,-0.0124690095
0.013158584,-0.7097565,-0.20106202,-0.3728057,0.13926135,0.039645974,0.0038718747,-0.004849122,-0.005893953,-0.0033445144,-0.06577577,-0.013963879,0.12597758,-0.0049369615,-0.0067960015,-0.15505661,-0.25606015,-0.0005749707,0.28469667,0.0011406029,0.016662225,-0.15426692,0.0,0.012070552,-0.07210023,0.0,0.064152926,0.117293544,0.0,0.010279907,0.03433599,0.0,0.04740896,0.06796219,0.0,0.15044503,-0.7837068,0.05548808,0.08986566,0.044629566,0.013513258,0.0116050765,0.010441055,0.23040682,-0.026004124
-0.022384083,-0.49134085,-0.45754996,-0.18726096,-0.09059306,-0.0043027233,-0.11515048,-0.031363796,-8.0021695e-05,0.022493875,-0.021238202,-0.003081946,-0.102295905,-0.0006033962,-0.09620541,-0.007962147,-0.09826827,0.01946441,-0.34691396,-0.0023563826,-0.012424103,-0.09215798,0.0,-0.03851614,-0.066289574,0.0,-0.03803077,-0.21257982,0.0,-0.015318762,-0.018274594,0.0,-0.071806684,-0.010395173,0.0,-0.08381272,-1.3627702,-0.0587051,-0.64985305,-0.14933875,-0.07618695,-0.028566254,-0.3215187,-0.15972829,-0.018717976
0.020338915,-1.076945,-0.11363973,-0.2748386,0.045944773,0.011939891,-0.029024662,-0.009848007,-0.14715418,-0.11415939,-0.013167436,-0.002211988,0.08642573,0.00010401047,0.0011421503,0.03996534,0.08686102,-0.00067036494,0.2813078,0.00029516823,0.0055078003,-0.18269905,0.0,-0.0012205049,0.006894886,0.0,-0.104880564,0.12802906,0.0,0.015977971,-0.14125028,0.0,-0.2343456,0.0021395518,0.0,0.051546615,-0.9144515,0.12794992,0.093868375,0.051249266,0.010659971,-0.004065428,-0.017221352,0.15166076,-0.011228957
0.044582248,-0.49893332,-0.24952933,0.0708798,-0.0682821,-0.027339716,-0.019470181,-0.006703683,0.023553096,0.004022853,-0.014912478,-0.00286677,0.100636214,-0.0006840499,0.039951008,0.12685399,0.16997333,0.00019357019,0.17971773,8.6633496e-05,-0.015672604,0.07845407,0.0,-0.027139604,0.04038753,0.0,-0.088086486,0.072064534,0.0,-0.0031983915,-0.024386777,0.0,-0.07453073,-0.023556363,0.0,-0.08186701,0.6594915,-0.0074138828,0.064159244,0.049749274,0.028503656,-0.0045232065,-0.035744913,0.25404406,0.011835778
0.11764303,-1.7059333,-0.17671457,-0.6166565,-0.04974667,0.0026062876,0.014261397,0.0014815313,0.0199977,0.01774971,-0.030113388,-0.0083894385,0.055049006,-0.0011808756,0.0047159963,-0.0022740061,-0.110352345,0.008220824,-0.46041226,-0.00205788,0.0010886717,-0.090130575,0.0,-0.043699533,-0.06490756,0.0,-0.04640963,-0.32019827,0.0,0.004192668,0.0004720298,0.0,-0.07820543,-0.005079102,0.0,-0.1097533,-1.2386051,-0.09297964,-0.76071703,-0.10167663,-0.06689819,-0.048393045,-0.019807886,-0.21561556,-0.02832541
-0.046213713,-0.12499159,-0.25473574,-0.20332631,-0.03956799,-0.03549896,0.026089774,0.0030767506,-0.108641654,-0.049442723,-0.01258493,-0.002527955,0.0547845,0.0007304601,0.046507064,-0.10850935,-0.16708915,-0.0007510566,-0.26323366,0.00011009744,0.0063714976,-0.13980536,0.0,-0.014009984,-0.034650598,0.0,0.065538235,-0.26317883,0.0,-0.041486014,-0.061791644,0.0,0.038097955,-0.07066765,0.0,0.0032401104,-1.0639853,-0.2374821,-0.75024086,-0.07512221,-0.026797622,-0.05189297,0.06324496,-0.14733166,0.021216447
-0.051088415,1.1126158,0.21838549,0.24634144,-0.024154462,-0.020321518,0.03620211,0.0052657127,0.035324477,0.0040511657,-0.007701678,-0.0025464531,0.044194855,-0.0005787842,0.012704395,0.14462967,0.22631171,-0.000101433485,0.24665989,0.00013788544,0.0033359914,0.08881771,0.0,-0.004756226,0.01773723,0.0,-0.101909965,0.16483924,0.0,0.016822077,-0.017977338,0.0,0.059526965,0.05828673,0.0,0.08304476,0.66290337,-0.018163329,0.07392372,-0.39582384,-0.11684174,-0.028262783,-0.017189724,-0.19414036,-0.09052608
-0.0017896574,-0.03627853,0.1399215,0.065013476,0.033759393,-0.01034213,0.011717864,-0.0040825983,0.006753637,0.012637965,-0.010572412,-0.002227459,-0.25759774,-0.0005420301,-0.09092378,0.09454548,0.12583266,8.325414e-05,0.19597217,0.00013315328,-0.0013546982,0.045753226,0.0,-0.029047688,0.06581848,0.0,-0.08120142,0.123667665,0.0,0.0039054248,-0.007130528,0.0,-0.085366905,-0.026047511,0.0,0.0057639442,0.65524685,-0.019312248,0.07002336,0.012120062,0.007905318,-0.032738283,0.00065137143,0.16903722,-0.0079765795
-0.050388522,0.93978447,-0.31968427,0.18531944,0.108632386,0.035418212,-0.034335658,-0.00672704,0.010728814,0.0019646082,0.13142017,0.040133566,0.06753779,0.005063239,-0.008909231,-0.16090477,-0.2196445,-0.0001373087,0.20661415,0.00011602065,0.003905974,0.033009715,0.0,-0.019522741,0.057185087,0.0,-0.07195183,0.15480646,0.0,0.020219926,0.0001751981,0.0,-0.1028508,-0.012751271,0.0,-0.09425366,0.58397603,-0.019809537,0.06943742,-0.24003625,-0.13094907,-0.0106612025,0.005989136,-0.30154446,-0.07559052
0.03188025,0.41607174,0.8563648,0.2164141,0.13747257,0.04488738,-0.031369504,-0.010749808,-0.019275729,5.9521553e-06,-0.006172796,-0.0013498258,-0.22081845,-0.00024921942,-0.10935114,0.14044318,0.22597788,-0.00063791743,0.16820678,0.00011235993,-0.010896253,-0.101371825,0.0,-0.010056099,-0.09875034,0.0,0.06745609,0.11046042,0.0,0.0023258484,-0.009872378,0.0,0.053902846,0.026354004,0.0,0.08917434,0.63469213,-0.03482628,0.07324848,0.094147064,0.027467666,-0.025516467,-0.18831882,-0.19714303,-0.041673385
0.057260532,-0.49931937,-0.16364701,-0.08716171,0.010329569,0.01319266,0.0086933,0.0011230126,0.008477044,-0.0023222768,-0.013790476,-0.0028310264,0.045445375,-0.00048119924,0.004344879,0.14267157,0.21453418,0.00013777908,0.12702094,7.017496e-05,-0.012336819,0.061587274,0.0,-0.05284548,0.05727248,0.0,-0.07221845,0.14816126,0.0,0.0076613934,-0.018519158,0.0,-0.070429,-0.08498896,0.0,-0.10968493,0.5980412,0.0057520075,0.063824624,0.06567785,0.025244158,-0.09367491,-0.06015777,-0.44561324,0.018451596
-0.03714099,-0.6443807,-0.3709748,-0.34054083,-0.262012,-0.03700288,-0.036254708,-0.017745819,-0.14420794,-0.028425224,-0.025064413,-0.008439926,-0.10926685,-0.0027236065,-0.064075984,-0.25649786,-0.29115283,-0.0002084919,0.10722166,7.3469535e-05,0.004391923,-0.083058655,0.0,0.062307015,-0.093536474,0.0,0.052424695,-0.43958977,0.0,-0.12257327,0.01951071,0.0,-0.0702923,0.025264043,0.0,-0.088403635,0.27349412,-0.086433336,0.06770272,-0.0090263095,0.005172367,-0.0027123794,-0.033913,-0.3539239,-0.1543902
-0.039497327,-0.24866569,-0.21863803,0.21597894,-0.09583467,-0.015566594,-0.12556957,-0.022409182,-0.034881137,-0.0071320473,-0.057995897,-0.016897356,-0.10433239,-0.004285628,-0.02055057,-0.3100923,-0.2815534,-6.927838e-05,0.06456455,0.000114244925,-0.0074070753,-0.05651205,0.0,0.02664289,-0.02844585,0.0,0.10609584,0.10795572,0.0,-0.0041361726,-0.027577361,0.0,-0.10225966,0.0025183947,0.0,-0.06823225,0.4165876,-0.03875344,0.06772617,0.013154202,0.020075805,0.0061324714,-0.02973599,-0.3148769,-0.16815883
-0.018462695,-0.22362642,0.39482707,-0.057435643,-0.10038176,-0.032465175,-0.05757043,-0.024558226,0.092849344,0.015037018,-0.005764876,-0.0020848748,0.0020747615,-0.00018015422,0.018613586,0.0483118,0.20047008,-0.0017741114,-0.41383606,0.00096933066,-0.059973728,0.12940839,0.0,-0.014637894,-0.10246631,0.0,0.030297205,0.057589836,0.0,-0.011620716,0.03965165,0.0,0.07976308,0.037499383,0.0,0.17115276,-0.7373001,-0.03314152,0.03414001,0.070473485,0.015904365,-0.04376015,-0.116024844,-0.2607586,0.019722287
0.0077558933,-0.41216195,-0.115287,-0.13875644,0.010255987,0.0063523464,-0.06535997,-0.0014210995,-0.0036090033,-0.004147204,-0.020128977,-0.0035113753,-0.30316705,-0.0009568176,-0.08468596,0.12091741,0.17433915,-0.000111324785,0.18668184,0.00011523261,-0.004477667,0.09568461,0.0,-0.019495584,0.061118003,0.0,-0.07840853,0.15204437,0.0,0.013191736,0.04561164,0.0,0.12540737,-0.049473908,0.0,0.009149703,0.5674706,-0.03194395,0.07285969,0.02572388,0.015704712,0.0024867035,0.00851212,0.164519,-0.032180503
-0.011485277,-0.2015057,-0.87534267,0.06791748,0.07387005,0.03210606,-0.015481566,-0.019795274,-0.0079259565,-0.0031227348,-0.024284698,-0.0060863015,-0.13502952,-0.0012378183,-0.10810452,0.024389215,-0.20348355,0.010327999,-0.50278026,-0.00012972084,-0.0071974453,-0.117326334,0.0,-0.021028113,-0.09243569,0.0,-0.036459245,-0.44368747,0.0,0.0074312156,-0.032605216,0.0,-0.04337006,-0.04869008,0.0,-0.041181963,0.48258597,0.008767709,0.06326084,0.20562655,0.08126361,-0.030158564,-0.16795981,-0.2614468,0.017412152
-0.039286215,-0.52560335,-0.24974526,-0.22591418,0.05420588,0.00704549,-0.027764942,-0.007368416,0.02990501,0.03147767,-0.019663692,-0.0037859452,0.05987608,-0.0010566162,0.08634879,0.021723846,-0.11303782,0.006100878,-0.43537512,-0.0027036073,-0.003367138,-0.045906432,0.0,-0.03146534,-0.042793874,0.0,-0.03863875,-0.26331985,0.0,0.00785616,0.017589279,0.0,-0.06956141,-0.012457489,0.0,-0.09604815,-1.0429289,-0.08771844,-0.64243925,-0.111780144,-0.069376744,-0.036142495,-0.057308026,-0.17433327,-0.30362126
-0.027785664,-0.6295038,-0.7233082,-0.3349935,-0.0068618474,-0.016950343,-0.08466343,-0.016843727,-0.208961,-0.12717573,-0.019964842,-0.0071112714,-0.13461505,-4.3015087e-05,-0.12858766,0.006588292,-0.09981157,0.03550483,-0.36086494,-0.0021357727,-0.00989079,-0.13027209,0.0,-0.04350311,-0.061812386,0.0,-0.035320148,-0.32672873,0.0,-0.008267082,-0.01286992,0.0,-0.08196463,-0.024253514,0.0,-0.102296956,-1.0765246,-0.0818106,-0.73695475,-0.11349453,-0.067526415,-0.06940281,-0.17138213,-0.1863762,-0.003125556
-0.021178966,-0.14497669,-0.9507387,-0.12446656,-0.07318343,-0.019618742,-0.053012636,-0.018584097,0.055886503,0.01356118,-0.020987773,-0.0027244387,-0.09787699,-0.00047853714,-0.054135643,0.03836221,-0.21674207,-0.006887784,-0.65701485,-0.0008139279,0.0047953264,-0.1439746,0.0,-0.02742714,-0.050684486,0.0,-0.047614697,-0.4627513,0.0,0.010551021,0.0046117157,0.0,-0.07460477,-0.022860922,0.0,-0.05165931,0.4570869,-0.010598393,0.068972535,0.16012129,0.08232627,-0.012561842,0.021019543,-0.2543818,-0.031520776
0.013158335,-0.22709306,-0.011652883,-0.17448285,-0.0642027,-0.039236844,-0.05441864,-0.009921052,-0.0021189875,-0.001362787,-0.01226501,-0.003371756,-0.22672583,-0.0031514177,-0.0868726,0.1187226,0.16624206,-0.00012742654,0.1616431,6.477055e-05,-0.0049986,-0.16653618,0.0,-0.045519628,0.044436745,0.0,-0.07739526,0.081712455,0.0,0.00084219227,0.019067721,0.0,0.018616354,0.050164424,0.0,-0.031502564,0.6282121,-0.019708022,0.071364194,0.07692886,0.027982945,0.0042005316,-0.020140061,0.18026787,0.024498904
-0.039775956,-0.38366058,-0.05822964,-0.13194634,-0.11170127,-0.040809184,-0.051996097,-0.025882818,-0.14301558,-0.026819818,-0.019960279,-0.0053833914,-0.016071426,-0.00039710267,-0.0061613033,-0.038836427,-0.1657517,-0.0003309963,-0.40222248,3.907024e-05,-0.06198756,-0.07922151,0.0,0.026211388,-0.03757764,0.0,0.076578,0.051028155,0.0,-0.0063916766,0.014580265,0.0,0.019092636,0.016977716,0.0,-0.3455308,-0.90478265,0.06452633,0.08949608,-0.18795808,-0.07395225,0.022862362,-0.061911836,-0.20008586,-0.17783241
-0.0060941637,0.3080632,0.43630987,0.12928072,-0.11150608,-0.05497514,-0.053104684,-0.016573997,-0.032436073,-0.016484592,-0.0058454857,-0.001920145,-0.19240414,-0.0004686236,-0.059763238,0.08072526,0.11401601,-0.00016076551,0.18945873,0.001705637,-0.011284475,-0.16989723,0.0,-0.028056229,0.02317813,0.0,-0.07821424,0.118765205,0.0,0.017553719,2.2306529e-05,0.0,0.107143134,0.050317712,0.0,0.19861315,-1.3262185,0.02986481,0.08810828,0.023206348,0.017583597,-0.0039564986,-0.0340908,-0.14961082,-0.0261528
-0.0072292574,0.5751766,-0.6675985,-0.18158317,0.013158616,0.0017650186,-0.037053313,-0.023228867,-0.2372537,-0.07043205,-0.036043786,-0.019958522,0.0478932,-0.0016492148,-0.10565757,-0.26957187,-0.2873853,0.00037072663,0.21733998,0.00011910429,-0.0024997476,0.113622524,0.0,-0.022374664,0.025162252,0.0,-0.094086915,0.17159455,0.0,0.014156909,0.020732438,0.0,-0.09069993,-0.015032835,0.0,-0.09203902,0.6057072,-0.02282407,0.06436182,0.031448018,0.013527565,-0.015739392,0.0011136062,0.14003436,-0.038596507
-0.011911656,-0.9944851,-0.45428857,-0.5392522,-0.04198104,-0.025188964,0.02685498,0.004099948,-0.01781109,-0.00058020727,-0.019814758,-0.0056577795,0.048138857,-0.00075892464,0.009289381,-0.059144318,-0.16546708,-0.0013845144,0.090255745,-4.845683e-05,-0.0040898584,0.04994104,0.0,-0.09744698,-0.07741332,0.0,0.07228108,-0.20312119,0.0,-0.02254693,0.026774373,0.0,-0.1202498,0.059193127,0.0,-0.3129494,-0.90505964,-0.09817401,0.040428642,-0.104773454,-0.070788555,-0.302983,-0.06006669,-0.37809777,-0.008395959
-0.022715813,0.23760071,-0.3471557,0.23091361,-0.0791298,-0.048387997,-0.022457447,-0.0047309347,0.0056215916,-0.00021305571,-0.007868651,-0.0025309282,0.1414473,-0.0028948784,0.08759145,0.11074291,0.16269344,0.00028590712,0.25924772,0.00012021923,-0.0012470913,0.073512964,0.0,-0.02079763,0.051102366,0.0,-0.0810718,0.104000166,0.0,-0.0148445135,0.025652254,0.0,-0.076410085,-0.012455839,0.0,-0.109732695,0.72743446,-0.012068024,0.06637876,0.10376994,0.05887668,-0.022903122,-0.03183977,0.14949328,0.018076992
0.023850102,-0.7863188,-0.04932741,-0.37272862,-0.0575754,-0.038442593,0.009831733,-0.002821934,0.010312375,0.0018800447,-0.020667575,-0.0028709173,-0.27622336,-0.00081379793,-0.0662175,0.11443927,0.16187543,0.00028758647,0.13521999,9.14833e-05,-0.00982743,0.104459874,0.0,-0.031003326,0.087718345,0.0,-0.07722618,0.11105173,0.0,0.006648459,-0.029394044,0.0,-0.071292736,0.06491012,0.0,-0.016026974,0.59202087,-0.008296041,0.058556784,0.0014600403,0.009587912,0.0031699208,-0.024282077,0.23406811,0.004301618
-0.027652582,-0.45682716,-0.18056655,0.17688012,0.019333672,-0.012390949,-0.17229366,-0.019102072,-0.011190167,-0.007024156,-0.05738524,-0.01475141,0.07887827,-0.0045119138,0.04937545,-0.23537898,-0.24056076,-0.0018973259,0.053742412,8.311501e-05,-0.011919508,-0.1895427,0.0,-0.070713885,0.05592798,0.0,-0.07245153,0.063231476,0.0,-0.017961157,0.0054017343,0.0,-0.08160075,0.022621585,0.0,-0.085993715,0.34924516,-0.027835712,0.056345582,-0.28758726,-0.1314157,0.01703165,-0.07707194,-0.33571452,0.012273851
-0.016354997,-0.2559169,-0.1498005,-0.059400305,-0.03529482,-0.019480068,-0.033247735,0.0112576615,-0.1150653,-0.03912165,-0.043339826,-0.0043850956,-0.088678285,-0.00040586645,-0.04923291,-0.27956077,-0.21902385,-0.00016567315,0.12481591,0.00012993178,0.006261897,0.11107905,0.0,-0.019525895,0.06006215,0.0,-0.080199875,0.039165698,0.0,-0.010858247,0.0065910006,0.0,-0.09160614,-0.014226785,0.0,0.025425786,0.49249694,-0.027702542,0.060766347,-0.1852729,-0.10007358,-0.0024320008,-0.02914267,0.15216509,-0.00412351
-0.040833812,-0.5900558,-0.4292316,-0.2971029,-0.01528381,-0.015334757,-0.012396713,0.0006412995,-0.117151506,-0.0639076,-0.018695077,-0.0046097348,-0.1068514,0.0006333459,-0.10503913,-0.121981815,-0.1810891,-0.0012121476,-0.33646503,0.00018614577,-0.004819522,-0.19776136,0.0,-0.04641769,0.06157332,0.0,-0.08123233,-0.23884007,0.0,-0.072175495,-0.005696932,0.0,0.07164723,-0.011598415,0.0,0.049560208,-0.79898226,-0.22834298,-0.77113426,-0.15958543,-0.050584406,0.020331575,-0.027702332,-0.15160544,0.025028037
-0.026661536,1.1499652,0.13671704,0.57928014,-0.033307355,-0.013651273,-0.014658914,-0.0115336105,0.018394263,0.0075293095,-0.013432262,-0.0036429306,0.01693148,-0.00097446254,0.022799958,0.14618877,0.26177728,7.587667e-06,0.27634883,0.00012031165,0.0051365253,-0.17957953,0.0,0.004755166,0.02589803,0.0,-0.09733851,0.15067285,0.0,-0.0001416452,0.035919297,0.0,-0.076987684,-0.039248772,0.0,-0.10777235,0.7401987,-0.0134426225,0.07684068,0.064973116,0.02925618,-0.008606125,-0.03767447,-0.3056446,-0.14897671
-0.005138141,0.08954013,0.09060528,0.04998131,-0.05551869,-0.010689555,-0.045190662,-0.007922521,-0.0050065676,-0.0030351689,-0.008243204,-0.0030440881,0.083046444,-0.0013655168,0.022773627,0.05133212,0.14736152,2.9015078e-05,-0.8369024,0.000120693694,-0.1840668,0.11804405,0.0,0.016439147,0.07844962,0.0,-0.072973795,0.09441824,0.0,-0.0054148254,0.0369566,0.0,0.09066787,0.033950716,0.0,-0.06260805,0.53341216,-0.0116895735,0.08275857,-0.4034273,-0.14296271,-0.029189954,-0.02240181,0.09105096,0.01565109
-0.011393569,0.8485734,-0.015471899,0.30182022,-0.0071496437,-0.010900708,0.014416549,0.0025123542,0.009621834,0.0060414006,-0.027846893,-0.013447999,-0.10019565,-0.0018022947,-0.028966634,-0.241107,-0.2270314,8.505209e-06,0.2527376,0.00011385297,0.008281167,0.07475317,0.0,-0.023139728,0.022635637,0.0,-0.085493535,0.15729032,0.0,0.01996774,-0.06897235,0.0,0.06541787,-0.0022878489,0.0,-0.042917494,0.6169721,-0.021713486,0.07182526,-0.0065048784,-0.003915621,0.016127558,0.005179922,-0.31720528,-0.05670459
-0.019239401,-0.20461471,-0.1661549,-0.09603045,0.020697454,0.0028780468,0.003520241,0.0012020074,-0.10160912,-0.021280827,-0.027036212,-0.008131013,-0.103852235,-0.0015187543,-0.029530643,-0.0719199,-0.14505413,-0.00048357603,0.20332183,-0.0002626642,0.012312167,-0.040745616,0.0,0.11078755,-0.039286505,0.0,0.10476688,0.121224925,0.0,0.0096441945,0.012284787,0.0,-0.091611765,-0.03179293,0.0,-0.30867305,-0.9317082,0.067701064,0.090176225,-0.16269873,-0.107575715,0.002802056,-0.007638805,-0.18500035,0.020343745
-0.053517923,-0.41301462,-0.0071813604,0.2260813,-0.023117581,-0.03282295,-0.11453664,-0.031471025,0.008793296,0.006994451,-0.04979529,-0.005257091,-0.058685195,-0.004509905,-0.027991265,-0.2556358,-0.23395732,-0.0002157596,0.09302909,0.00010410411,0.0052686916,0.08282254,0.0,-0.024647186,0.027525641,0.0,-0.08161771,0.049711604,0.0,-0.011018186,0.03609274,0.0,0.10733634,-0.013901634,0.0,-0.096655846,0.41408706,-0.02628089,0.056740597,-0.2267853,-0.09709999,0.014207542,-0.0114746,-0.3444799,-0.0859771
-0.044612937,-0.39929548,-0.29486477,0.062467713,-0.07236825,-0.004553029,-0.0037059232,-0.0033686815,-0.16068855,-0.102266036,-0.020533212,-0.0073507098,0.10747937,-0.000107787,0.08332002,0.016950784,-0.11191469,0.0055488255,-0.4447553,-0.0024353908,0.0012037102,-0.13724117,0.0,-0.02551383,-0.036936373,0.0,-0.05408337,-0.35701567,0.0,0.010300976,-0.018864019,0.0,-0.06232418,-0.014251591,0.0,-0.122016035,-1.1198575,-0.08669356,-0.7865109,-0.15050338,-0.10701993,-0.051844712,-0.02273401,-0.16322857,-0.19090475
-0.011733131,-0.43462998,-0.81099105,-0.12139188,-0.093645275,-0.03280232,-0.07364105,-0.026102925,0.014422718,0.00576762,-0.013809435,-0.004808746,-0.2264486,-0.00058912893,-0.15339251,0.003541805,-0.15101969,0.026037863,-0.46751937,-0.010207279,-0.0018381184,-0.09921603,0.0,-0.12256064,-0.11236365,0.0,-0.04203166,-0.31117767,0.0,0.0055169994,-0.008221592,0.0,-0.06547426,-0.045058604,0.0,-0.2695331,-1.091048,-0.15222636,0.058380973,-0.014135482,0.004791482,-0.039911237,-0.16724719,-0.20089942,-0.010393493
0.0023956082,1.1182743,-0.15725808,0.84474623,-0.064827204,-0.012939427,-0.003732776,-0.0011231571,0.01826167,0.011470014,-0.016618872,-0.0057398602,-0.10457689,-0.0016326354,-0.02463343,0.13889137,0.24654625,0.00051391835,0.2655434,0.00013679425,0.003993657,0.07286184,0.0,-0.022068558,0.08649572,0.0,-0.06521282,0.18933423,0.0,0.020770114,0.05874358,0.0,-0.074126065,0.022753399,0.0,-0.030461548,0.7380328,-0.01379935,0.07805345,0.04263632,0.021547548,-0.008728405,0.018679278,0.23245572,-0.005938894
-0.008716371,0.14278731,-0.34409976,0.060096256,0.038005788,-0.010191919,-0.062015157,-0.028765788,-0.12779483,-0.039392125,0.047007434,0.001374973,0.011442899,0.009329741,-0.011849568,-0.100863524,-0.1764851,4.2872616e-05,-0.5584563,0.00011791673,-0.0403209,-0.17578389,0.0,0.0025326144,-0.003099759,0.0,0.24814312,0.13399175,0.0,0.013839661,-0.018562088,0.0,0.025244128,-0.004211382,0.0,0.07086654,0.49775457,-0.037184544,0.0926814,0.047396004,0.051243506,-0.019706097,0.0057583638,-0.21352544,0.0066175144
-0.039678045,1.1282164,-0.23149066,0.1985744,-0.080664545,-0.020766014,-0.025938492,-0.009512518,0.052094266,0.023003537,-0.011267179,-0.0042506116,-0.069059245,-0.0015910753,-0.031945262,0.05521377,-0.18709806,0.0037052867,-0.34266695,-0.0008511441,0.0034776286,-0.09437827,0.0,-0.01145514,-0.007459825,0.0,-0.033259228,-0.32151854,0.0,0.014782313,0.015703602,0.0,-0.057548214,0.0076264073,0.0,-0.04445409,0.6101141,0.020490993,0.10704659,-0.10630836,-0.053812202,0.0002040783,0.020642884,-0.040557057,0.03135591
0.015717467,-0.074019104,-0.038311608,0.009838144,-0.0163466,-0.0048581026,0.008753428,0.01342328,-0.29153925,-0.1494424,-0.012550848,-0.00080480805,0.06523783,1.8542549e-05,0.050994504,0.12947522,0.19636813,-0.00012813405,0.21428154,0.00011138767,-0.0035832268,0.028749714,0.0,-0.034644704,0.06953859,0.0,-0.080891244,0.10090821,0.0,0.00086243,-0.008471959,0.0,-0.085088134,0.0012059943,0.0,-0.09228335,0.6564073,-0.021494571,0.0690328,0.081646055,0.039372295,-0.035185076,0.019442452,0.23458613,0.0075260396
-0.0059951744,0.020205121,-0.6788027,0.009772681,-0.36438945,-0.09508112,-0.009382496,0.0021148962,0.0028274383,-0.011376408,-0.009526092,-0.0075261784,-0.16424322,-8.825649e-06,-0.091718644,-0.24374796,-0.23570561,-0.001254903,0.14954561,8.94597e-05,-0.003699524,0.08121523,0.0,-0.018975567,0.07568162,0.0,-0.059104256,-0.47511923,0.0,-0.08529442,0.022935594,0.0,-0.07076956,-0.05968474,0.0,-0.018145308,0.3469309,-0.06808252,0.06993811,-0.06538351,-0.04873682,-0.05146153,-0.18307327,-0.2488282,-0.022205353
0.10775721,0.06616682,-0.16896948,0.011557145,0.10596597,0.021674372,-0.06330454,-0.008727833,0.01564452,0.011553314,-0.03177919,-0.0039726337,-0.074000634,0.0019121428,-0.032240562,0.02289923,-0.17884423,0.0033005485,-0.40033972,-0.0008648477,-0.007669348,-0.24306707,0.0,0.0029008458,-0.069799446,0.0,-0.020474816,-0.3788119,0.0,-0.002593071,0.0031265742,0.0,-0.03991479,-0.0035909307,0.0,-0.03580945,0.4894325,0.0053085145,0.07872564,-0.12164878,-0.05901045,-0.049135607,0.0146015175,0.080130905,-0.05447271
-0.0024951263,0.55975354,0.19560212,0.28904667,-0.0153991245,-0.025905916,-0.010233737,-0.014377529,0.0021146885,0.0021774308,-0.009264172,-0.0022426294,0.13565776,-0.0007645779,0.076722816,0.16591382,0.20517926,0.0005045109,0.27946758,0.00013315762,0.0036463984,-0.18173625,0.0,0.08828857,0.025337853,0.0,-0.10086805,0.14619698,0.0,0.008755985,-0.010592769,0.0,-0.09290038,0.010827196,0.0,0.075423844,0.7185438,-0.027016044,0.07657054,0.116865546,0.047799066,-0.015505489,-0.0249939,0.046338137,-0.0030033353
-0.025652254,-1.6497018,-0.3566845,-0.4292239,-0.072634965,-0.033719912,-0.06560279,-0.019564573,-0.003963441,-0.0012425572,-0.01856031,-0.009545275,0.025450516,-0.00062264653,-0.016883262,-0.10590565,-0.18122977,-0.00061528507,-0.39104357,0.0003090327,-0.028266752,-0.12964755,0.0,-0.049663346,-0.08715711,0.0,0.00066614524,-0.286407,0.0,-0.07158488,0.01966435,0.0,0.072791226,-0.03791173,0.0,0.036381934,-0.9552778,-0.23126003,-0.80940974,-0.1477521,-0.06836259,-0.07346104,-0.042751644,-0.20778224,-0.005523887
-0.05092048,-0.3212115,-0.44788086,-0.40943947,-0.06905042,-0.028060451,-0.08204638,-0.01512759,-0.009106806,-0.0036309527,-0.016522015,-0.008283194,-0.043554522,-0.0007876367,-0.05949854,-0.088080384,-0.16825958,-0.005068165,-0.3686355,0.00027448885,-0.053514224,-0.09261517,0.0,0.016401673,0.00803137,0.0,-0.08496629,0.042087525,0.0,-0.008227323,0.009221913,0.0,-0.0951873,-0.0016470542,0.0,-0.11184842,-1.2993485,-0.086017706,-0.8609239,-0.2087725,-0.086417146,-0.15791872,-0.051185045,-0.16025849,0.008954982
-0.07668963,0.9333601,-0.06925371,0.052227285,0.005288019,-0.0006098901,-0.029685946,-0.012363005,-0.21167056,-0.054522496,-0.012350455,-0.0018089691,-0.08330844,0.0004010539,-0.033279423,0.09651319,0.12142422,0.0004889173,0.18607925,0.00011982337,-0.003805209,0.06574313,0.0,-0.022268582,0.05484411,0.0,-0.07458949,0.12847035,0.0,0.008373758,0.029816672,0.0,-0.07381249,0.014887873,0.0,-0.038160924,0.72009796,-0.012658828,0.0691103,0.027281484,0.015990082,-0.021279585,-0.010534938,0.11158252,-0.034204636
-0.0356508,-0.16617301,-0.2061729,-0.0384528,-0.026158972,-0.010044728,-0.0436393,-0.00576775,-0.03829801,-0.019842017,-0.010340195,-0.003930557,-0.041331664,-0.002862054,-0.07203081,0.008409923,-0.11147041,0.0028339825,-0.42091796,-0.010403726,-0.0033392499,-0.0883914,0.0,-0.04174291,-0.049986362,0.0,-0.057679422,-0.21593492,0.0,-0.0090682,0.011298392,0.0,-0.08192425,-0.00684558,0.0,-0.20527893,-1.3143859,-0.1594391,0.07450164,-0.20365475,-0.07945,-0.112155594,-0.0006129249,-0.13279086,-0.1996463
-0.05619574,-0.43934405,-0.70071375,-0.38018256,-0.11467391,-0.024530116,-0.09490627,-0.046967138,-0.017697597,-0.024218928,-0.014891388,-0.0049391356,-0.022640973,-0.00074803986,0.014493862,-0.038422395,-0.14655916,-0.0012386276,-0.32398757,0.00015664172,-0.010210503,-0.12659289,0.0,-0.0120334225,-0.0943748,0.0,0.016016295,-0.22906753,0.0,-0.059828073,-0.02241018,0.0,-0.14724989,0.026353776,0.0,-0.10667282,-0.8853034,-0.15627785,-0.63422346,-0.074655354,0.003233028,-0.21422765,-0.08509183,-0.22338627,0.021531489
-0.02258817,0.33786878,-0.2677918,0.7209549,0.07893202,0.0078049535,0.09726931,0.022453377,0.016519258,0.018687908,-0.012539703,-0.0033531028,-0.10887285,-0.0007334493,-0.14051254,0.03233256,-0.10085773,0.017390851,-0.28845507,-0.0026219878,3.1803018e-05,-0.11183458,0.0,-0.006528293,-0.055634435,0.0,-0.009277813,-0.22162999,0.0,0.019996276,0.016190512,0.0,-0.030035552,0.0033283562,0.0,-0.065924175,-1.0795244,-0.06939372,-0.2688692,-0.10485415,-0.046649754,-0.09798036,-0.36004165,-0.13557762,-0.014713533
-0.026622986,-0.55274725,0.06954173,-0.24252437,-0.1290577,-0.05443257,0.059399195,0.009699917,0.0082929125,0.0022522928,-0.00903008,-0.0032633664,0.092925884,-0.00032736926,0.05814024,0.08443579,0.19584621,-0.0014413337,-0.50496674,-0.001310596,-0.01882863,0.033099256,0.0,-0.082665585,-0.11707728,0.0,0.01512038,0.11271152,0.0,-0.0024097376,0.00015378333,0.0,-0.056481723,-0.051569216,0.0,-0.10203761,0.46891028,-0.0010430746,0.07983623,-0.076795146,-0.02952265,-0.010155528,-0.15076074,-0.45573235,0.035972584
-0.016853876,-0.50834596,-0.5475958,0.2859822,-0.05908952,0.008083974,0.010196653,0.0042518247,-0.18447363,-0.09833247,-0.012284006,-0.0034008345,-0.17122537,0.00022801931,-0.13154282,0.0011774919,-0.11992158,0.03025707,-0.4204011,-0.00827973,-0.006602787,-0.12981048,0.0,-0.10863283,-0.08442983,0.0,-0.043176,-0.33980194,0.0,0.0119042825,-0.014193759,0.0,-0.056402028,-0.032299686,0.0,-0.23499854,-0.99946564,-0.08778479,0.057931006,0.0015583539,0.017853951,-0.057021566,-0.205151,-0.17110273,0.00037185656
0.25826952,-0.396842,-0.33060637,-0.25338766,-0.066156276,-0.0097394325,0.020176895,-0.0134288445,0.0049351333,0.0053224913,-0.010289407,-0.0043003317,0.09617421,-0.00021998215,0.03733876,-0.07688704,-0.18304725,-0.0020556552,-0.25437894,0.00023117455,-0.015628882,-0.13924798,0.0,-0.030936228,-0.08918251,0.0,0.039017722,-0.25496006,0.0,-0.077111885,-0.02267891,0.0,0.06181794,-0.05874188,0.0,0.010096019,-0.9567533,-0.24592777,-0.6966257,-0.08856487,-0.026283009,-0.03960147,-0.009687551,-0.13828734,-0.011241886
-0.054955605,0.9169946,-0.41239017,0.0455718,-0.051363446,-0.036397494,-0.037171297,-0.009483559,0.028343612,0.004828572,-0.016193694,-0.0057217213,-0.054797705,-0.0006073958,-0.1895284,0.046724137,-0.24611193,0.0047992403,-0.5816282,-0.0008038388,0.0034279763,-0.15321332,0.0,-0.0142137045,-0.04847245,0.0,-0.05164381,-0.41805443,0.0,0.012732326,-0.0029231515,0.0,-0.06369702,0.01947633,0.0,-0.083775744,0.58228904,0.011977085,0.09308779,0.015918374,0.02586244,0.004093734,-0.043237858,-0.16221121,-0.09782654
0.00033387402,-0.85848254,0.09079361,-0.28715694,-0.026870713,-0.007897847,-0.039606746,-0.01385437,-0.022081222,0.010212028,-0.014975177,-0.0036203798,0.09910686,-0.0009934932,0.022930691,0.053924285,0.12061517,-0.0019213596,0.16254143,0.00024859136,-0.001247292,-0.1800477,0.0,-0.02448079,0.014148312,0.0,-0.084555306,-0.41603193,0.0,-0.11890788,0.044726588,0.0,0.10243733,0.049342304,0.0,-0.09924769,-1.1580943,-0.19852912,-0.80616313,0.03294776,-0.002123329,-0.014451146,-0.0091315145,0.32383966,0.030519452
0.00078258885,0.30920544,0.32714182,-0.26169315,0.03588086,0.04767437,-0.092944,-0.020398198,-0.15722619,-0.09757219,-0.0033380075,-0.002210093,0.046414975,2.5777608e-05,0.045520727,0.072376005,0.11156738,-0.0003081529,0.21597193,0.0009743389,-0.0072536324,0.15116532,0.0,-0.027689874,-0.06686342,0.0,-0.10162363,-0.29694885,0.0,-0.06576716,0.019528382,0.0,0.113510475,0.010713952,0.0,0.097627655,-1.1049985,0.060171105,0.11148185,0.069614425,0.025740383,-0.016888425,0.0029827002,0.14923629,-0.009990383
-0.03647292,-0.053388927,-0.46252587,-0.103449024,0.07464198,0.0076223454,0.05299834,0.014008848,-0.021903196,-0.00053668284,-0.01369586,-0.0030885981,-0.077672906,0.0010497628,-0.0781295,0.0011767857,-0.12178139,0.0050174957,-0.4527762,-0.009312228,0.003578224,-0.08637585,0.0,-0.04636313,-0.02788657,0.0,-0.0592046,-0.18558487,0.0,-0.002001984,-0.010955783,0.0,-0.06420589,-0.008948592,0.0,-0.2009974,-1.2926803,-0.05195267,0.08992014,-0.088598154,-0.058224726,-0.08610196,-0.0029652007,-0.11194207,-0.14101496
0.014584466,-0.38367787,-0.16796194,-0.012557639,-0.018352687,-0.01193553,-0.027498374,-0.006377313,0.008947646,0.007344173,-0.018325178,-0.004016814,-0.26613113,-0.0016394799,-0.08268577,0.11987106,0.1891537,-0.00015255636,0.1819768,0.000120880235,-0.0043313317,-0.14995554,0.0,0.008723979,0.07142935,0.0,-0.057607993,0.13493167,0.0,0.0107319085,0.0069864597,0.0,0.062788725,0.050747897,0.0,-0.020603495,0.6107049,-0.020266129,0.0746001,0.08078594,0.02884286,-0.007816848,0.009727432,0.2772813,0.02220954
-0.027915573,-0.7635148,-0.14894895,-0.022133537,-0.11500965,-0.014715099,0.01690057,0.013543031,0.011044265,0.004150826,-0.018034352,-0.003183597,-0.050658606,-0.0007934709,-0.05728598,0.014704667,-0.09524162,0.0050196587,-0.3558721,-0.0027053785,0.008964139,-0.108059764,0.0,-0.027968956,-0.019036943,0.0,-0.042258512,-0.22184832,0.0,0.0069306116,0.025613282,0.0,-0.04629485,0.009767327,0.0,-0.081996754,-1.2160456,-0.05399873,-0.7570198,-0.071927324,-0.031690437,-0.08788194,-0.0058894837,-0.16752626,0.018547771
-0.0047647604,1.1077466,0.017535513,0.043788385,0.00018019935,-0.010889352,-0.00297599,0.0025822977,0.021587387,0.006313241,-0.017873438,-0.005856923,-0.19366227,-0.0018606288,-0.062688634,0.12427158,0.17827657,0.00046560555,0.24619167,0.00013679425,-0.0014152142,0.03219606,0.0,-0.030780885,-0.1062726,0.0,0.08049994,0.14940754,0.0,0.021079184,0.019656058,0.0,0.022540774,0.005555111,0.0,-0.03578585,0.7134256,-0.020424802,0.078557804,0.036763612,0.007273842,-0.014360432,0.02831589,0.19665813,-0.059151564
-0.0031518715,-0.2591412,0.15027812,0.05413405,-0.1712935,-0.09103524,-0.03400864,-0.0075903065,0.021792293,0.00032153906,-0.007960789,-0.0036671516,0.06597545,0.0002884143,0.044066824,0.07149102,0.24468067,-0.0018376459,-0.50629294,-6.22667e-05,-0.049044713,-0.06294683,0.0,0.056445427,0.070114344,0.0,-0.05231655,0.18463774,0.0,0.012252568,0.023161313,0.0,0.07373732,-0.048340432,0.0,-0.0946249,0.5498672,4.964597e-05,0.08597375,0.063399896,0.032614253,0.012838084,-0.023703527,-0.45025235,0.026107324
0.027330933,-0.17763354,-0.095488064,-0.107800335,-0.005339604,-0.0068049543,-0.02528436,-0.009559497,0.040813353,0.011216406,-0.01743777,-0.004013578,0.12298403,-0.0015149707,0.037055574,0.10657368,0.19841257,-0.00014383947,0.22345456,0.00010843597,-0.0034556645,-0.09528574,0.0,-0.002578353,0.09504571,0.0,-0.064801745,0.119002186,0.0,0.005267613,-0.006331354,0.0,-0.09414344,0.045733318,0.0,-0.07181142,0.6723776,-0.01152914,0.068527505,0.11809917,0.051644508,0.0064524235,-0.0020877956,0.35391495,0.021989984
-0.001608632,0.053928398,0.50341135,-0.12741344,-0.0035349084,-0.002382177,0.031710707,0.0009827774,-0.11347763,-0.023579214,-0.010302836,-0.0017175445,-0.14278178,-0.00022331547,-0.03241162,0.0624268,0.104431435,-0.00022496705,0.25549954,0.0009832684,0.0104747005,-0.18141897,0.0,-0.0339639,-0.033948746,0.0,0.11676335,0.11169543,0.0,0.0014778218,0.034174867,0.0,0.1370462,0.014694966,0.0,0.16067943,-1.0461398,0.111145966,0.11730462,0.08420843,0.037187397,-0.028429676,0.035499245,-0.21188608,0.0636118
-0.003899197,-0.7240849,0.31494826,-0.35398504,-0.23224404,-0.08870743,0.016902426,0.007916151,0.010040688,-0.003388736,-0.011427507,-0.0032418256,0.17019866,-0.00047497344,0.0251163,0.072379075,0.1363688,-0.00014185511,0.18892004,0.0011243079,-0.0045757946,0.11544575,0.0,-0.033815883,-0.04396953,0.0,0.036033046,0.06721125,0.0,0.008634975,0.030767936,0.0,0.047784146,0.014384313,0.0,0.08983848,-1.264769,-0.029351681,0.06987645,0.097249076,0.03875422,-0.015549869,0.005749439,0.25076574,0.0055887173
0.07555924,-1.2662716,-0.14779213,-0.2515599,-0.010810406,-0.0006590661,-0.015350794,0.0017221394,-0.02297512,-0.022492884,-0.0076931706,-0.0022463182,0.067665815,-0.000118803044,0.032261945,0.013372661,0.06750231,-0.0013269273,0.1667666,1.246537e-05,-0.0046855616,-0.07602659,0.0,0.04877104,0.07452164,0.0,-0.10269741,-0.29028952,0.0,-0.07639844,-0.06485815,0.0,-0.14112054,-0.095221624,0.0,-0.43644208,-0.99705887,-0.053619582,0.053575434,-0.012147372,0.013187435,-0.18595123,-0.039620873,-0.33150044,-0.0080000805
-0.03821681,-0.19597226,-0.074029915,-0.07388578,0.05492126,-0.008265005,0.02673186,0.028118039,0.026485113,0.0075803134,0.17739311,0.06449512,0.0237135,0.0021723018,0.0055783116,-0.09635623,-0.16321222,-0.00056724896,0.2440814,0.0003460417,0.010052532,-0.0552622,0.0,0.0491975,-0.047347378,0.0,0.030459724,0.18004964,0.0,0.04267389,-0.0016457824,0.0,0.049989045,0.04660908,0.0,0.075172424,-1.236751,-0.22079542,-0.75425255,-0.2602172,-0.14541066,-0.17807402,0.013453832,-0.2548442,-0.017171303
-0.04966976,0.4626041,-0.32741436,-0.1121577,-0.001358962,0.016202657,0.019760896,-0.0037482372,-0.11473203,-0.07418229,-0.020784674,-0.0029511966,-0.07099434,-0.00059610046,-0.04545954,-0.12382729,-0.17928964,-0.00024463172,-0.42750725,8.2126164e-05,-0.089582525,-0.104463644,0.0,0.012064608,-0.021965276,0.0,0.10769866,0.09184364,0.0,0.005204933,-0.021103904,0.0,0.015419465,0.017886328,0.0,0.021930851,-1.3913721,-0.21434243,-1.1619505,-0.12929794,-0.08043314,-0.025282042,-0.019670697,-0.1202128,0.028600315
-0.011060505,0.4470085,-0.47943127,0.07223649,-0.023552919,-0.012102303,-0.026736315,-0.008088598,-0.01113806,-0.0054357694,-0.00495773,-0.0014916309,-0.14337459,-0.0008555728,-0.080224,0.120724306,0.19800305,0.000762453,0.20681198,0.00011094009,0.0004176086,0.0524707,0.0,-0.020245021,0.026604079,0.0,-0.0871881,-0.32187122,0.0,-0.07165324,0.005868588,0.0,-0.08520386,-0.005704461,0.0,-0.050549474,0.64276063,-0.007827918,0.082076415,-0.016035262,0.0054547666,-0.03817401,-0.018971797,-0.30095434,-0.15371391
-0.013386315,1.1293197,0.33442742,0.45651472,-0.050994154,-0.012040277,-0.0703996,-0.031036586,0.0070221303,0.0061744396,-0.011641876,-0.0036840441,-0.066274434,-0.0023118136,-0.032939088,0.13390967,0.14473426,7.0486865e-05,0.2671956,0.00012347873,0.005827865,0.09569646,0.0,-0.008611018,0.059234317,0.0,-0.0719207,0.11246492,0.0,0.008151298,-0.010510821,0.0,0.07091308,0.02497268,0.0,-0.0455828,0.7113246,-0.01392799,0.08014589,-0.19667803,-0.08742976,-0.008788274,0.0027014434,0.18263036,-0.018905967
-0.015056562,-0.26778024,-0.32418692,-0.33418432,0.018711742,0.01118016,-0.13991207,-0.03722162,0.008134656,-0.007984092,-0.024298675,-0.016772635,0.0067327037,-0.0023306953,-0.015283067,-0.079638295,-0.18323207,-0.0007958092,-0.28820142,0.00082730834,-0.003831985,-0.08942013,0.0,0.04818326,0.034920692,0.0,-0.07573649,0.07014242,0.0,-0.0037918608,0.005782061,0.0,-0.09594471,0.070093565,0.0,-0.2631519,-1.0502357,0.0018630985,0.08610787,-0.26904282,-0.0826087,0.020711519,-0.023248486,0.27952522,0.018335745
-0.00676249,0.08869818,-0.12206122,-0.47620574,0.07031018,0.042745896,-0.087935634,-0.029571103,0.019125912,0.011616203,-0.005826531,-0.001997345,0.023749137,-0.0003054302,0.049735337,0.065792404,0.18916328,-0.0014237177,-0.592233,-0.00011904021,-0.065163516,-0.060124513,0.0,-0.050464645,-0.15317881,0.0,-0.01835204,0.081256635,0.0,-0.017902648,-0.02278229,0.0,-0.055427507,-0.08613099,0.0,-0.103578284,0.5801172,0.009017022,0.085719414,0.03250089,0.018275833,-0.034403313,-0.036018547,-0.31061736,0.009619559
0.027009606,0.049072977,-0.078841105,0.078228705,0.0076308227,-0.0034937644,-0.02487331,-0.019160567,0.0041063856,0.004582262,-0.01520917,-0.0025075176,-0.16835982,-0.0015313021,-0.092386164,0.08882885,0.18366936,0.00048215524,0.27290535,0.00012907761,-0.0030630315,0.05683923,0.0,-0.02883136,0.05668107,0.0,-0.07709232,0.100039035,0.0,0.00034488415,-0.0036000211,0.0,0.042479984,0.004872705,0.0,-0.05452811,0.6701928,-0.019563414,0.07659996,0.04989922,0.008626247,-0.048432186,0.023692567,0.21891999,0.019052956
0.01750961,0.08966611,-0.05665756,0.20318554,-0.053023975,-0.02961427,0.075417094,0.02073476,0.016242512,0.009096974,-0.015609679,-0.003738521,-0.16099493,-0.0012693461,-0.051333062,0.09069873,0.23674764,-6.759506e-05,-0.54679996,8.612321e-05,-0.044390865,-0.00035739705,0.0,0.06792717,-0.08303977,0.0,0.047825493,0.12526467,0.0,-0.004072547,-0.0035938434,0.0,-0.09104578,0.11071041,0.0,-0.015458872,0.58924955,-0.015265469,0.09640186,0.07826466,0.039030686,-0.029734032,0.01759962,0.19318168,-0.007359042
-0.011452137,0.49903268,-0.58298993,-0.08182609,-0.18641737,-0.051191807,-0.051828973,-0.0191475,-0.18946448,-0.09348384,-0.020423615,-0.013068062,-0.07120011,-0.00061833125,-0.050632447,-0.22777592,-0.22398767,-2.899841e-05,0.127705,0.00010860728,-0.001888182,0.06102471,0.0,-0.037766352,0.033282857,0.0,-0.09964985,-0.6547182,0.0,-0.3346255,0.020019777,0.0,-0.09871961,0.021360429,0.0,-0.044257604,0.50773907,-0.025874589,0.07236536,-0.010822547,0.018516291,-0.030505817,0.0025222092,-0.3014063,-0.070775345
-0.029927839,-0.1438415,-0.20196185,-0.22991024,-0.1972238,-0.032786734,0.017884528,0.0034474698,-0.139639,-0.06077926,-0.019335417,-0.009939853,-0.04404037,-0.0008193915,-0.048846778,-0.13672355,-0.24521716,-0.00029178074,-0.37529245,6.4203196e-05,-0.026388524,-0.08784098,0.0,0.03877891,-0.0042064674,0.0,-0.09846009,-0.440402,0.0,-0.08038606,0.0033447812,0.0,-0.09345049,0.073742025,0.0,-0.061449587,0.32740727,-0.03303536,0.0857636,-0.022096759,0.0009818492,-0.01918846,-0.025125517,-0.40668967,-0.27364677
-0.05024065,-0.21217878,-0.21979888,-0.09112981,0.030593388,0.009220717,-0.035600666,0.0033198902,0.046464052,0.010176909,0.09313476,0.029442633,0.06336247,-0.0012545453,-0.044937495,-0.07856134,-0.15655604,-0.0018233828,0.2279299,0.00032870143,0.0022810155,-0.075211465,0.0,0.0053841863,0.04164918,0.0,-0.05664673,0.15369415,0.0,0.039239056,-0.01081909,0.0,0.07159502,0.042902946,0.0,0.06608679,-1.1423094,-0.21795173,-0.80436826,-0.17036155,-0.12405703,-0.0076016653,-0.2681773,-0.24632017,0.0070974785
-0.037732206,-0.3142727,-0.017615281,-0.21890008,-0.032142464,-0.0132132955,-0.0073361183,-0.0019332835,0.024910659,0.008972145,-0.014923781,-0.0039641736,-0.093208045,-0.00044863057,-0.117191546,0.007425806,-0.11064574,0.0030257031,-0.43457183,-0.002723753,0.0075562317,-0.12122963,0.0,-0.0037179503,-0.04154419,0.0,-0.05323185,-0.20540158,0.0,0.0011999758,0.0071803452,0.0,-0.07440552,-0.020912906,0.0,-0.104963,-1.3405089,-0.06861894,-0.73220354,-0.18511146,-0.07596605,-0.092612766,0.012894548,-0.13869041,-0.20225829
-0.00803724,-0.61617666,-0.15379208,-0.15939668,-0.053993776,-0.03564274,0.028259236,0.026165836,-0.03699921,-0.037595965,-0.0037186425,-0.0017596468,0.068664744,0.00038127668,0.019559834,0.030881451,0.10173013,-0.0004957075,0.117921494,-9.9452336e-08,-0.0047479537,-0.08317493,0.0,0.012491279,-0.11354395,0.0,0.031319857,-0.3369065,0.0,-0.073972374,-0.029168334,0.0,-0.13253957,0.011981051,0.0,-0.4159158,-1.0299445,-0.02050252,0.06421155,-0.026731834,-0.007539391,-0.17654192,-0.06920454,-0.31594497,0.0044977195
-0.012836696,-0.8076452,-0.058855917,-0.24243192,0.031608116,-0.00584876,-0.019768849,-0.00095390866,0.014341324,0.018808266,0.12482113,0.0049125096,-0.004267518,-0.0034846424,-0.0058198874,-0.07223727,-0.16756389,-0.0009598685,0.19428672,0.00021092154,0.0026636778,0.06994968,0.0,-0.05626238,0.06301099,0.0,-0.06667291,-0.4088357,0.0,-0.12175443,0.008930869,0.0,0.056240384,-0.05322542,0.0,-0.18235433,-1.0987152,-0.107058704,-0.6677206,-0.019600263,0.021159515,-0.20879649,0.016039452,-0.33060005,0.010766979
-0.023827989,-0.43749493,-0.5958807,-0.55026495,-0.005563327,-0.0099362265,-0.02433019,0.0041141403,-0.011181743,-0.06580432,-0.027384201,-0.0060142563,0.061671488,-0.0012483309,0.02294807,-0.15363681,-0.19025455,-0.0006226237,0.18127947,0.000121384124,-0.013440934,0.087883584,0.0,-0.036496203,-0.08140237,0.0,0.040917344,0.15742368,0.0,0.017243417,-0.022020724,0.0,0.036974203,-0.095188625,0.0,-0.16746898,-1.0890714,-0.1142656,-0.50717646,0.010189518,-0.00351995,-0.17361382,-0.002471159,-0.41260034,0.0010942592
-0.06604929,0.12379617,-0.17323498,0.018531729,-0.1299838,-0.06425062,-0.013378299,0.005151027,0.013038222,0.009164216,0.039234504,0.012481654,0.029306851,0.00623351,-0.04638307,-0.15506981,-0.19651955,-0.0013111099,0.1360341,0.00010002529,-0.016274247,0.06384667,0.0,-0.01942949,0.078391284,0.0,-0.06252534,0.07479856,0.0,-0.00626375,-0.03347617,0.0,0.06772233,0.0074444143,0.0,-0.10010451,0.56483835,-0.018039854,0.058656953,-0.36552233,-0.14243174,-0.021185467,-0.15535977,-0.31587812,-0.012414846
-0.016081834,-0.9535167,-0.5509083,-0.45566478,-0.04944852,-0.0073911184,-0.09886052,-0.02956449,-0.0053605284,-0.010949597,-0.013827608,-0.0048280633,-0.045269813,-0.0005540058,-0.047755506,-0.027385725,-0.16948009,-0.0013219303,-0.35299432,3.0057601e-05,-0.043943256,-0.063941054,0.0,0.06393158,-0.06462874,0.0,0.028806312,-0.22847079,0.0,-0.06604977,-0.013553891,0.0,-0.12247495,-0.018494304,0.0,-0.37026998,-0.74034715,0.039988365,0.07934318,-0.096197926,-0.026397714,-0.2727807,-0.08724466,-0.27460384,0.009800997
-0.03711516,-0.15304005,-0.19200696,-0.14225215,-0.07247606,-0.023733405,-0.103151076,-0.02107585,-0.23815756,-0.11028015,-0.016983092,-0.0047954996,-0.09238151,0.00036389093,-0.12085948,0.005924107,-0.10653984,0.0035847356,-0.43623593,-0.0024555363,0.0058196364,-0.14020757,0.0,-0.004774212,-0.0352082,0.0,-0.04109368,-0.27821693,0.0,0.0054269917,-0.0024953485,0.0,-0.050046127,-0.016449835,0.0,-0.11966191,-1.2801981,-0.07161905,-0.8044992,-0.21745816,-0.07574027,-0.113974884,0.021317992,-0.13794838,-0.13928995
0.0031726286,-0.5507043,0.06425373,-0.26854864,-0.05202483,-0.04093489,-0.050642386,-0.020639533,0.020014822,0.0155695705,-0.014676537,-0.0028412556,0.10627322,-0.0009095783,0.011247796,0.08139858,0.17669591,-8.3876395e-05,-0.6221929,6.212968e-05,-0.08612033,-0.18854012,0.0,0.0079322085,0.03825823,0.0,-0.088617764,0.123512685,0.0,-0.009869588,0.013260661,0.0,-0.07972822,-0.01260389,0.0,0.016821027,0.46105093,-0.018520618,0.0846268,0.05818486,0.014131835,-0.003952173,-0.041021556,0.12867168,0.026532624
0.014466595,-0.19554146,0.88336223,-0.0163122,0.111531556,0.032188375,0.13635917,0.04180545,0.068222,0.020091727,-0.005900987,-0.004016331,0.0697618,-0.00041743836,0.041351557,0.043625582,0.16526999,-0.00050363754,-0.422687,0.00032107823,-0.063514784,0.4820145,0.0,0.11673148,-0.05896127,0.0,0.022102803,-0.16850714,0.0,-0.047882117,0.030336922,0.0,0.11351964,0.0018388769,0.0,0.11528866,-0.52198184,-0.037678737,-0.069034465,-0.0051555475,0.0051624198,0.05889302,-0.02202615,0.1318874,-9.4295974e-05
-0.017667778,0.72055703,0.18002316,0.21917915,0.0024509332,-0.014494726,0.020697905,0.001078307,0.019041546,0.00861273,-0.008600482,-0.0030796824,0.1911823,-0.0002663351,0.093234986,0.10526207,0.15135287,0.0016545691,0.3478415,0.0001393023,0.009103601,0.1054091,0.0,-0.01774939,0.044854876,0.0,-0.09857163,0.13557082,0.0,0.0070002642,0.016049702,0.0,-0.06478199,0.062095754,0.0,0.19537123,0.7178544,-0.019514455,0.0726949,0.07460251,0.031109896,-0.027536057,-0.012180633,0.1462207,-0.005153527
-0.026352147,-0.09731392,-0.36351752,0.078882776,-0.05279685,-0.034075927,-0.008409565,-0.01701427,0.017846446,0.0058482466,-0.018506315,-0.0075365864,-0.072157435,-0.0005589314,-0.04211218,-0.11706519,-0.16959924,-0.00029580062,-0.35600442,0.000107283806,-0.07651255,0.06408092,0.0,-0.019714652,0.066162735,0.0,-0.05751893,0.0005394431,0.0,-0.015188976,-0.0027988614,0.0,-0.08552172,-0.01619068,0.0,-0.05715425,0.48406386,0.006418169,0.07276314,-0.30591202,-0.1362756,-0.15137321,-0.03871715,-0.31046128,0.01028539
-0.007797472,-0.3067812,0.6618882,-0.07468092,-0.20465568,-0.06345079,-0.06795154,-0.00866224,-0.21100333,-0.049397603,-0.00461399,-0.0009109072,0.05888761,0.0012138243,0.04885157,0.075064905,0.17413412,-0.00034150595,-0.37185735,0.00016550286,-0.016384097,0.18367258,0.0,0.021089658,-0.021800587,0.0,0.059178114,-0.17043804,0.0,-0.02870769,-0.015121986,0.0,0.042225394,0.0013621466,0.0,0.13238207,-0.85226935,-0.023767833,-0.19568676,-0.014086583,0.015983842,0.1834147,-0.0039813984,-0.16408257,0.019573126
-0.012134031,-0.20252702,-0.20148069,0.036713578,-0.17116241,-0.06220094,-0.068944745,-0.027994884,-0.028190408,-0.0039923787,-0.025972005,-0.0065249144,-0.16404706,-0.0013569786,-0.13156544,0.027169548,-0.18602967,0.011099912,-0.5154873,-0.00013564929,-0.0067679067,-0.1254125,0.0,-0.016418211,-0.09371865,0.0,-0.03999929,-0.4442395,0.0,0.010196771,-0.036165923,0.0,-0.057508767,-0.049204588,0.0,-0.05200679,0.44186398,0.0055595143,0.06307088,0.05733677,0.01895525,-0.028016977,-0.43225887,-0.3128119,-0.02211433
-0.019440597,-1.1111026,-0.2986421,-0.6271609,0.06894839,-0.0049543674,0.035547815,0.032970317,-0.12707248,-0.09507963,-0.02924821,-0.005300614,0.041497976,-0.0002563281,-0.0059155943,-0.11483843,-0.21287829,-0.0008943151,-0.29152545,5.8573314e-05,-0.015230808,-0.12738302,0.0,0.0060425582,-0.049007427,0.0,-0.12456219,-0.24375038,0.0,-0.030531479,0.029858476,0.0,-0.059315898,0.019164935,0.0,-0.1049983,0.324238,-0.012954372,0.070559174,-0.05742631,-0.04298736,-0.12134719,-0.08195122,-0.34539324,0.020901302
-0.016781121,-1.6096214,-0.28850144,-0.37279347,-0.014965063,-0.031774577,-0.03812844,-0.006982676,0.011479407,0.011990906,-0.022142021,-0.007621196,-0.12559205,-0.0011203315,-0.13731004,0.018058747,-0.112933494,0.016722769,-0.46285528,-0.0018714803,0.0043621864,-0.086669266,0.0,-0.027971981,-0.07369793,0.0,-0.01830753,-0.32114294,0.0,0.018174095,0.001201876,0.0,-0.08594107,-0.013843367,0.0,-0.13573381,-1.1673914,-0.08624117,-0.68821234,0.042044364,0.011548965,0.010155919,-0.32543555,-0.25488645,-0.0063577946
0.023752365,0.34479722,0.1787809,0.013228395,-0.062158242,-0.02755865,-0.08761356,-0.026421865,0.009813189,0.0018949336,-0.014669028,-0.0031164265,-0.32112324,-0.0013009044,-0.08446483,0.123944245,0.20013237,0.0005263045,0.2558597,0.00014518971,-0.004583644,-0.17810266,0.0,0.05370734,0.078100376,0.0,-0.06834596,0.12733637,0.0,0.0025670917,0.0024561193,0.0,-0.090758465,-0.058893282,0.0,0.02560567,0.6414142,-0.035904493,0.07637819,0.070754886,0.033521622,-0.022090591,0.006125947,0.17317323,-0.016692463
-0.026559036,-0.275331,-0.49545255,-0.6093194,0.04526235,0.01680653,-0.062764436,-0.028918771,-0.010934604,-0.002362542,-0.016924096,-0.0047573843,0.032321513,-0.0014919835,-0.019991972,-0.11747285,-0.20893729,-0.0004396679,0.19902799,0.00032521732,0.0026068066,-0.12995586,0.0,-0.007494853,-0.080583684,0.0,0.008248957,-0.37577316,0.0,-0.13288794,-0.045936387,0.0,-0.105832055,0.052478988,0.0,0.023107497,-0.8805321,-0.32667488,-0.77907777,0.027810944,0.018830389,-0.13698104,-0.032657113,-0.23995642,-0.010367388
-0.024446096,-0.7550671,-0.28690246,-0.7673874,-0.14614388,-0.057163533,-0.027866216,9.9828496e-05,-0.17305033,-0.052514985,-0.021446591,-0.0029669413,-0.093097486,-0.00045120606,-0.03275513,-0.15384555,-0.23513156,-0.00066173065,-0.3829426,0.0008821912,-0.055933084,0.07010808,0.0,-0.09634099,0.04666728,0.0,-0.08618377,0.08907052,0.0,0.004421521,-0.013483553,0.0,0.018971121,0.02094204,0.0,0.14169733,-0.86579514,-0.028512107,0.07084732,0.0065634223,0.0021968852,-0.050487358,-0.044232477,-0.1851585,0.00086081313
-0.029682932,1.2521907,0.5577428,0.46932143,-0.058456864,-0.022446653,-0.011300238,-0.010763875,0.04732756,0.026597247,-0.012725021,-0.004001473,-0.05674862,-0.00082660676,-0.03656327,0.059417866,-0.19869167,0.0023992178,-0.31698155,-0.0008139279,0.004022022,-0.06537535,0.0,-0.013264817,0.0030177871,0.0,-0.03239564,-0.30398276,0.0,0.02053404,0.0099591995,0.0,-0.057416715,0.031154228,0.0,-0.050228506,0.6621508,0.02175892,0.118038215,0.07601517,0.030186443,0.027502613,0.021203639,-0.10789129,0.01711464
-0.0080800615,0.23359926,0.04013386,0.16879357,0.057241626,0.02475431,0.030950684,-0.00054942106,0.044174396,0.020434,-0.040583752,-0.012257635,0.079706036,-0.0014823102,0.038145147,-0.1793291,-0.20865937,0.0001980745,0.19388767,0.00012434999,-0.0038757757,0.10971237,0.0,-0.030610487,0.08831002,0.0,-0.061910395,0.116359465,0.0,0.0015502479,0.00026934996,0.0,-0.074175976,-0.011150055,0.0,-0.09132441,0.60950625,-0.021436708,0.05996242,0.06531337,0.031909607,-0.006086706,-0.011339386,0.22492191,0.028689155
0.11907216,-0.23466845,0.057227224,0.085696146,0.1511717,0.061854225,-0.01613356,-0.005989718,0.0045015295,0.0013255207,-0.0093152365,-0.0059218244,-0.07979712,0.00014083367,-0.03907469,0.052160334,0.19167535,-0.0010238515,-0.36324373,-7.9758465e-05,0.008040943,-0.10309076,0.0,0.03653425,0.05695766,0.0,-0.0472579,0.14832929,0.0,-0.009115856,0.060036924,0.0,-0.0472841,0.0769617,0.0,-0.048732754,0.53358227,-0.0006856963,0.08196476,0.077677205,0.03917087,0.020820431,0.1948427,-0.22333829,0.026575744
-0.019151403,-0.9964246,-0.30872437,-0.5284204,-0.029379016,-0.0041612205,-0.10494558,-0.021099746,0.010260252,0.0016065419,0.0797878,0.047626343,0.014295715,0.0016164368,-0.05898134,-0.051681068,-0.14414714,-0.0006470733,-0.40300032,0.00017046284,-0.052792158,-0.0871074,0.0,-0.0077094836,-0.0725443,0.0,0.019653086,-0.35791206,0.0,-0.067644864,-0.015384062,0.0,0.06438432,0.035048813,0.0,-0.12515092,-1.1097448,-0.11854363,-0.6643508,-0.093196735,-0.032974467,-0.21630162,-0.05262099,-0.26847523,-0.011532907
0.22675116,-0.18520695,-0.12064329,0.015627012,-0.20029938,-0.06482115,0.0040653707,0.016752033,0.054562714,0.019226769,0.199361,0.019797208,0.13673893,0.013391632,-0.0073223575,-0.17440367,-0.12523316,0.00050538225,0.14116365,0.0001392796,0.0012523077,0.15921362,0.0,0.021452175,0.040905353,0.0,-0.085893005,0.07356226,0.0,0.002650975,0.012567909,0.0,0.084897436,0.020186251,0.0,0.07589275,0.53913176,-0.018502895,0.057905566,-0.32653123,-0.16437438,0.0026903853,-0.0029102862,0.2505444,-0.02730157
-0.019166235,-1.6699865,-0.28814912,-0.32390174,-0.014290042,-0.0046200044,0.007584259,0.008310278,-0.0115259895,-0.0051493333,-0.021831326,-0.009505774,0.055182725,-0.0008293395,-0.0007879298,-0.118014395,-0.21334918,-0.00035085191,-0.44271442,0.00028928215,-0.052857623,-0.13409221,0.0,-0.025923887,-0.09786898,0.0,0.027576137,-0.34751648,0.0,-0.10712754,-0.010117536,0.0,0.026143642,-0.019345345,0.0,0.052843787,-1.0452712,-0.22277194,-0.77463716,-0.018964995,0.008436601,-0.032263994,-0.035308454,-0.22063537,0.0027407792
-0.005335287,-0.46210775,-0.03146982,-0.42350096,-0.10442403,-0.039473534,-0.0765229,-0.006329084,-0.25143692,-0.060894664,-0.005082674,-0.0013290257,0.06930731,1.0833159e-05,0.03413008,0.045037374,0.08878925,-0.0015160101,0.15101562,-6.637652e-05,-0.0030628392,-0.099917114,0.0,0.021689408,-0.11644573,0.0,0.006468748,0.13475361,0.0,0.011172261,0.012896704,0.0,0.020539504,-0.021916829,0.0,-0.33380148,-1.3576988,-0.08237455,0.05125142,0.032642137,0.012444698,-0.04061404,-0.17326859,-0.32080585,0.0006018859
-0.012509092,-1.1081439,-0.3472935,-0.29092273,-0.020039897,-0.016567629,0.0038325884,-0.0056765857,-0.010221558,-0.01699473,-0.007166421,-0.002160282,-0.1385716,-0.00020164908,-0.070353,0.0069528185,0.092475146,-0.0014174758,-0.31291866,-0.00029913685,-0.014409578,0.020859104,0.0,-0.091505855,-0.1603814,0.0,0.035914153,0.08430527,0.0,-0.010991456,-0.004080952,0.0,-0.1446988,-0.008043233,0.0,-0.35059905,-1.0831821,-0.08969118,0.058407266,-0.026723702,-0.008326612,0.0020236399,-0.047530558,-0.30169913,0.030078903
-0.03777398,-0.58002603,-1.2685268,-0.24500701,-0.046651386,-0.007534009,-0.06578785,-0.013511018,-0.0055189217,-0.0027492885,-0.014277527,-0.0050213765,-0.094570115,-0.0006175746,-0.06944347,0.007984569,-0.13996546,0.0029930682,-0.48435152,-0.010451652,-5.2861917e-05,-0.0943152,0.0,-0.09423021,-0.0802102,0.0,-0.05033276,-0.26859802,0.0,-0.0010749858,0.008952301,0.0,-0.075321235,-0.005208864,0.0,-0.24475493,-1.1674465,-0.14159323,0.046912193,-0.30371866,-0.14619215,-0.05730063,0.0066966587,-0.16805989,-0.09163277
-0.040006265,-0.6968866,0.14731649,-0.09184128,-0.0067246277,0.006632062,-0.07271537,-0.012090368,-0.026820181,-0.009663563,-0.01293802,-0.0042651067,0.08891866,-0.00038119272,0.0037387325,0.11682595,0.2174067,-0.00026180272,0.115360714,0.00011399096,-0.012064511,0.020519752,0.0,-0.02275432,-0.06091583,0.0,0.018555593,0.028217338,0.0,-0.00018526784,0.051205333,0.0,0.040816586,0.10383671,0.0,0.046439953,0.56715924,-0.012027932,0.06550951,-0.4759975,-0.2105357,-0.083563626,-0.029396078,-0.22466545,-0.0052641695
-0.021031167,0.3328814,-0.51594263,0.20682557,-0.17352334,-0.05459423,-0.06440404,-0.015476757,0.037520554,0.020498483,-0.024650916,-0.0041628606,-0.1716001,-0.00086089876,-0.11384972,0.013725345,-0.21679296,0.03591308,-0.5905059,-0.00013564929,-0.005375043,-0.12842672,0.0,-0.029428959,-0.09860053,0.0,-0.040998522,-0.49727,0.0,0.0055386513,-0.08174507,0.0,-0.053694848,-0.098455,0.0,-0.034077857,0.48522514,0.0003629903,0.08242061,-0.018450262,0.019372668,-0.024851022,-0.1796854,-0.17405723,-0.052920472
-0.039718166,-0.44948196,-0.5888413,-0.1593056,-0.2340156,-0.04229576,0.015656121,0.0098591205,-0.19956729,-0.094555005,-0.030994086,-0.012271314,-0.14240876,-0.0006023989,-0.06830704,0.040888112,-0.19205207,0.004487829,-0.5207252,-0.0007296031,-0.0093687875,-0.16954264,0.0,-0.0065884916,-0.05553361,0.0,-0.045739345,-0.46731606,0.0,0.003185911,-0.00044230957,0.0,-0.07412844,-0.014930125,0.0,-0.07980195,0.38504025,-0.009903856,0.07612279,-0.1858985,-0.09267853,-0.0699615,0.0049518337,-0.17100617,-0.16331597
0.029644625,-0.76689124,0.4471602,0.018077893,0.066293396,0.044412773,-0.041393127,-0.013946501,-0.10625184,-0.08452502,-0.009744807,-0.0018021129,0.12561224,-0.0003920806,0.018363247,0.059269838,0.10997971,-0.00055188977,0.27868336,0.00029061825,0.0165268,0.14951274,0.0,-0.0069192643,0.00011183781,0.0,0.08003116,0.12707669,0.0,0.01902004,0.05754865,0.0,0.11995573,0.013014916,0.0,0.09541398,-1.0855936,0.060710587,0.07743234,0.08433518,0.025914581,0.001599616,0.041479502,0.26642197,-0.002084606
-0.014000974,0.046960715,-0.1373605,-0.07545649,-0.004967056,0.012571046,-0.038445856,-0.022924848,0.002816383,0.0008638824,-0.017325176,-0.006466458,-0.14388241,-0.00111725,-0.0555111,-0.10971379,-0.19467297,-0.000102660095,0.12193617,0.00012723671,-0.0066536544,0.12302082,0.0,-0.0050109713,-0.23415971,0.0,-0.0707175,-0.3390903,0.0,-0.02652706,-0.022993403,0.0,-0.089751616,0.049353506,0.0,-0.029675618,0.49143386,-0.017681982,0.059667747,-0.2348071,-0.1498036,0.02578849,-0.038520258,0.107378796,-0.021697149
0.007906349,-0.3116818,0.3066197,-0.32273716,-0.24943468,-0.08795697,-0.09704874,-0.018799018,0.082914256,0.02017966,-0.0032067932,-0.0017731972,0.030556185,0.000508731,0.03301592,0.056688912,0.13254714,-0.0017861421,0.16219506,0.0009951878,0.013876162,-0.117997915,0.0,0.0062292675,-0.13724577,0.0,0.005056825,-0.21234137,0.0,-0.031079808,0.018125754,0.0,0.034943417,0.022373766,0.0,0.14090824,-0.80286604,0.02938902,0.076969564,-0.014074927,0.0037819839,-0.004049437,-0.09222021,-0.38019907,0.00212393
-0.025339624,-0.3917964,-0.2484987,0.06095822,-0.06979572,-0.010198477,-0.082447864,-0.023873331,-0.05152188,-0.0050915596,-0.012353012,-0.004060005,-0.11221728,-0.0005926472,-0.06728527,0.008437269,-0.11403865,-0.000547803,-0.525051,-0.01043479,-0.000994485,-0.06571502,0.0,-0.11869195,-0.060162622,0.0,-0.059304245,-0.2395039,0.0,0.0027252014,-0.0015098873,0.0,-0.08710135,0.005063637,0.0,-0.32481855,-1.3408407,-0.2103151,0.06245825,0.026259508,0.027338268,-0.0059236414,0.005218509,-0.18537398,-0.014965601
-0.004458457,1.0656623,-0.2636768,0.30402118,-0.04333379,-0.016620401,0.0023629912,0.0036135772,0.0048488104,0.008736642,-0.01325771,-0.0038603141,-0.1063068,-0.0005431851,-0.053314634,0.14654744,0.19929443,0.00048706116,0.20673017,0.00012982356,-0.004579313,-0.1960341,0.0,0.025489546,0.030863592,0.0,-0.07665341,0.1437756,0.0,0.006224669,0.041123956,0.0,-0.076334774,0.01390494,0.0,-0.04760467,0.7485853,-0.011682525,0.076792344,0.14669113,0.06317573,-0.0132001275,-0.024359226,0.15741348,-0.021642525
-0.008296811,0.33847657,-0.07989024,0.023436356,-0.07033451,-0.040143806,-0.030669466,-0.0065199565,0.018581219,0.00076711137,-0.008290452,-0.0021069907,0.1139367,-0.0007585258,0.088574395,0.1117754,0.18163933,0.00048135727,0.265816,0.00012021923,0.002771351,0.07579336,0.0,-0.0024418216,0.05212705,0.0,-0.07937469,0.073811166,0.0,-0.003922083,-0.014262184,0.0,-0.047351144,-0.041341405,0.0,-0.10512345,0.7293144,-0.011809384,0.070234686,0.04922093,0.02541401,-0.0140052335,-0.016433792,0.17480974,0.013569154
-0.035796616,-0.24322726,-0.37714195,-0.03160999,-0.02253479,-0.015473754,-0.06845002,-0.01902124,-0.0611107,-0.014158943,-0.0111781135,-0.0030731896,-0.06886811,-0.0005969963,-0.075902455,0.009047995,-0.11350179,0.0028339825,-0.4316465,-0.010403726,-0.005601599,-0.08884938,0.0,-0.044790745,-0.0503099,0.0,-0.053085178,-0.21612644,0.0,-0.008291512,0.010942363,0.0,-0.07927302,-0.008321067,0.0,-0.20586652,-1.3280948,-0.20256194,0.06438899,-0.19377604,-0.07562883,-0.08020361,0.00011184248,-0.18418,-0.19820453
0.0054173814,1.1129043,-0.1319714,0.8710994,-0.11433384,-0.039422713,-0.014719566,-0.007047559,0.0017203331,-0.0015630121,-0.019537369,-0.005058205,-0.116859205,-0.0005947711,-0.036616694,0.14912333,0.27014542,4.7196983e-05,0.2745537,0.00011385297,0.0036747567,0.07688974,0.0,-0.020095097,0.06749574,0.0,-0.070428155,0.21066985,0.0,0.019536046,0.057461865,0.0,-0.074492656,-0.0026185908,0.0,-0.04485664,0.6832193,-0.011367002,0.07409765,0.028606111,0.018931083,-0.08100009,0.02366797,-0.3579822,-0.046400946
0.025658622,0.24146532,0.07929483,0.025032124,-0.078407146,-0.019468928,-0.08070604,-0.02512427,0.010895446,0.005244921,-0.011638171,-0.003481663,-0.13872762,-0.0010912451,-0.046231646,0.0485063,0.20344558,0.0005082842,-0.6515669,0.00012958983,-0.033470523,-0.14482315,0.0,0.063293606,0.07484932,0.0,-0.0673892,0.14833951,0.0,-0.005547567,0.020699615,0.0,-0.08741691,0.077829145,0.0,-0.02727138,0.60774046,-0.0099260565,0.09168815,0.11952565,0.054778043,0.00011781283,-0.002920109,0.26426017,0.02835033
-0.036650725,-0.5711417,0.24412088,-0.2630541,-0.022593455,0.0038409824,-0.055185627,-0.009879667,0.04589041,0.02057533,-0.016360627,-0.0037144346,0.18203987,-0.0014247269,0.037696607,0.115825005,0.18953481,-0.00018792412,0.28784162,0.000118853895,0.01085263,-0.21401186,0.0,-0.05150706,0.016164387,0.0,0.101219706,0.15046552,0.0,0.021272544,0.046009313,0.0,0.106450036,0.020618744,0.0,0.027841603,0.49167556,-0.03289492,0.049162637,0.095464244,0.04824083,-0.009930343,-0.017781897,0.13222986,-0.0048312205
-0.037117094,-0.2950842,-0.0863217,-0.13493861,-0.011482873,-0.012597357,0.005727372,-0.0019610445,0.0010241295,0.00948089,-0.01322679,-0.0027216412,-0.07813489,-0.0010127223,-0.12035146,0.00705236,-0.10799542,0.002714431,-0.41282913,-0.002723753,0.0012607338,-0.112268336,0.0,0.015246635,-0.048635986,0.0,-0.036669634,-0.23603193,0.0,0.0034086625,0.010677438,0.0,-0.064622514,-0.012959645,0.0,-0.11170468,-1.324572,-0.06155117,-0.7008321,-0.19267413,-0.086661756,-0.077672236,0.010596135,-0.15305717,-0.19671373
-0.022719003,-0.08050354,0.72850823,-0.193141,-0.022994062,-0.0060731703,-0.06370224,-0.017891895,0.04686196,0.014258098,-0.00873683,-0.003866819,0.07343936,-0.0011587862,0.028248603,0.068186395,0.11760375,-0.0003263886,0.15978698,0.00034447477,-0.003821361,-0.20733947,0.0,-0.026103081,-0.054058246,0.0,0.03705332,-0.27778324,0.0,-0.039669383,0.02226948,0.0,0.059897903,0.012551951,0.0,0.051284708,-0.94017977,-0.18486103,-0.5263063,-0.29276782,-0.12187304,-0.052414298,0.002430056,0.12261278,0.0045481888
-0.0071618194,-0.6204459,0.35348657,-0.52854705,-0.01573261,-0.0055159046,0.013943196,0.0016724605,-0.23136829,-0.089882515,-0.014659134,-0.0027139757,0.10700936,-0.00041302215,0.027575528,0.1578043,0.22814915,-0.0002506255,0.24843593,9.667953e-05,0.011044331,-0.22764978,0.0,-0.05513301,-0.028392967,0.0,-0.10715567,0.2097449,0.0,0.017645398,0.031641416,0.0,0.08702886,0.077461064,0.0,0.04791863,0.48657542,-0.03890669,0.06614241,0.08675594,0.039089944,-0.049860626,-0.027312284,-0.23447908,0.0007234866
-0.02750796,-0.7808346,-0.3040792,-0.26796776,-0.10125457,-0.0020051051,-0.15284269,-0.03153125,-0.26472402,-0.114805155,0.06607021,0.02392693,-0.054222744,-0.012223007,-0.013650161,-0.06759202,-0.19724225,-0.00017356136,-0.4174966,0.00010766981,-0.021892505,-0.008233942,0.0,0.06345663,-0.05640928,0.0,0.1492028,-0.5132103,0.0,-0.12344892,-0.0003928258,0.0,-0.106878914,0.04560833,0.0,-0.099354506,0.36393705,-0.03371655,0.07457996,-0.0022691046,0.01941473,-0.06232216,-0.032103915,-0.24716169,-0.19327803
-0.015153709,-0.32240134,-0.14553711,-0.16341786,-0.11583461,-0.037448227,-0.00816547,0.0019556326,-0.12412918,-0.03738099,-0.007165638,-0.0021050079,-0.061657283,0.0006506312,-0.06619067,0.011529923,0.12616725,-0.0012913657,-0.37211302,0.0006745891,-0.0062483656,-0.10688739,0.0,0.08551747,0.06996256,0.0,-0.0641528,0.07786874,0.0,-0.0014198956,0.0063262517,0.0,-0.12592278,-0.0044245003,0.0,-0.38118288,-1.2100977,-0.061614063,0.09736103,0.03211743,0.020087382,-0.020523546,-0.1630678,-0.27682394,0.031059766
-0.028635558,-1.6234528,-0.21689126,-0.22263183,0.025324222,-0.0067676017,0.017539807,-0.008212777,-0.08799542,-0.04240989,-0.019008562,-0.007395373,0.05581519,7.2436655e-05,0.014038112,-0.08727482,-0.16156395,-0.0011362048,-0.34666336,0.00011009744,-0.012564623,-0.13107277,0.0,-0.013005852,-0.055642776,0.0,0.04495063,-0.30781117,0.0,-0.059072338,-0.052124802,0.0,0.00192003,-0.06964471,0.0,0.0022671204,-1.1164632,-0.23045321,-0.85741717,-0.08459561,-0.038858533,-0.03689056,-0.030639376,-0.20071459,0.0048715943
-0.04364419,-0.254725,-0.017701548,0.066432714,0.05833938,0.03318769,-0.03749716,-0.010627097,-0.0070729614,0.0004657222,-0.026211299,-0.007939276,-0.058442514,-0.0009904164,-0.0150652705,-0.09738579,-0.26219857,-0.0016153727,-0.5067665,3.650682e-05,-0.0838317,-0.040499736,0.0,-0.11800507,-0.13416456,0.0,0.046890564,0.07313015,0.0,-0.020569066,0.00867512,0.0,-0.07757679,0.023909869,0.0,-0.060657132,0.41170093,0.0049384525,0.058790788,-0.1578267,-0.07605286,0.02349822,0.14702484,-0.26236486,0.01232489
0.050971247,-0.6371025,-0.09531601,-0.24959671,-0.007850377,-0.010893185,-0.050008275,-0.025601963,1.890683e-06,-0.0011165529,-0.015519701,-0.003070978,0.118137434,-0.00069870293,0.05007102,0.09384435,0.16526066,0.00020588841,0.18859844,9.955073e-05,-0.0053358013,-0.0010949733,0.0,-0.06253721,-0.20760866,0.0,-0.019858075,0.07567848,0.0,-0.00061728695,-0.07364279,0.0,-0.10795893,-0.0521642,0.0,-0.08592772,0.6648744,-0.002433252,0.055904355,0.05435032,0.026354935,-0.004706663,-0.022456279,0.29667553,0.012450235
-0.04724086,-0.35101116,-0.5041692,-0.35551372,-0.10511555,-0.030267902,-0.042643473,0.0051340554,-0.007351389,-0.019630726,-0.016823841,-0.0077148145,0.03192592,-0.0008701095,0.028811734,-0.030525694,-0.15363835,-0.002600562,-0.35389093,-9.09137e-05,-0.01228421,-0.098359585,0.0,0.011561096,-0.07472259,0.0,0.025290623,0.0801287,0.0,0.006710431,-0.0035775776,0.0,-0.13582447,-0.0012693804,0.0,-0.12096375,-1.0335195,-0.15257494,-0.697829,-0.045631077,-0.051602356,0.013779612,0.013999253,-0.30551237,0.03520353
-0.0213163,0.30745998,-0.32502607,0.14276394,-0.07572522,-0.02783147,0.013510059,-0.0044915094,0.015296329,0.006336441,-0.011463459,-0.003158647,0.1003893,-0.00031989935,0.077283174,0.079464875,0.16048276,0.000878457,0.27470145,0.00012021923,-0.004519069,0.088455535,0.0,-0.022584181,0.04965028,0.0,-0.09380776,0.10524669,0.0,-0.01068759,0.012669675,0.0,-0.083825245,-0.039749194,0.0,-0.13242534,0.72822523,-0.013208937,0.06569935,0.0665719,0.035787724,-0.025765376,-0.02688095,0.1527855,0.0031143578
-0.005969415,-0.59546727,0.14292097,-0.14649558,-0.07171968,-0.015332723,-0.0037708909,0.0023577104,0.0017818295,-0.003782617,-0.0052024196,-0.0027066998,-0.38908863,-0.00058229855,-0.14997688,0.1019977,0.17794406,-6.996718e-05,0.17279913,0.000121003286,-0.0069305617,0.18688916,0.0,0.014599204,0.09442732,0.0,-0.057510316,-0.46850893,0.0,-0.09666411,0.031273182,0.0,0.10007729,-0.046716467,0.0,0.0017138285,0.3929977,-0.057122994,0.06831058,0.0668336,0.02870819,0.016606053,0.008505631,0.2289505,-0.0037121333
0.07754,-0.07876743,-0.15202276,0.25180408,0.0201258,0.015247458,-0.021415306,-0.013338601,0.041413188,0.012803574,-0.013176981,-0.0028447218,0.12259443,-0.0006297906,0.06161089,0.10528373,0.17246889,0.00019457279,0.2300603,0.00012434999,0.002593303,0.02618153,0.0,-0.016585832,0.085360035,0.0,-0.0565333,0.09940691,0.0,-0.00087808346,-0.015407859,0.0,-0.086152546,-0.018562622,0.0,-0.08436313,0.6797614,-0.016190141,0.061694708,0.065775976,0.036892097,-0.0047545577,0.00823566,0.20500751,0.0022055686
-0.01177138,-0.43616727,0.017212627,-0.24476948,-0.111646436,-0.02486051,0.019878067,0.001971821,-0.0010854509,-0.000555596,-0.005916577,-0.0029797493,-0.09692411,-0.00063567655,-0.06478302,0.104022846,0.17348976,-0.00021780355,0.15138344,9.5352145e-05,0.00669971,0.0152720865,0.0,-0.055048335,-0.12959236,0.0,0.06245404,-0.3821749,0.0,-0.07067687,0.053334914,0.0,0.16457841,-0.04127398,0.0,-0.08093683,0.43253133,-0.034931894,0.0734586,-0.21956731,-0.11950618,0.017008506,0.007344675,-0.26895276,0.07086948
-0.020826124,-0.38678503,-0.31006315,-0.05496048,-0.040194564,0.003135142,-0.120808505,-0.036443397,-0.057196416,-0.017122239,-0.014622586,-0.005425685,0.04199403,-6.122036e-05,-0.050761383,-0.06324632,-0.18164404,-0.0005089781,-0.4439796,-1.8460458e-05,-0.085079886,-0.057200592,0.0,0.06696886,-0.024526516,0.0,0.02901712,0.13531426,0.0,0.011938151,0.027236994,0.0,-0.085613504,-0.019220397,0.0,-0.37832612,-0.9806523,0.035896845,0.07813858,0.007005629,0.0049391743,-0.18992032,-0.064439476,-0.27341166,0.013062697
0.026282122,0.01743312,-0.20539953,0.10813975,-0.0783817,-0.037921105,-0.07694424,-0.007942708,-0.03164494,-0.011198674,-0.012789314,-0.0023414278,-0.19457081,-0.00070379436,-0.09098099,0.049665652,0.12270301,0.00068046816,0.2699112,0.00013679425,-0.000858714,0.011041983,0.0,-0.021282874,-0.16378212,0.0,0.009015949,0.107305385,0.0,0.005208463,-0.055733282,0.0,-0.11897721,0.0073550222,0.0,-0.029401453,0.66894805,-0.023227634,0.0680869,0.06192201,0.028239973,-0.04946247,0.029884433,0.14550729,-0.028888674
0.07040107,-0.8375668,-0.28379676,-0.38350472,0.026543902,0.0029209557,-0.014849853,-0.005864909,0.043156072,0.024603758,-0.021027176,-0.0033987358,0.1762786,-0.0010913609,0.05135672,0.108008206,0.1353547,-0.0006048619,0.2594388,0.00011113728,0.0076791104,-0.1395642,0.0,0.0036455493,0.079220764,0.0,-0.06725374,0.1482677,0.0,0.024305748,-0.09339471,0.0,-0.14148548,0.022835223,0.0,0.03844173,0.52289534,-0.034968447,0.055262957,0.047001235,0.021180697,-0.031018874,-0.017690683,0.21409346,-0.0030365125
-0.043366898,-0.5710881,-0.21934861,-0.50866264,0.03113213,0.015938014,-0.09299268,-0.014942519,-0.28438407,-0.11007026,-0.0090799,-0.002962932,-0.13556032,0.00092366873,-0.09873649,-0.13185242,-0.1771054,-0.0018265857,0.14154276,0.0008797289,-0.010603006,-0.10962118,0.0,0.08012728,0.121154554,0.0,-0.05906277,-0.3275837,0.0,-0.06509374,-0.04231407,0.0,0.0035624024,0.05368151,0.0,0.13852647,-0.4576597,0.17595816,0.11983613,-0.017352123,-0.006706789,-0.017398907,-0.16076127,-0.20059356,-0.03692649
0.13228624,-0.6752413,-0.42501476,-0.48987398,-0.06857709,-0.03475023,-0.071612105,-0.003305164,0.004619997,0.0046227025,-0.008237817,-0.0063114096,0.013387599,-0.00056408014,-0.027806384,-0.037493348,-0.19324555,-0.0043118587,-0.2814538,-0.00023006264,-0.027356267,-0.069762155,0.0,0.074108295,-0.06492402,0.0,0.026519665,-0.24359098,0.0,-0.057435703,0.056990482,0.0,-0.08297227,0.022244692,0.0,-0.31793985,-0.83076286,-0.059281927,0.059726093,-0.08478312,-0.02505483,0.02147145,-0.0039641596,-0.29656824,-0.00033834102
-0.017931912,-0.8748776,-0.086222745,-0.40798023,-0.060795188,-0.016913641,-0.05448586,-0.021418815,-0.123037286,-0.059122384,-0.02226159,-0.0029071164,-0.07152591,2.3620349e-05,-0.09079694,0.024779111,-0.113941744,0.007801186,-0.35801008,-0.0005238311,0.000103117345,-0.09765666,0.0,-0.03264394,-0.02649385,0.0,-0.043280557,-0.25679117,0.0,-0.002865725,-0.009893537,0.0,-0.057249192,0.0011143957,0.0,-0.11276648,-1.2226635,-0.07902865,-0.8156338,-0.11274983,-0.048829943,0.06617764,0.018181724,-0.15178828,-0.011135143
-0.022789763,-0.14699282,-0.15977864,-0.009818332,-0.10360698,-0.029772736,-0.0072266385,0.01618096,-0.16881096,-0.088055804,0.03985388,0.005839606,0.05011148,-0.004969639,-0.074098654,-0.04847085,-0.1485618,-0.00088953064,-0.3063798,0.00032746381,-0.017462336,-0.20931955,0.0,-0.05750049,-0.05780697,0.0,0.03706962,-0.3208488,0.0,-0.06723842,0.03343054,0.0,-0.09734668,-0.021815069,0.0,0.016869733,-1.2047908,-0.21040937,-0.8960533,-0.11741327,-0.07141818,-0.025791192,-0.097229965,-0.17670172,-0.0054904013
-0.002081853,0.3287028,0.06925816,0.06996866,0.032223783,0.007900476,-0.039295316,-0.019171275,-0.048599638,-0.018966135,-0.0005790732,-0.00025399588,-0.13793784,-0.0008674744,-0.09164622,0.10117824,0.18569835,0.00026170583,0.23893487,0.00011686126,-0.00469932,-0.1818526,0.0,0.016485685,0.019769756,0.0,-0.10572265,-0.2585448,0.0,0.041732635,0.07584101,0.0,-0.039535202,0.053967364,0.0,-0.044393305,0.6451225,-0.018468667,0.09216468,0.033406854,0.03287984,-0.0193155,-0.028690096,0.11158308,0.033005178
-0.0110273,-0.6730448,-0.16269669,0.109372,-0.034977794,-0.0074263965,-0.05494937,-0.020558748,0.01921512,0.021467263,-0.015869683,-0.0070611755,0.075797796,-0.0010831844,0.03397301,0.03844924,-0.12612624,0.007556591,-0.521357,-0.0104005,0.0052542468,-0.06359261,0.0,-0.09442077,-0.062433787,0.0,-0.025171991,-0.2794662,0.0,0.006881955,0.005299896,0.0,-0.05325219,0.016186055,0.0,-0.17220952,-0.9868677,-0.07129615,0.061573263,-0.06717285,-0.04829329,0.12768644,-0.05752955,-0.14649534,0.02438589
-0.019675218,-0.3293123,-1.134628,-0.072971724,0.100669056,0.021028176,0.019734964,0.005417446,-0.1426681,-0.046956636,-0.010551298,0.0014912405,-0.05206048,0.00062013965,-0.059195712,0.03946365,-0.23771037,0.0020165413,-0.5847326,-0.00055614073,0.0033648387,-0.101853274,0.0,-0.018056517,-0.025803644,0.0,-0.04999361,-0.35567382,0.0,0.0032348726,-0.01170834,0.0,-0.045649033,-0.0014131884,0.0,-0.05122762,0.46586558,-0.00083694456,0.0867605,0.089147404,0.07324529,-0.024368674,0.001325348,-0.23207219,-0.047632627
-0.017156787,-0.2719231,0.22834125,-0.03684624,0.11330009,0.045116976,-0.0055395467,-0.0071281786,0.037905514,0.017733013,-0.012401021,-0.003893573,0.11081854,-0.00043308592,0.028024593,0.05012206,0.16287936,-0.0007008248,-0.45078284,0.0010720115,-0.033141,0.098484315,0.0,-0.034963746,-0.019675909,0.0,-0.078277536,0.08002891,0.0,0.009026053,0.03611464,0.0,0.10757972,0.02291636,0.0,0.122871086,-0.82242805,0.07798317,0.10004468,0.04422324,0.01439898,-0.018958924,-0.041023977,0.20449452,0.035708793
-0.034786705,-0.4990595,-0.3964741,-0.22943835,-0.0040137954,-0.008829032,0.02161472,-0.0054773516,-0.14358644,-0.11444187,-0.019656178,-0.003114152,0.087023035,-5.9447193e-06,0.09689951,0.02591536,-0.12351828,0.0054423762,-0.47409463,-0.0023824084,0.0054679606,-0.067854494,0.0,-0.040487606,-0.032525796,0.0,-0.057586942,-0.35239193,0.0,0.0077531,0.022796342,0.0,-0.06959578,0.008389462,0.0,-0.13597892,-1.0941677,-0.0882625,-0.61638516,0.041860763,0.035545465,-0.05465409,-0.033680826,-0.17910765,-0.1978023
0.058704425,-0.7764196,-0.25440562,-0.16323349,-0.035378665,-0.008853061,-0.060963742,-0.010834671,0.01911237,0.0011746988,-0.013598655,-0.0029268395,0.061560374,-0.0008906493,0.023370836,0.07238248,0.16174448,-0.00015150751,-0.78662187,8.652193e-05,-0.06189613,0.12466242,0.0,-0.015594219,0.08593532,0.0,-0.0635786,0.13275144,0.0,0.0006672106,0.022582391,0.0,0.10464578,-0.041788936,0.0,-0.08586127,0.4898386,-0.018867051,0.07711586,0.04958738,0.02563368,0.021301618,-0.013909166,0.27469873,-0.0027398998
-0.039780308,0.18013944,-0.6080354,-0.18981633,-0.0654448,-0.024100082,-0.020856041,-0.022498101,-0.19269916,-0.12121933,-0.006747609,-0.0063196043,-0.08413381,-5.9724058e-05,-0.12711348,0.0058934656,-0.1178462,0.0033635944,-0.47312355,-0.0024847686,0.0036711418,-0.14652364,0.0,-0.0045374474,-0.04848155,0.0,-0.042243306,-0.3272372,0.0,0.006008462,0.015736451,0.0,-0.06898595,-0.018617488,0.0,-0.11986298,-1.2676474,-0.08158083,-0.8879215,-0.09337232,-0.059148364,-0.08761127,0.001987636,-0.122175336,-0.09626669
-0.043299317,0.77461606,-0.5150066,0.12656862,-0.15086482,-0.03924894,0.051264755,0.026574584,-0.15775968,-0.051906936,-0.012391807,-0.009409308,-0.07378745,-0.0005963943,-0.064986534,0.020092797,-0.15773839,0.004126322,-0.43432325,-0.009360154,0.00022960971,-0.09199062,0.0,-0.05921422,-0.017833143,0.0,-0.03714468,-0.33814055,0.0,0.015540869,-0.0046970625,0.0,-0.0877192,0.0007546167,0.0,-0.24092889,-1.4842991,-0.07632274,0.09557628,-0.0921721,-0.05923059,-0.0454197,0.010362275,-0.07660508,-0.013274206
0.11076195,0.42905292,0.009704246,0.12358843,-0.03287407,-0.0136254765,0.022817094,0.018242553,0.03244215,0.00018258416,-0.013134985,-0.0026128904,0.16629033,-0.0010603261,0.110984676,0.18087095,0.2616694,0.00068691396,0.24006264,0.000102941165,0.0066961753,0.074800424,0.0,-0.011129709,0.066461556,0.0,-0.073590994,0.10350532,0.0,0.00221237,-0.018256048,0.0,-0.10484939,-0.07301016,0.0,-0.1153959,0.6469995,-0.018109336,0.06862149,0.039241094,0.02856871,0.0034673708,0.026575858,-0.40020493,-0.022347443
-0.020129807,-0.74696,-0.25094107,-0.5620464,-0.006739967,-0.0064850296,-0.07936292,-0.00682681,0.03222114,0.0027301984,-0.007352339,-0.0073587922,-0.12610911,-0.00016440498,-0.099932045,-0.02921725,-0.14782077,-0.0025709202,-0.33670473,-0.00016372895,-0.016285537,-0.078055866,0.0,0.08581647,0.06497755,0.0,-0.07554813,0.066992834,0.0,-0.0022086632,0.052114975,0.0,-0.10264422,-0.018683715,0.0,-0.3898113,-0.9014121,0.010477728,0.08434802,-0.0046169353,-0.040319808,0.012417558,0.014241763,-0.29607123,0.029430803
-0.0175068,0.087516814,-0.3796315,-0.28912145,-0.10106767,-0.020216826,0.015566021,0.023719182,-0.051311888,-0.019270454,-0.014044786,-0.003920794,0.004294662,6.161252e-05,-0.049066905,-0.076690905,-0.19869329,-0.00046878445,-0.3204093,0.00032216063,-0.00038316203,0.014978975,0.0,-0.117316335,-0.10091569,0.0,0.01695046,-0.32655686,0.0,-0.05624913,-0.02437871,0.0,0.044068947,0.049646426,0.0,-0.38513574,-0.9719612,-0.02944539,0.07620412,0.0044381763,0.016626041,-0.17596695,0.00023992613,-0.31797457,-0.025638998
-0.039008234,-0.82907975,-0.26459113,-0.4971129,-0.060177036,-0.009206733,-0.052921653,-0.005215428,0.028152188,0.009671759,-0.017946454,-0.003071644,-0.009980199,-0.000987272,0.00047919533,0.007625941,-0.12043544,0.00938333,-0.45424458,-0.0020871123,0.008792637,-0.082176514,0.0,-0.02321966,-0.061588462,0.0,-0.06309158,-0.2428532,0.0,7.7752964e-05,0.021888034,0.0,-0.10113633,-0.002242897,0.0,-0.09835644,-1.1553696,-0.08250238,-0.7127821,-0.1463632,-0.059036676,0.005220147,-0.04109165,-0.17986354,-0.23604311
-0.02146314,-0.6253169,-0.40392232,-0.4310918,-0.18683602,-0.056487925,-0.0074442676,0.016630616,-0.13870811,-0.05527155,-0.010642086,-0.0025208448,0.018152995,0.0005104131,-0.0063091405,-0.10568838,-0.19906172,-0.0012050432,-0.36502632,0.00088919164,-0.04586262,-0.09223882,0.0,0.055632047,0.054109473,0.0,-0.08334334,-0.23748907,0.0,-0.033925816,0.048376776,0.0,-0.103491835,0.037715554,0.0,0.18027385,-0.774748,0.084863916,0.09601727,-0.025086464,-0.0048816684,-0.012698748,-0.07714203,-0.20787139,0.01908879
-0.025692383,0.04035601,-0.4236193,0.20241696,-0.014886748,-0.02393342,-0.021638397,-0.0007102765,-0.020373685,-0.0068591996,-0.024954593,-0.0048114164,-0.06793501,-0.003935297,-0.04691834,-0.16757575,-0.17022748,-0.00016122995,0.1693299,0.00012723671,-0.0067084823,0.08225101,0.0,0.015297119,-0.1118485,0.0,0.00019513175,0.07447463,0.0,-0.007560833,-0.0072309948,0.0,0.013739467,-0.004209401,0.0,-0.062445257,0.5724229,-0.023545483,0.05696777,-0.30448848,-0.123940095,0.0036117493,-0.0028110724,0.1395839,-0.029964037
-0.054817706,-0.21055712,-0.2649845,-0.063575596,0.012231729,0.014758655,-0.0077333967,0.009234862,-0.061630484,-0.04825244,-0.019629963,-0.0044653695,-0.15828682,-0.0004425583,-0.15778661,-0.08060246,-0.16517058,-0.00081167114,-0.28626275,0.00011480909,-0.008903849,-0.1718822,0.0,-0.0030576158,-0.05408191,0.0,0.063772045,0.13381156,0.0,0.007769038,-0.023698747,0.0,0.0374704,-0.002354072,0.0,0.034351982,-0.9433336,-0.23836966,-0.7763348,-0.07342784,-0.00016318818,-0.04687159,-0.03438463,-0.20215106,0.020876268
-0.081771195,0.07049183,-0.44369015,0.528359,-0.1705754,-0.062155414,-0.0014438011,0.00064888946,0.019663628,0.012379512,0.042510614,0.012287549,0.014265391,0.013784953,-0.021426352,-0.13909985,-0.19395101,-0.00018280852,0.1859812,0.00012723671,-0.00513864,0.093692325,0.0,0.0015617135,0.07083273,0.0,-0.070876695,0.07745728,0.0,-0.007454757,0.03474126,0.0,-0.08157249,-0.0022611618,0.0,-0.090238035,0.5879423,-0.01648751,0.051465925,-0.4425298,-0.2275878,-0.013153522,-0.04356904,0.10699095,0.009078487
-0.038764704,1.1153995,0.2078929,0.30976132,-0.009627413,-0.00193574,-0.015824268,-0.010577344,0.037130058,0.010301925,-0.011458488,-0.0039867265,-0.049916685,-0.00087185414,-0.02718693,0.05999723,-0.17365548,0.0037052867,-0.30210805,-0.0008511441,0.0039823717,-0.08081154,0.0,-0.011348529,-0.0056518577,0.0,-0.025310678,-0.25515494,0.0,0.015180586,0.019902872,0.0,-0.057854943,0.013646459,0.0,-0.04394167,0.63058233,0.022787796,0.10220964,-0.25842923,-0.08952101,-0.0042702425,0.036169805,-0.10808648,0.026406495
-0.024563912,0.025509462,-0.3260524,-0.06516633,-0.165093,-0.060151976,-0.020299755,-0.0037616072,0.028429015,0.011309755,-0.0011837842,-0.002647718,0.1430765,-0.00017280776,0.1181798,0.10704946,0.19758275,-0.0014607875,0.22425175,4.435845e-05,0.0003539604,0.05332526,0.0,-0.05465416,0.0462374,0.0,-0.056442626,-0.4246891,0.0,-0.12079315,-0.08295957,0.0,-0.14205302,0.025226347,0.0,0.017672416,0.48514202,-0.029914543,0.081568725,-0.011845464,0.025025355,0.01492478,-0.19774196,-0.3517203,-0.0046557537
0.011176604,-0.5199962,0.19811638,-0.12700567,0.005495517,0.0014135289,0.1133629,0.062376954,-0.18310006,-0.11291164,-0.0043125725,-0.0025130003,0.10612605,0.000367395,0.02295822,0.06995729,0.13659087,-0.0005412096,0.21100533,0.00020729199,-0.005949067,0.34804818,0.0,0.054516982,-0.05317093,0.0,0.083482884,-0.36738408,0.0,-0.08676095,0.03547604,0.0,0.10150932,0.017766692,0.0,0.07863502,-0.95829934,-0.18798062,-0.48631582,0.06697111,0.028411807,0.013621744,0.012743534,0.16322683,0.008850275
-0.014279585,-0.13308692,-0.4569152,-0.33346325,0.06967649,0.010669679,-0.05830015,-0.033350464,-0.017363876,-0.007218308,-0.015937809,-0.0056950045,-0.014703076,-0.00082882046,-0.0036207272,-0.14926955,-0.32830313,-0.00020057987,-0.36917907,0.00010835273,-0.044336367,-0.09714367,0.0,-0.036261264,-0.06946227,0.0,0.04473212,0.105818324,0.0,-0.0052283276,0.013059382,0.0,-0.08997524,-0.038627114,0.0,-0.13144356,0.49585158,-0.010266354,0.07859359,0.02209525,0.033636943,-0.21812692,-0.056232136,-0.32826498,-0.032972265
-0.024877016,0.013470147,0.05964362,0.06579215,-0.16468592,-0.024006829,-0.06526774,-0.019466639,-0.16724093,-0.07989754,-0.007794754,-0.0068893996,-0.026486753,1.2326966e-05,-0.07832858,-0.015599276,-0.08110284,0.0043308497,-0.47493225,-0.0093893865,0.0052364413,-0.10768523,0.0,-0.050211605,-0.058093652,0.0,-0.04821485,-0.30287257,0.0,0.0016915153,0.007475803,0.0,-0.08624147,-0.020860998,0.0,-0.2302501,-1.2565801,-0.05051412,0.08049317,-0.11652982,-0.06032477,-0.07452361,0.012581418,-0.12497217,-0.09553956
6.131169e-05,0.025047505,-0.35796288,0.22986187,0.10067369,0.027069828,0.079709046,0.031002298,-0.006269923,0.0029099165,-0.024069704,-0.00093461544,-0.046844047,-0.00013294329,-0.0476306,0.044422224,-0.19009109,0.0033007893,-0.44854885,-0.00078069617,-0.0003784459,-0.11164509,0.0,-0.02502904,0.012421724,0.0,-0.024096996,-0.19905901,0.0,-0.00041705376,0.0065351734,0.0,-0.036798827,0.0048033083,0.0,-0.039646946,0.5024671,0.0069763423,0.0914548,-0.05021739,-0.03411729,0.21826126,0.026290098,-0.16284981,-0.004222429
-0.047847692,-0.57732606,-0.328611,-0.46923628,-0.0033085896,-0.023850989,-0.15095846,-0.031292066,-0.03808967,-0.013878781,-0.014227157,-0.0070269117,-0.036121044,-0.0008355913,-0.028641641,-0.054118484,-0.20282665,-0.0011815977,-0.46494526,0.00031892463,-0.058968958,-0.056304723,0.0,-0.12921846,-0.103777304,0.0,0.06295051,0.05752466,0.0,-0.027290203,-0.028859196,0.0,-0.12963817,0.025732027,0.0,-0.328583,-1.0793768,-0.08977316,0.059799295,-0.18718329,-0.06913605,0.006782495,-0.060150113,-0.20086522,-0.1893704
-0.035724837,-0.42321298,-0.38840863,-0.17542283,-0.032669142,-0.0063136634,-0.081058994,-0.017707758,-0.030715011,-0.0077157724,-0.012090224,-0.0050213765,-0.109990165,-0.00031655523,-0.08209743,0.014039022,-0.13170888,0.0029930682,-0.45897275,-0.010451652,0.00041952202,-0.09304432,0.0,-0.09217689,-0.073178776,0.0,-0.05097043,-0.2479256,0.0,-0.0020786216,0.020843817,0.0,-0.07408672,-0.0020681454,0.0,-0.23982193,-1.2039223,-0.20004371,0.058281343,-0.19500512,-0.08688706,-0.059010956,0.017565545,-0.1879278,-0.08236072
-0.03203348,-0.29674405,0.44620714,-0.4738983,0.026085297,0.010751731,-0.0362673,-0.00976153,-0.17762935,-0.092748456,-0.0072424547,-0.0019652043,0.15343355,-0.0003465642,0.058561303,0.1432124,0.22888988,-0.0015292538,0.17640024,-1.1853423e-05,-0.003187548,0.06670984,0.0,-0.034812734,-0.084235154,0.0,0.054291423,0.11351902,0.0,0.013005049,0.055391483,0.0,0.07785752,0.09892534,0.0,0.054720555,0.5300405,-0.023937145,0.07077588,0.014104266,0.0044828183,-0.033287097,-0.29794127,-0.36165512,-0.006317187
-0.021866288,-0.3271102,-0.43946835,-0.060776904,-0.1357879,-0.049516164,0.0022593995,-0.0061042868,0.02533125,0.019841993,-0.05344346,-0.014340771,0.08765186,-0.006294715,-0.0037275003,-0.2891208,-0.32508415,0.00018547534,0.14685811,0.00012021923,-0.0046543935,0.101723455,0.0,-0.030731207,0.07764657,0.0,-0.07960346,0.08137087,0.0,-0.0075968476,-0.019238662,0.0,-0.09440757,-0.015843507,0.0,-0.10893852,0.54022956,-0.018328868,0.05415058,0.054251775,0.03326174,-0.02088778,-0.036373608,0.18237907,0.02149655
-0.03931375,0.4010024,-0.24301265,0.023052458,-0.022564739,-0.0074832253,-0.10420334,-0.07529166,-0.13377535,-0.046432424,-0.019066243,-0.006401967,0.011485813,-0.00497607,-0.03582019,-0.15284781,-0.20934652,-0.0002041586,0.13809986,9.797779e-05,-0.0048910794,0.045183156,0.0,-0.04305004,0.039429672,0.0,-0.10542216,-0.49155053,0.0,-0.109151915,0.0015702102,0.0,-0.07567343,0.03911784,0.0,-0.08541086,0.5158461,-0.022891218,0.076533556,-0.01054863,0.026729977,-0.04618536,-0.034613367,-0.29353032,-0.19197002
-0.050838906,0.17066005,-0.4492258,0.43077737,0.10072533,0.017830184,-0.07994483,-0.015231369,-0.002385715,-0.0017200026,0.10641136,0.022430051,0.055732872,0.009642732,-0.028664581,-0.102522485,-0.18275419,-0.00072913483,0.19637515,0.00011226267,-0.0148462355,0.043768138,0.0,-0.010283192,0.053200938,0.0,-0.07708729,0.12348728,0.0,0.0041923868,0.01012434,0.0,-0.10724326,0.015720332,0.0,-0.08197797,0.5282732,-0.025574705,0.066167474,-0.29075146,-0.1586504,-0.03263742,-0.007059551,-0.25460327,-0.13707088
-0.047031283,-0.326788,-0.5742758,0.06380316,-0.059015047,-0.0098918425,0.013089719,0.01869333,-0.019064108,-0.008344855,-0.017945414,-0.0059639295,0.047713093,-0.00082439964,0.011848902,-0.14737217,-0.18810116,-0.0007094839,0.09546514,0.00015135642,-0.0075886473,-0.11118699,0.0,-0.0280748,-0.0965012,0.0,0.06508314,-0.30473298,0.0,-0.076193556,-0.015193705,0.0,0.040423147,-0.0082807895,0.0,-0.11562864,-0.9556953,-0.13929594,-0.49187255,-0.16139323,-0.08196871,-0.11581137,-0.024781644,-0.2244808,-0.00464568
-0.02859818,-0.158746,-0.40530112,-0.013217839,-0.07722567,-0.0107932035,-0.033232,0.021042805,-0.13034436,-0.013534013,-0.0043311017,-0.0048092823,0.009421063,0.00015123491,0.02993267,0.00094006734,-0.13601297,-0.0025730075,-0.28759423,-0.00026225415,0.0012368076,-0.060828637,0.0,0.09846412,-0.031521097,0.0,0.052495185,-0.2854332,0.0,-0.064309604,0.066591956,0.0,-0.06650021,-0.003121885,0.0,-0.38473094,-0.72159165,0.083853364,0.07767133,-0.048408907,-0.03770954,0.0054940875,0.013176065,-0.24914303,0.017614277
-0.0293751,-1.1833713,-0.3793569,-0.56993705,-0.05541377,-0.008665628,-0.049252003,-0.015879476,-0.19942138,-0.09545147,-0.019836195,-0.011589384,0.03016363,-0.0004360487,0.049393907,0.017768964,-0.10697695,0.00977694,-0.5079476,-0.0018567235,0.003964693,-0.11117917,0.0,-0.016450616,-0.07601332,0.0,-0.051768813,-0.3615848,0.0,0.000515967,0.022863742,0.0,-0.11204193,-0.01547834,0.0,-0.12370073,-1.0805134,-0.10766156,-0.6589737,-0.14992213,-0.0787305,-0.041927442,-0.021415439,-0.20501155,-0.18410821
-0.013117787,0.013094666,-0.5325631,0.28318426,-0.0375383,0.0081900265,-0.03177778,-0.028975092,-0.24596392,-0.104171865,-0.02420845,-0.013377084,0.04227952,-0.00096953555,-0.023077004,-0.15363416,-0.32715905,-0.00017514473,-0.5088488,0.0001208662,-0.0101409145,-0.2223548,0.0,-0.06715219,0.071016915,0.0,-0.07604008,0.19551219,0.0,0.0030050117,0.0053931894,0.0,-0.08459738,-0.0489098,0.0,-0.0055635027,0.43787256,-0.037365876,0.070432134,0.07448295,0.035247684,-0.00471248,-0.0071861744,0.18589228,0.032495484
0.007179642,0.03242214,-0.18739864,-0.011244481,0.19654167,0.02779517,-0.030909844,0.0009896111,-0.016361982,-0.007849302,-0.017783668,-0.004734866,-0.17241946,0.001980713,-0.07665758,-0.36155212,-0.34801286,-7.952075e-05,0.11219118,0.00012537741,-0.0077351667,-0.3201113,0.0,-0.03856022,0.064625695,0.0,-0.07993756,-0.30682847,0.0,-0.019302428,0.033711016,0.0,-0.060105305,-0.047709994,0.0,-0.0070471778,0.46292722,-0.04478401,0.08547619,-0.017863598,0.024762837,-0.00027512282,-0.031148031,0.10402062,-0.025179923
-0.005970034,1.0398356,0.2801743,0.16105086,-0.12894528,-0.047888905,0.029329313,-0.0058902563,0.039585616,0.0113113215,-0.0119554205,-0.0048315143,0.20744953,-0.0008196515,0.11848274,0.12880176,0.25613186,-0.0013897058,0.2944023,0.00011223507,0.005846265,-0.1440398,0.0,0.015736723,0.06942853,0.0,-0.07443871,0.17881054,0.0,0.020629158,-0.00082883565,0.0,-0.086761534,0.015111334,0.0,0.05963131,0.6340027,-0.033784885,0.085075654,0.0759849,0.025058612,-0.026216732,-0.19334483,-0.28963387,-0.030277181
-0.01533018,-0.1847115,-0.2674601,-0.04318862,-0.044352837,-0.008542181,-0.1262189,-0.03236327,-0.14327002,-0.060097773,-0.042238746,-0.0064321477,-0.11247622,-0.0020775066,-0.05078406,-0.36465594,-0.3067523,-0.00020898416,0.13679616,0.00010089066,0.002523446,0.056334563,0.0,-0.029777493,0.032292936,0.0,-0.082435854,0.09191162,0.0,-0.004342807,-0.027470255,0.0,0.06240884,-0.0016235225,0.0,-0.06549577,0.43758187,-0.03215481,0.06485092,0.0014268785,0.0063874717,-0.002610736,-0.00115576,-0.40715963,-0.07552882
-0.012975232,0.27731666,-0.0021365485,0.00860363,0.035573717,0.02650471,-0.023614813,-0.005786563,0.006130741,0.006244016,-0.007143957,-0.0043238094,-0.076432995,-0.00033233018,-0.06296417,-0.05230715,-0.15497127,-0.00091295294,-0.4763161,5.7175326e-05,-0.06429698,0.05205126,0.0,-0.019922927,0.089770116,0.0,-0.060152926,-0.15541646,0.0,0.04895031,0.026567997,0.0,-0.06565343,0.07413398,0.0,-0.030417241,0.4867032,0.008431521,0.08051262,-0.16004373,-0.07943569,-0.015054116,-0.10466737,-0.27504486,-0.011169963
0.11618496,-0.31618947,0.2830278,-0.42082796,-0.09330316,-0.044125546,-0.030181836,0.00063723756,-0.00027977914,-0.005484058,-0.005343837,-0.004400837,-0.17681037,0.0008100527,-0.059939496,0.042760693,0.113091424,-0.0011982087,0.024644613,0.0010460148,-0.013064242,-0.11999352,0.0,0.036105536,0.13294,0.0,-0.032382373,-0.30328798,0.0,-0.0578941,0.0028599475,0.0,0.031140704,-0.0019968222,0.0,0.12861325,-0.96394795,0.10803299,0.107811615,-0.019971823,-0.002901376,0.009176271,-0.044673808,-0.21859208,-0.03870109
0.18449506,0.016439397,-0.46084845,-0.025057295,-0.12201916,-0.05736479,-0.022257727,0.0112225935,-0.014578289,-0.007321068,-0.038863413,-0.0124545125,-0.14883634,-0.0018139032,-0.026334114,-0.18429214,-0.33748248,-0.00019680349,-0.33981007,1.9716834e-05,-0.012884225,-0.1421198,0.0,0.0012817007,0.0037291655,0.0,-0.0669036,0.19302401,0.0,0.015241723,0.0055397335,0.0,-0.0827674,-0.07510958,0.0,-0.039054815,0.3830207,-0.04407894,0.07805757,0.00017902626,-0.0008516725,-0.07947793,-0.021533327,-0.31650293,-0.033429958
-0.0269543,-0.0506813,-0.6641484,-0.087846525,-0.26496443,-0.06443237,-0.064946786,-0.017613953,-0.0037245234,-0.013551436,-0.020211954,-0.007899125,-0.17998284,-0.00067440583,-0.045747872,-0.08549889,-0.23726416,-1.4283374e-05,-0.45077065,0.00012541281,-0.058808252,0.03834678,0.0,-0.029091759,-0.13617659,0.0,0.007006887,-0.35365823,0.0,-0.03900224,-0.052781127,0.0,-0.114309564,-0.048552148,0.0,-0.04758726,0.37491658,-0.047237813,0.07983643,-0.002102103,0.005965511,-0.08186585,-0.003298006,-0.3000587,-0.07544277
-0.003247636,0.006699715,-0.31764144,0.09891405,-0.04111656,-0.013471992,-0.12209656,-0.028228795,-0.0062845913,-0.0110379085,-0.012761003,-0.0033966738,-0.07466048,-0.0005174356,-0.051828418,-0.19796364,-0.27127513,0.00017963642,-0.43198204,5.551456e-05,-0.052355357,0.07193742,0.0,-0.021655047,0.027652645,0.0,-0.07624908,0.06115298,0.0,-0.01270551,0.020134876,0.0,-0.09063409,0.020533508,0.0,-0.07118739,0.49485832,-0.0021177675,0.08011703,0.04081471,0.033755913,-0.08974894,-0.03191518,-0.36694312,0.006262039
-0.026815336,-0.51333565,-0.54593194,-0.01980417,0.013823204,0.0019823886,-0.07779026,-0.02700329,-0.013270372,-0.010254254,-0.015225259,-0.0042025335,-0.08511869,-0.00076949125,-0.067138515,0.009220635,-0.11973019,0.0032967762,-0.4515036,-0.010403726,-0.009622289,-0.047142327,0.0,-0.1031893,-0.054558396,0.0,-0.069378264,-0.21938331,0.0,-0.010210095,0.011999305,0.0,-0.07833424,-0.01814228,0.0,-0.2236153,-1.2342519,-0.21895105,0.064527035,-0.19563091,-0.074832805,-0.066848,-0.031126115,-0.117389195,-0.18955776
-0.0066014356,0.8799978,-0.2895573,0.03780083,-0.011528127,-0.008028398,-0.021551492,-0.006325866,-0.0037624233,0.0022772406,-0.036823843,-0.014483857,-0.12770048,-0.0023870827,-0.024102809,-0.23496167,-0.24711804,0.00046289834,0.22975457,0.00013679425,0.001513284,0.08987814,0.0,-0.023216704,-0.073341556,0.0,0.10550966,0.1687716,0.0,0.02290612,-0.012832798,0.0,-0.09705031,-0.008415393,0.0,-0.04619051,0.65323544,-0.021806186,0.0699374,0.05616368,0.021216342,0.0035983387,0.018110955,0.19304638,-0.05122851
0.010280465,0.18393938,-0.16547649,0.05285316,-0.05596709,-0.021227336,-0.091170885,-0.026277624,-0.014865385,-0.009344392,-0.01273771,-0.0026550083,-0.24275488,-0.0006698812,-0.08681489,0.09391212,0.15227628,0.00069810555,0.22476834,0.00013679425,-0.001150348,0.011783865,0.0,-0.0142867565,-0.21585414,0.0,-0.027155504,0.112455875,0.0,0.0045666588,-0.058765035,0.0,-0.11643185,0.020552363,0.0,-0.034162853,0.6616453,-0.025496216,0.06701162,0.060198344,0.02537596,0.0029413202,0.022773162,0.23596628,-0.037325837
0.003965034,0.028234243,-0.11605005,0.19577372,0.049176123,0.0017114634,0.047760252,0.004040817,0.005085227,0.0017401035,-0.011361295,-0.0027440372,-0.14939696,-0.00033179583,-0.057648238,0.042744696,0.13089743,0.0013524445,0.21990447,0.00012506904,-0.015233876,0.07449491,0.0,-0.019133978,0.09061963,0.0,-0.07164161,0.10238477,0.0,-0.0054623145,0.005733965,0.0,-0.098117545,-0.011669848,0.0,-0.08122181,0.68512076,-0.014828657,0.06612713,0.024249528,0.015725704,-0.023263084,-0.021359371,0.11455611,-0.0012244629
-0.013466199,0.113229685,-0.0689394,0.5550385,-0.17618398,-0.034630176,0.073971964,0.027903171,-0.018648714,0.0025813847,-0.013400415,-0.0019540514,-0.05990556,-0.0006421349,-0.09023739,0.05687035,-0.11999411,0.0003490951,-0.354171,-0.0026885166,0.012322571,-0.08971993,0.0,-0.025807163,-0.00033199321,0.0,-0.018592808,-0.2813759,0.0,0.02459281,0.007916104,0.0,-0.034490526,0.024356337,0.0,-0.03865225,-1.2502328,-0.06185068,-0.3477588,-0.10417159,-0.018483654,-0.09540065,0.008660626,-0.13191259,-0.020727765
-0.027774189,0.09699713,-0.28307202,0.12811829,-0.15368582,-0.086465895,-0.071778834,-0.018292265,0.0074498286,0.003081335,-0.027381904,-0.01388122,0.02921968,-0.0012760913,0.006548457,-0.21947215,-0.23009007,-7.427225e-06,0.18121725,0.00011862893,0.010371061,0.1622119,0.0,-0.02836674,0.02216602,0.0,-0.10712655,0.03680494,0.0,-0.021199567,0.028952057,0.0,-0.06753461,0.01807603,0.0,-0.07738039,0.565451,-0.01790923,0.05634815,-0.32244405,-0.1266874,-0.0396017,-0.018777099,0.16787362,-0.0037701798
-0.041058224,-0.99206394,-0.34812227,-0.42978504,-0.14721385,-0.044118643,-0.00794179,0.003365224,-0.01437797,-0.007915243,-0.025610922,-0.012707648,-0.112833545,-0.0010454755,-0.05268127,-0.07596374,-0.14980276,-0.001656219,0.082273975,0.0010704667,-0.0070964443,0.0011504577,0.0,-0.11761838,-0.12144316,0.0,0.034358554,0.053396,0.0,0.0019373486,-0.00033000088,0.0,-0.13032064,0.00018202793,0.0,0.028596697,-0.9115874,-0.024601188,0.050918765,-0.19441436,-0.085864745,0.03046904,0.020572267,-0.24950735,-0.036982685
-0.003289557,-0.62906647,0.18868552,-0.36575785,-0.21032266,-0.084561445,0.0717975,0.047028333,0.043298095,0.020459218,-0.0035626926,-0.0017691142,0.043140452,-5.9993792e-05,0.038251963,0.056330245,0.124926284,-0.002065787,0.10654674,0.00029653133,0.019582003,-0.24850644,0.0,-0.052195262,-0.08991718,0.0,0.013690021,-0.28925076,0.0,-0.071969405,0.026001802,0.0,0.058826473,-0.009550939,0.0,0.067983106,-1.0279725,-0.21754408,-0.5629156,-0.00576571,0.003348196,0.007109042,0.0274238,-0.25954017,0.008984674
-0.016677786,-0.63662905,-0.13949007,-0.46051943,0.09813072,0.02764585,0.0496926,0.0066271457,0.048224565,0.021506922,0.22920932,0.032809585,0.13893223,0.009151196,-0.06221181,-0.25684732,-0.27438566,-0.00091430236,0.16831237,7.0848124e-05,-0.0040779305,0.0057466957,0.0,-0.09398095,0.05518244,0.0,-0.07447521,0.19813812,0.0,0.02409773,0.064483,0.0,0.046698514,0.012180964,0.0,0.036781885,0.49225813,-0.025794342,0.05493798,0.0061945757,0.027941845,-0.031645816,0.025138747,0.23143339,0.0024215216
-0.027314993,-0.65356207,-0.21518019,-0.2740638,-0.117710724,-0.033387195,-0.056229383,-0.011474814,-0.016133891,-0.010167353,-0.012672266,-0.0035717897,0.11628939,-0.0005754376,0.029798675,0.11550338,0.1968593,9.940361e-05,0.2824983,0.00011238051,0.005463486,0.07510122,0.0,-0.051608186,0.10255387,0.0,-0.05861229,0.1936076,0.0,0.01833572,-0.11120585,0.0,-0.14054903,0.057681445,0.0,0.053853925,0.49463534,-0.01704891,0.06760596,0.03591712,0.020498585,-0.15496346,-0.015688336,-0.4769472,0.005011718
0.11336056,0.6098354,0.1464982,0.25336453,0.008147603,-0.0056843963,0.0139112985,-0.0013646643,0.02875017,0.007149135,-0.010215753,-0.003079934,0.19913214,-0.0004947174,0.099064544,0.09183203,0.1483023,0.0016531893,0.3066568,0.0001393023,0.008918014,0.10292336,0.0,-0.019231753,0.0414299,0.0,-0.096753396,0.13102038,0.0,0.003988873,0.04433064,0.0,-0.042514637,0.08949094,0.0,0.17071612,0.7168893,-0.018821405,0.07232343,0.061370466,0.032070156,-0.02211588,-0.006910458,0.14453216,-0.022585364
0.03955597,-0.8350139,0.017677866,-0.23936102,0.06883889,0.024191232,-0.042400744,-0.026654243,0.00681711,0.005912001,-0.0176968,-0.0034785266,-0.30706102,-0.0010100814,-0.030682694,0.050872676,0.116468586,-0.0005223597,0.24624203,0.001143138,0.012668875,-0.15265015,0.0,-0.0032998305,0.008169858,0.0,-0.07946524,0.093627274,0.0,0.023046978,0.055488702,0.0,0.12709065,-0.010273078,0.0,0.0647857,-0.8183388,0.10014782,0.09106463,0.014974638,0.0035822236,0.006735012,-0.00597176,0.122365534,0.00059306395
-0.050343733,-0.19501111,-0.5326628,-0.0048226817,-0.15562022,-0.020834016,-0.1373689,-0.04601614,-0.020872712,-0.0075827544,-0.025619231,-0.012797188,-0.05704733,-0.0016277726,-0.06577258,-0.0821234,-0.26732162,-0.00028008214,-0.40672916,5.296994e-05,-0.049036082,0.0037035716,0.0,0.04888795,-0.059701037,0.0,0.07930005,0.111093305,0.0,-0.004624287,-0.029603427,0.0,-0.11090239,0.03841056,0.0,-0.08821826,0.37054157,-0.04366358,0.07528086,-0.26145947,-0.117278524,0.016592221,-0.046492968,-0.3353512,-0.26575172
0.004474881,-0.07629635,-0.09164426,-0.048012566,-0.004093967,0.0045189317,-0.034278322,0.0032009524,0.050647367,0.025380315,0.08263825,0.03292109,0.085174985,0.0034540852,-0.04624878,-0.23597349,-0.28289863,0.002947024,0.1277266,0.00014154875,-0.018586222,-0.33982125,0.0,-0.096589476,0.11498651,0.0,-0.06680661,-0.60689396,0.0,-0.084236935,-0.008000596,0.0,-0.07669124,0.08527741,0.0,-0.07410311,0.48527262,-0.029616157,0.07762095,0.08807362,0.0509994,-0.009658153,-0.007420754,0.18768604,0.025980491
-9.632297e-05,-0.60521364,-0.23710686,-0.34375516,0.06939672,0.019470613,0.029729841,0.010564245,0.007325648,-0.02480075,-0.019544167,-0.0034828044,-0.27202305,-0.001002056,-0.08007278,0.04466607,0.10274087,-0.0022662145,0.18855014,0.0014009393,-0.0123700285,-0.08284723,0.0,0.015232068,-0.11816436,0.0,0.018150581,0.107148804,0.0,0.011849338,0.035027824,0.0,0.104174964,-0.038308125,0.0,-0.29416767,-1.0878732,0.023744827,0.073356576,-0.040093828,-0.00018745448,-0.018393585,0.012445509,0.2740278,-0.020029001
-0.012466463,0.8382997,-0.5019661,-0.054076873,-0.06905329,-0.03479901,-1.4266669e-05,-0.0026569942,0.0025391774,-0.00012288704,-0.041063257,-0.020861458,-0.17200597,-0.0018296706,-0.030058341,-0.23801702,-0.23862179,5.432543e-05,0.20052445,0.00011385297,-0.0009856883,0.05453833,0.0,-0.028185565,0.026835606,0.0,-0.08980305,0.1696516,0.0,0.023846611,0.007126427,0.0,-0.108129025,-0.036708508,0.0,-0.06525217,0.62011623,-0.022126466,0.068398036,0.006824859,0.0058490797,0.0022255937,0.0064976485,-0.35803476,-0.07634045
-0.022004673,-0.53128666,-0.70398164,0.13048324,-0.08528685,-0.0025419975,0.09444741,0.04158046,0.024375714,0.018227974,-0.015378342,-0.0023659053,-0.09533668,-0.00057970145,-0.10127759,0.006427696,-0.11241381,0.015890697,-0.39257383,-0.0024610057,0.006372548,-0.10078752,0.0,-0.025726903,-0.06107926,0.0,-0.02850708,-0.24253249,0.0,0.014532585,-0.009307027,0.0,-0.04896128,-0.021645945,0.0,-0.07982325,-1.3009266,-0.04870307,-0.4658548,0.10578028,0.05950433,0.033348355,-0.18173069,-0.17783855,-0.017846767
-0.029193535,-0.745635,0.24259156,-0.16993938,-0.12031246,-0.029715382,0.028665498,0.015568719,0.021874562,0.0006552296,-0.0136882495,-0.0028306772,0.12763005,-0.00093437254,0.00039007945,0.08001667,0.18911068,-0.00016539208,-0.6034375,4.1053325e-05,-0.06457966,-0.21294196,0.0,0.006448667,-0.043022946,0.0,0.07384256,0.15080117,0.0,-0.005786328,0.017655797,0.0,0.034720767,0.02448141,0.0,-0.0734978,0.51604027,-0.012395617,0.07725718,0.08452674,0.028809609,-0.015466487,-0.023508072,0.20835485,0.03161666
-0.06322223,-1.0020636,-0.32757744,-0.44324738,-0.034369998,-0.036339108,-0.0022951842,-0.006432506,-0.072655216,-0.027316423,-0.01808868,-0.0015888154,0.042235434,0.0003265561,-0.013263088,-0.1153705,-0.17870022,-0.00040393343,-0.35176665,0.00018143412,-0.021909812,-0.14305115,0.0,-0.0095151225,-0.032196462,0.0,0.07402404,-0.29724082,0.0,-0.06503764,-0.0020527712,0.0,0.0610854,-0.06568546,0.0,-0.005000037,-1.0342624,-0.21121953,-0.78679293,-0.09557796,-0.03484642,-0.043187253,-0.018640362,-0.20651525,-0.23626933
-0.010554681,0.06725978,-0.20717119,0.14907394,0.006867379,-0.018358136,0.014516397,0.00866472,-0.0017588667,-0.0058549913,-0.008002553,-0.0023590855,-0.114322774,-0.0029067749,-0.06502273,0.07881754,0.13134582,0.00033220442,0.21013625,0.00012506904,-0.013929456,0.06904682,0.0,-0.011046529,0.08082952,0.0,-0.065652914,0.10393905,0.0,-0.010173347,0.010018009,0.0,-0.08837129,-0.00086407375,0.0,-0.058775146,0.68942785,-0.013758758,0.06703863,0.06183469,0.032577764,-0.018154545,-0.023958774,0.15677749,0.00324217
-0.004551027,-1.1012614,-0.20563418,-0.24150836,0.033634294,0.024863256,0.043085575,0.029365925,-0.1803159,-0.07663668,-0.014430043,-0.0033044592,-0.1336905,-0.0013336459,-0.038393743,0.04408878,0.09084543,-0.0007059845,-0.4928885,8.2803046e-05,-0.0642587,-0.26439145,0.0,-0.024311686,-0.0097595155,0.0,-0.108490564,0.13595487,0.0,0.0056293537,-0.0810862,0.0,-0.1449815,0.05466685,0.0,-0.023704069,0.39197618,-0.029784074,0.062304188,-0.21232918,-0.04881091,0.013624961,-0.037767958,0.15737842,0.041871842
0.012699996,0.677168,0.60118085,0.33482188,-0.015996242,-0.0074179047,0.068159975,-0.0077058063,-0.17788169,-0.07365571,-0.0048807845,-0.0006851936,0.0058371215,-0.00021760259,0.027565476,0.1938281,0.259619,2.2332126e-05,0.19440396,0.00010734934,-0.0031914567,-0.12630919,0.0,0.088987775,0.0158634,0.0,0.18745562,0.0808456,0.0,0.0020974872,-0.02099403,0.0,0.043407995,-0.015019035,0.0,-0.110539235,0.6527783,-0.019307857,0.06938721,0.04861116,0.0075134756,-0.055978213,0.005256232,-0.27322453,0.008370422
-0.04128488,-0.26720893,-0.28902623,0.40634033,-0.086752966,-0.0056710015,-0.06567236,-0.022149317,-0.16899136,-0.10724695,-0.018842066,-0.0026024606,-0.069692805,0.00021305631,-0.11943284,0.026016718,-0.09839978,0.01403037,-0.3809308,-0.002437162,0.004707396,-0.14396857,0.0,-0.01905644,-0.010400149,0.0,-0.03098268,-0.30205408,0.0,0.0034616974,0.001875632,0.0,-0.03943469,-0.0046962555,0.0,-0.08032308,-1.1607786,-0.07388146,-0.68176687,-0.2147023,-0.07986665,-0.08281932,0.019367423,-0.10013034,-0.12862392
-0.04468638,-0.6036232,-0.50676876,-0.18985015,-0.056801066,-0.032634728,0.021774797,-0.011736535,-0.065333106,-0.031698126,-0.063311845,-0.0135959145,-0.08277197,-0.003339694,-0.014728111,-0.23258631,-0.27543885,-0.00034518118,0.07279544,5.007256e-05,-0.0019947442,-0.14269021,0.0,0.033674546,0.00028137863,0.0,-0.095411785,0.0440326,0.0,-0.013151619,0.002823676,0.0,-0.09634775,-0.029048793,0.0,-0.080639064,0.36063012,-0.026260786,0.063324116,-0.23826334,-0.11728756,-0.03663277,-0.029630575,-0.2039443,-0.13684568
-0.03869532,-0.54332197,-0.32664552,-0.31491897,-0.22355169,-0.06894382,-0.0046282844,0.017107593,0.047541633,0.018909346,0.17811994,0.026063278,0.039398428,0.006602019,-0.0038148423,-0.12309512,-0.22564448,-0.00031087582,-0.41874126,9.110497e-05,-0.05967648,-0.1931498,0.0,-0.045697752,0.0014691472,0.0,-0.1118034,0.055943683,0.0,-0.012414106,-0.0031739713,0.0,0.06616726,0.017791618,0.0,-0.076059334,0.41746354,-0.017531455,0.06665604,-0.26960155,-0.11442602,-0.009578768,-0.018780533,0.13619116,0.028638901
0.00016561872,0.79440314,-0.05119931,-0.114910886,-0.064924695,-0.009424807,-0.028986879,-0.0051040845,0.02794315,0.0063742646,-0.042125955,-0.015446399,-0.14530182,-0.0020303065,-0.0267184,-0.18273501,-0.21122004,1.534682e-05,0.19427755,0.00013896191,-0.00055251544,0.106206164,0.0,-0.015707903,0.06119245,0.0,-0.06876279,0.1810767,0.0,0.02367876,0.0042068204,0.0,-0.09189558,-0.01815977,0.0,-0.039377913,0.6257235,-0.017022442,0.06355818,-0.26569358,-0.11200587,0.0072273724,-0.0020243635,0.17038982,-0.03174125
-0.036931265,-0.17654929,-0.5830748,-0.21778087,-0.025698496,-0.015603652,-0.031784937,-0.013599347,0.02337636,0.016856808,-0.011862147,-0.004198985,-0.11434365,-0.00073318137,-0.12840495,0.0070858723,-0.10809539,0.0030257031,-0.4414426,-0.002723753,0.008196171,-0.140317,0.0,-0.0011430938,-0.051716745,0.0,-0.052334722,-0.21388355,0.0,0.0037306363,0.0043365015,0.0,-0.06884227,-0.03615684,0.0,-0.110534005,-1.2975212,-0.07311685,-0.7986415,-0.048289485,-0.051103074,-0.06516601,-0.005798169,-0.12889655,-0.18960847
-0.020195447,-0.49993873,0.40872735,-0.24072005,-0.037205297,-0.025093988,-0.022955284,-0.00061914965,0.022620264,0.0065289624,-0.0106751695,-0.0034460616,0.17228583,-3.838441e-05,0.078137316,0.15207519,0.23389344,-0.001863491,0.23473878,-1.1421362e-06,0.0037261304,-0.19932094,0.0,-0.077123515,0.03721041,0.0,-0.06553124,0.18055587,0.0,0.02310723,0.049935207,0.0,0.11722052,0.07133496,0.0,0.033405785,0.521835,-0.04467907,0.074597985,0.082755096,0.040385988,-0.011775703,-0.06842302,-0.33757114,0.011648526
0.024688361,0.116498806,0.094770364,0.016141767,-0.044465493,-0.012254994,-0.029758155,0.00025170867,-0.007295857,-0.0023869025,-0.011850886,-0.0027533013,-0.10324015,-0.0011086225,-0.07760771,0.08264285,0.14212422,5.9267266e-05,0.2861525,0.00013896191,0.0057231495,0.100575306,0.0,0.010408004,0.07808366,0.0,-0.06336926,0.10294373,0.0,-0.0022305395,0.011747145,0.0,0.04865993,0.015908519,0.0,-0.03968453,0.6258017,-0.020363308,0.070011854,-0.3622134,-0.118356876,-0.04153905,0.015268898,0.16293517,0.014953396
-0.020461949,-0.21377741,-0.32635587,-0.3540208,-0.0345966,-0.015721817,-0.07867679,-0.021221764,-0.0047084205,-0.0037862023,-0.018590907,-0.010127848,-0.0006380043,-0.0014240907,-0.026822174,-0.14207856,-0.32569647,-0.00066850835,-0.4888577,3.3645872e-05,-0.053557187,0.008445256,0.0,-0.09597183,0.07554097,0.0,-0.057367638,0.19341436,0.0,0.005642353,-0.0032187465,0.0,-0.107921176,0.007329094,0.0,-0.08662285,0.45552328,0.0055340817,0.068798676,0.045512464,0.018222325,-0.16693595,-0.023415763,-0.44039422,0.04448429
-0.0057560774,-0.47283491,0.66693866,-0.27202332,-0.07377482,-0.019397957,-0.009211133,0.008338454,0.06945242,0.019965142,-0.01586852,-0.008978155,0.061776143,-0.004184048,0.020044357,0.06335785,0.18256778,-0.0001807516,-0.48657283,0.00033514283,-0.06368285,0.3378984,0.0,0.017133499,-0.04827458,0.0,0.033565722,-0.26525843,0.0,-0.037113465,0.02558701,0.0,0.06815161,0.024647996,0.0,0.08835703,-0.7802282,-0.07995886,-0.5260096,0.057033107,0.019585738,0.007728819,-0.0015207537,0.2435325,0.002322663
-0.026649296,-0.37525305,0.25408033,0.010044609,-0.073029384,-0.020430138,-0.059497554,-0.032035355,-0.42092577,-0.12997565,-0.003059688,-0.0010507324,0.009553758,0.0010651783,-0.05018686,0.02597094,0.15891032,-0.0004254728,-0.2910993,0.00090722344,0.000350473,-0.13088426,0.0,-0.029013345,0.0459239,0.0,-0.07444302,-0.2333497,0.0,-0.03250238,-0.012909918,0.0,0.05415461,0.022254422,0.0,0.20485547,-0.6838472,0.058453184,0.08463585,0.008291432,0.006978677,0.01683201,-0.06673954,-0.109629884,0.012560573
0.010766749,0.8280795,-0.10141044,0.15795507,-0.067833014,-0.01900287,-0.084516004,-0.021732101,-0.22181378,-0.09409202,-0.017965136,-0.0044956882,-0.11198291,-0.0016201588,-0.045450173,0.13775858,0.17748864,0.00046140517,0.2296959,0.00012383194,-0.0044819866,0.06612903,0.0,-0.02232564,0.04988241,0.0,-0.0797624,0.18656719,0.0,0.019840458,0.03819103,0.0,-0.07910318,0.04302824,0.0,-0.033533063,0.6998375,-0.017292716,0.07829115,0.026462356,0.02694975,-0.030155296,0.023751631,0.16234347,-0.021591464
-0.009544204,-1.9945432,0.22308758,-0.24038719,-0.1062088,-0.04170465,-0.08749076,-0.03542172,0.05858668,0.009183157,-0.0077247997,-0.0042008664,0.053121805,-0.00024116054,0.03321219,0.040733308,0.14867786,-0.0014212087,-0.4481358,5.5956945e-05,-0.063197106,0.20402424,0.0,0.021473954,-0.08271177,0.0,0.021309204,-0.21705893,0.0,-0.03246206,0.005302882,0.0,0.040377263,0.0015386487,0.0,0.075352296,-1.1107503,-0.24198203,-0.73223054,-0.011142741,0.009457268,-0.060241606,-0.074507095,-0.2444859,0.0121193975
-0.056869105,-1.1128738,0.23209678,-0.37093797,-0.07745675,-0.030102566,0.00033668164,-0.020504968,-0.03555536,-0.0011945815,-0.018717812,-0.0027341126,0.15206772,-0.0006979405,0.03813705,0.10828474,0.172128,-0.00030377734,0.24640948,0.00010603894,0.009368695,-0.0980897,0.0,-0.015401475,-0.018112035,0.0,0.09263736,0.15986866,0.0,0.034500994,0.09762533,0.0,0.06401645,-0.026845366,0.0,0.02443017,0.51561743,-0.03731793,0.056380782,0.04820816,0.02545181,-0.0006374806,-0.011728724,0.2124508,-0.0028515218
-0.023454035,-0.0657789,-0.1194282,-0.30880052,-0.052684236,-0.025615416,-0.0165296,-0.0062917755,0.011066518,0.0065380246,-0.012053551,-0.0030905448,0.12235919,-0.00067208067,0.059990928,0.12760213,0.16032359,0.0002168268,0.21306556,0.000110917164,-0.0048737014,0.053781178,0.0,-0.043299235,0.031658936,0.0,-0.09417576,0.11843228,0.0,0.011124515,-0.040139873,0.0,-0.10224483,-0.022446819,0.0,0.030557226,0.6474566,-0.014196757,0.072193965,0.06582798,0.03303774,-0.0035331887,-0.020276295,0.20237425,0.003062527
-0.007990575,-0.37590808,-0.40138537,-0.3802347,-0.065531775,0.0027857353,0.16930386,0.03210523,-0.19012466,-0.09271658,0.038464967,0.041127015,0.028913973,-0.017712023,-0.04442571,-0.06303601,-0.18623973,-0.0009841514,-0.31774455,0.0014042525,0.06278408,0.038704492,0.0,-0.1529918,-0.09466091,0.0,0.067305535,-0.36116984,0.0,-0.08045773,-0.0012433631,0.0,-0.13590159,0.076396525,0.0,-0.30049646,-0.92600477,-0.036125053,0.06943122,-0.011925114,0.00022584895,-0.008793148,0.01030753,0.4077008,0.01618722
-0.028534861,-0.38424262,0.14703572,-0.2146012,0.027452385,0.028781783,-0.052973747,-0.017896539,0.06683859,0.018396862,-0.00858458,-0.002372347,-0.18389821,-0.00033358016,-0.05370624,0.037608225,0.17623262,-0.00069609686,-0.48344383,0.0010418477,-0.053512413,-0.12922166,0.0,-0.01587724,0.032425202,0.0,-0.0728313,0.080395885,0.0,0.009558833,0.026146227,0.0,0.1149554,0.0398582,0.0,0.22591126,-0.6742738,0.15481114,0.11586521,0.04926639,0.008177359,-0.032656208,-0.040198997,-0.21294151,-0.29002938
-0.014842964,-0.07948627,-0.63235104,0.08866111,-0.23555663,-0.055800676,-0.14245866,-0.022609241,0.05084174,0.018665561,-0.024962625,-0.009400073,0.095673494,-0.001491182,0.058760393,-0.3324177,-0.3476812,-0.002191384,0.11360068,-4.228328e-06,-0.0047135553,0.05817244,0.0,-0.04141037,0.09085141,0.0,-0.055170424,-0.31688806,0.0,-0.020689504,-0.03433421,0.0,0.03821422,0.042402167,0.0,-0.09820768,0.3877461,-0.039020497,0.07246565,-0.000926284,-0.0009146558,-0.007939473,-0.19048099,-0.44876137,-0.027471405
-0.033186562,-0.3403268,-0.45453325,-0.37900895,-0.07277183,-0.016403956,0.04595082,0.03645236,-0.2726378,-0.11223343,-0.031360686,-0.008189501,0.07071109,-0.00017774921,0.010509599,-0.158336,-0.27171427,-0.0002754604,-0.3391781,9.0588626e-05,0.009700981,0.15027101,0.0,-0.038974803,0.019664425,0.0,-0.09116382,-0.45894384,0.0,-0.082795285,-0.02122124,0.0,-0.08725112,-0.015761182,0.0,-0.0001875028,0.3120341,-0.04229445,0.0696975,-0.12370826,-0.06037364,-0.01904131,-0.034566693,0.25206658,0.039307293
-0.0054294416,-0.48566908,0.0012246132,-0.36168242,-0.14608629,-0.08075356,-0.064272925,-0.0015564682,-0.11348246,-0.037936013,-0.009633013,-0.0036563794,0.07227167,0.00032320528,0.042430922,-0.15011723,-0.21202415,-0.0015059332,0.099704325,0.0008684202,-0.005490404,-0.094073825,0.0,0.04312721,-0.15195973,0.0,0.00444224,-0.32237446,0.0,-0.06352061,-0.05181631,0.0,-0.05225342,0.016638221,0.0,0.08241555,-0.8270164,0.08421027,0.098912396,-0.033527404,-0.0030458742,-0.0069397315,-0.12943642,-0.28366107,-0.033016227
0.007255957,-0.32141873,0.3084303,-0.3494739,0.021716507,0.0004118553,0.024877744,0.008495462,0.015307063,0.010995386,-0.021589393,-0.0036938775,0.18069671,-0.0013358918,0.052626275,0.12668356,0.19464675,-0.00019320498,0.23344661,0.00011113728,-0.002902682,-0.17130454,0.0,-0.019211007,-0.034007702,0.0,0.06716209,0.1655073,0.0,0.020524638,0.040662143,0.0,0.06939417,0.034544844,0.0,0.03657446,0.549819,-0.031587914,0.06923801,0.05567415,0.029422143,-0.020954361,0.0010571093,0.15934776,-0.019724706
0.025749827,-0.5617574,0.3725565,-0.21872842,-0.037427172,-0.016379228,-0.038707707,-0.0043991343,0.040714163,0.015516601,-0.015746934,-0.0035077222,0.1677432,-0.00077176694,0.05129709,0.12832747,0.16254745,-0.00016207794,0.22308685,0.00011755521,-0.00095507945,-0.2480423,0.0,-0.0788607,0.036011226,0.0,-0.094933264,0.11315354,0.0,0.0060238666,0.00873411,0.0,0.021291846,0.023234753,0.0,0.0327669,0.5826634,-0.028050987,0.062575996,0.12160149,0.051838547,0.0010018669,-0.033125322,0.09521982,-0.014069637
-0.00084207853,-0.3882308,-0.28674826,-0.36840275,-0.023500925,-0.030231163,-0.098183446,-0.03249739,-0.006783001,-0.008227558,-0.016060295,-0.015510343,-0.08192902,-0.0011610074,-0.054315675,-0.08644499,-0.21233998,-0.00034343585,-0.31905273,0.00081538956,0.013109305,-0.08098681,0.0,0.09675128,0.067033604,0.0,-0.081630945,-0.22309867,0.0,0.026165321,0.018219283,0.0,-0.12039858,0.14962144,0.0,-0.24113278,-1.1405818,-0.030770563,0.08849309,0.022350507,-0.004016537,0.019088566,-0.054242995,0.16651478,0.032504346
0.02860341,-0.22438495,-0.3083493,-0.1606813,0.06046056,0.039283834,-0.012462173,0.0032316658,0.01108582,0.0020865512,0.061580848,0.014032483,0.06485773,-0.005224437,-0.008006857,-0.12137045,-0.21731444,-0.00044182787,0.19811176,0.0010913094,0.00033948975,-0.064671844,0.0,0.090826266,-0.064161226,0.0,0.04453261,-0.45064923,0.0,-0.093978606,-0.0150314635,0.0,0.0046710405,0.06320284,0.0,0.19717355,-0.65505826,0.18924668,0.109435394,0.0074017956,0.012116758,-0.2261043,0.008333368,-0.27910024,-0.07745525
-0.0031060278,-0.6213614,-0.73097986,-0.22633827,-0.18788679,-0.017605737,-0.034423932,-0.011798718,0.014373834,-0.0035464813,-0.02096323,-0.0070551718,-0.15423684,-0.002270806,-0.08372629,0.01846422,-0.13765065,0.014068694,-0.42281127,0.000119242584,0.0043026186,-0.09533132,0.0,-0.0638016,-0.06902071,0.0,-0.041774064,-0.24936616,0.0,-0.012741897,0.04356142,0.0,-0.11115426,-0.01593277,0.0,-0.13853584,-1.0085566,-0.04280361,0.060329862,-0.04484674,-0.053791102,-0.027135465,-0.0165051,0.12881954,0.00032031033
-0.042348176,1.0090802,-0.0216605,0.22857583,-0.114063405,-0.04749495,-0.012225061,-0.003274408,-0.0033846984,0.0018274693,-0.017502235,-0.0067752125,-0.04002528,-0.00086775445,-0.023916684,-0.21315366,-0.23625316,-9.12507e-05,0.22629312,0.00011310777,0.0148686,0.07343241,0.0,-0.01706227,0.042695154,0.0,-0.07122159,0.11775233,0.0,0.01577271,0.015643986,0.0,-0.09257747,-0.011189949,0.0,-0.05795473,0.61417645,-0.012748635,0.06645126,-0.23727459,-0.10926445,0.008675238,-0.023828406,-0.28795376,-0.0606232
-0.01339937,-0.64125466,-0.18228875,-0.26005867,0.026607132,-0.009917728,-0.04355303,-0.003481133,0.02885403,0.02334968,-0.043568447,-0.013710027,-0.17261419,-0.0062404373,-0.13121347,0.023532858,-0.12993354,0.003046705,-0.3598268,-0.0027998798,-0.015799478,-0.15593278,0.0,-0.028984303,-0.05560921,0.0,-0.045523636,-0.31486574,0.0,0.014721831,0.005964723,0.0,-0.07071689,-0.020187281,0.0,-0.1298927,-1.1485125,-0.06501946,-0.7367865,-0.17442496,-0.056096457,-0.06689116,0.01897263,0.15978879,0.020130733
-0.007370568,-0.5233195,0.3697327,-0.20711547,-0.2041522,-0.080070086,-0.021962883,-0.006190261,0.05092848,0.0143822,-0.011481095,-0.003969649,0.12165527,-0.00036802315,0.023296416,0.059000343,0.16301952,-0.00065492874,-0.49239203,0.0010602666,-0.05175458,0.09573932,0.0,-0.04525398,0.0059890253,0.0,-0.08119358,0.06328789,0.0,0.0026194192,0.02867262,0.0,0.049713466,0.024399843,0.0,0.10369285,-0.9044542,0.047746312,0.080854334,0.07564776,0.036456533,-0.030786222,-0.03951535,0.17775814,0.03795058
-0.0394898,1.1807566,0.13668491,0.4163619,-0.002473074,-0.006461134,-0.023450145,-0.014727417,0.042944957,0.01853873,-0.010950966,-0.0039867265,-0.047224037,-0.0015910753,-0.0289719,0.059885576,-0.17376709,0.0037052867,-0.30691835,-0.0008511441,0.0038189369,-0.08260156,0.0,-0.011084843,-0.0014871213,0.0,-0.025098722,-0.24821618,0.0,0.015268084,0.019854432,0.0,-0.057854943,0.015854876,0.0,-0.04418045,0.6302127,0.023349367,0.11070977,-0.22745658,-0.088138744,-0.008837088,0.031063622,-0.0937871,0.0016133239
-0.04271083,0.27294642,-0.11971206,0.02064154,-0.006896329,-0.015969621,-0.04083391,-0.0133160865,0.025337804,0.005050094,0.11665772,0.03798804,0.0804426,0.008321004,-0.014673838,-0.060949493,-0.17497304,-0.00072663545,-0.357396,9.58029e-05,0.056704804,0.04628708,0.0,-0.031409282,0.060401946,0.0,-0.07617466,-0.36888427,0.0,-0.03343137,-0.012416779,0.0,-0.094621755,0.076100014,0.0,-0.06947623,0.49825898,0.00018170799,0.08947184,-0.14426897,-0.09347473,-0.04853937,-0.02142307,-0.164291,-0.14595518
0.0010618853,-1.63349,0.17514104,-0.07827739,-0.056763057,-0.021988673,-0.0071196803,-0.0010671098,0.017258435,0.009115572,-0.017154884,-0.0066034943,0.064486034,-0.0010150479,0.007230319,0.04072435,0.106997035,-0.00029696885,-0.7002671,0.0003044161,-0.13857062,-0.1273099,0.0,-0.016958473,-0.01102351,0.0,0.040671505,0.051186733,0.0,0.0066107586,0.029008407,0.0,0.052200563,-0.010500837,0.0,0.025296511,-1.2702672,-0.2924777,-0.71888727,0.050978255,0.021521231,-0.052586634,-0.00061628874,0.28604856,0.015036168
-0.02494175,-0.5095539,-0.2641752,0.04392644,0.010273177,-0.0011166772,-0.05546295,-0.00879056,0.009853556,-0.0046386444,-0.0036663993,-0.0052584945,-0.063528605,0.00025754323,-0.07251241,-0.06193264,-0.19755505,-0.00096999446,-0.32767302,-9.018182e-05,-0.031222057,0.012016331,0.0,-0.15102449,-0.11225946,0.0,0.008068388,-0.24537197,0.0,-0.04462591,0.04499258,0.0,-0.07235751,0.06405123,0.0,-0.32206863,-0.9243887,-0.071482144,0.05491521,-0.06158334,-0.029598381,0.035055432,0.11677929,-0.2402387,0.010607064
-0.023992669,1.01804035e-05,-8.6026266e-05,-0.102057785,0.04275238,0.033014555,-0.101679824,-0.020543559,0.0036905224,-0.0018536957,0.06944969,0.014653665,0.037159886,0.0041172914,-0.00879512,0.024673166,-0.09700328,-0.00029515708,-0.4271826,0.0015191882,-0.053620506,-0.06337219,0.0,0.0016194946,-0.016604295,0.0,0.1637051,0.074510954,0.0,-0.008751687,-0.020227393,0.0,-0.12279386,0.054904982,0.0,-0.3346921,-1.1948055,-0.0052252323,0.10560355,-0.18786706,-0.10423391,-0.0208126,-0.0114101935,-0.20484746,-0.086044215
-0.056580395,-0.3226699,-0.5642194,-0.20015576,-0.07743834,-0.003687275,-0.018470548,-0.0031935635,-0.010544126,-0.006677462,-0.05090519,-0.015570052,-0.0026084213,-0.004254522,-0.03932274,-0.3211036,-0.34227574,-0.00043937835,0.16221023,7.338968e-05,0.010277015,0.06566483,0.0,-0.038319297,0.04425228,0.0,-0.08032769,0.12276803,0.0,0.0056244927,0.017681945,0.0,0.0834914,0.031758666,0.0,0.04097312,0.37192035,-0.058954697,0.06419411,-0.3549325,-0.17034271,-0.00064022065,-0.016323814,-0.37818748,-0.117615186
-0.052941777,-0.38340023,-0.2764873,-0.4520379,0.0061407425,0.013397109,0.0049686506,0.011681339,-0.15942004,-0.06338718,-0.014445217,-0.0039431266,-0.10697144,0.00047931616,-0.076761,-0.11090075,-0.18058793,-0.00028173538,-0.342227,0.0002765892,-0.045839988,0.15660962,0.0,-0.016979493,-0.08085408,0.0,0.034414873,-0.2847813,0.0,-0.04128763,-0.050252233,0.0,0.023547137,0.020122483,0.0,0.041033465,-0.8823125,-0.22861835,-0.7990193,-0.060085624,-0.030967934,-0.02883262,-0.035115696,-0.18841073,-0.15453614
0.017777545,-0.34829807,0.013204688,-0.009354001,0.023319397,0.0235366,-0.015541451,-0.00032613412,0.12588216,0.04495393,-0.007559261,-0.0026307134,0.073189996,-0.00026149082,0.026277049,0.057939865,0.13764903,-0.00075317913,0.17237675,0.0010932278,0.0044499417,-0.14914918,0.0,0.005110323,-0.051705364,0.0,-0.09983363,-0.32969055,0.0,-0.07653394,0.04231036,0.0,0.09747334,0.03694209,0.0,0.14605656,-0.5608558,0.108489394,0.081797145,0.0029494225,0.007121235,-0.0003413768,-0.03043945,0.18067273,0.013816251
-0.0047142548,-0.6196426,-0.040496916,-0.05933054,-0.030363306,-0.010511896,-0.034175143,-0.005238567,-0.0026421568,-0.006456244,-0.0133066,-0.0040204586,0.039137904,-0.0009810983,0.019598784,0.10922621,0.16026334,-0.0002703384,0.20990619,0.00010064853,-0.0004404196,0.11646545,0.0,-0.006875343,0.09323259,0.0,-0.059307028,0.11688408,0.0,0.002983761,-0.0017661448,0.0,0.016667366,-0.027053997,0.0,-0.081821844,0.5380045,-0.023242082,0.06783824,-0.43902668,-0.21339752,0.016916364,-0.019575454,0.2223977,0.03257367
-0.016163459,-0.073481575,-0.3804599,-0.1556268,0.019140981,0.022557396,0.036284562,0.015047472,0.008382118,0.015436013,-0.013192484,-0.0033819685,-0.1569944,-0.00077553076,-0.18431129,0.01879364,-0.117127635,0.016192488,-0.3564275,-0.0026036133,-0.0037926198,-0.11586081,0.0,-0.011752172,-0.07752836,0.0,-0.030563992,-0.24556285,0.0,0.007889109,-0.00038637174,0.0,-0.039834194,-0.012382185,0.0,-0.09963993,-1.2813222,-0.054877464,-0.67706114,-0.22173566,-0.065212466,-0.052322477,-0.28296372,-0.13148011,0.03240007
-0.0020438533,-0.067224786,-0.18574741,-0.11844677,-0.02880441,-0.023687186,-0.08043871,-0.023637673,-0.007257771,-0.007203968,-0.01110463,-0.004955174,-0.13765919,-0.0007174313,-0.07260939,0.10042787,0.14812115,0.00025283045,0.16989535,0.00010440053,-0.0077009234,0.015881952,0.0,-0.04700103,0.10385445,0.0,-0.060341224,0.09914624,0.0,-0.0015540472,-0.037766714,0.0,-0.106657,0.06961271,0.0,-0.03369223,0.64882445,-0.009139402,0.064459175,0.07022982,0.029706324,0.00404506,-0.020854102,0.18744214,0.01981171
-0.017000863,-1.1485076,-0.41546303,-0.57802236,-0.023021841,-0.016674269,-0.043902844,-0.00606038,-0.24633962,-0.11249726,-0.01930332,-0.01193325,0.07122252,-0.00043307457,0.09596481,0.018752405,-0.11733427,0.052948087,-0.43935993,-0.0015077277,-0.0078084995,-0.097414635,0.0,-0.030584501,-0.06343418,0.0,-0.0575878,-0.35094,0.0,0.004203779,-0.026006753,0.0,-0.10776112,-0.016951386,0.0,-0.121169746,-1.1458833,-0.10402012,-0.7115098,-0.14473009,-0.07716853,-0.04418564,-0.007788275,-0.20422573,0.0076452484
-0.0064543975,0.99761033,0.2885942,0.47395286,-0.0350496,0.0025843293,-0.11468615,-0.018642306,-0.013227441,-0.0044812155,-0.013920659,-0.0031792887,-0.11927756,-0.0018384071,-0.06135348,0.15387848,0.23298532,3.017409e-05,0.2564241,0.00010322347,-0.0035985122,0.07190625,0.0,-0.022232777,0.041849338,0.0,-0.07890442,0.15307988,0.0,0.018077098,-0.032881904,0.0,0.027263263,0.0006135077,0.0,-0.06454403,0.71119195,-0.007993348,0.0781355,0.0068560103,-0.0008296601,-0.0184429,-0.0028164485,-0.3177298,-0.03201162
-0.041376952,-0.90261805,-0.32437783,-0.23986222,-0.09052463,-0.037618108,-0.06245999,-0.008022057,-0.011727499,-0.0059542432,-0.016272157,-0.0046158703,0.03249987,-0.0010127724,-0.0035168352,-0.14028354,-0.18424726,-0.00060045527,0.09044345,0.00031100056,0.00046882348,-0.12722716,0.0,-0.02317545,-0.11785501,0.0,0.02366043,-0.30576333,0.0,-0.07693121,0.011946586,0.0,0.03133148,-0.014012306,0.0,0.017021429,-1.0332685,-0.2241386,-0.6605451,-0.18937096,-0.100118965,-0.06995634,-0.033049233,-0.22550832,0.0030777182
-0.020765606,-0.4648154,-0.19724375,-0.5415631,0.14204773,0.067295834,-0.039455146,-0.007308207,-0.19514863,-0.06977513,-0.017138962,-0.0025002742,0.0682592,-0.00016068041,0.03882931,-0.1874209,-0.1998598,-0.00030105724,0.2958033,0.0008983285,0.011500007,0.07348808,0.0,-0.08250076,-0.07805691,0.0,0.07502677,-0.33791348,0.0,-0.087987676,-0.013271133,0.0,0.026308928,0.12691331,0.0,0.18532889,-0.53774714,0.19134305,0.10211232,0.033784024,0.023057308,-0.01973678,0.025659762,-0.34171495,0.03311075
-0.02980857,0.40176946,-0.10923153,0.1727056,-0.038475666,-0.02364641,0.0043925005,-0.013724748,0.012549852,0.005293119,-0.010805698,-0.0033012857,0.12322398,-0.0009930643,0.09470981,0.07665812,0.22991504,0.00046068942,0.29678327,0.0001092902,-0.0023257455,0.07068097,0.0,-0.030998018,0.07027748,0.0,-0.08772612,0.14037575,0.0,0.0024014101,0.017280664,0.0,-0.08753497,-0.06505486,0.0,-0.1350793,0.6994951,-0.013967177,0.068327725,0.04508139,0.03458365,-0.03101064,-0.0358007,-0.24671802,-0.13148455
0.13930298,-1.7708935,-0.22138889,-0.3962837,-0.084743835,-0.026655097,0.038772088,0.026321426,-0.01386578,-0.007971893,-0.011322981,-0.0071174162,0.071692996,-0.00029252528,0.016185328,0.004759651,0.10794929,-0.00073663413,-0.44327652,0.00013181701,-0.020585122,-0.114597715,0.0,-0.011074108,-0.08741109,0.0,0.017461464,-0.3086837,0.0,-0.06561445,-0.032089777,0.0,-0.14564158,0.11640707,0.0,-0.14617999,-1.0940937,-0.13772093,-0.6668724,-0.035125963,0.0034569567,-0.062159736,-0.034916613,-0.22549888,-0.0047570257
-0.018521952,-0.48736984,-0.021561088,-0.35654634,-0.029998671,0.0019872827,-0.020516574,0.0049730293,-0.013676625,-0.0004904796,-0.012224518,-0.0029793263,0.03445503,-0.00064993504,0.017417453,0.13170265,0.19450271,7.1721646e-05,0.14664866,8.0905076e-05,0.0011004147,-0.014471168,0.0,-0.0699928,-0.16073908,0.0,0.06332461,0.12574074,0.0,0.0015622693,-0.06673661,0.0,-0.1218023,-0.10656117,0.0,-0.13619873,0.5538756,-0.012396767,0.062202524,0.04718645,0.018935777,-0.0019676255,-0.026846174,-0.5799791,-0.30459535
-0.0139833,-0.5263846,-0.2451489,-0.2494711,-0.06969595,-0.0134421745,-0.021285864,-0.0161943,-0.022107568,-0.0013618772,-0.05429004,-0.011742805,0.030932829,-0.0040707244,-0.050052475,-0.23089182,-0.3072964,-0.0006361386,0.17864949,8.998928e-05,-0.0038938778,-0.006857118,0.0,-0.12383303,-0.1386114,0.0,0.0070218616,0.1404194,0.0,0.014575565,-0.06773622,0.0,-0.12186513,-0.05551834,0.0,-0.11676438,0.45280963,-0.0046258117,0.051487878,0.034337398,0.017035196,-0.11409696,-0.031173209,-0.461858,0.008107105
-0.0011755087,0.8302368,0.6737139,0.310722,0.009823153,-0.005993376,0.018064074,0.0032687332,-0.12751798,-0.04639078,-0.0076142102,-0.0016415339,0.1522215,-0.0012960357,0.054298796,0.120962426,0.2632431,0.0005143801,0.2958912,0.00012636994,-0.0011300135,0.12028082,0.0,0.0038099966,0.041290667,0.0,-0.097050205,0.17143899,0.0,0.013391885,-0.045532193,0.0,-0.010601897,0.08563324,0.0,0.17205372,0.6012022,-0.023110623,0.06865182,0.040526774,0.0317048,0.11549851,-0.011084863,-0.20564479,-0.015554939
-0.011039718,0.027124787,-0.35641637,0.14382695,0.0016142626,0.015574605,0.029576426,0.0016294963,0.013687048,0.0015960995,-0.01673185,-0.0046032122,-0.19421938,-0.0016623243,-0.0658653,0.0379821,0.15369742,0.0013273146,0.21819176,0.00013679425,-0.01678346,0.07421737,0.0,-0.02688911,0.08774392,0.0,-0.072651215,0.13103424,0.0,0.0038441254,0.00022166579,0.0,-0.10255272,0.0044961553,0.0,-0.062153786,0.6555643,-0.018635305,0.06859843,0.023245828,0.00894502,-0.02099135,0.002558852,0.1361139,-0.009092327
0.059037797,-0.5273602,-0.31146404,-0.06297879,-0.0857822,-0.043972116,-0.027489055,-0.010901621,0.022529822,0.0075979074,-0.022499109,-0.0038767317,0.11557082,-0.001450857,0.034759857,0.107700124,0.18089512,-0.00013913216,0.16986044,0.000113787806,-0.01160346,-0.15683946,0.0,-0.00260516,-0.1424767,0.0,-0.010247755,0.14734721,0.0,0.020020466,-0.16419892,0.0,-0.13873436,-0.002056399,0.0,0.03639908,0.5612628,-0.026272826,0.06260967,0.106029965,0.047365744,-0.0040401015,-0.014592383,0.22837234,-0.020225693
0.04856862,-0.16830176,0.25906524,-0.13341889,0.06642035,0.027195401,0.023366043,-0.004991705,0.058296666,0.027568009,-0.021418754,-0.00358785,0.1965035,-0.0011866525,0.06223896,0.113113955,0.19105674,-0.00019881116,0.23812461,0.000107337626,0.001104749,-0.18705216,0.0,-0.021057092,0.02444645,0.0,-0.08926964,0.20241244,0.0,0.039001476,0.07243628,0.0,0.10905637,0.010371823,0.0,0.032613028,0.51182836,-0.058123518,0.06338356,0.051222395,0.020611046,-0.02932913,-0.030926213,0.19436692,0.0006413153
-0.033256114,-0.4904162,-0.29767323,-0.26330954,0.026582692,-0.026604686,-0.052913107,-0.013072705,-0.015046083,-0.0064594713,-0.011858663,-0.005576996,-0.08259087,-0.0010012209,-0.04575587,-0.07083042,-0.2237112,-0.0003635207,-0.46496013,0.00089680555,-0.10136889,-0.06099134,0.0,0.10153574,0.046842158,0.0,-0.085156344,-0.2481649,0.0,-0.0006671721,0.0071207355,0.0,-0.12221295,0.045816533,0.0,-0.37173474,-1.016047,-0.05089983,0.078109846,-0.0024376945,-0.006050429,0.015272687,-0.06874054,-0.2589249,-0.28409868
-0.0019890084,1.1171371,0.08066488,0.08353711,-0.070813805,-0.022691622,-0.010345156,-9.6617296e-05,0.041601043,0.012376253,-0.020972492,-0.0060967356,-0.29186743,-0.0022355993,-0.062939554,0.13995704,0.20467657,0.000480027,0.2447079,0.00014518971,-0.0017025161,-0.19828403,0.0,-0.0002660717,0.055937745,0.0,-0.08155637,0.17520766,0.0,0.013731888,0.028517537,0.0,-0.05501487,-0.039396845,0.0,0.001343979,0.68821716,-0.03206068,0.08421923,0.051515494,0.01647934,-0.017046686,0.005205258,0.15799056,-0.03179414
-0.040118102,-0.4505016,-0.045874313,-0.105635166,-0.0041718557,-0.004475264,-0.044098783,-0.012684927,-0.085038856,-0.063178375,-0.016845046,-0.0024204217,-0.11777985,0.00115069,-0.109721825,0.010793925,-0.10185588,0.0037265709,-0.4052994,-0.002437162,0.001935718,-0.095339395,0.0,-0.030934623,-0.03055598,0.0,-0.02520853,-0.24828789,0.0,-0.0016208366,-0.018668413,0.0,-0.046667013,-0.023729675,0.0,-0.1034225,-1.4159085,-0.06441226,-0.89624536,-0.2393906,-0.083806634,-0.0883981,0.00663703,-0.105652325,-0.046091594
0.049069252,0.44782412,-0.12471536,0.07648668,0.08374965,0.014801093,-0.038137723,-0.009051317,0.014450783,0.0015380003,-0.007035482,-0.0020806266,0.1379167,-0.00049704185,0.13908674,0.12277902,0.21188065,-0.0015329504,0.22560546,8.242665e-05,-0.0023221,0.060733315,0.0,-0.020788446,0.09623912,0.0,-0.06424724,0.11124503,0.0,-0.010094925,0.04547344,0.0,-0.087771654,-0.019396475,0.0,-0.09643921,0.69215894,-0.009687375,0.066674344,0.06681239,0.04144927,-0.031442016,-0.02832918,-0.2799332,0.0023332152
-0.05712869,-1.1657348,-0.24246,-0.16980368,0.07860775,0.013828964,-0.020831896,0.006950121,-0.12689565,-0.059220206,-0.01484802,-0.00822132,-0.104972646,0.0003228471,-0.15393807,0.005935873,-0.101946056,-0.0015719158,-0.28215978,6.3218475e-05,0.018394021,-0.12883,0.0,0.0073843086,-0.044917982,0.0,0.05605097,-0.2427299,0.0,0.010951638,0.08863461,0.0,-0.092051685,0.14123058,0.0,-0.060010564,-1.0280643,-0.116598666,-0.730843,-0.003309525,-0.023120597,0.014018007,0.05391785,-0.1994455,0.009684356
0.003997827,-0.32572478,-0.31364563,-0.094092704,-0.11577096,-0.034664705,-0.051914137,-0.020825787,0.0158427,0.0024328616,-0.008954211,-0.0032824595,-0.22929078,-0.0013417478,-0.10177838,0.11156323,0.1956311,-7.772514e-05,0.18225649,0.000120880235,-0.0038017933,-0.095095545,0.0,0.014867937,-0.18854786,0.0,-0.0018679842,-0.47967902,0.0,-0.13233171,-0.06872134,0.0,-0.13242732,0.14890337,0.0,-0.0050804284,0.5235345,-0.028446117,0.07989254,0.09154034,0.031700477,0.019413173,-0.010916161,0.291494,-0.026974782
0.019651521,0.22160222,-0.14939356,-0.0033497016,0.017176997,-0.0078490535,-0.064740315,-0.040123213,-0.00041465033,-0.0016518194,-0.0117188115,-0.0027714598,-0.14549045,-0.0008944624,-0.065939106,0.07868973,0.09776649,9.8907505e-05,0.19608016,0.00012347873,0.003358366,0.1084408,0.0,0.0024098307,0.04310955,0.0,-0.07620994,0.06197958,0.0,-0.007082029,-0.0007100798,0.0,-0.08641812,-0.04228977,0.0,-0.072297886,0.6441167,-0.01350126,0.065809585,-0.2921282,-0.11731771,-0.034330353,0.0017385245,0.12067361,-0.02372127
0.060520686,0.056984518,-0.3851871,-0.012166413,-0.10348563,-0.034796923,-0.04720471,-0.008714928,0.028643323,0.0060382537,-0.00983364,-0.00225659,0.11818642,-0.0005260543,0.052766003,0.116569154,0.16625337,-7.2838156e-06,0.22009577,0.00012021923,-0.0013263917,0.06395982,0.0,-0.019342259,0.0588244,0.0,-0.065470085,0.07529897,0.0,-0.0042116963,-0.0141288275,0.0,-0.10080875,-0.031042246,0.0,-0.100993715,0.7272096,-0.011002338,0.062400118,0.038911518,0.026265828,0.006109379,-0.01557203,0.22135727,-0.012128296
-0.028905526,0.16186523,0.25978833,0.111192055,-0.12133664,-0.028519701,-0.02730886,-0.014352682,0.0075446707,0.008512036,-0.019762473,-0.006297798,-0.100929245,-0.0005933865,-0.05098319,0.028829684,-0.15061074,-0.0015595658,-0.60023385,-0.0008139279,0.0057186293,-0.119977035,0.0,-0.00850994,-0.044070147,0.0,-0.050292596,-0.32476196,0.0,0.005719435,-0.00100217,0.0,-0.039711993,-0.0043613864,0.0,-0.044340733,0.5075686,0.0065248776,0.08299226,0.09052478,0.03940368,-0.05455937,0.041630212,-0.19406773,-0.17955494
0.0021266674,-0.010937367,-0.27793407,-0.00806924,-0.053420678,-0.013176615,-0.0037586826,-0.00018827009,0.0116716465,0.0044244463,-0.021691272,-0.0036528213,-0.26092196,-0.0015442495,-0.08815437,0.0359134,0.14978744,0.001274759,0.18194623,0.00014154875,-0.01986456,-0.23249224,0.0,-0.05966503,0.032728463,0.0,-0.09519352,0.11857161,0.0,-0.004712615,0.018846044,0.0,-0.08550663,0.016924087,0.0,-0.06786638,0.6511705,-0.020561457,0.06808304,0.08352294,0.03766243,-0.014171174,-0.0052424897,0.1760592,-0.025424227
-0.00722244,-0.10831279,-0.40841487,0.06173813,-0.007144958,-0.0057539507,-0.017401189,-0.005175586,-0.13163286,-0.09172115,-0.015701642,0.0017355625,0.05821937,0.0012949309,0.12066967,0.052671816,-0.15210402,0.0044882074,-0.4381357,-0.002373813,0.00765256,-0.11295654,0.0,-0.004973562,-0.026317252,0.0,-0.050572455,-0.2880739,0.0,0.0063747284,-0.024625937,0.0,-0.042530984,0.0018217241,0.0,-0.097980596,-1.3267962,-0.08295733,-0.71011686,-0.024507439,0.004612615,0.051950607,-0.03361572,-0.12588099,-0.009945564
0.0888116,-0.2347638,-0.008002211,-0.10119013,0.020382868,0.024081402,0.1270577,0.025372908,-0.0026434304,-0.006451478,-0.0058844853,-0.0026269604,0.03792651,-0.0023658979,0.017470373,0.089178406,0.24810207,0.00016406394,-0.43578732,3.3196164e-05,-0.015731053,-0.012139512,0.0,-0.06855547,-0.132578,0.0,-0.004910337,0.12968437,0.0,-0.0030237907,-0.031320814,0.0,-0.07121386,-0.09335569,0.0,-0.11901744,0.5718386,0.015536472,0.08673574,0.029597048,0.0074004773,-0.08077607,-0.027251882,-0.39985943,-0.0067802905
-0.009146714,-0.05796327,-0.2624419,-0.25240996,0.016709313,0.012795322,0.08168757,0.011639758,0.011877217,-0.00013620735,-0.014893147,-0.010863838,0.045396328,-0.00044926873,0.025610015,-0.08398317,-0.20250973,-0.0007887342,-0.3298005,-0.0004641891,0.01458993,0.094045214,0.0,-0.098463394,0.10308798,0.0,-0.06385079,-0.24702895,0.0,-0.02567169,0.012398385,0.0,-0.10278051,0.09422177,0.0,-0.2903756,-1.0175055,-0.059160635,0.08408547,0.052716628,0.0058315345,0.040634908,-0.017399298,0.45238385,0.04023238
-0.028625287,-0.6526672,-0.63534516,0.09821539,-0.06381025,-0.012038741,-0.078657046,-0.03310246,-0.11644727,-0.07849042,-0.018393837,-0.003087966,-0.1499868,0.0010858222,-0.15293652,0.013657402,-0.10867369,0.030501924,-0.37894937,-0.0021173984,-0.006018017,-0.15157378,0.0,-0.030488333,-0.053688303,0.0,-0.044814676,-0.28813192,0.0,0.0005423625,-0.034970805,0.0,-0.0396976,-0.032889742,0.0,-0.090780206,-1.1889203,-0.06853569,-0.7316502,-0.097421914,-0.055589866,-0.078236304,-0.11475586,-0.10474656,-0.005070479
-0.030809103,-0.42721105,-0.4233468,-0.5741565,-0.018634783,0.00348956,-0.03837355,-0.012865684,-0.0071476824,-0.0066431747,-0.01735384,-0.004965532,-0.09217931,-0.00077870523,-0.041936424,-0.14154516,-0.19993271,-0.00045983726,-0.40478817,0.00031852687,-0.06894296,0.11039735,0.0,-0.028862193,-0.10963683,0.0,-0.017751431,0.11488097,0.0,0.008390048,0.019316964,0.0,0.06742006,0.03656003,0.0,0.070720665,-0.9777093,-0.19876516,-0.5805642,0.008216567,-0.0042678504,-0.107727915,-0.0091914795,-0.26043898,0.0025904502
0.5090701,0.15613389,-0.2402923,0.3869358,-0.07476671,-0.03700813,-0.004051144,0.0015048617,0.019464364,0.0081626605,0.07140699,0.012880229,0.077473536,0.010740076,-0.023045145,-0.08683435,-0.1422128,-0.00018337721,0.15278299,0.00012723671,-0.014630842,0.1016942,0.0,0.0012309762,0.06003524,0.0,-0.07369348,0.09063092,0.0,-0.0011671474,0.010967107,0.0,-0.10182221,-0.014405375,0.0,-0.08551797,0.5885675,-0.01606805,0.052059155,-0.33590615,-0.1857808,-0.008049734,-0.033054113,0.09321509,-0.015566772
-0.023247924,-0.5991423,-0.22176866,-0.54387116,-0.044952873,-0.0062636733,-0.08865009,-0.008917166,0.014346097,0.0025878507,-0.012852987,-0.00302809,0.032763336,-0.00094435876,0.0074852873,0.074376434,0.19975771,-0.00014480345,-0.7455956,8.652193e-05,-0.04869051,0.08709693,0.0,-0.03177831,0.08518314,0.0,-0.072656676,0.121878855,0.0,-0.0032601557,0.01398203,0.0,0.084329575,-0.038888667,0.0,-0.08354199,0.5142668,-0.0089475745,0.08001968,0.041228928,0.01873691,0.019386461,-0.02150222,0.29218727,0.024792887
-0.015165648,-1.1892759,-0.33583635,-0.5779853,-0.07124874,0.00025964176,-0.070109576,-0.01391999,0.04079205,0.02647336,-0.026866274,-0.008066831,0.065388024,-0.00110579,0.049772166,0.0073451595,-0.12117263,0.059220973,-0.44843313,-0.0017381164,-0.0055936906,-0.086433545,0.0,-0.03285988,-0.08074842,0.0,-0.06967427,-0.28536025,0.0,-0.0011157198,-0.028316071,0.0,-0.0825513,-0.009077541,0.0,-0.10305928,-1.2158128,-0.0826148,-0.7133881,-0.14247815,-0.078921944,-0.007330079,0.030731171,-0.20412667,0.013218507
-0.030236939,-1.5863851,-0.4230787,0.15743576,-0.12416576,-0.03424589,0.0065213274,0.0056919428,-0.12515022,-0.043876056,-0.010894861,-0.008059113,0.033868045,0.00031843162,0.009117763,-0.010618244,-0.14220026,-0.0026079072,-0.3714873,-0.00012449606,0.0078050043,0.16572498,0.0,-0.033440016,-0.056937974,0.0,0.022159074,-0.29566243,0.0,-0.06408672,0.044047173,0.0,-0.10678365,0.030588027,0.0,-0.10770771,-0.92340237,-0.118908785,-0.49653485,-0.025553405,-0.0139896935,-0.024150657,-0.06765339,-0.2902934,0.020098034
-0.025361603,-0.31094518,-0.3587942,-0.07420139,0.041144248,-0.003995833,-0.022427298,-0.005709816,-0.21736619,-0.13761221,-0.013346147,-0.0069548646,0.07952397,-0.00024531726,0.12671204,0.026001131,-0.10481234,0.05394099,-0.40885445,-0.00044952706,0.0055594635,-0.09651636,0.0,-0.012092774,-0.045806166,0.0,-0.041854102,-0.32033944,0.0,0.017035529,-0.016167829,0.0,-0.04685093,-0.01700584,0.0,-0.082804695,-1.0440476,-0.09186756,-0.6539654,-0.12624624,-0.054846447,-0.046386022,0.018373528,-0.172122,0.035922136
0.009322347,-0.037643094,0.12716986,0.10269799,-0.13777605,-0.04611222,-0.027120002,-0.0068614474,0.01699662,0.0153492885,-0.042717304,-0.009418107,-0.13832676,-0.0016231274,-0.054541662,0.019121569,-0.29473224,-0.00056199287,-0.6819496,-0.0008443932,-0.0028305212,-0.2307754,0.0,-0.014692273,-0.0912361,0.0,-0.028702104,-0.58935565,0.0,0.008733229,-0.060502235,0.0,-0.07214508,-0.06388888,0.0,-0.033037074,0.49091244,-0.00610422,0.08471626,0.028655458,0.031083418,-0.0138791995,0.018626064,0.073903814,-0.028117934
-0.03062228,0.068428725,-0.6099976,0.029651754,-0.22690693,-0.033337947,-0.024153061,-0.00590325,0.014181703,-0.0046553984,-0.02433331,-0.0077507915,-0.07666027,-0.0007833479,-0.03846914,-0.09651118,-0.22295557,-0.00015552781,-0.44249687,0.00010189405,-0.057220314,0.03485081,0.0,-0.030506574,-0.08835211,0.0,0.115441635,-0.2691006,0.0,-0.00056787964,0.029668704,0.0,0.11779069,0.036885463,0.0,-0.06681474,0.43442973,-0.035248227,0.08489965,-0.012676991,0.00541344,0.0037124094,0.012308871,-0.26331067,0.052250188
-0.005847074,0.3040079,-0.042053223,0.12690106,-0.01709951,-0.011906741,0.023294766,0.0035727252,0.028064307,0.0030031474,-0.013953014,-0.0028747944,0.16173206,-0.000698047,0.08831564,0.14821662,0.19521745,0.0006381102,0.24162623,0.00011663336,-0.0036620838,0.07613567,0.0,-0.012799337,0.07912164,0.0,-0.061312523,0.10791028,0.0,0.002017026,-0.011603116,0.0,-0.08821385,-0.016711548,0.0,-0.10467083,0.7081698,-0.015916957,0.07032301,0.05636194,0.034325022,0.0057846704,0.012625527,0.23636402,-0.022327064
-0.03171182,-0.4214074,-0.11690012,-0.17108643,-4.731305e-05,0.00832483,-0.09739756,-0.015486644,-0.08911321,-0.04837591,-0.016487652,-0.0050307903,-0.11345421,0.00093818177,-0.07921659,-0.08188803,-0.18330361,-0.0010770727,-0.29596594,3.6654325e-05,-0.06509457,-0.13298537,0.0,0.0044620587,-0.071316116,0.0,-0.0010076738,0.11224336,0.0,0.017814873,0.04681259,0.0,-0.06357571,-0.032677755,0.0,-0.002044316,-1.1587212,-0.19813743,-0.8963897,-0.02198556,0.0063323034,-0.02205398,0.016681373,-0.17094421,0.007908682
-0.016251586,-0.48313844,-0.2651067,0.011226509,-0.0055739908,-0.0094933575,-0.10948382,-0.028216373,-0.018961448,-0.012830941,-0.074613065,-0.015386181,-0.14224674,-0.004284498,-0.031392757,-0.38977155,-0.3371626,-0.00028322748,0.10933223,7.580233e-05,0.009814904,-0.13726099,0.0,0.044865333,0.02849903,0.0,-0.066382274,0.13497798,0.0,0.0047587096,-0.025638307,0.0,-0.007944618,0.0012910987,0.0,-0.07263101,0.43534178,-0.0285153,0.06367132,0.013920783,0.01621539,-0.15995671,-0.046083417,-0.342344,-0.00906503
-0.06644471,0.031749092,-0.27187648,-0.06673562,0.03886768,-0.016959045,-0.03982417,-0.00699203,-0.026036685,-0.004650788,-0.011231643,-0.0024612308,-0.10700202,-0.0011293589,-0.047749884,0.07075296,0.105342336,6.581821e-05,0.1851918,0.00013199123,-0.008143879,-0.40964857,0.0,-0.13187861,0.03632971,0.0,-0.07691345,0.033224393,0.0,-0.019998917,0.014379819,0.0,-0.08642994,-0.011594446,0.0,-0.05968915,0.5839278,-0.017370678,0.059144117,-0.51175827,-0.20148174,-0.034390993,-0.01478685,0.010790138,-0.032510042
-0.022607861,-0.58492315,0.559462,-0.37783226,-0.08977605,-0.04819356,-0.10028479,-0.024181303,0.04039199,0.009576605,-0.0056069316,-0.0033446327,-0.25321767,-0.00021148016,-0.05600847,0.04481099,0.19068626,-6.5332046e-05,-0.27552092,0.001135316,0.0058801775,0.12818162,0.0,-0.024834722,-0.10881061,0.0,0.031550337,-0.23614244,0.0,-0.022034824,0.01458018,0.0,0.037190724,-0.029501386,0.0,0.08097181,-0.63234955,0.11928278,0.09523789,0.028967317,0.015020832,-0.009525716,-0.02923272,0.16404611,0.00077723217
-0.00074950716,-0.39620763,-0.14793183,-0.044933315,0.04309316,-0.0008102132,-0.028063506,0.0013437705,0.0028178354,-0.0010031376,0.18325622,0.035607867,0.15350842,0.009117203,-0.05316699,-0.11623262,-0.15180244,-0.00014950536,0.12914652,0.00013520394,-0.013507306,0.009697997,0.0,-0.048476838,-0.1511495,0.0,0.039253425,0.16833632,0.0,0.012672004,-0.03913683,0.0,-0.1024611,-0.0008510053,0.0,-0.088692285,0.49358344,-0.019333405,0.052250326,-0.3503773,-0.19354817,-0.03389458,0.0034198815,0.19507575,0.015327812
-0.03202726,1.0466537,-0.26365915,0.16897428,-0.02288221,-0.0057742232,0.021943722,-0.0044262134,-0.020059895,-0.0018650165,-0.021568585,-0.008522795,-0.06860327,-0.0008356578,-0.03322317,-0.21350598,-0.23819259,7.026053e-05,0.23625216,0.00011094009,0.006062767,0.04072606,0.0,-0.03147676,-0.044828497,0.0,0.15528497,0.14422537,0.0,0.017665347,-0.0027578578,0.0,-0.10313509,-0.030302307,0.0,-0.060972277,0.64061016,-0.024615733,0.06979145,0.08832566,0.030078989,0.0026382376,0.0041364487,-0.2897179,0.034773655
-0.02165646,0.73943394,-0.2933633,0.028258014,-0.03142157,0.0045538936,-0.019999145,-0.0056644888,0.03339162,0.020489084,0.1288377,0.035962,0.15297766,0.0012135082,-0.026987953,-0.20078734,-0.21838027,3.0209267e-06,0.13638936,0.00014019538,-0.0034266561,-0.12103171,0.0,-0.010994069,0.017370084,0.0,-0.10423534,-0.66381866,0.0,-0.29855692,0.00037744705,0.0,-0.10481911,0.009089046,0.0,0.03710428,0.45073932,-0.053558215,0.090453096,0.045932226,0.036683843,-0.016498968,-0.0060479003,-0.27110967,-0.08933359
-0.036388833,0.76339537,-1.1526437,0.3003286,0.032922912,0.030712746,-0.03645736,-0.011677768,-0.04871158,-0.027831057,-0.014970728,-0.004581839,-0.03398572,-0.0004950706,-0.031371932,0.033880103,-0.24699533,0.0035284017,-0.47577813,-0.0007433067,-0.0012112634,-0.17664617,0.0,-0.015666606,-0.001011386,0.0,-0.03524878,-0.30711597,0.0,0.0003086689,-0.0073300516,0.0,-0.048949495,-0.008860045,0.0,-0.03660505,0.54546714,0.0037577269,0.08959213,-0.3344747,-0.1852961,-0.012062647,0.010488673,0.0548174,-0.089733616
-0.018087339,-0.18202029,0.59057343,0.12609138,0.02925475,-0.009585578,-0.102809004,-0.036681,0.0051782033,0.0039393697,-0.011194313,-0.0033984354,0.08490936,-0.0004962838,0.019923817,0.07079478,0.14919478,-0.0003522279,0.2890314,0.00032521732,0.03675787,-0.15409975,0.0,-0.025122585,-0.018324539,0.0,0.050552677,0.09453297,0.0,0.0008483537,0.033981185,0.0,0.0786193,0.07165808,0.0,0.14778075,-1.094974,-0.10962477,-0.48365027,0.08930774,0.04582151,0.019295232,0.004595897,-0.23393434,0.006082481
-0.0065024802,-0.49125683,0.026706114,-0.26314226,-0.060964845,-0.023263855,-0.07602671,-0.020218087,0.0046050414,0.0021282507,-0.017660137,-0.006734708,-0.116100304,-0.000893833,-0.07346707,0.02273646,-0.12770191,0.0046471744,-0.40844187,-0.010451652,0.0010175705,-0.074591696,0.0,-0.08931728,-0.07399981,0.0,-0.019827325,-0.25962788,0.0,0.0037092248,0.019840537,0.0,-0.05725536,0.017478028,0.0,-0.23021853,-1.1658057,-0.14828616,0.06727379,-0.007632122,-0.04195917,0.20316081,0.008254258,-0.1438455,-0.002152398
-0.034812193,-0.8446277,-0.37059444,-0.5154394,-0.011269634,-0.008621374,-0.05608056,-0.015516555,-0.0091723455,0.0066738925,-0.02044547,-0.004727862,-0.076097526,-0.0009537036,-0.05375667,-0.060151592,-0.16937411,-0.005167213,-0.27151683,0.00015090435,-0.016295679,-0.12886259,0.0,-0.012025502,-0.01911565,0.0,-0.10599163,-0.14333908,0.0,-0.0006165036,0.02122796,0.0,-0.09973685,0.082089745,0.0,-0.06661848,-0.9577271,-0.086718954,-0.77394986,-0.067396894,-0.026654558,-0.2752866,-0.06491654,-0.24196346,0.017832274
-0.014313703,-0.4543967,-0.18421727,-0.29166788,-0.07081239,-0.032921657,-0.08786413,-0.02106462,-0.025513392,-0.014248314,-0.026313735,-0.012450914,-0.06861101,-0.0012701406,-0.019732853,-0.07103455,-0.17888424,-0.000288225,0.20371008,0.0009166778,0.017291838,0.019727029,0.0,0.1267065,-0.03188558,0.0,0.088248946,0.06982833,0.0,-0.010717476,-0.013950953,0.0,-0.13508159,-0.011281642,0.0,-0.32011586,-1.1008159,0.00032303875,0.08113642,0.0069850734,0.014149191,0.0006367172,-0.05482287,-0.16028243,-0.058715645
0.19985983,-0.6599486,-0.34261462,-0.104394086,-0.031275447,0.012745098,0.051598277,0.012266981,0.0010757046,0.011476712,-0.015317889,-0.002839134,-0.14987278,-0.0005860604,-0.13019024,-0.019618353,-0.09807719,0.017065197,-0.35059032,-0.0026036133,-0.0048272614,-0.11106182,0.0,-0.04680614,-0.065261535,0.0,-0.041145116,-0.23650059,0.0,0.0056172735,-0.022471158,0.0,-0.04777162,-0.030204877,0.0,-0.09503841,-1.359045,-0.053690393,-0.561406,-0.09825479,-0.045153514,-0.06754539,-0.203047,-0.10952039,-0.031527497
0.018813284,0.17134395,0.14193054,0.07838701,-0.010117999,-0.00961441,0.0040712757,0.009316255,-0.0021274488,0.00088159036,-0.009013783,-0.0020367098,-0.10019066,-0.00078206183,-0.06784215,0.0910077,0.14870977,0.00051001715,0.26952577,0.00012506904,-0.0012287912,0.07133077,0.0,-0.009255858,0.06888112,0.0,-0.07697745,0.08509494,0.0,-0.0041647386,-0.0032645543,0.0,0.043419518,0.012387013,0.0,-0.055251315,0.6958441,-0.013915841,0.07079054,0.0634201,0.014479917,-0.042086307,-0.0019955905,0.19387868,0.027240295
0.08145747,-0.43376425,-0.3613053,-0.51817906,0.0950081,-0.000974214,-0.0748875,-0.014381404,0.0032060104,0.0020610238,-0.026012504,-0.007507444,0.11861452,-0.0037270554,0.087668076,-0.28545675,-0.33039337,7.012274e-05,0.16191442,0.00011863378,-0.0049288995,0.0910517,0.0,-0.070814684,0.09820386,0.0,-0.05867754,-0.31481248,0.0,-0.060300957,-0.03275598,0.0,-0.101168446,-0.06007646,0.0,-0.009399995,0.52429265,-0.034015864,0.061815105,0.037120048,0.0095728235,-0.004899561,-0.020408753,0.28762865,-0.015430303
-0.019199988,-0.06946694,0.3536348,-0.12790465,0.037306868,-0.010861069,-0.084719546,-0.0158774,0.05703046,0.017259212,-0.0080295885,-0.0023969095,0.045821983,-7.13112e-05,0.017022256,0.065440565,0.20380202,-0.00016391494,-0.489921,8.451994e-05,-0.05913357,-0.18784198,0.0,0.0075916555,-0.010249481,0.0,0.0822231,-0.3593265,0.0,0.0017714475,0.021817017,0.0,0.063022904,0.03930824,0.0,-0.06153571,0.40697062,-0.0028418533,0.062906146,0.039422993,0.01656836,0.0036562667,-0.018410562,0.17810802,0.024296131
0.0034938331,-0.30227336,0.31113297,0.26077393,-0.102233045,-0.028442306,-0.026715547,-0.00030540663,0.008957594,-0.0071582166,-0.006111046,-0.0022910768,0.03060388,0.00027557497,0.034995537,0.059237882,0.17063835,-0.00056298025,-0.35141152,0.00030110215,-0.037122954,-0.12161079,0.0,-0.027285831,-0.019713836,0.0,0.05188941,-0.08807866,0.0,0.020693896,0.012052052,0.0,0.06159634,-0.016018882,0.0,0.09019785,-0.9423909,-0.21011645,-0.48249885,-0.07946394,-0.058721364,0.12760198,-0.02115218,-0.12738977,0.03343071
-0.029464629,-0.38162768,-0.24314146,-0.17499423,-0.06294835,-0.008469473,-0.04806553,0.0015784588,-0.07413956,-0.046585366,-0.018688353,-0.0046593617,0.0072475835,0.0006921301,-0.075069025,-0.06438115,-0.16076985,-0.0052314885,-0.41742858,0.00013035897,-0.085237965,0.15815373,0.0,-0.044434678,0.07058945,0.0,-0.074798815,-0.22665055,0.0,-0.05512315,0.04441228,0.0,-0.08485311,0.025204398,0.0,-0.122802675,-0.9428985,-0.08575024,-0.7423851,-0.07668457,-0.04469176,-0.15221204,-0.048416335,-0.20638317,0.025441391
-0.006702788,-0.009074447,-0.28456643,-0.021172691,-0.11006552,-0.06035712,-0.017574016,-0.0011619934,-0.01668394,-0.003034847,-0.025047552,-0.0038215504,-0.03809797,-0.0007427441,-0.024656575,-0.18309204,-0.23395309,-0.00048154814,0.2053326,0.0009754117,-0.013360403,-0.086510286,0.0,0.07811954,0.05959668,0.0,-0.0698075,0.09051864,0.0,0.004797833,-0.053097416,0.0,0.023665566,-0.005760003,0.0,0.13742535,-0.9181867,0.10825652,0.09921829,0.020763127,0.027327714,-0.08428695,-0.029364336,-0.137129,-0.048495937
-0.01870472,-0.12633929,-0.13029185,0.20402405,-0.04549279,-0.027328502,-0.06855721,-0.018923244,0.0047576446,-0.0010543916,-0.012941445,-0.0030028785,-0.26825795,-0.00039686848,-0.07780335,0.10807332,0.21212173,0.00019901618,0.22870055,0.00013737174,0.00087186624,0.08440707,0.0,-0.017650051,0.07638983,0.0,-0.06505139,0.1316145,0.0,0.0027975414,-0.02351837,0.0,-0.09522694,-0.015508141,0.0,0.019849855,0.5264961,-0.035962313,0.06352568,0.015840214,0.017718818,0.05565714,0.03576596,-0.3705668,-0.0056979987
-0.039182704,0.67468375,-0.49511683,-0.01276864,-0.029763108,-0.016344924,-0.01667398,-0.008123928,-0.008594591,0.00016798433,-0.022050163,-0.013015648,-0.097532965,-0.001649287,-0.04962161,-0.17890789,-0.24541907,-0.0010926344,0.17472008,0.00010002529,0.0021375313,0.04726301,0.0,-0.027292777,0.07670932,0.0,-0.07223893,0.09169152,0.0,0.01086865,0.031116983,0.0,-0.09093981,-0.0028328598,0.0,-0.05414521,0.5828604,-0.013899142,0.05873646,-0.29924908,-0.113564886,0.009866761,-0.15671931,-0.29404697,-0.07365552
0.0020468666,0.43791375,0.38712138,0.19762388,-0.037646897,-0.002630411,-0.020873068,-0.009050687,0.01008831,0.003576795,-0.012474641,-0.0026373263,0.2468121,-0.0007764465,0.08349112,0.13373153,0.19954725,-0.00016790659,0.22811462,0.00014060098,-0.003859576,0.060750417,0.0,-0.025833173,0.06596203,0.0,-0.0656291,0.16048835,0.0,0.014732453,0.06033341,0.0,0.1168191,0.025856948,0.0,0.059396893,0.61155623,-0.027225278,0.07040186,0.08706666,0.040064324,-0.00018916081,-0.010900749,0.1359649,-0.0119130695
-0.029711727,0.7705599,-0.23832633,-0.069196746,0.054156646,0.0097226845,-0.055452622,-0.009766442,-0.0072087278,-0.0034362695,-0.01397645,-0.0026072306,-0.08072249,-0.00054185,-0.03864603,0.032633156,-0.24818337,0.0025045606,-0.5582442,-0.00080799946,0.0037232328,-0.11225207,0.0,-0.016679287,-0.012243705,0.0,-0.041517675,-0.41622755,0.0,0.015861811,-0.01097441,0.0,-0.046968542,0.012960008,0.0,-0.06263087,0.5684179,0.010676484,0.10019576,0.044397704,0.011683021,-0.46771094,0.0009178486,-0.17860025,-0.3164209
-0.014577402,-0.07588518,-0.08823706,0.1694082,-0.05845921,-0.031118413,-0.045940317,-0.003400031,0.049456555,0.018934391,0.08207455,0.013324983,0.107691966,0.0018177843,-0.042238865,-0.14631438,-0.21489596,0.0032952102,0.20112965,0.00012506904,0.0040366095,0.089641884,0.0,-0.017724324,0.049414773,0.0,-0.08232264,0.10062828,0.0,-0.00405724,-0.00042445128,0.0,-0.08214101,0.003954614,0.0,-0.0900884,0.61789656,-0.01656196,0.056916703,0.10697381,0.049157638,-0.028714202,-0.009142693,0.26736292,0.035512432
-0.04137377,-0.73880017,-0.7022528,0.26603928,0.05613252,0.0053180875,0.010678559,0.003983019,0.016611544,0.021030702,-0.014628023,-0.0036525924,-0.12163824,-0.00087342085,-0.112454474,0.029844172,-0.10382592,0.0031772247,-0.41599354,-0.002723753,-0.001552931,-0.12562272,0.0,-0.019584695,-0.047739208,0.0,-0.056009565,-0.26874492,0.0,0.010914678,0.016308418,0.0,-0.052509844,-0.031820163,0.0,-0.092860356,-1.076796,-0.072146595,-0.59720975,-0.06205075,-0.037603322,-0.07308237,-0.016487157,-0.12964731,-0.21801306
0.006490954,0.18408483,-0.31676373,0.095362976,-0.030873643,-0.014281246,-0.1316801,-0.0077366135,-0.14350435,-0.045195144,-0.024412636,-0.009565874,-0.100559786,-0.0018538797,-0.066295125,-0.10879325,-0.19093554,5.7521684e-06,0.21389133,0.00012995827,-0.002785403,0.101459175,0.0,-0.012582048,0.020585118,0.0,-0.09964516,0.17394806,0.0,0.0049619493,0.025986204,0.0,-0.07971861,0.026438976,0.0,-0.053879265,0.5405291,-0.024911202,0.064916044,-0.25198853,-0.10006071,-0.041827343,-0.002383409,0.15248492,-0.00030262762
-0.019398112,-0.7477712,-0.05311289,-0.22731994,-0.11608135,-0.003186862,-0.057597443,-0.011646439,0.0034460595,-0.0075603207,-0.006906634,-0.0027757639,0.0145058315,-0.00016148508,0.035707388,0.104426876,0.19344194,4.9323862e-05,0.20806865,8.998928e-05,0.004081194,0.013947258,0.0,-0.07532507,-0.16391248,0.0,0.066589095,-0.3797866,0.0,-0.0920326,-0.08558246,0.0,-0.102542244,-0.089976594,0.0,-0.13581704,0.4496278,-0.021832306,0.06756442,0.025647445,0.022718731,0.006855584,-0.005862336,-0.5884234,-0.18811472
-0.0010282528,-0.33565184,-0.1140609,-0.19663373,0.029095849,0.029388439,0.0030115317,-0.0009427854,0.0027236585,0.0051140147,-0.010130435,-0.002905791,0.079249814,-0.00065263215,0.05645037,0.10850912,0.20023085,-0.0017415399,0.18410432,6.1758146e-05,-0.0005123938,0.0021699613,0.0,-0.057394754,-0.16764355,0.0,0.0103994105,0.1459472,0.0,0.00850804,0.028175525,0.0,0.047011834,-0.07538593,0.0,-0.108519666,0.6049844,-0.001401799,0.063237794,0.031726994,0.016600894,0.005037027,-0.11124355,-0.47383073,-0.00043967276
0.049946122,-1.6592371,0.031158997,-0.5325961,0.021753527,0.0075679976,-0.09041472,-0.018493425,-0.008941732,-0.012194127,-0.0051887543,-0.0017319736,0.080832124,-0.00025722964,0.028613426,0.054446466,0.11886851,-0.0026480588,-0.3877752,-0.0013102134,-0.039659496,-0.11468579,0.0,0.01243988,-0.12310234,0.0,0.01244235,-0.39670932,0.0,-0.09696067,-0.0964439,0.0,-0.12527291,0.1327392,0.0,-0.087117754,0.33410636,-0.019928606,0.062019,-0.025016323,-0.00085094024,0.021120708,-0.020449663,-0.32091305,0.0021993483
0.007723676,-1.6473933,-0.068298645,-0.0075357947,-0.057764847,-0.024198392,-0.030013131,-0.0040138774,0.034990825,0.010601369,-0.0103241475,-0.0060425457,0.036231365,-0.00092300674,0.0043401425,0.037379753,0.11427703,-0.00029598176,-0.5032713,0.00031899585,-0.080672294,-0.17900586,0.0,-0.042846568,-0.06049857,0.0,0.008916432,-0.2558917,0.0,-0.060533486,0.019503249,0.0,0.055493467,-0.020214608,0.0,0.013684223,-1.1577256,-0.35776183,-0.83387405,-0.021248989,-0.0014560174,-0.035800826,-0.030271629,0.20273986,0.01370044
-0.0358138,-0.6496554,-0.13139714,-0.28792483,-0.03844788,-0.018153816,-0.069844544,-0.020153025,0.013726356,-0.004497692,-0.0063114604,-0.002157095,0.052029356,-3.4783603e-05,0.030161858,0.026772888,0.11035087,-0.003829373,-0.445325,-0.00010417238,-0.036727287,0.00542821,0.0,-0.08501124,-0.10640214,0.0,-0.015963774,0.069580264,0.0,-0.013928575,-0.018544776,0.0,-0.100723095,-0.041087627,0.0,-0.3931458,-1.1993552,-0.103350274,0.061917715,-0.038345017,-0.009661892,-0.00074412324,-0.0052090595,-0.3165891,0.023721375
-0.007410952,-0.10138167,-0.21658586,0.18327244,-0.10779174,-0.02794063,-0.1398503,-0.039371748,0.005376595,0.015497395,-0.011860266,-0.008982066,-0.14082119,-0.00070456485,-0.05999963,0.07240897,0.19748008,-0.00014980548,-0.5049986,0.000110196685,-0.07500557,-0.022659343,0.0,-0.034765262,-0.17778817,0.0,-0.030565413,0.065691546,0.0,-0.0070756273,-0.042965718,0.0,-0.113325484,-0.008670738,0.0,-0.056433145,0.506095,-0.0018944027,0.0822314,-0.30973214,-0.12948719,-0.0061189183,0.005007877,-0.26352045,-0.013406186
-0.02012729,-0.7884119,-0.26826882,-0.2952744,-0.03139819,-0.004203061,0.08490747,0.025925081,0.012363847,-0.031566963,-0.009645491,-0.0055640666,0.06299227,-0.0006838781,-0.0018607707,0.043498855,0.12450488,-0.0012190156,-0.36353916,0.00017873195,-0.024441501,0.2037994,0.0,-0.010694589,-0.07322438,0.0,0.06249208,0.09122675,0.0,0.013355438,-0.039901014,0.0,-0.19187535,0.00118323,0.0,0.052025076,-1.0982107,-0.15046299,-0.49129155,-0.20069306,-0.11235349,-0.0432168,-0.025299584,-0.23879871,0.026086759
0.09274582,-0.4986002,0.21283261,-0.3024657,-0.10715772,-0.05589259,-0.0011416794,0.002648206,0.05203311,0.018875388,-0.013321909,-0.0028312642,0.18447867,-0.00060845545,0.054570183,0.11429357,0.15769517,-9.758443e-05,0.22892466,0.00011668783,0.00069685304,0.12388945,0.0,-0.0050230096,0.03093057,0.0,-0.07483477,0.100337595,0.0,0.0013117853,0.023693228,0.0,0.03602278,0.03507784,0.0,0.03283205,0.55162865,-0.0207757,0.06111441,0.10441547,0.047847103,0.005507222,-0.02022043,0.1631693,-0.018446418
-0.02742485,-1.6437874,-0.49838263,-0.14578137,-0.04638047,0.00081388676,-0.025230084,-0.014873023,0.002852627,0.0076299557,-0.019665573,-0.0102879945,0.08059257,-0.00083855883,0.043294948,-0.099447854,-0.20349856,-0.001700336,-0.44118002,6.14773e-05,-0.057209097,-0.15084428,0.0,-0.03199251,-0.10684279,0.0,0.0070446725,-0.3461393,0.0,-0.09967517,-0.0048658117,0.0,0.052364334,-0.026211772,0.0,0.043211747,-0.9795925,-0.28003132,-0.8622303,0.0012628217,-0.0023730886,-0.016969832,-0.06463901,-0.23820615,-9.3517854e-05
-0.035008676,-0.14918184,-0.54513615,-0.20603539,-0.039544504,-0.0060768244,-0.08397313,-0.023901552,-0.025412919,-0.001115367,-0.011048266,-0.005141098,-0.0865011,-0.00011306194,-0.072121754,0.0042310655,-0.11169125,0.0033043404,-0.48248348,-0.010451652,0.0037019728,-0.09753917,0.0,-0.063614756,-0.057311125,0.0,-0.062138993,-0.20571153,0.0,-0.0026334603,0.013666608,0.0,-0.094352074,-0.022717988,0.0,-0.22678287,-1.236452,-0.14233138,0.06882604,-0.09534971,-0.076090485,-0.0644289,0.017299576,-0.16595626,-0.15294346
0.044092078,-0.7706508,0.12394904,-0.22685575,-0.060840815,-0.037214424,0.039929286,0.004528431,0.03681105,0.012062327,-0.013478696,-0.0024010518,0.09963305,-0.0007978672,0.016242476,0.07056133,0.19002399,-0.0001507256,-0.6320846,5.8330028e-05,-0.0825304,-0.22943221,0.0,-0.018908998,-0.014626421,0.0,0.050799347,0.11935964,0.0,0.010793304,0.049557876,0.0,0.07738799,-0.029174516,0.0,0.024424585,0.36128652,-0.028281502,0.047135785,0.040696,0.01731753,-0.034754217,-0.0005706898,0.20518802,-0.0040882733
-0.020645667,-0.6551295,-0.4936305,0.041486133,-0.05647071,-0.028716542,-0.039855134,-0.004741502,-0.08504013,-0.057583705,-0.02361574,-0.0020219674,-0.030207202,-0.0007911313,-0.045316346,-0.10020055,-0.18815741,-0.0031718756,0.28910816,0.00028648376,0.045821853,0.032238174,0.0,-0.13271657,0.052601885,0.0,-0.09450286,0.088950835,0.0,0.0034404632,-0.007232744,0.0,-0.10374345,-0.09735026,0.0,-0.32955074,-0.9368961,-0.026520675,0.057522546,0.033053495,0.023912981,-0.005009778,-0.022946618,-0.23396103,-0.14231987
-0.017841486,0.04715376,-0.07821524,-0.024354508,0.0033762788,-0.03752304,0.0051903543,-0.0055151815,-0.017322334,-0.0058018262,-0.019050838,-0.009560411,-0.05875579,-0.0017782927,-0.01609065,-0.082837,-0.13158067,3.820962e-05,-0.39627492,0.00012616727,-0.006834395,-0.21024382,0.0,-0.024477432,0.043236703,0.0,-0.07427548,0.01913817,0.0,-0.020073095,0.035566874,0.0,-0.07015924,0.038580824,0.0,-0.034135442,0.49203464,-0.010705245,0.076569125,-0.36171666,-0.1382766,0.005701206,-0.025238924,0.07075007,0.009723396
-0.035631116,-0.4893718,-0.5600864,-0.07342309,0.09713841,-0.004910499,0.03933013,0.013132541,-0.054764874,-0.02128686,-0.019396896,-0.0030420884,-0.11547567,0.0010447721,-0.0708154,0.0043736654,-0.12396941,0.004005208,-0.4481836,-0.009312228,-0.0063869483,-0.06833264,0.0,-0.09526529,-0.048156735,0.0,-0.057863224,-0.24319743,0.0,-0.0072793076,-0.0031472594,0.0,-0.0720351,-0.013491424,0.0,-0.229534,-1.1863018,-0.13318993,0.07633499,-0.19192033,-0.0790489,-0.06754975,-0.014284323,-0.101724766,-0.09040954
-0.041360147,0.19473565,-0.359249,0.22108895,-0.23450759,-0.05866888,-0.107115656,-0.028181203,-0.3223271,-0.14988354,-0.01461635,-0.008233842,-0.08807329,-0.0014058092,-0.048456144,0.014765235,-0.19031852,0.011203186,-0.5991237,-0.0007941226,-0.009276032,-0.15524498,0.0,0.00024960525,-0.06405277,0.0,-0.038808845,-0.4533863,0.0,-0.00089119986,-0.028126309,0.0,-0.06203549,-0.08019551,0.0,-0.03577027,0.45710677,-0.0071387645,0.08539433,-0.18367453,-0.09291024,-0.052010134,-0.011878613,-0.08590903,-0.06890032
-0.0056256587,-1.2044145,-0.13496035,-0.2731476,-0.014829553,-0.019547824,-0.070192374,-0.0067943125,0.0051687607,0.0005609565,-0.009874349,-0.0027420158,0.026429053,-0.00028722984,-0.020472981,0.023661451,0.13106881,-0.0011148421,-0.51210153,0.0010334621,-0.07443684,-0.07209118,0.0,0.03365875,0.06693918,0.0,-0.07362847,0.10438541,0.0,0.011959523,-0.08109436,0.0,-0.20832928,0.037180528,0.0,0.21895596,-0.7224113,0.108336695,0.11171052,0.053400446,0.026219284,-0.15477431,-0.07642784,-0.2208089,0.014529518
-0.016979951,0.055672817,-0.35832143,0.040726013,-0.09853956,-0.02462076,-0.05717817,-0.01795613,-0.002724472,-0.01330577,-0.007501183,-0.003400824,-0.03910314,-0.0005123679,-0.07257775,-0.07819565,-0.15141925,-0.0049332874,-0.37314588,0.00088520267,-0.07035835,0.055863183,0.0,-0.04064733,0.07950073,0.0,-0.06137732,-0.12330497,0.0,0.029711138,0.009130543,0.0,-0.12083692,0.05924193,0.0,-0.335847,-1.2805305,-0.105746366,0.06757857,-0.104433455,-0.06358174,-0.31266168,-0.041391853,-0.2372754,-0.01783023
-0.0018552059,-0.017335894,0.10768262,0.06892856,-0.18325248,-0.055627607,-0.04664068,-0.026267812,-0.25061798,-0.08251141,-0.042029995,-0.012520071,-0.08094495,0.0026054732,-0.058667377,0.031108413,-0.16866462,0.0025713467,-0.46926382,-0.00076006853,-0.010244704,-0.236142,0.0,-0.013685843,-0.0708836,0.0,-0.041479737,-0.47932136,0.0,0.0033418234,-0.011553987,0.0,-0.051134754,-0.018518766,0.0,-0.026281321,0.4291805,-0.0014272258,0.085348405,-0.41614738,-0.109146215,-0.10569877,0.038912922,0.010416355,0.035088062
-0.014491943,0.07710972,-0.17916107,0.049280208,0.033805765,0.025519723,0.003900417,-0.0011266237,0.01854728,0.0074213766,-0.024330227,-0.011712121,-0.13350555,-0.0014694767,-0.047064826,-0.14008942,-0.17997935,-3.6577447e-05,0.19731261,0.00011602065,0.008532016,0.1027267,0.0,-0.0015271122,0.040268335,0.0,-0.07882029,0.07799014,0.0,-0.01307903,0.0026528107,0.0,-0.10557206,0.030865949,0.0,-0.059904106,0.49382418,-0.023601592,0.059898056,-0.1851332,-0.09495515,-0.004016692,0.0127414735,-0.41624522,-0.08981662
-0.038831215,1.1532961,0.20719357,0.3182136,-0.009840671,-0.0019398741,-0.020667357,-0.01185067,0.04663955,0.016368048,-0.011465979,-0.0039867265,-0.048639588,-0.0015910753,-0.027790528,0.059885576,-0.17347118,0.0037052867,-0.30420968,-0.0008511441,0.0038247744,-0.08230479,0.0,-0.011646623,-0.005992951,0.0,-0.025414933,-0.25710762,0.0,0.015180586,0.019902872,0.0,-0.057854943,0.013135299,0.0,-0.04418045,0.6299583,0.022787796,0.11035602,-0.25941396,-0.08952101,-0.0055126306,0.036374725,-0.10265679,0.015466224
-0.039624352,-0.44053453,-0.4051772,-0.23704138,-0.023193715,-0.009128543,0.022332156,-0.008099504,-0.19653097,-0.08069275,0.080241986,-0.0013718654,-0.003402401,-0.013043365,-0.053764842,-0.06424907,-0.13991788,-0.00037058038,0.16323225,0.00015531157,-0.0010343455,-0.08192985,0.0,0.0007825987,-0.052892048,0.0,0.08633609,-0.429702,0.0,-0.103961065,-0.010889236,0.0,0.06840526,0.008435851,0.0,-0.12700424,-1.0485995,-0.16410436,-0.7411299,-0.11638387,-0.07982817,-0.028880723,0.007709421,-0.22159661,-0.11355184
-0.033482403,-1.6092128,-0.303538,-0.44166017,-0.05657484,-0.013985024,0.04253658,-0.0044865413,0.016704831,0.0069121616,-0.029142512,-0.007692041,0.054152183,-0.0010857942,-0.02203048,0.01624996,-0.12264988,0.005211112,-0.56044626,-0.0020048975,0.006219815,-0.061241142,0.0,-0.03826369,-0.069517784,0.0,-0.042543195,-0.35483336,0.0,0.014262238,0.019006776,0.0,-0.08697399,0.022102054,0.0,-0.116824836,-1.211793,-0.08511565,-0.7488595,0.02610599,0.023899775,0.0020850396,-0.03475675,-0.24255705,-0.15040751
0.07849718,-0.10391414,-0.28521112,0.2019811,0.0069193565,0.0100092245,-0.03410549,-0.007733176,0.0046931934,0.007776242,-0.014827727,-0.0052507045,-0.12549643,-0.0007587271,-0.05800796,0.06802158,0.080557294,-0.000117417396,0.14840099,0.00013896191,0.00070671825,0.089026436,0.0,0.0070750024,0.10938309,0.0,-0.04622587,0.093582645,0.0,-0.0025654682,-0.022744415,0.0,-0.09473367,0.009441644,0.0,-0.045824546,0.5762985,-0.019814026,0.05657058,-0.37183747,-0.18977337,0.0038276697,0.013492911,0.14534585,-0.010389034
0.00057226216,-0.049673937,-0.04884329,-0.3286401,-0.034572773,-0.023445081,0.02615174,-0.0028130256,-0.009848221,-0.004177268,-0.003682778,-0.002784932,0.084855124,-0.0008450273,0.0714726,0.03378633,0.09349999,-0.0018570547,0.27213535,0.00032039717,-0.0021656395,-0.005527174,0.0,-0.06352394,-0.14313185,0.0,0.028976787,0.13651791,0.0,0.00049421296,0.034603633,0.0,0.10662562,-0.1654559,0.0,-0.41158247,-1.3046135,-0.051888537,0.09432894,0.0070662154,0.01159803,0.024553338,-0.18860309,-0.29489252,-0.036510058
-0.039678045,1.1282164,-0.23149066,0.1985744,-0.080664545,-0.020766014,-0.025938492,-0.009512518,0.052094266,0.023003537,-0.011267179,-0.0042506116,-0.069059245,-0.0015910753,-0.031945262,0.05521377,-0.18709806,0.0037052867,-0.34266695,-0.0008511441,0.0034776286,-0.09437827,0.0,-0.01145514,-0.007459825,0.0,-0.033259228,-0.32151854,0.0,0.014782313,0.015703602,0.0,-0.057548214,0.0076264073,0.0,-0.04445409,0.6101141,0.020490993,0.10704659,-0.10630836,-0.053812202,0.0002040783,0.020642884,-0.040557057,0.03135591
-0.023904879,-1.2469449,-0.34157372,-0.18505947,0.0024780603,-0.0043487903,-0.026904784,0.0043978593,-0.093500964,-0.05770558,-0.04209565,-0.010385772,-0.1842278,-0.0011517634,-0.107516445,-0.15898694,-0.19936608,-0.00040689198,0.30469608,0.00019099202,0.028527115,-0.13575852,0.0,-0.021608379,-0.089613035,0.0,0.045920454,0.28503367,0.0,0.04753174,0.025165237,0.0,0.057660967,0.04230074,0.0,0.079557694,-0.9162111,-0.27678806,-0.56664634,0.05112158,0.018393587,0.027578793,0.019975858,-0.28194967,-0.015406446
-0.026259579,-0.5331537,-0.7156411,0.09674255,-0.06085381,-0.019057246,-0.041522738,-0.017023994,0.0053950083,-0.0010958104,-0.021317948,-0.004150122,-0.15722004,-0.00060910475,-0.106152974,0.0064158584,-0.122944295,0.031131402,-0.38436309,-0.01005473,-0.01594326,-0.09542213,0.0,-0.08716819,-0.076430015,0.0,-0.04717206,-0.238792,0.0,-0.0069457297,-0.04472147,0.0,-0.059117597,-0.01976587,0.0,-0.20436771,-1.1210141,-0.12305063,0.06426141,-0.071389526,-0.047591325,-0.07786281,-0.12228526,-0.120023005,0.0071402877
-0.0039219023,0.7157063,-0.5495737,-0.16891298,-0.012302671,0.0042017396,-0.012217454,-0.009556849,0.021421777,0.0049493043,-0.045704607,-0.018579459,-0.15427592,-0.00953501,-0.015343837,-0.20599563,-0.22313935,1.5915568e-05,0.21244377,0.00013896191,0.0059152106,0.08840598,0.0,-0.016891455,0.064387,0.0,-0.06884296,0.1694491,0.0,0.021579985,0.0023138567,0.0,-0.098995395,-0.00051731896,0.0,-0.046640866,0.61699295,-0.0179428,0.061667882,-0.30330878,-0.12268748,0.009631138,-0.005342461,0.14494206,-0.03844812
-0.011631324,-0.7122723,-0.11951417,-0.34982955,-0.10451894,-0.04409117,0.0029257636,0.008236799,-0.002753907,-0.016152672,-0.012488082,-0.0056021186,-0.23969005,-0.0009867696,-0.05566493,0.050759174,0.14240448,-0.0001571007,-0.32302457,0.00066484185,0.0057678483,-0.12999548,0.0,0.0071057347,-0.09120741,0.0,0.03136509,0.119713806,0.0,-0.005048711,0.02772196,0.0,0.034043178,0.07190997,0.0,-0.23526691,-1.1309762,-0.0054584257,0.091921665,-0.010839103,0.010081824,-0.003119228,-0.010829506,0.29946885,0.018910993
0.049006373,-1.5938203,0.030394003,-0.33053538,0.08799924,0.021757578,-0.050594117,-0.0059863385,0.03165982,0.011462634,-0.012346918,-0.0076159555,0.11050151,0.00056006276,0.038343582,0.049835585,0.106937215,-0.0019185824,0.24523954,0.0009981109,0.0035929685,-0.098837696,0.0,0.012787993,0.16899349,0.0,-0.03191629,0.08578006,0.0,0.005454426,0.04438045,0.0,0.057412665,0.073775925,0.0,0.19039957,-1.1360204,-0.0030289781,0.053109467,0.052043017,0.023538245,0.0061738617,-0.062160216,-0.28490436,-0.0116748465
0.349388,-1.5675163,-0.2009744,-0.10526856,0.0071106805,0.003989745,-0.05120471,-0.0019217157,-0.012954937,-0.0011155548,-0.021288933,-0.009917714,0.09772309,-0.001177099,0.03788033,-0.033623245,-0.16579919,-0.0021498776,0.11525693,0.00013401614,-0.00603809,-0.082121454,0.0,0.018433854,-0.0788387,0.0,0.021534448,-0.3577119,0.0,-0.048302986,-0.008330167,0.0,0.039508846,0.046243913,0.0,-0.06143172,-0.9460868,-0.13936529,-0.58241147,-0.11575888,-0.05749164,0.0082836365,-0.059714146,-0.2607025,-0.011423972
-0.033129063,-0.017125182,-1.3537749,0.009947089,-0.056127623,-0.012549439,-0.032559212,-0.0075606615,-0.028876742,-0.0053764908,-0.008939727,-0.0034923002,-0.04034302,-5.233506e-05,-0.07385297,0.0057973303,-0.1133514,0.0028339825,-0.45178005,-0.010403726,0.0021507305,-0.09990054,0.0,-0.043882884,-0.055497315,0.0,-0.060816184,-0.22091104,0.0,-0.009308508,-0.0004160677,0.0,-0.081958994,-0.008388298,0.0,-0.1948495,-1.3670651,-0.14571597,0.058522195,-0.33676282,-0.14281641,-0.09938571,0.0018968534,-0.16037305,-0.17619288
-0.008038547,-0.10646795,-0.03424435,-0.09424723,-0.16304427,-0.0484631,-0.0014919501,0.004920352,-0.16888079,-0.088938326,-0.02708823,-0.01441137,-0.00030246202,-0.0010324486,0.008102248,-0.17103834,-0.23823461,-0.0002910895,-0.3236168,4.972204e-05,0.030633338,-0.22050738,0.0,-0.050227784,0.08031763,0.0,-0.076677494,-0.35531187,0.0,-0.041607462,0.0052998816,0.0,0.015338925,-0.048346024,0.0,0.0032598076,0.36176413,-0.062406868,0.0989573,-0.21386948,-0.080131456,-0.022320293,-0.008327729,0.13083689,0.0068548424
-0.01775791,0.6623939,-0.06954093,-0.04447419,-0.047136825,-0.012561222,-0.05746528,-0.018972857,-0.004086569,-0.013308157,-0.01660917,-0.0054787067,-0.098476194,-0.001952866,-0.02998733,0.045074068,-0.19976091,0.0037987153,-0.49010846,-0.0008511441,0.0057753865,-0.086951666,0.0,-0.012493871,-0.008470056,0.0,-0.021460997,-0.32048878,0.0,0.014706027,0.015822032,0.0,-0.05102126,0.0076994016,0.0,-0.044486083,0.5472175,0.0071145026,0.08524144,-0.12479723,-0.051407322,-0.17543483,0.033157304,-0.15885007,-0.35211813
-0.0014149911,0.3345117,-0.023978027,0.1592089,0.018853834,-0.0010791203,0.0071186195,-0.011780216,0.04638299,0.027903423,-0.016909504,-0.0030054594,0.14385988,-0.001473853,0.07701525,0.14540985,0.22353032,-0.00016059972,0.2480045,0.00011663336,-0.006519783,0.034296945,0.0,-0.036846496,0.07448197,0.0,-0.075018,0.11682382,0.0,-0.00014792534,0.016930899,0.0,0.0193587,-0.017984813,0.0,-0.10276454,0.70262396,-0.016224012,0.07729462,0.08041421,0.050843667,-0.01920859,0.014177337,0.22103973,0.009006945
-0.016396144,-0.4513692,0.2554332,-0.0694672,-0.13334067,-0.045587055,-0.06537705,-0.031569153,0.034341656,0.0117733525,-0.008729117,-0.002551058,0.114277214,-0.00034766534,0.046309914,0.06943012,0.14084312,-0.0025161058,0.15904732,0.0009847353,0.0015296468,0.033450756,0.0,-0.026582066,-0.10248966,0.0,0.03100045,0.14358658,0.0,0.018665439,0.04929976,0.0,0.08088116,0.07539295,0.0,0.17288049,-1.060981,0.009451591,0.07202684,0.07468392,0.024482414,-0.026970742,-0.16821899,-0.31229773,0.004262238
0.0125603285,-0.44017616,-0.29825094,-0.0021995273,-0.06902668,-0.019611929,0.012412009,0.022087231,-0.08584511,-0.048354972,-0.013182328,-0.005857939,-0.16144563,-0.00020977859,-0.044570934,0.037758254,0.11725062,-0.00029943118,-0.4395477,0.0009997041,-0.024345217,-0.2366335,0.0,-0.06391781,0.049723793,0.0,-0.07877279,0.12715009,0.0,0.005979761,-0.05826901,0.0,-0.17679167,-0.028698836,0.0,0.07864342,-0.8375543,0.12714869,0.11481752,0.03524144,0.020129211,0.0004706998,-0.049309295,0.114903666,-0.011979403
-0.009399959,-1.7928399,0.21168686,-0.39120057,-0.11320189,-0.021877285,-0.06337402,-0.02079718,-0.030013897,-0.007050088,-0.014402369,-0.006938562,0.0315684,-0.0003312405,0.005827564,0.031207422,0.106703416,-0.00043714728,-0.5131355,0.00014185467,-0.05040205,-0.06685226,0.0,-0.033637207,-0.02853563,0.0,0.049634226,0.1122398,0.0,0.010827456,0.027791444,0.0,0.04806293,0.052284747,0.0,-0.14896241,-1.4414252,-0.10330827,-0.6619378,0.040763386,0.006374839,-0.08620573,-0.050321408,-0.27411738,0.013624874
0.03877754,-0.34911633,0.29090452,-0.060121525,-0.10363172,-0.047116514,0.010108118,0.00023586421,0.069288276,0.012422219,-0.01162832,-0.002865178,0.09945156,-0.0002585419,0.022234922,0.06280711,0.1354188,-0.0006885004,0.20573626,0.0010326256,0.004162242,-0.07824202,0.0,0.028320637,0.0498777,0.0,-0.05117742,0.17894693,0.0,0.03977948,0.030374767,0.0,0.08826537,0.09759758,0.0,0.20236737,-1.011791,0.015998062,0.06282239,0.09747516,0.036125593,-0.034065593,-0.049562253,-0.21762344,-0.0007372895
-0.03934452,-0.35025507,-0.18238284,-0.29409486,-0.19346447,-0.10696776,-0.04409846,-0.0018528228,-0.030886268,-0.013732025,-0.011661964,-0.004416899,-0.023995565,-0.00090280833,-0.031302243,-0.12875402,-0.19792572,-0.00040470186,0.2515835,0.0011077758,-0.00094517553,0.043273155,0.0,-0.10470153,0.0355488,0.0,-0.09731565,-0.3561569,0.0,-0.07295122,0.0068603284,0.0,0.07549051,-0.018296298,0.0,0.11022644,-0.9568548,0.03799341,0.093778715,0.022100208,0.034922913,0.0048877825,-0.028760366,-0.28589603,-0.077593915
0.027793659,0.041761283,-0.109590076,-0.043443885,-0.031507272,-0.010576322,0.013099204,-0.008833671,0.037283264,0.0142149795,-0.017845467,-0.003999735,0.111462906,-0.001549522,0.036254805,0.12986962,0.20562343,-0.00020908455,0.24166642,0.00010843597,0.001322457,-0.11943069,0.0,0.029971287,0.061469927,0.0,-0.067744255,0.13345483,0.0,0.010721049,0.0008722062,0.0,0.06338671,-0.020300882,0.0,-0.08017185,0.64377075,-0.019117469,0.07152367,0.09052329,0.047061194,0.01360709,-0.010141002,0.2709974,0.009473616
-0.0038161627,-0.327239,0.08438506,0.29952627,-0.250983,-0.06404905,0.03500689,0.028313583,-0.026810678,-0.041101877,-0.013492723,-0.004376028,-0.172368,-0.00013067192,-0.0922383,0.04537802,-0.18281214,0.01643765,-0.4428214,0.0054194536,-0.008104135,-0.10063658,0.0,-0.03991598,-0.10592703,0.0,-0.025034014,-0.34698898,0.0,0.012314027,-0.007887653,0.0,-0.038152054,-0.02525859,0.0,-0.05398153,0.4811205,0.006895603,0.073386855,0.13002862,0.051974867,-0.0009073218,-0.4453229,-0.20522572,-0.08914465
0.0007612542,-0.32998523,0.3135727,-0.13145275,-0.2154197,-0.06403377,0.052512635,0.050653137,0.028065393,0.005641272,-0.0054184673,-0.0037962978,0.08492481,-0.00028286548,0.017411547,0.059657197,0.110138565,-0.0003591729,0.12803368,0.00032394123,-0.00781584,0.23653552,0.0,0.03370002,-0.089594446,0.0,0.052033447,-0.23547165,0.0,-0.026434656,0.019198356,0.0,0.060209855,-0.019905854,0.0,0.0260925,-1.0128973,-0.23501946,-0.48811278,-0.3318228,-0.13295473,0.015748344,-0.032254543,0.1890831,0.021342954
-0.0086437175,-1.7641572,0.26726648,0.027906204,-0.061697356,-0.019948417,-0.0627399,-0.015553247,-0.25980723,-0.073544435,-0.008362156,-0.0036286034,-0.124688834,0.000580318,-0.08961476,0.031936433,0.1114555,-0.0007862132,-0.4170616,-5.7900354e-05,-0.056403782,-0.13328536,0.0,0.008653386,-0.06530945,0.0,0.02115657,-0.24503636,0.0,-0.03615439,-0.007508092,0.0,0.029566202,-0.034317028,0.0,0.06613448,-1.0926946,-0.18208842,-0.81404334,-0.0009893461,0.0061095296,-0.124721594,-0.1515309,-0.18303914,-0.0060287993
-0.031869758,-0.8023836,-0.40554252,-0.49063376,0.015644234,0.025794802,-0.1473306,-0.016991084,0.025421955,0.01852972,0.06204772,0.020804323,0.036545742,-0.0014274274,-0.02946606,-0.040689487,-0.19930679,-0.0008776532,-0.4876038,0.0003814965,-0.062162846,-0.008579633,0.0,-0.15832137,0.066002004,0.0,-0.08729805,-0.29945463,0.0,-0.077643864,-0.016892975,0.0,-0.12858282,0.05772191,0.0,-0.4278916,-1.0140138,-0.0780444,0.059151355,-0.044980694,-0.004187013,-0.0027362613,-0.010638462,-0.29848975,-0.24842417
-0.018063216,-0.18307064,0.1470889,0.023868805,-0.020869138,0.0021486809,0.06550638,0.0069464114,-0.32556024,-0.097697586,-0.014047508,-0.004822417,-0.019968245,-0.0006378022,-0.024424087,0.046168514,0.120070785,-0.00044304915,-0.3600079,0.0009616139,-0.018126935,-0.18990788,0.0,-0.042443205,-0.031533126,0.0,-0.09664426,0.0826179,0.0,-0.0032326456,0.029124415,0.0,0.06600003,-0.000809762,0.0,0.09073522,-0.9625964,-0.015006536,0.08345783,-0.2504551,-0.12019288,-0.021558404,-0.035232,0.090846375,0.0069283675
-0.039858628,0.038733248,0.055295743,0.071022905,-0.0048252377,-0.010851758,0.003413913,0.004081003,-0.03065095,-0.011318083,-0.01745177,-0.003546003,-0.018595409,-0.0007377651,-0.071382456,0.005732158,-0.12525475,0.0032050982,-0.4307232,-0.010374494,0.0005243592,-0.07387405,0.0,-0.0485424,-0.02124462,0.0,-0.048100863,-0.19578041,0.0,-0.0035369094,0.004281965,0.0,-0.07126228,0.01135267,0.0,-0.20299454,-1.4027929,-0.14335185,0.08854595,-0.12314174,-0.05944175,-0.081614256,0.0028666882,-0.121030614,-0.16275188
-0.013232971,-0.6795603,0.3114041,-0.16933742,-0.03142778,-0.0021165984,-0.06457459,-0.0142523805,-0.26561907,-0.12334616,-0.0028799148,-0.0012859001,0.075441465,0.0014410196,0.06336099,0.035881266,0.09307206,-0.003949922,0.16530643,-0.00016431732,-0.009951216,-0.15558961,0.0,0.0035842855,0.11615238,0.0,-0.038611013,-0.33445245,0.0,-0.090278916,0.0035877817,0.0,0.025834836,-0.08832581,0.0,-0.379043,-0.91631955,0.022301726,0.07996948,0.005350938,0.0010599359,-0.020295257,-0.067473985,-0.30704507,0.012807491
0.02039314,0.20500343,-0.18923411,0.026831042,0.011006882,-0.0011033536,0.050442412,0.010481646,0.028384238,0.0030347807,-0.014026716,-0.0028747944,0.17197336,-0.000698047,0.09649897,0.15273774,0.20393841,0.0006381102,0.24203488,0.00011663336,-0.0006550993,0.07527183,0.0,-0.0226675,0.07418493,0.0,-0.06321761,0.10723195,0.0,0.0013925429,-0.012595047,0.0,-0.0942106,-0.016654672,0.0,-0.11231618,0.708733,-0.015640514,0.07028301,0.05104209,0.03366717,0.0050631543,0.0064683426,0.232397,-0.027415913
-0.0015539419,0.10158693,-0.039822794,0.14214414,0.026025841,0.004357676,0.016450537,-0.009686557,-0.12299056,-0.021342967,-0.0136648035,-0.0052846717,-0.06405464,-0.001441217,-0.04284442,-0.042151425,-0.12090045,2.8050694e-05,-0.6647261,0.00012789229,-0.07328435,0.11528689,0.0,-0.009599431,0.06714712,0.0,-0.07461827,0.15775886,0.0,0.003511119,0.018656014,0.0,-0.073484086,0.08016416,0.0,-0.032959666,0.48529032,-0.015359793,0.072238564,-0.31086048,-0.11553092,-0.015763704,-0.0035388514,0.16206771,0.029745443
-0.022048166,-0.52869916,-0.19051996,-0.27065855,-0.013705146,-0.009829363,-0.042095084,0.0019379087,-0.032160547,-0.0010930743,-0.015131455,-0.0063991677,-0.047030456,0.0007726354,-0.028938843,-0.09211711,-0.19652073,-0.00026329336,-0.3903838,0.00085146,-0.09827808,-0.01275682,0.0,0.090175144,0.0031789392,0.0,0.10490606,0.051218446,0.0,-0.0078094252,-0.003913141,0.0,-0.10406942,0.036668245,0.0,-0.3386398,-1.1035607,0.0027996814,0.085661314,0.008440233,0.002960713,-0.0041114786,-0.049759775,-0.22002673,-0.12730947
-0.0056578126,-0.29142305,-0.08649496,0.009809304,0.009208539,-0.018812273,-0.088683985,-0.015738657,-0.27202585,-0.08760965,-0.003143025,-0.00093749806,0.051598407,0.0011697898,0.054151773,0.05133365,0.14046098,-0.0013182538,-0.37972406,-5.9599814e-05,-0.050966177,-0.15478726,0.0,-0.021111637,-0.06948833,0.0,0.028340211,-0.1921109,0.0,-0.041214816,-0.02302863,0.0,0.033166215,-0.022961712,0.0,0.07010489,-1.0817893,-0.20446558,-0.6300528,-0.03793308,1.7765191e-05,-0.20126516,-0.11878231,-0.13372119,0.013924631
0.003020788,-1.0147381,-0.23849471,0.0486248,0.09199453,0.027558852,0.0056394804,0.02279471,-0.103432216,-0.026825445,-0.014774715,-0.007449523,0.068697624,-0.00013098223,0.044780258,-0.07026689,-0.12676483,-0.0006123851,0.22933622,0.00023748909,-0.0020735904,-0.069122426,0.0,0.07558605,-0.07701347,0.0,0.0525336,-0.30922946,0.0,-0.068068296,0.020947214,0.0,-0.07045883,0.07112473,0.0,0.1990467,-0.5305188,0.24739778,0.07046885,0.06049495,0.030304512,-0.007816596,-0.010324497,-0.22707115,-0.032225087
-0.04506273,0.024334727,0.5771428,-0.12409717,-0.093127206,-0.02457217,-0.122217104,-0.013647792,-0.0055993614,-0.01025389,-0.009978954,-0.0038571374,0.053617362,-0.00025407446,0.00190647,0.06490806,0.25552937,-0.00028242782,-0.44788146,0.000111950205,-0.02091352,0.13898762,0.0,0.005216354,-0.020251743,0.0,0.111456454,0.098129295,0.0,-0.0018352674,0.09841799,0.0,0.18632245,0.09722569,0.0,0.06716177,0.47730651,-0.021099567,0.08899597,-0.36408684,-0.15728681,-0.016014865,-0.013092884,-0.24465752,-0.09567838
-0.023223497,-0.7104949,-0.21440428,-0.022785177,-0.05469753,-0.021820154,-0.052865397,-0.008291084,0.010071633,-0.0020673915,-0.004170986,-0.0048688203,-0.05561131,-0.00058770605,-0.083936624,-0.058412544,-0.17135882,-0.0031967375,-0.3062042,-9.018182e-05,0.0048431307,-0.0045040646,0.0,-0.14518812,-0.08760298,0.0,-0.020246224,-0.21863246,0.0,-0.03705,0.03640948,0.0,-0.07909417,0.057358287,0.0,-0.3162908,-0.8623944,-0.0649409,0.050050903,-0.04122192,-0.024019076,0.042243488,0.07848479,-0.2626189,0.013480037
-0.059660934,-1.2062458,-0.29382858,-0.23610288,-0.032304443,-0.015819633,0.017503921,-7.1036935e-05,-0.09999164,-0.06349274,-0.017178819,-0.0076111862,-0.10302054,0.000155505,-0.13274409,-0.03612292,-0.15258968,-0.0027234207,-0.4008255,7.031713e-05,-0.022288863,-0.12508188,0.0,0.015888574,-0.073244296,0.0,0.009489814,-0.27282506,0.0,-0.0490022,-0.007546021,0.0,0.06358044,0.11483212,0.0,-0.09249351,-0.9061096,-0.14576438,-0.6378784,-0.0018481838,-0.0111360615,-0.015559638,-0.022980064,-0.19422738,0.006481857
-0.0015750056,-0.11159374,0.094128005,-0.21646856,-0.020940289,0.0011826057,0.0365997,0.04102648,-0.15954122,-0.075182565,-0.0061890446,0.00031094375,0.12187721,0.0010892992,0.06350156,0.1364114,0.14592665,-7.154129e-05,0.22274004,0.00012223783,0.005325619,0.08226481,0.0,-0.01844153,0.015201705,0.0,0.10011259,0.1181576,0.0,0.0016782618,-0.015931958,0.0,-0.08298982,0.022382895,0.0,0.039087947,0.6440055,-0.026244324,0.0703763,0.025954323,0.017651457,-0.027589532,0.005291517,0.19051594,-0.025501518
-0.010740337,-0.31961638,-0.17868035,-0.1217732,-0.14829126,-0.025484392,0.018001601,0.008981354,-0.09401011,-0.08531371,-0.021313673,-0.005669952,-0.08978282,0.00023972742,-0.06308644,0.015425592,-0.115600914,0.005491155,-0.4065762,-0.009360154,-0.013377411,-0.07307305,0.0,-0.094574995,-0.069861285,0.0,-0.029201401,-0.21737458,0.0,0.005926378,-0.0025410622,0.0,-0.06736032,0.006194152,0.0,-0.25627467,-1.2560121,-0.17855997,0.0710594,-0.08316354,-0.05525577,0.13928331,0.01889111,-0.15518256,-0.03756338
-0.02174879,0.27404207,-0.14148997,0.17337827,-0.029205132,-0.011272481,-0.0367451,-0.019628642,-0.017807452,-0.008982109,-0.008192018,-0.0030629449,0.11793213,-0.0027678679,0.089238346,0.14080861,0.24151988,-0.00044288367,0.24552134,0.000111457884,-0.0006041537,0.094583385,0.0,0.0042647994,0.049054574,0.0,-0.0776636,0.06169382,0.0,-0.014595251,0.013505884,0.0,-0.07949901,-0.041572154,0.0,-0.10146832,0.65048164,-0.009043476,0.06436238,-0.42674518,-0.1892304,-0.0041318256,-0.039315406,-0.21297525,0.004200611
-0.032699972,-0.37491098,-0.7191222,-0.3221942,-0.07435564,-0.016914899,-0.08357658,-0.023684848,-0.22535907,-0.14069888,-0.021778384,-0.0029297087,-0.11096653,0.00027303744,-0.14232421,0.008488418,-0.10728348,0.036330014,-0.3641316,-0.0021173984,-0.0069503016,-0.10684741,0.0,-0.044779625,-0.053461287,0.0,-0.02687233,-0.27238646,0.0,-0.014278996,-0.047499128,0.0,-0.040618625,-0.015296298,0.0,-0.08912616,-1.1976093,-0.07298418,-0.8131635,-0.105120555,-0.054762278,-0.0815728,-0.21132693,-0.11604295,-0.013266534
-0.045899816,-1.5164894,-0.4415684,-0.28405946,-0.012393223,-0.02117864,0.043305133,0.018067012,-0.14171687,-0.061842427,0.103772044,0.036121774,0.025961572,-0.0048591592,-0.04354228,-0.08432369,-0.15656953,-0.00051128713,-0.34341714,0.00027768826,-0.017032215,-0.117835656,0.0,-0.0019517929,-0.05368051,0.0,0.05745744,-0.33464342,0.0,-0.0666754,-0.006654013,0.0,0.027240906,-0.027480869,0.0,0.044844452,-1.1392376,-0.1730092,-0.7782094,-0.11591582,-0.059600994,-0.063185595,-0.018394949,-0.23326455,-0.00054401805
-0.026326122,0.052862152,0.13981476,0.32809258,0.09929812,0.01784571,-0.07526972,-0.036224816,-0.0028219377,0.0034702898,-0.0041951654,-0.002564651,0.025300803,-0.0007655686,0.013990612,0.12107924,0.17946273,-0.00021733872,0.17106812,0.00012714142,-0.0056654457,-0.23635682,0.0,-0.03468481,-0.13471623,0.0,0.01154311,-0.30395263,0.0,-0.04473091,-0.042484365,0.0,-0.08674256,0.09759355,0.0,-0.04325758,0.5357371,-0.024708321,0.077684924,-0.4491827,-0.23351099,0.009063694,-0.025605472,-0.044515103,-0.026235642
-0.033488065,-0.26956585,-0.17806825,-0.37799913,-0.05900746,-0.009946536,-0.0026481554,-0.00796121,-0.10742775,-0.07733574,-0.011379236,-0.0032802005,-0.13271654,-0.00013193855,-0.103302345,-0.11023524,-0.21485247,-0.0011562542,-0.27775267,3.5555277e-05,-0.02712499,0.14032829,0.0,-0.040191606,-0.07938436,0.0,0.030005258,-0.25194407,0.0,-0.030798206,-0.022757642,0.0,0.007821746,-0.012997872,0.0,0.030163374,-0.9139618,-0.2256459,-0.7984726,-0.041892536,-0.021504423,-0.02639619,-0.11590281,-0.23783727,-0.0020087082
-0.004603298,-0.37746927,-0.24127747,-0.33497205,0.09040208,0.05038222,-0.04909069,-0.028201157,0.011817408,0.004858168,0.06830559,0.024156794,0.10974673,0.0015452302,-0.01988048,-0.11877505,-0.17854932,-0.000992218,0.32205322,0.001202187,0.006773469,0.030053364,0.0,-0.09489804,-0.08955777,0.0,0.04183651,0.15661903,0.0,0.013380783,0.043199074,0.0,0.08840434,0.088887565,0.0,0.16655041,-1.10312,-0.010707068,0.07406031,0.05986658,0.0378497,-0.008785505,0.034801833,0.14619732,-0.048360925
-0.0052991714,0.30065548,-0.1653867,0.2187815,0.03921963,0.0074638175,0.014954632,-0.007460961,-0.010144994,-0.004910256,-0.012334821,-0.0036434273,-0.07544065,-0.00019532678,-0.051698793,0.111379154,0.18787211,0.00019921217,0.22923104,0.00011310777,-0.0037230595,0.11079763,0.0,0.007758859,0.05236433,0.0,-0.073979594,0.049744543,0.0,-0.0048372424,0.011924981,0.0,-0.09789639,-0.059666615,0.0,-0.09113864,0.6270456,-0.010605305,0.06517903,-0.28486538,-0.118552655,-0.008695795,-0.021714104,-0.23419787,-0.019835165
-0.04002301,0.6784091,-0.32440737,0.029963646,0.054410998,0.013812359,-0.062155005,-0.015199042,-0.0025706973,0.00087382173,-0.011163699,-0.003120553,-0.075146884,-0.0012352333,-0.080052435,0.029048268,-0.2049338,0.01666614,-0.4751426,-0.0006206066,-0.0036428692,-0.09715796,0.0,-0.01867848,-0.05642406,0.0,-0.02569085,-0.28737977,0.0,0.006597573,-0.013655496,0.0,-0.05193107,-0.00045704521,0.0,-0.043018784,0.55038697,0.01601266,0.087614454,-0.19337003,-0.082876846,-0.0009961168,-0.3658292,-0.13482866,-0.34530222
0.020654006,0.12425835,-0.012374497,0.10056945,-0.119798414,-0.036623184,-0.03647297,-0.010075375,-0.0074308896,-0.0059240116,-0.012016757,-0.0022440532,-0.2508211,-0.00069680874,-0.10087498,0.07127562,0.1530686,0.0007066151,0.3042146,0.00014361776,0.0055192644,0.07463613,0.0,-0.016295552,0.07804483,0.0,-0.07333095,0.13245621,0.0,-0.0011651042,-0.011632127,0.0,-0.10602649,-0.046908315,0.0,-0.008553212,0.6440039,-0.030649522,0.07207598,0.04267893,0.009677019,-0.050087113,0.025998149,0.19593088,-0.0047721746
-0.030741837,1.2450583,0.24189334,0.44500196,-0.034337144,-0.02075283,-0.013106601,-0.018227268,0.035538957,0.018047549,-0.011989245,-0.0038887167,-0.071536765,-0.00082660676,-0.03571076,0.05956859,-0.19593886,0.0023992178,-0.33209336,-0.0008139279,0.004296997,-0.08137697,0.0,-0.013193287,0.0050138743,0.0,-0.042758778,-0.30408376,0.0,0.019213486,0.010493648,0.0,-0.05752442,0.022690414,0.0,-0.049987547,0.6516575,0.023908535,0.113590114,0.07877,0.041021027,0.029456662,0.028977716,-0.17819923,0.010712886
-0.0025057634,-1.622037,-0.046796646,-0.06715393,0.0022713032,0.0054846853,-0.06462842,-0.00900308,0.041351583,0.012966571,-0.0076832753,-0.00368327,0.053433,-0.00036046555,0.036482576,0.039444044,0.13762788,-0.0016958517,-0.52463317,6.14773e-05,-0.09655676,-0.15253636,0.0,-0.024913805,-0.071057096,0.0,0.013568836,-0.23682164,0.0,-0.05397418,0.024492608,0.0,0.075435825,0.006465506,0.0,0.07180562,-1.1045408,-0.37120858,-0.907735,-0.023479247,0.0012425906,-0.064992025,-0.079971574,-0.20738316,0.0060149375
-0.024665605,-0.53514254,-0.343328,-0.4111684,0.06338461,0.016530763,0.005049134,0.0003519238,-0.14537291,-0.07638608,-0.005280496,-0.0016970651,0.06876625,0.000612678,0.07207301,-0.03924661,-0.15857981,-0.0017466189,-0.29856804,-0.00012903812,-0.02376037,0.14044829,0.0,-0.044143014,-0.05405292,0.0,0.055611577,-0.20146516,0.0,-0.01962933,0.09173672,0.0,-0.08400365,0.07012824,0.0,-0.10755127,-0.9985126,-0.10237844,-0.5724559,-0.052247282,-0.03699691,0.008723268,0.04977837,-0.31373674,0.041347314
-0.0014692536,-0.42601517,-0.10451638,-0.32139716,0.062325377,0.0038918995,-0.05969687,-0.011248383,-0.17859058,-0.10745728,0.019989891,0.011305116,0.058748152,-0.007154764,-0.06128398,-0.058332246,-0.1525106,-0.0013109734,0.20019908,0.0014981179,-0.008213757,-0.060522683,0.0,0.13642845,-0.09673851,0.0,0.022295222,0.15384065,0.0,0.017219426,0.008704783,0.0,-0.0829625,0.06065085,0.0,0.13529503,-0.8723058,0.07809307,0.10162026,-0.0019147671,0.028119031,-0.058813658,-0.3696646,-0.20722331,-0.05282345
-0.00992606,-0.23622614,-0.31307223,0.010162291,0.13456269,0.032017723,0.041224472,-0.019289711,-0.09376317,-0.116829626,-0.029120661,-0.004807596,-0.09503684,-0.0006672024,-0.067234166,-0.1987913,-0.22722389,-0.0011424527,0.11857982,7.883086e-05,-0.0047478573,-0.00024069048,0.0,-0.040270586,-0.15020017,0.0,0.026071966,0.07834627,0.0,0.0029273576,-0.04453497,0.0,-0.003835685,0.022598192,0.0,-0.053916752,0.48763,-0.033495788,0.05862095,0.040897816,0.03357688,-0.004893887,-0.15377982,-0.3629051,-0.07063661
-0.010611983,-0.22597839,0.020827694,0.1172441,0.047126822,-0.003521971,0.01640704,-0.0025403814,0.026051061,0.017178878,-0.045039915,-0.018144606,-0.14149387,-0.0041692513,-0.04424385,-0.1836267,-0.2334049,0.00018159376,0.13502981,0.00011385297,-0.009021495,0.077505454,0.0,-0.04142528,0.08214105,0.0,-0.06489694,0.15095931,0.0,0.010433564,-0.0038436386,0.0,-0.09803998,0.0034096083,0.0,-0.066678576,0.4665237,-0.026842797,0.061083533,0.053523436,0.021875203,0.036560077,-0.012219596,-0.43111035,0.014307045
-0.021233892,-0.25826406,0.20012556,-0.28683326,0.014415956,-0.0098417,-0.10908385,-0.039590817,-0.0025563256,0.00068345736,-0.011176555,-0.002859883,-0.25695926,-0.0011464655,-0.095144525,0.14618509,0.21429984,-0.0010994335,0.07438535,8.452189e-07,-0.019874927,0.058865752,0.0,-0.052301586,-0.08342276,0.0,0.03953208,0.16500865,0.0,0.017569758,0.030403499,0.0,0.046178266,0.05339337,0.0,0.045747038,0.54066354,-0.02207188,0.06985806,0.08084297,0.030382855,-0.016294282,-0.19829635,-0.31409305,-0.031495962
-0.011775805,0.6503399,0.12203337,0.26259837,-0.20778053,-0.06453413,0.070322365,0.008637878,-0.09915923,-0.008905117,-0.008502088,-0.0013227251,-0.13472825,-1.1973403e-05,-0.04465534,0.075095646,0.27041295,0.00019079454,-0.6868501,7.2598385e-05,-0.08929072,0.08448993,0.0,-0.032181066,-0.008439781,0.0,0.15778267,0.15238158,0.0,0.009836471,-0.03674131,0.0,-0.120485045,0.017615298,0.0,-0.0038865875,0.53722566,-0.031411108,0.10460355,0.060534187,0.02509678,-0.03665245,0.026860334,-0.19574472,0.044829804
-0.0053965054,-0.38742575,0.08541779,0.029031496,-0.06744297,-0.023695948,0.010906128,0.0063753705,-0.07022706,-0.02244631,-0.013914136,-0.0077950642,-0.09765664,-0.0001337781,-0.020127006,0.061159775,0.1025169,-0.00053990766,0.111063585,0.0009200398,-0.005929423,-0.0871868,0.0,0.008001071,-0.100353725,0.0,0.024416868,0.06252669,0.0,-0.008196746,0.042630233,0.0,0.07874251,0.03936249,0.0,0.1425296,-0.98739713,0.021951023,0.096027486,-0.36469284,-0.1373161,-0.05762252,0.0044565466,-0.21576898,-0.028500864
-0.03639531,-0.29292125,-0.088833444,0.18388875,0.07333461,0.027439812,-0.009332723,-0.0031439972,-0.0071538645,-0.0014829881,-0.008566109,-0.005114909,0.045514036,6.86093e-05,-0.015481974,-0.013305342,-0.1495533,-0.001241225,-0.31653517,0.0008918548,-0.010565432,0.039536923,0.0,0.11730329,-0.09781099,0.0,0.04798375,-0.12314529,0.0,0.011099106,-0.0067960294,0.0,0.02696138,0.09718839,0.0,-0.31426138,-0.88144433,0.017325856,0.09556806,-0.08393668,-0.061072767,0.02317142,-0.010173288,-0.1532843,-0.041930277
0.0500857,-1.0016128,0.25819117,-0.19111687,-0.2370862,-0.05257901,-0.089352675,-0.0063786935,-0.018595174,0.0012239303,-0.015180055,-0.009788521,0.049954448,-0.00033219066,0.0127075445,0.049273383,0.11445912,-0.000559853,0.27536228,0.0003068893,0.027765386,0.089372136,0.0,0.030834155,-0.0691737,0.0,0.02725463,0.15012003,0.0,0.004210358,0.026736742,0.0,0.053571105,0.04230946,0.0,0.07256894,-1.2865083,-0.078808665,-0.40671128,-0.34644145,-0.17434405,-0.0814041,-0.025249293,-0.21682651,-0.012470903
-0.01316384,0.577911,-0.078354046,0.13933982,-0.07650487,-0.033800814,-0.010385225,-0.010058794,0.030038802,0.0117533365,-0.014842521,-0.013225992,-0.081145674,-0.0017314332,-0.03489772,-0.116076335,-0.20503214,0.0004964039,-0.4732636,0.00012483532,-0.09514207,0.07429349,0.0,-0.043451566,0.09481935,0.0,-0.060621545,-0.44553658,0.0,-0.1833084,0.030421477,0.0,-0.084302545,0.0549729,0.0,-0.02476928,0.5352071,0.009185191,0.098532215,0.14128247,0.062011454,0.030493315,-0.011528992,0.23137406,0.009361152
-0.011378519,-1.0609535,0.0142477965,-0.24760206,0.12244302,0.025529819,-0.08634367,-0.029137937,-0.1898839,-0.07098663,-0.017648617,-0.008992625,0.107432246,-0.0008501595,0.03163411,0.05344508,0.10182246,-0.00055079465,-0.6365521,0.00018683047,-0.0821445,0.27564022,0.0,0.026825288,0.093732,0.0,-0.09785817,0.15147288,0.0,0.017646162,0.01676623,0.0,0.090989605,0.014948023,0.0,0.07938989,-1.1476352,-0.059447806,-0.46366626,0.075160116,0.039356012,-0.08047288,-0.01425875,0.2154172,0.02090592
-0.018606853,-0.55364466,-0.2941792,-0.39043158,0.079669654,0.0042515188,-0.06379181,0.017398044,0.012865593,-0.021765646,-0.07104421,-0.011988541,-0.0036730312,-0.0033065462,-0.04343718,-0.2752263,-0.2788101,-0.00029961168,0.02955816,9.280715e-05,0.0042369966,-0.13412692,0.0,0.019496774,-0.04543354,0.0,0.10053427,0.07672555,0.0,-0.003651255,0.010947468,0.0,-0.06954181,0.00453191,0.0,-0.09102299,0.41389114,-0.0229501,0.055754367,-0.28388828,-0.1298571,-0.123118326,-0.047852013,-0.27375355,-0.02489944
0.30060175,-0.43301988,-0.45008835,0.06318831,-0.09095064,-0.031755984,-0.07980078,-0.022441827,-0.020501545,-0.010787945,-0.011848529,-0.003490839,0.058652125,-0.00053978513,0.044182476,-0.06381931,-0.17343718,-0.0004723905,0.12114242,0.00014773644,-0.00078361656,-0.09877933,0.0,-0.0034660115,-0.10966053,0.0,0.0151537955,-0.34551445,0.0,-0.07937723,-0.0077293976,0.0,0.059695046,0.0042141685,0.0,-0.09554689,-1.0486579,-0.113659665,-0.31765765,-0.0037387297,-0.0046818587,-0.109755404,-0.06665695,-0.21592888,0.00014357393
-0.007102572,0.82115525,-0.44493863,0.27143577,-0.06317381,-0.0051343627,0.012242994,-0.00017556983,0.015716996,0.0027325903,-0.034013204,-0.013734948,-0.22894117,-0.0023985803,-0.032598827,-0.3067447,-0.27565217,0.00047770352,0.2206106,0.00014361776,0.006229725,0.10417608,0.0,-0.029292524,0.057266176,0.0,-0.07408519,0.16599743,0.0,0.018374717,0.036080427,0.0,-0.07414003,-0.034560505,0.0,-0.036359727,0.59281325,-0.03280054,0.07099598,0.038353223,0.005683317,-0.0034577446,0.0022339486,0.19193406,-0.025033064
0.0075527723,0.8160014,-0.0022998266,0.10857706,-0.028338494,-0.017100945,-0.035365492,-0.017621052,-0.20658913,-0.06820283,-0.016607327,-0.0041356296,-0.11764418,-0.0016201588,-0.0463311,0.13233097,0.17355558,0.00046140517,0.21584946,0.00012383194,-0.0040459163,0.06610459,0.0,-0.02611327,0.05490642,0.0,-0.08077208,0.18113512,0.0,0.020266488,0.03698389,0.0,-0.078328766,0.04666939,0.0,-0.033897962,0.7039212,-0.017590396,0.077748954,0.033895195,0.021650748,-0.031283963,0.023666337,0.15344474,-0.02990425
0.31638056,0.3948091,-0.076801315,0.20418213,-0.01220555,-0.023873175,-0.02153281,-0.007122757,-0.0015423776,5.7737336e-05,-0.015759058,-0.009337819,-0.0003363669,-0.0009941861,0.022922955,-0.09752153,-0.17807847,-4.235351e-05,0.24683635,0.000111457884,0.012293021,0.09948565,0.0,0.0009819507,0.040419254,0.0,-0.08666185,0.111805804,0.0,-0.0027602671,0.025078405,0.0,-0.07804828,-0.01633138,0.0,-0.09238468,0.5705449,-0.013884943,0.057807866,-0.21416052,-0.09266171,-0.013205611,-0.019275758,-0.287905,-0.032458626
-0.0009869235,-0.4712692,0.022500318,-0.55454516,-0.03875155,0.015364306,0.0025310207,-0.023457669,0.025721313,0.02078882,-0.012390872,-0.0031177518,0.12189963,-0.0012098534,0.09019481,0.11232136,0.19863226,-0.00019833959,0.17184146,9.289298e-05,-0.00011664485,-0.25410712,0.0,0.013924037,0.05581082,0.0,-0.07461671,-0.48728007,0.0,-0.037636686,-0.026665788,0.0,0.021888264,-0.012445778,0.0,-0.07857758,0.5004442,-0.03376694,0.0733312,0.042870693,0.024192348,0.016753038,-0.017146794,0.25806805,-0.019394083
-0.032751855,-1.5803442,-0.32768244,-0.36658558,-0.04997169,-0.0035480687,-0.033626523,-0.009915664,0.0074339868,0.004628061,-0.020594254,-0.009182362,0.07340517,-0.0006291338,0.017288206,-0.09498772,-0.19020535,-0.0016118992,-0.36499104,0.00023117455,-0.03156836,-0.128661,0.0,-0.025535734,-0.075504586,0.0,0.018440573,-0.30702788,0.0,-0.080251105,-0.02351625,0.0,0.06274587,-0.052171495,0.0,0.019799748,-1.0205523,-0.24990788,-0.8846711,-0.118456155,-0.054812174,-0.018932067,-0.014573655,-0.21090412,-0.0010356221
0.04361371,-1.5974917,-0.060407672,-0.01754988,-0.019901458,0.0001667157,0.039483152,0.01305527,-0.13301787,-0.056641582,-0.007941642,-0.0029840965,0.0354731,0.00039185674,0.027408846,0.036584746,0.11700432,-0.00044281274,-0.52708745,0.00017102322,-0.06996413,-0.15054744,0.0,-0.032709055,-0.019623872,0.0,0.04365773,-0.2879806,0.0,-0.058397636,0.021931633,0.0,0.06520476,-0.006675619,0.0,0.07268505,-1.108068,-0.30230016,-0.7748429,-0.023715192,0.006410736,0.13344988,-0.0050951866,-0.18138297,0.0023741936
0.03627357,0.3000642,-0.1066114,0.12857299,-0.04708517,-0.00795812,0.009224568,0.012411906,0.01731154,-0.0025368251,-0.012738864,-0.0025031588,0.16472553,-0.0010739722,0.15460595,0.12017486,0.21962355,0.0006692766,0.28702328,0.000102941165,0.007089805,0.05219269,0.0,-0.02121695,0.051902305,0.0,-0.08459431,0.11658101,0.0,0.0051148557,-0.0027362192,0.0,-0.09318031,-0.062091015,0.0,-0.073763505,0.66198415,-0.016367225,0.073041864,0.028135736,0.023862384,-0.05440614,0.031687792,-0.32297498,-0.069807924
-0.008281355,-0.1563846,-0.0763505,-0.036982447,-0.07034716,-0.01570445,-0.03652135,-0.010600611,0.010573056,0.008856934,-0.011162672,-0.004540223,0.06793273,-0.0013549232,0.104829915,0.051123608,-0.12514606,0.006888088,-0.37005556,-0.010382669,0.0035472808,-0.072420746,0.0,-0.04762206,-0.044859517,0.0,-0.029106136,-0.19367412,0.0,-0.00064902264,0.013536436,0.0,-0.05186794,0.002234592,0.0,-0.119146325,-1.0447605,-0.08553645,0.06672916,-0.06817613,-0.049753513,0.117437184,-0.05541117,-0.13836026,0.043647125
0.16015667,0.87543887,-0.20684181,0.30634874,0.03371333,0.0041250275,-0.1584131,-0.04496872,0.050788544,0.010637556,-0.016069347,-0.0046628383,0.19799016,-0.0016653006,0.06871457,0.13915418,0.19352612,0.00040911857,0.21116179,0.00013288436,-0.002647719,0.05336011,0.0,-0.031268265,0.041803777,0.0,-0.09992428,0.19893491,0.0,0.025423195,-0.0050555454,0.0,0.018341389,0.022267822,0.0,0.05031353,0.66338456,-0.024220563,0.0788452,0.06446069,0.022662535,-0.026461743,-0.0028718617,0.1353328,-0.028073171
-0.032943577,0.76202637,-1.0947795,0.20543316,-0.023011127,0.009138253,-0.006521575,-0.008671909,-0.010877553,-0.008662715,-0.016657257,-0.002915667,-0.026005754,-0.0022615553,-0.025644233,0.034789123,-0.23261039,0.0033328068,-0.53052163,-0.0008648477,-0.0014805648,-0.18414652,0.0,-0.012913766,-0.023372369,0.0,-0.018146016,-0.35627994,0.0,0.0059382278,0.0022833787,0.0,-0.05328787,0.0019604298,0.0,-0.038421545,0.5374054,0.0058343927,0.07360224,-0.45532387,-0.21982194,0.0013070831,0.010337897,0.16425629,-0.15050563
0.07357346,-0.027417343,0.20513807,-0.21963972,0.021068923,0.011473474,0.013651586,0.0073251384,0.062505536,0.015338402,-0.012413033,-0.0029672056,0.18534751,-0.0007071567,0.091863595,0.1152876,0.19089885,-0.00020811848,0.19431703,0.00014060098,-0.0032845908,0.09012086,0.0,-0.0009668547,0.055244338,0.0,-0.06839949,0.12553902,0.0,0.018294359,0.057075437,0.0,0.09869039,0.038211,0.0,0.030901723,0.57657564,-0.025415178,0.0663005,0.09969477,0.046886567,-0.0048272964,0.0020019095,0.15190208,-0.025035769
0.0577871,-0.5189829,0.21655035,0.10286208,0.014246658,0.016306521,-0.048969954,0.008455925,0.026552841,0.0032927736,-0.017951678,-0.0033177098,0.17575574,-0.0007751557,0.06893893,0.122646496,0.18464266,0.00016796877,0.23751439,0.000110269895,-0.0010943321,0.115118824,0.0,-0.018076304,0.08198375,0.0,-0.07377792,0.14147277,0.0,0.01591997,-0.029882686,0.0,-0.048141297,0.054749146,0.0,0.040786557,0.58168185,-0.02829765,0.07041001,0.05770527,0.02752811,0.0036011874,-0.0012789125,0.25484607,-0.021418568
0.005060012,-0.46731153,-0.20359296,-0.055574805,-0.059256032,-0.010729599,0.04535941,0.018212546,-0.10378863,-0.041313164,-0.013675882,-0.0044738934,0.11829331,-0.00015999247,0.050241854,0.12056819,0.16260093,-0.00010389146,0.1833339,8.551856e-05,-0.018997641,0.09283167,0.0,-0.026030364,-0.10829106,0.0,0.058070645,0.090952486,0.0,0.0060598864,-0.007101124,0.0,-0.096628144,-0.041907787,0.0,-0.08873328,0.59886706,-0.02206922,0.06671594,0.013990014,0.026249504,-0.000896173,0.010560337,0.331683,0.022244226
-0.023529043,-0.35462368,0.25139552,-0.069602475,0.050022464,0.019084068,0.077635296,0.017633336,0.05903894,0.023998026,-0.00961281,-0.007076328,-0.1861423,-0.00081705465,-0.088572174,0.011158044,0.111803465,-0.00047230022,-0.3654398,0.0003361983,-0.030238098,-0.27842218,0.0,-0.07655453,0.073325425,0.0,-0.06928705,-0.22610684,0.0,-0.06075706,0.018501317,0.0,0.09498937,-0.044688858,0.0,0.043024752,-0.8365984,-0.24359263,-0.65886337,0.00729572,-0.009045253,0.0019576333,-0.059491098,0.027821947,0.002922346
-0.028450161,-0.65518135,-0.10079378,-0.46379498,-0.06593542,-0.033696465,-0.031214729,-0.006069022,-0.17729978,-0.07439186,-0.008770499,-0.0014861394,-0.1500108,0.0008487073,-0.12697327,0.033299938,0.09082264,-0.0018847149,0.17373325,0.00012315952,0.0008669529,-0.18190528,0.0,-0.053674005,0.04376275,0.0,-0.09212688,-0.37974936,0.0,-0.085929036,0.016443063,0.0,0.081629954,0.0025801053,0.0,-0.15385239,-1.1000602,-0.19089518,-0.7720462,0.011967066,-0.009919378,-0.073695354,-0.009378699,-0.19494635,-0.23288251
-0.038497947,1.1692045,-0.13840015,0.29427922,-0.07144995,-0.022208652,-0.025603019,-0.011508106,0.05279694,0.025741324,-0.011145606,-0.0044764467,-0.076948375,-0.0015910753,-0.03248781,0.05521377,-0.18675503,0.0046002157,-0.3248147,-0.0008511441,0.0035101792,-0.09809065,0.0,-0.01145514,-0.010878944,0.0,-0.03262826,-0.3058738,0.0,0.015045729,0.022593765,0.0,-0.061539996,0.0041399873,0.0,-0.046475258,0.6099458,0.020080538,0.109559976,-0.08261917,-0.06283642,-0.00034312162,0.014631811,-0.043090656,0.05285883
-0.03928625,-0.020957757,-0.36916703,-0.028627178,-0.03764692,-0.038450543,-0.101107106,-0.05091391,-0.15834224,-0.090418324,0.003854236,0.0019793455,-0.029193124,-0.0063579404,-0.035146445,-0.030209504,-0.14820114,-0.0005158136,-0.36597633,0.0014220888,-0.045386903,-0.08760571,0.0,-0.0652758,0.012084531,0.0,-0.10531018,-0.1879287,0.0,-0.002769452,0.0044435523,0.0,-0.11541962,0.09468883,0.0,-0.3387754,-1.1818198,-0.060789537,0.08972068,-0.13507417,-0.07870658,-0.029709673,-0.039569646,-0.17413428,-0.1810659
-0.032995053,-0.3757605,-0.3665372,-0.30879334,-0.061239544,0.0056220833,-0.055051982,-0.0013490145,-0.10927009,-0.066027604,-0.017665735,-0.005313091,-0.0842077,0.00045970478,-0.10649202,-0.075190306,-0.14823553,-0.005647859,-0.25524563,0.00014759216,-0.013984841,-0.15179968,0.0,-0.011190123,0.014200341,0.0,-0.07774773,-0.21597682,0.0,-0.07093471,0.010462898,0.0,-0.09699011,0.036627784,0.0,-0.10597833,-0.9178388,-0.10950534,-0.7620203,-0.075570256,-0.05986253,-0.14002773,-0.044596836,-0.20304993,0.028076284
0.006550134,-0.32160145,-0.24571273,0.09502592,-0.023913031,0.0004522826,-0.05973621,-0.0013184943,-0.29478732,-0.13533536,-0.007818938,-0.004729609,0.08650458,-0.00019590353,0.049982864,0.050283235,0.13766341,-0.00052432006,-0.53309566,0.00018902379,-0.08711942,-0.19663665,0.0,-0.039030608,-0.02811328,0.0,0.06294695,-0.2977912,0.0,-0.071259096,0.011901427,0.0,0.08856709,-0.028889287,0.0,0.057238672,-0.9851696,-0.18384765,-0.56848913,-0.029294288,-0.0031826936,-0.17235719,-0.0006763262,0.07381535,0.022403883
0.0385685,-0.62689567,0.5383001,-0.38666654,-0.01644697,0.0058501656,-0.027282847,-0.007992115,-0.14246829,-0.080632076,-0.006682884,-0.0016182666,0.14393978,-0.00021243149,0.08311598,0.122100376,0.19446497,-0.00089979346,0.17727491,-2.7055925e-05,0.00910829,0.12969567,0.0,-0.030057115,-0.08386863,0.0,0.026397485,0.133619,0.0,0.016080158,0.12146588,0.0,0.11575229,0.09478529,0.0,0.06649996,0.5336368,-0.013686704,0.04446286,-0.0063747377,0.011774019,-0.0040636514,-0.13237368,-0.3083925,-0.0086834915
-0.007321238,0.27311224,-0.10739288,0.018442577,0.027878195,-0.0031340744,-0.024313463,-0.011049687,-0.007202233,-0.0020401543,-0.006726881,-0.0022300405,-0.1304015,-0.0009827556,-0.06298176,0.10704369,0.17665204,0.000762453,0.20833176,0.00011094009,-0.0030598592,0.066814676,0.0,-0.0029330112,0.07987756,0.0,-0.068772614,0.095027044,0.0,-0.005909732,-0.009871002,0.0,-0.10954557,-0.037345152,0.0,-0.079635054,0.6241422,-0.016176326,0.06650974,0.046281427,0.021353282,0.014316848,-0.017348131,-0.38737872,-0.08713395
-0.040558908,-0.08328806,-0.059402473,-0.022090875,0.05963959,0.011507356,-0.0144430315,0.0067571257,-0.074329115,-0.032037053,-0.014140588,-0.0028887645,-0.079149865,0.0011537058,-0.1259609,0.007845507,-0.11498489,0.0035750493,-0.42757908,-0.002437162,0.006700048,-0.12616944,0.0,-0.00918434,-0.01586735,0.0,-0.051582903,-0.22387134,0.0,-0.00028781334,-0.01116923,0.0,-0.041947946,-0.008853725,0.0,-0.11023028,-1.3745065,-0.07420298,-1.0111744,-0.14559442,-0.07454495,-0.087015785,-0.0030469256,-0.10040528,-0.14831355
-0.039290264,0.67553395,-0.15236995,0.091413245,-0.002728493,0.00586979,-0.033680335,-0.003288354,0.03819574,0.009580969,0.07638799,0.038869057,0.06729083,0.0043605636,-0.016562495,-0.15183511,-0.19469452,-0.0001373087,0.13364497,0.00011602065,-0.002234082,0.014740544,0.0,-0.033694327,0.06080296,0.0,-0.07368214,-0.6274954,0.0,-0.31098905,0.004650775,0.0,-0.097934775,0.015601518,0.0,-0.08419189,0.5209837,-0.018623978,0.074894264,-0.12384192,-0.12058532,-0.026141895,-0.0021057455,-0.17191678,-0.09826799
-0.022266466,-0.0389955,-0.10463994,0.1539873,0.06115463,0.017327648,-0.13067807,-0.035666563,-0.22512498,-0.12654977,-0.022551503,-0.005164018,-0.09144799,-3.5181205e-05,-0.12590985,0.025966506,-0.09935575,0.007960068,-0.30790463,-0.0024555363,-0.004526589,-0.1236855,0.0,-0.012100487,-0.017354097,0.0,-0.015729023,-0.25030702,0.0,0.015739853,0.0072227963,0.0,-0.03582889,0.011707204,0.0,-0.113013074,-1.1821067,-0.066326246,-0.62904996,-0.055873685,-0.03576392,0.08299177,0.028845744,-0.15531419,-0.027907196
-0.038219243,-0.5564035,0.07489627,-0.012675971,0.018903108,0.004748915,0.031437717,0.002687635,0.023452763,0.009557205,-0.017454755,-0.003867736,0.11729765,-0.0005682463,0.032526623,0.14917746,0.25126255,-0.00023530023,0.25503376,0.00010602736,0.019086197,-0.11997911,0.0,0.021988826,-0.0060766577,0.0,0.09102663,0.14393844,0.0,0.008207973,0.0797933,0.0,0.104886524,0.0736277,0.0,0.04431826,0.45798537,0.00801596,0.032524053,0.072790794,0.02850457,0.034040716,-0.0018095248,-0.36762404,0.0033016335
-0.012489633,-0.015338932,-0.43696347,-0.022989724,0.1444448,0.034760095,-0.17620851,-0.026029492,-0.02065708,-0.0046996493,-0.041406438,-0.00592031,-0.22446485,-0.001543529,-0.08400357,-0.3370229,-0.320121,-0.0011126108,0.08803681,2.1513726e-05,-0.011504666,0.03197849,0.0,-0.038200147,-0.15330184,0.0,0.037123054,0.10136301,0.0,-0.0021469356,-0.0049053747,0.0,0.048864838,0.019178143,0.0,0.023974853,0.45111358,-0.043429755,0.062355462,0.025449565,0.034212504,-0.011411103,-0.25481147,-0.4844321,-0.059811488
0.00626083,-0.45515093,-0.04094153,-0.043073382,-0.05909128,-0.019575868,-0.06405926,-0.013124552,0.040453747,0.008523637,-0.009356188,-0.0048690136,0.072420724,-0.0009133181,0.03135588,0.054043926,0.1527391,-0.0003126333,-0.49187297,0.0003044161,-0.08805275,-0.17317194,0.0,-0.035685316,-0.04320437,0.0,0.042844623,-0.23018919,0.0,-0.05023828,0.014930925,0.0,0.06525623,-0.026319038,0.0,0.020643925,-1.0284345,-0.31363702,-0.6979534,-0.032943945,-0.0007633817,-0.11535713,-0.012065724,0.10733291,0.029207528
0.14521031,1.1191088,0.19176148,0.054976307,-0.040266864,-0.01720036,0.0008088264,-0.0008325313,0.048030216,0.010142262,-0.012657505,-0.005196314,0.19391048,-0.00048421283,0.05978718,0.109451465,0.1714875,0.0005132478,0.2558823,0.0001393023,0.0058349194,0.08112663,0.0,-0.03458767,0.047451764,0.0,-0.089077,0.16049963,0.0,0.015360006,0.03117544,0.0,-0.049926706,0.05067125,0.0,0.08511322,0.7466381,-0.016086359,0.075180426,0.052854497,0.015407268,-0.020147072,-0.011818382,0.1435799,-0.038957514
-0.019523662,-0.29465747,-0.16658382,0.1674333,0.01925907,0.020561349,0.0037106893,0.016791219,0.038159356,0.034352437,-0.013172338,-0.0032739034,0.11948574,-0.00090494665,0.11955674,0.028646931,-0.122927226,0.056668356,-0.41251627,-0.0025932468,0.007951196,-0.06965002,0.0,-0.003071622,-0.075080164,0.0,-0.03234788,-0.24649206,0.0,0.0056486605,-0.02511473,0.0,-0.037795775,-0.013874216,0.0,-0.039358374,-1.1568586,-0.072706945,-0.61602664,-0.18063894,-0.08282202,-0.018668711,0.17407863,-0.110156864,0.032172013
-0.035851657,-0.48070985,-0.38992938,-0.390714,-0.028319627,-0.021789812,-0.059424203,-0.004117849,0.0067141764,0.01208637,-0.011024582,-0.0041974955,-0.06103759,-0.0008789035,-0.053871606,-0.099352255,-0.17394842,-0.00047331583,-0.30261084,0.00031927635,-0.036151905,0.057265352,0.0,-0.04555224,-0.11402185,0.0,0.020119172,-0.19034615,0.0,-0.03637512,-0.022802366,0.0,0.014581637,0.026054883,0.0,0.011899556,-0.9625443,-0.19558705,-0.73106426,-0.065977,-0.03023524,-0.11301445,-0.057011962,-0.17958468,-0.0013148155
-0.051168,0.937253,-0.33763066,0.057654765,-0.04597864,-0.017235775,-0.015553038,-0.004784759,-0.0045586773,0.0011607503,-0.019146098,-0.009717932,-0.058854956,-0.0010278532,-0.024432316,-0.22803487,-0.238797,-0.00011019887,0.2053173,0.00011310777,0.009557102,0.06274767,0.0,-0.020334039,0.04068953,0.0,-0.07142623,0.09773492,0.0,0.014328403,0.013283778,0.0,-0.09789942,-0.016398288,0.0,-0.059946064,0.5937692,-0.014441919,0.06517956,-0.2740968,-0.12503737,0.0045924145,-0.021064602,-0.28701216,-0.061953083
-0.011815784,-0.5310136,-0.4249954,-0.0373011,-0.18334828,-0.03852856,-0.0211492,-0.0014549777,0.011933296,0.0063380133,-0.053053815,-0.011235395,-0.0042968276,-0.0101070665,-0.008826785,-0.32035428,-0.42380053,-0.00024360225,0.15443991,0.00010843597,-0.0042686327,-0.25132445,0.0,0.00067294674,0.11160895,0.0,-0.057163764,-0.46819928,0.0,-0.057355374,-0.013148263,0.0,-0.0049264305,0.031430334,0.0,-0.05607964,0.4375313,-0.053060748,0.07323298,0.075951874,0.023506403,0.023139998,-0.029166818,0.24313746,0.0081874365
-0.029282806,-0.7640793,-0.7924158,-0.036406975,-0.12173084,-0.01633573,0.055895723,0.025452351,-0.11525866,-0.06611939,-0.016391974,-0.003723989,-0.16398185,0.00029180446,-0.087268114,0.011181599,-0.1384564,0.0030743338,-0.52167,-0.009307171,0.0046167527,-0.10965775,0.0,-0.11457024,-0.052265055,0.0,-0.06554846,-0.35209173,0.0,0.009594623,0.0041847043,0.0,-0.08050177,-0.0040686144,0.0,-0.29912692,-1.025933,-0.07939939,0.0667779,0.017157512,0.015164911,-0.043487784,0.00850057,-0.16564494,-0.075705394
-0.034754366,-1.3212571,-0.31104314,-0.36009774,-0.012406924,0.007497451,-0.07826383,-0.025254158,0.003926394,-0.0012131559,-0.0074489876,-0.0015552148,0.04833576,-0.00027196715,0.0156121,0.055912413,0.13622224,-0.0006952457,-0.58752906,6.991014e-05,-0.06866036,-0.08568969,0.0,0.036234688,0.035745446,0.0,-0.06496,-0.4485253,0.0,-0.12131478,-0.05379424,0.0,-0.10069295,-0.031312276,0.0,-0.11112588,0.36119613,-0.013226132,0.06460049,-0.0184128,-0.0024509055,-0.1518153,-0.08505765,-0.38617218,0.043027427
-0.01776036,1.0974301,-0.06456915,0.3091808,-0.021883639,-0.011030365,-0.030625513,-0.014875154,0.015810905,0.0042745303,-0.01692083,-0.0058730897,0.09207186,-0.0011636046,0.026851973,0.12125882,0.25907382,4.9853435e-05,0.2927419,0.000110657784,0.0070121116,0.05154419,0.0,-0.025159592,0.056269284,0.0,-0.08690869,0.18322594,0.0,0.019759275,0.017431112,0.0,-0.09006462,-0.047719248,0.0,-0.09536957,0.70044297,-0.014732469,0.07551919,0.07385921,0.05038579,-0.02274956,0.018012855,-0.3162181,-0.08958961
-0.0037066536,0.40032542,-0.12182929,0.29337487,-0.020226015,0.0073470823,0.004502261,-0.00591607,-0.011410467,-0.001261806,-0.011713758,-0.002754736,-0.18389076,-0.00029685674,-0.08403478,0.059835736,0.11764717,0.0013620307,0.2655145,0.00012506904,-0.0039037992,0.02611226,0.0,-0.025109116,-0.121660024,0.0,0.118576355,0.09496755,0.0,-0.0003093566,-0.010610857,0.0,-0.09345293,-0.02539219,0.0,-0.08413677,0.6922171,-0.017927287,0.06685527,0.04649124,0.01848008,-0.028841006,-0.0027102842,0.15422453,-0.020274397
-0.0008152571,0.12042287,0.023616059,0.023186792,-0.12957895,-0.023683535,-0.07593516,-0.007085718,0.023423085,0.006986553,-0.013265069,-0.0027462381,0.19302379,-0.0028450147,0.07229852,0.12521967,0.2538685,-0.0043124403,0.24960926,0.00013909863,-0.0051055215,-0.18671118,0.0,-0.0677559,-0.012319737,0.0,0.11770806,0.14376946,0.0,0.018230662,-0.016389763,0.0,0.050939642,-0.008274478,0.0,0.026795294,0.5741467,-0.03662321,0.07140592,0.11616211,0.067556545,0.0844467,-0.0227456,-0.26331022,-0.027973315
0.06809174,-0.72791564,0.33028054,-0.19811511,0.0007187372,0.0037117484,-0.018593239,-0.010701758,0.0020878282,0.0060975715,-0.009275141,-0.0028578977,0.16521563,-0.0005382793,0.09304913,0.13155119,0.22165647,-0.0016859288,0.19222526,-6.3052576e-06,0.0006066262,0.10940677,0.0,-0.018367419,0.13762906,0.0,-0.02850745,0.16254133,0.0,0.021790504,0.12246688,0.0,0.13048418,0.10429501,0.0,0.08505852,0.43222222,-0.029359052,0.045882203,0.032291904,0.022869982,-0.000590835,-0.011321006,-0.344637,-0.006656321
0.06865508,-0.23064072,0.5756858,-0.08369192,-0.053569056,-0.038892742,-0.0630322,-0.014491226,0.037491433,0.029980578,-0.013536153,-0.0029204695,0.1358695,-0.0003764316,0.03572064,0.11786399,0.21474028,-0.00018618612,0.18738957,0.00011318674,0.012432419,-0.11849006,0.0,0.0066590644,-0.014683938,0.0,0.068512574,0.14999646,0.0,0.014190429,0.059480917,0.0,0.066916965,0.08874414,0.0,0.06459407,0.5682773,0.0031397212,0.058793172,0.056006894,0.025555477,-0.09762849,-0.02766305,-0.31158322,-0.009382634
-0.024152089,-0.72293395,-0.41973335,-0.5963385,-0.07806256,-0.015901258,-0.027905514,-0.005525511,0.01713549,0.008548439,-0.019187745,-0.0029984703,0.056830626,-0.00095246965,-0.008694745,0.02388121,-0.15431489,0.0032713562,-0.48387223,-0.0020048975,0.0020128977,-0.09408598,0.0,-0.043123066,-0.08463695,0.0,-0.065684706,-0.3212096,0.0,0.0037509168,0.014972071,0.0,-0.10367724,0.0146396505,0.0,-0.1424721,-1.2387879,-0.07706282,-0.687591,0.0016162536,0.0062646503,-0.09729083,-0.046245534,-0.19615471,0.010758323
-0.004729431,-1.1309181,-0.40391624,-0.27974117,0.006791614,-0.013617772,0.029019114,0.011154151,0.047470942,0.021579573,-0.03930709,-0.0136436885,-0.15432477,-0.0024266343,-0.068052635,0.01767241,-0.12025145,0.015723582,-0.49076456,-0.0073823542,-0.017663276,-0.090944715,0.0,-0.10314715,-0.090457626,0.0,-0.035198126,-0.33690658,0.0,-0.0018898027,0.018255198,0.0,-0.10604828,-0.014676816,0.0,-0.15026018,-0.9472373,0.0056070876,0.072904155,-0.1265749,-0.06526944,-0.038335703,0.008889578,0.22738779,-0.0056760996
-0.0054705627,-0.28694996,-0.33151916,-0.06698506,-0.039781496,0.014211921,-0.069201715,-0.019940391,0.016610447,0.00286557,-0.012835605,-0.0028672125,0.08473979,-0.00069292384,0.056184743,0.079368524,0.13587585,-5.250293e-05,0.24058668,0.00012434999,-0.00061359076,0.029319258,0.0,-0.032641903,0.092837065,0.0,-0.059052423,0.09933984,0.0,-0.00624875,-0.031855796,0.0,-0.106420524,-0.016674494,0.0,-0.09686103,0.6801151,-0.015554083,0.0665332,0.03997218,0.025279017,-0.023800585,0.005768817,0.20470946,0.006314004
-0.023940986,-1.4564953,-0.18542641,-0.29162812,-0.082828164,-0.014905936,0.01685399,0.0160463,-0.17749105,-0.08529836,0.1050095,0.04386333,0.064448304,-0.008618516,-0.060600303,-0.0009612044,-0.11510112,-0.0014488576,-0.30502588,7.625548e-05,-0.0006763382,-0.11848523,0.0,0.0142626865,-0.023229694,0.0,0.060812987,-0.33169067,0.0,-0.08438975,0.041912865,0.0,-0.1115039,0.07117962,0.0,-0.119629145,-1.0683796,-0.15640359,-0.82649857,-0.087246045,-0.02238001,-0.01723153,-0.06941905,-0.2897248,0.002477877
-0.0061802156,-0.09746416,0.004937458,-0.075718395,0.07914242,0.024000736,0.015988946,0.0116109755,-0.55878615,-0.22882748,-0.012229993,-0.0021984351,0.0889238,-0.0007137926,0.029876184,0.059828706,0.12336846,-0.00024181779,0.20909579,0.00029516823,-0.0027219725,-0.20356804,0.0,-0.034457233,-0.011524618,0.0,0.06936211,0.13534297,0.0,0.020888895,0.045955975,0.0,0.09985678,0.01403506,0.0,0.06377122,-1.167754,0.0124206655,0.073521346,0.028781658,0.012749019,-0.0882639,0.020487003,0.16779152,-0.0006049326
0.21748808,-0.0052889297,0.4908837,0.05491671,0.10520631,0.013658847,-0.022194797,-0.01291601,0.028745357,0.008183059,-0.007102531,-0.002089474,-0.07262225,-0.00043445334,-0.036387067,0.07255969,0.24377215,-0.00011848723,-0.24209931,0.00010659604,-0.005385584,-0.2298257,0.0,-0.06793721,-0.056853723,0.0,-0.0955462,-0.36453503,0.0,-0.08414045,0.025018973,0.0,0.111792974,0.016112914,0.0,0.06140374,0.41656977,-0.05572719,0.10116369,-0.014598709,-0.0049890983,-0.01681375,-0.030724844,-0.18431902,-0.007894938
-0.029101565,0.17973517,0.41582423,0.14013968,0.0502584,-0.015398066,-0.0067134276,-0.002694912,0.023496946,0.01794479,-0.007848117,-0.0024326595,0.07258207,-0.000764401,0.03060878,0.09477199,0.1119969,-0.00023410986,0.1443864,0.00014146997,-0.005768991,0.12022178,0.0,-0.0027755217,0.048714835,0.0,-0.07990473,0.111310445,0.0,0.006039194,0.04864665,0.0,0.10477139,0.006865008,0.0,0.057114422,0.5954044,-0.021835443,0.064621635,-0.4077116,-0.1800368,-0.033114117,-0.015940668,0.028729243,-0.00277309
-0.007538625,-1.6974102,0.24952313,0.11324548,0.040055137,-0.009353986,-0.0033585373,-0.0035773616,-0.1835586,-0.062726244,-0.010380069,-0.005232144,-0.072978474,0.00036570933,-0.06570861,0.042689316,0.11731315,-0.0011818904,-0.46748683,0.00018614577,-0.043995567,-0.17660758,0.0,-0.04542509,0.02138673,0.0,-0.072815895,-0.25783634,0.0,-0.048220087,0.018324627,0.0,0.08616374,-0.009873384,0.0,0.08491929,-0.9763044,-0.15340894,-0.7888171,-0.13606998,-0.06854902,0.13185073,-0.021760399,-0.14012598,0.016388323
-0.016813628,-0.071750686,-0.167429,-0.056344595,-0.061919387,-0.042528167,-0.02380188,-0.024544623,-0.24170755,-0.13231783,0.008895759,0.007756299,0.074798904,-0.010177613,-0.09939837,-0.04176795,-0.15797587,-0.0011884711,-0.30578253,4.8348244e-05,-0.0051984256,0.079315886,0.0,-0.039802276,-0.09085943,0.0,0.034318786,-0.31403607,0.0,-0.06603616,0.030487865,0.0,-0.11743345,0.025584579,0.0,-0.15258276,-1.150808,-0.089549206,-0.79159045,-0.02407193,0.0032667897,-0.034719203,-0.14724539,-0.2559363,0.014073293
-0.03774238,-0.4402635,-0.26757234,-0.08248443,0.07702266,0.0054146415,0.04904563,0.02343482,-0.06706808,-0.031171476,-0.019752197,-0.0024752135,-0.07567593,0.0010494997,-0.05931025,0.0007914094,-0.11547194,0.004005208,-0.45394805,-0.009312228,0.00024254693,-0.053314604,0.0,-0.09284554,-0.044437412,0.0,-0.039254986,-0.24252552,0.0,-0.0075113443,0.0044763796,0.0,-0.0675455,-0.0014540754,0.0,-0.23220015,-1.2021282,-0.16635849,0.07827506,-0.2564676,-0.09481706,-0.07039659,0.0039962255,-0.103679895,-0.080711246
-0.0468539,-0.6635534,-0.22589146,-0.3446613,-0.16156776,-0.059375808,-0.02885574,-0.0011512528,-0.0009349677,0.003477986,-0.021546874,-0.004152076,0.046533056,-0.0011675429,0.025519567,-0.15081504,-0.20849589,-0.00026283026,0.17373763,0.0003238083,-0.0020479052,-0.14206094,0.0,-0.020934738,0.073608145,0.0,-0.08424952,-0.38659588,0.0,-0.08045978,-0.008498114,0.0,0.04416952,0.015445373,0.0,0.024171554,-1.1134925,-0.2296204,-0.81079,0.00022689768,0.0018763861,0.0082915705,-0.044886068,-0.2600893,-0.24396038
-0.03531429,-0.9764828,-0.18136622,-0.38465062,-0.103576764,-0.025716648,0.038752176,-0.0013043465,0.006675439,-0.00064440764,-0.01099747,-0.002321814,0.07236915,-0.0007122855,0.024384761,0.098563515,0.19165945,-0.0006905067,-0.62108666,2.2466047e-05,-0.061666403,0.086877264,0.0,-0.05238845,0.0076332954,0.0,-0.08684904,0.14797045,0.0,0.0201124,0.048262995,0.0,0.062724836,-0.05962911,0.0,-0.12955625,0.4850688,-0.0048513184,0.05637174,0.0061483914,0.0073080542,0.010580992,-0.038026042,-0.37229288,0.039443538
0.004705313,0.42017278,0.35702422,0.05654001,-0.073948465,-0.02856062,-0.16391158,-0.01987856,-0.0055240765,0.0076236445,-0.010212334,-0.0037530607,-0.28387594,-0.002418651,-0.10850563,0.10890133,0.21247561,0.004551754,0.20944001,0.00013590112,-0.010381193,0.11181629,0.0,-0.016915154,0.021787407,0.0,-0.096653596,-0.5272226,0.0,-0.06851514,0.0013634668,0.0,0.06574309,-0.04500125,0.0,0.07027687,0.5240115,-0.038110178,0.08564884,0.004880624,-0.0034961856,-0.029826453,0.0107529415,0.13514607,-0.012737477
-0.037123933,-0.045580737,-0.5247697,-0.034408577,0.060827095,0.015017461,0.0207817,0.007895819,-0.07918149,-0.054730102,-0.013718603,-0.0020847612,-0.065038845,0.0011537058,-0.13003361,-0.0082950825,-0.10029414,0.0039529707,-0.41664723,-0.002437162,0.007132637,-0.13237983,0.0,-0.0030386613,-0.015998181,0.0,-0.050865445,-0.23185512,0.0,-0.00024238249,-0.015580005,0.0,-0.04292056,-0.019465493,0.0,-0.110506505,-1.3970644,-0.07669305,-0.9949278,-0.07404087,-0.045347456,-0.09022549,-0.0001606212,-0.10440363,-0.07610372
-0.03314176,-0.036501784,-0.09834159,0.0890237,-0.020550398,0.0019427763,-0.02475343,0.013715705,0.02000807,0.010317287,0.09701985,0.02444075,0.1801036,0.0019010238,-0.031254094,-0.17489035,-0.22426935,0.00058102596,0.27158025,0.00013737174,0.008227488,0.08729723,0.0,-0.018593064,0.039928608,0.0,-0.08685763,0.16506693,0.0,0.014878656,-0.029568309,0.0,-0.112697646,0.044375625,0.0,0.04210037,0.45026416,-0.046888787,0.069169484,0.047837615,0.04635651,-0.04028235,0.035982672,-0.52439374,-0.15982807
-0.055466257,-1.2492685,-0.4304988,-0.21652289,-0.037585337,-0.00416686,0.0055495156,0.009651045,-0.0069210962,0.0020159883,-0.017762724,-0.0082127135,-0.080021665,-0.0005738864,-0.10784992,-0.028479151,-0.13538401,-0.0015218707,-0.35245585,0.00012823961,0.00085991796,-0.12044402,0.0,-0.0021154808,-0.061183017,0.0,0.026185935,-0.22497556,0.0,-0.0054354286,-0.032718986,0.0,0.03702028,0.09096073,0.0,-0.06540335,-0.9416129,-0.13284968,-0.70229894,-0.087698095,-0.034365293,0.007134977,0.023007214,-0.19069864,-0.0009737179
-0.040370166,-0.5811109,0.1813033,-0.0981255,-0.0061098654,0.023530278,-0.02909894,-0.007014609,-0.025225092,-0.0055535487,-0.018460667,-0.0043232115,-0.12031486,-0.000529226,-0.032856423,0.13251898,0.1552983,-0.00030161254,0.12850079,0.00011227852,0.001911638,-0.14964007,0.0,-0.017378934,0.0387455,0.0,-0.05168286,0.10975211,0.0,0.009173643,-0.030620333,0.0,-0.0640447,0.06844892,0.0,0.052353445,0.48519328,-0.026320541,0.07184951,-0.3306114,-0.13613586,-0.0828147,-0.051012285,-0.2404655,0.012233361
0.05330747,0.03365026,0.09483519,-0.087771,-0.10898817,-0.032952137,0.0008707618,-0.0116458405,0.044744402,0.011333772,-0.016420396,-0.002941064,0.18361357,-0.0020421743,0.080767736,0.12647888,0.19287534,-0.0038526037,0.20343357,0.00013445632,-0.0009837493,-0.25020954,0.0,-0.040582277,-0.014698592,0.0,0.11680982,0.14900959,0.0,0.013297591,-0.017989656,0.0,0.0554379,-0.031809833,0.0,0.023099324,0.5852789,-0.031196848,0.060016233,0.12890634,0.0734828,-0.024334682,0.0005054349,0.10055621,-0.03460237
0.13258724,-0.094726935,-0.0034823795,0.28156176,-0.14567508,-0.050351594,-0.060876064,-0.0086953435,0.009192361,0.002764748,-0.0077778995,-0.002836169,-0.15953307,0.0001184798,-0.064307354,0.1241923,0.15056524,-0.0011523343,0.15248854,9.988304e-06,-0.0058699097,-0.104505554,0.0,0.02024718,0.06363749,0.0,-0.0619804,0.09111182,0.0,-0.0011143093,0.010628238,0.0,-0.08747083,0.01680673,0.0,-0.052442957,0.5465451,-0.024891794,0.06780232,0.06647393,0.040484715,-0.002877174,-0.36948133,-0.44291323,-0.009634186
0.0048505072,-0.20907585,-0.20627159,-0.27814472,-0.019734332,-0.004094954,-0.032528993,-0.024096971,-0.0005565115,0.0018988166,-0.013122088,-0.00590385,-0.06396177,-0.0010493601,-0.052942187,0.09740705,0.15017559,-0.00016524809,0.16175388,0.00011829343,0.0003028505,0.05442583,0.0,-0.023220977,0.12360471,0.0,-0.04147035,0.12210119,0.0,0.008160032,-0.040153425,0.0,-0.10987916,0.029223364,0.0,-0.037696242,0.5629864,-0.01595701,0.06193078,-0.43141305,-0.1732654,0.002159502,0.018104974,0.16904768,0.0064581768
-0.0034009877,-0.27099752,-0.19527604,-0.14297609,-0.08200236,-0.009447686,-0.05890383,-0.018343208,-0.034822624,-0.026805425,-0.010297162,-0.0041034976,0.011403208,-0.00037208456,-0.022846859,0.016629882,0.110443644,-0.00060199446,0.20285104,1.8798848e-05,-0.00426862,0.04545887,0.0,-0.095642075,0.091793455,0.0,-0.08053776,0.11113458,0.0,0.007228956,-0.031918965,0.0,-0.1446413,-0.095548965,0.0,-0.39786497,-1.3869097,-0.11149369,0.070100605,0.010618236,0.021757508,-0.17534676,-0.009816046,-0.29626387,0.00579727
-0.04155206,-0.5941076,-0.25638625,-0.16196285,-0.003753516,0.0030854852,-0.040695988,-0.007495525,0.010335825,0.009536599,-0.01496254,-0.0071534766,-0.1135491,-0.0007879704,-0.12034279,0.0062321657,-0.11017136,0.0030181394,-0.41106066,-0.0027053785,-0.0051181107,-0.09573699,0.0,-0.030644048,-0.045561403,0.0,-0.048575595,-0.23489857,0.0,-0.0012802833,0.009086274,0.0,-0.05784706,-0.023471273,0.0,-0.11367671,-1.2813863,-0.056222882,-0.8183853,-0.17784446,-0.077410296,-0.051571406,-0.038170658,-0.11070254,-0.20506287
-0.027253842,-0.8264672,-0.2373018,-0.27592364,-0.013140939,-0.0008289942,0.062419973,0.0044634254,-0.10746377,-0.04187915,-0.018277338,-0.0006861508,0.05115697,0.00013170307,0.029088186,0.018382091,-0.123786226,0.0093990145,-0.46391153,-0.0004604819,0.005674827,-0.072183624,0.0,-0.04329152,-0.031464335,0.0,-0.05867595,-0.33843204,0.0,0.017381735,0.009653603,0.0,-0.07713587,0.013833735,0.0,-0.12034205,-1.20868,-0.0817558,-0.7577059,0.06181976,0.026217323,0.0089523345,-0.013644191,-0.19818991,-0.06426527
-0.030462464,-0.15306026,-0.36936077,-0.022488741,0.09480784,0.01618458,3.386574e-05,0.01143069,-0.019657139,-0.0025708105,-0.01685072,-0.003338613,-0.09383446,0.00086725585,-0.08499634,0.01528386,-0.13052694,0.0035424144,-0.4476786,-0.009312228,-0.002429956,-0.08700947,0.0,-0.06445156,-0.03795298,0.0,-0.044300176,-0.25163668,0.0,0.0017609453,0.007285186,0.0,-0.07149133,0.014082225,0.0,-0.21432395,-1.2098981,-0.13276131,0.076355875,-0.2947722,-0.101547144,-0.07190317,0.00805242,-0.12287572,-0.09544256
-0.041838232,-0.6059556,-0.039765365,-0.5849436,-0.061690908,-0.031281617,-0.014410465,-0.00028021232,-0.17197548,-0.041589398,-0.0027422495,-0.0012677568,-0.16932617,0.0008879489,-0.10091764,0.034245696,0.08232324,-0.00019538467,0.14293669,0.00014319668,0.001340717,-0.16838169,0.0,-0.03880829,-0.08417704,0.0,0.06171919,-0.3133354,0.0,-0.03898216,0.0039223284,0.0,0.025532765,0.058472097,0.0,-0.12873675,-1.0976175,-0.11230643,-0.6087708,0.013594479,0.0068766633,-0.04851719,-0.016318947,-0.23414892,-0.14289951
-0.008623555,0.1824568,-0.31024545,0.047217313,0.03248601,-0.004159649,-0.015227909,0.0005648391,-0.020689912,-0.010938175,-0.0074387654,-0.002331542,-0.15712306,-0.002667299,-0.0649081,0.10826599,0.19959824,-0.0001409695,0.22268721,0.00011094009,-0.008154473,0.07181241,0.0,-0.0103532355,0.06906479,0.0,-0.06978582,0.114640914,0.0,-0.007133388,0.017774729,0.0,-0.088046946,-0.030187532,0.0,-0.073503114,0.65127873,-0.010569138,0.06922051,0.060023464,0.027804242,0.0013640062,-0.023107434,-0.29602152,0.0053113783
-0.0095318295,-1.2037938,0.026930127,-0.22432923,-0.061724164,-0.021838041,-0.041348536,-0.0019313801,0.013741169,-0.0014870453,-0.009881616,-0.002524598,0.012383193,-0.00022934284,0.00092981115,0.061765276,0.15475401,-0.0021524709,-0.5458168,5.5622324e-05,-0.09573235,-0.15676883,0.0,-0.004686976,-0.06790782,0.0,0.02669519,0.019394958,0.0,-0.033593137,0.045215767,0.0,0.06282799,-0.030173665,0.0,0.021824703,0.33757842,-0.023373509,0.04466051,-0.30284232,-0.07518677,0.0042446908,-0.046109065,-0.26617485,0.016641535
0.043508712,-0.52326876,-0.3453045,0.10668002,-0.052054495,-0.02834714,-0.03651294,-0.013650715,0.02341642,0.0051585385,-0.013520388,-0.0028513111,0.085845016,-0.0007084382,0.026735153,0.11059627,0.16387568,0.00019630225,0.20813079,9.4350115e-05,-0.007012028,0.055348556,0.0,-0.03681691,0.06754005,0.0,-0.07200728,0.07251997,0.0,-0.0031901444,-0.028346306,0.0,-0.087946616,-0.024643464,0.0,-0.080950186,0.6565259,-0.006564751,0.060273025,0.057470817,0.029543018,0.0019537369,-0.04647867,0.2509636,0.016412525
-0.014831531,0.52924025,-0.57049185,-0.06443907,-0.13105123,-0.04971755,-0.03776435,-0.011721374,-0.0011355901,-0.0004043454,-0.021183733,-0.013649955,-0.08273879,-0.0014149363,-0.03509709,-0.13333379,-0.22078313,-0.0012479689,-0.4640376,-4.9424445e-05,-0.040920336,0.05798489,0.0,-0.04975762,0.06922251,0.0,-0.071172945,0.15482284,0.0,0.008853231,0.023631321,0.0,-0.096106894,0.027611524,0.0,-0.052319594,0.57330656,0.003906383,0.084386796,0.08215128,0.05330964,0.020162687,-0.2357409,-0.3595115,-0.07556218
-0.001459117,-0.19709894,-0.10378522,-0.051588327,0.008271224,0.008518991,0.011661817,0.0045465627,-0.0870498,-0.022146288,-0.01467673,-0.0040567694,-0.06660333,-0.0012362226,-0.061047804,0.10694972,0.15399808,-0.00023201494,0.15641144,6.4905274e-05,-0.0074910354,0.10667713,0.0,-0.01752944,0.08100936,0.0,-0.06188947,0.11481588,0.0,0.00796351,0.0022884673,0.0,0.033064656,-0.00056077924,0.0,-0.07575648,0.5740424,-0.024299754,0.07161791,-0.31400636,-0.15854144,0.008988999,0.0146785965,0.21372771,0.010768927
-0.014680616,0.052429233,-0.7044433,0.03429912,-0.28734422,-0.066223174,-0.0060119703,0.0063708983,0.007968999,0.0018961399,-0.020135602,-0.0035120144,-0.17406186,-0.0038372285,-0.07165463,-0.242394,-0.32676795,-0.0037971132,0.14851004,0.00014361776,-0.015999645,0.11360027,0.0,-0.002952235,0.05360067,0.0,-0.07520337,-0.6344483,0.0,-0.09502002,-0.029703766,0.0,0.03578766,-0.11038064,0.0,-0.035474055,0.4395292,-0.05271548,0.07291708,0.045179076,0.02916198,-0.017696,-0.0030577611,0.18645597,-0.013079548
0.0042356984,-0.09348635,-0.12349213,-0.16594814,-0.0044364166,-0.010084543,-0.038722355,-0.02702088,-0.010710707,-0.0002632372,-0.008171499,-0.00261453,-0.19939357,-0.00011902141,-0.13725002,0.110094376,0.16154382,-0.000103721904,0.14880863,9.6683914e-05,-0.01472926,0.06066824,0.0,-0.054421395,0.09481759,0.0,-0.06931517,-0.34880933,0.0,-0.063637994,0.013726619,0.0,0.06819089,0.10780737,0.0,-0.029052079,0.58115864,-0.018898882,0.082541384,0.019467764,0.018505825,0.020004986,-0.00087186974,0.30228886,0.007447325
-0.043528035,-0.62270975,-0.3653268,-0.43924856,-0.133601,-0.05193437,0.024820475,0.0142687,-0.124637194,-0.10199882,0.107767835,0.01561746,0.035468828,0.002837363,-0.0453644,-0.07291682,-0.137527,-0.005187593,-0.42691666,0.00025161818,-0.05563988,-0.10352731,0.0,0.0011126867,-0.01717489,0.0,-0.12075878,0.06993451,0.0,-0.0066808113,0.013210803,0.0,-0.12377055,0.032895748,0.0,-0.17133005,-1.2075992,-0.10937133,-0.7458841,-0.14555033,-0.0468494,-0.08435756,-0.042748734,-0.19966881,0.015040497
0.0075343107,-0.5021855,-0.003060954,0.059459265,0.11764716,-0.0080471905,0.041371774,0.015369791,-0.018509591,-0.025670545,-0.015791172,-0.0019438703,-0.105816945,0.0012501611,-0.074773975,0.031254556,-0.1400995,0.002824621,-0.42832807,-0.009259245,0.003905654,-0.027600575,0.0,-0.084843695,-0.04749834,0.0,-0.019579902,-0.32422677,0.0,0.01109975,-0.018007852,0.0,-0.060213737,-0.0041827313,0.0,-0.22685167,-1.2371577,-0.10601667,0.07277932,-0.04708822,0.009681255,-0.09837591,0.002090115,-0.116330855,-0.04741441
-0.027076852,-0.31864768,-0.13074714,-0.41339722,-0.1599485,-0.067943476,-0.00391457,-0.017620316,0.0016545351,0.004370331,-0.0074587557,-0.003325488,0.18490614,-0.0009889596,0.11232577,0.105447985,0.17682754,-0.0014512014,0.20161045,8.874294e-05,-0.0013419737,0.03006634,0.0,-0.062882155,-0.14992902,0.0,0.007662226,0.16560124,0.0,0.021306185,-0.15401213,0.0,-0.17830549,0.08862318,0.0,0.060074948,0.48596346,-0.027145699,0.06924607,0.029790176,0.027373409,0.0027540596,-0.1774429,-0.4723074,-0.021051664
-0.035332996,-1.5892797,-0.3273461,-0.3309646,-0.0896877,-0.020340592,0.021111855,-0.004673697,-0.1003567,-0.050039068,-0.018578991,-0.008462244,0.0673594,-8.8603105e-05,0.035666835,-0.08154334,-0.16871184,-0.0012340938,-0.3721437,0.00011150653,-0.012414903,-0.15005489,0.0,-0.0213586,-0.05987063,0.0,0.03124957,-0.34741145,0.0,-0.079426005,-0.030195948,0.0,0.043512832,-0.055835813,0.0,0.0063148695,-1.0202973,-0.24932884,-0.85274684,-0.08520956,-0.033118177,-0.03269787,-0.052591555,-0.2034048,0.0069703776
-0.03722641,-0.3743229,-0.30551463,-0.2602241,-0.07764221,-0.0044453116,-0.098657385,-0.029235851,-0.07190176,-0.02205404,-0.0154145425,-0.003549305,-0.18429568,-0.0008484157,-0.04256601,0.14129414,0.2074778,-0.00022251213,0.09052762,0.00010576511,-0.002765827,0.05784101,0.0,-0.050237577,-0.09600406,0.0,0.06702886,0.1573428,0.0,0.0060906047,0.061516732,0.0,0.15872672,0.07375719,0.0,0.058366142,0.44839713,-0.039970476,0.07094761,-0.34218264,-0.1564122,-0.008736971,0.016624698,-0.24587888,0.03179957
-0.02640093,0.27868733,-0.22343588,0.049131423,-0.048525162,-0.003576009,-0.034794517,-0.0130414115,-0.0056504346,-0.0042044166,-0.01071543,-0.0029682897,0.1326292,-0.0029357914,0.1034419,0.12545548,0.20373805,-0.0007213797,0.3011739,0.000112825466,0.008613285,0.09429248,0.0,0.0038006234,0.052182686,0.0,-0.07909276,0.09224992,0.0,-0.007544153,0.004358926,0.0,-0.08805616,0.035673503,0.0,-0.076648645,0.61951184,-0.017102709,0.06731418,-0.3864444,-0.1882186,-0.02839396,-0.02464817,-0.24142279,-0.14898424
-0.03241369,0.6426461,-0.656888,-0.20304313,-0.044210657,-0.007314238,-0.020416258,-0.017709395,-0.009186539,-0.007286825,-0.024756255,-0.012330926,0.02445863,-0.00048708887,-0.08293745,-0.21529062,-0.29995045,-3.711811e-05,0.26245427,0.0001092902,0.011229321,0.08571292,0.0,-0.027770922,0.032041635,0.0,-0.088962466,0.13180335,0.0,0.00096073496,0.023029841,0.0,-0.09132386,-0.051816676,0.0,-0.111894555,0.6242459,-0.015125115,0.06325993,0.06912691,0.03720421,-0.15419048,-0.02484236,-0.29662797,-0.07050764
-0.0074559236,0.044733435,-0.4858308,-0.045315873,-0.18635982,-0.0525825,0.023758875,5.4095974e-05,0.0339815,0.015471711,-0.028631393,-0.007320402,0.16009448,-0.00092209515,0.054999437,-0.28643817,-0.3527846,-0.0021488764,0.21308099,0.00010941145,-0.0012459824,0.07316541,0.0,-0.033887316,0.06774113,0.0,-0.061636426,0.121258184,0.0,0.007825461,0.024051473,0.0,0.0641426,0.04636657,0.0,0.04967634,0.41535723,-0.060752742,0.064464144,0.044026412,0.034285795,-0.011147072,-0.19163866,-0.5035132,-0.029648963
-0.030307287,-0.12047738,-0.3619336,-0.17489113,0.05635838,0.008936543,-0.06226998,-0.01901519,-0.0031060823,0.0025935883,-0.021520961,-0.004006413,-0.12488579,-0.00051322905,-0.0609354,0.033761553,-0.21275151,-0.0004417859,-0.6014526,-0.00080799946,-9.1595706e-05,-0.13842349,0.0,-0.028873935,-0.06659345,0.0,-0.057706546,-0.40712526,0.0,0.00018546192,-0.012019995,0.0,-0.06390078,-0.03337628,0.0,-0.051340852,0.48661938,0.0011645482,0.08662143,-0.040488113,0.00842024,-0.054957595,-0.0164637,-0.17620961,-0.21188642
-0.007847543,-0.43643433,-0.2970016,-0.23262525,0.047811877,0.003149345,0.0007031455,0.009289082,-0.07801896,-0.013037981,-0.030366812,-0.010783103,-0.1061589,-0.00025241953,-0.07198697,0.011640928,-0.16500786,0.0024162298,-0.41005352,-0.009392809,-0.016730959,-0.17824264,0.0,-0.05554912,-0.048160452,0.0,-0.034130517,-0.28268933,0.0,-0.0065661212,0.003284576,0.0,-0.07394259,-0.009822978,0.0,-0.16145764,-1.145083,-0.13084851,0.07631457,-0.25073224,-0.095931314,-0.082617536,0.015163327,0.07619139,-0.0021900197
0.020089012,-0.78705037,-0.053727828,-0.32807302,0.04295175,0.009540063,-0.033905163,0.002678752,-0.0027630944,0.002943526,-0.016989456,-0.0029922784,0.19413765,-0.001045663,0.04380857,0.121646374,0.15709065,-7.650173e-05,0.19978985,0.00010983859,-0.0063441135,-0.2536316,0.0,-0.049482275,-0.069588736,0.0,0.012675891,0.116325796,0.0,0.008479388,-0.05691168,0.0,-0.07007885,-0.008202027,0.0,0.035152905,0.5288297,-0.022231722,0.059005197,0.093053825,0.0396185,-0.0012948185,-0.019972408,0.1320612,-0.018974042
0.0051253755,0.31731915,0.29297286,0.08946226,-0.03730704,-0.0025327634,-0.0063619465,0.0041241325,0.024203332,0.0034549418,-0.014720414,-0.0026349092,0.25022194,-0.0012954343,0.1116663,0.15281664,0.19881967,-0.00016641231,0.19607316,0.00013288436,-0.003535478,0.07960956,0.0,-0.019109659,-0.044670243,0.0,0.052916612,0.15754274,0.0,0.025073402,0.07011349,0.0,0.0903649,0.064310394,0.0,0.07105592,0.6439328,-0.035165325,0.078303754,0.09270707,0.043181196,-0.007788647,0.0057465956,0.13474965,-0.04510089
-0.025145842,-0.47160786,-0.53594804,-0.020852324,-0.033947766,0.0045905206,0.06423682,0.011136046,-0.058069352,-0.017180743,-0.013496745,-0.004042346,0.077556364,0.0005671739,0.03033155,-0.15128593,-0.18885873,-0.00062979193,-0.29100943,0.00017873195,-0.0074172807,0.14768589,0.0,0.013339915,-0.07443834,0.0,0.070311405,-0.25052977,0.0,-0.0728941,-0.02322615,0.0,0.068525106,-0.013055904,0.0,0.034444697,-0.9462017,-0.17202789,-0.4811112,-0.16855158,-0.058145892,0.016145302,-0.019532977,-0.18332602,0.020512445
-0.053249326,-0.6004733,-0.30059934,-0.39981812,-0.08857952,-0.04442255,-0.06445677,-0.023335038,-0.011282262,-0.008686908,-0.015375078,-0.007963759,-0.062494997,-0.0009200233,-0.047782063,-0.07909357,-0.20676827,-0.0015049987,-0.542373,0.00031892463,-0.10769822,0.004870163,0.0,-0.13628745,0.067818604,0.0,-0.08669033,0.0352424,0.0,-0.027299067,0.0130273765,0.0,-0.13348716,0.04853901,0.0,-0.35063478,-1.1042731,-0.11876415,0.054605212,-0.1847928,-0.07518745,0.016380046,-0.06851565,-0.22255683,-0.21594447
-0.02908694,-1.5617291,-0.53783596,-0.19651385,-0.020045059,-0.0031950148,0.02285424,0.011234262,-0.0046563745,0.0022981565,-0.027963672,-0.010661595,0.06317045,-0.0012746232,0.004331507,-0.16192396,-0.21685645,-0.0006249338,0.18870951,0.00031023065,0.0034340841,-0.11755486,0.0,-0.04731314,-0.09796527,0.0,0.029095389,-0.43055734,0.0,-0.11676006,0.0064031747,0.0,0.053988256,-0.01661327,0.0,0.03390692,-0.9657624,-0.25557935,-0.74762225,-0.24047162,-0.10443014,-0.06259449,-0.008473909,-0.2712811,-0.019477682
-0.03435467,-0.527773,-0.78568405,-0.08756173,0.0025678081,-0.0066877236,-0.09884234,-0.02357699,-0.018763063,-0.0129593415,-0.014632959,-0.0035488969,-0.12906991,-0.00057335786,-0.072341606,0.0062330053,-0.14132279,0.00020893756,-0.5114576,-0.010386864,-0.00035440866,-0.07102316,0.0,-0.11718702,-0.059336968,0.0,-0.06863989,-0.2859117,0.0,0.0013218896,-0.009072122,0.0,-0.086139604,-0.0054743057,0.0,-0.24744764,-1.1891351,-0.14298259,0.06587951,-0.018141005,-0.0045846943,-0.031831227,-0.039195426,-0.13071662,-0.12331819
-0.00815984,-0.19350377,0.27175042,-0.15776254,-0.01236185,-0.0035991766,-0.11626914,-0.033426467,0.017776774,0.00342046,-0.01182414,-0.005723481,0.11679111,-0.0007758848,0.003300862,0.024272969,0.11062488,-0.00020275857,-0.4909478,0.0011385164,-0.04606882,-0.17144625,0.0,-0.0012060741,-0.13569781,0.0,0.025823288,0.046129268,0.0,-0.0040980224,-0.08438223,0.0,-0.17787029,-0.014727986,0.0,0.084187195,-1.0955405,0.02136466,0.1034429,0.07197953,0.029177116,-0.0011538203,-0.02163317,0.20606245,0.009524063
-0.017221935,-0.320506,-0.4947138,-0.17155491,0.006566949,-0.008807659,-0.07729863,-0.014021105,0.021158896,0.023267068,0.047454003,0.038990363,0.05862317,-0.0053915125,-0.04723762,-0.059304398,-0.13216706,-0.00089234166,-0.3131773,0.00033913707,-0.015156861,0.16829504,0.0,-0.028236842,0.06657835,0.0,-0.06582141,-0.3127446,0.0,-0.061946116,0.015761152,0.0,0.080264345,0.0013428881,0.0,-0.15819147,-0.9105919,-0.10510873,-0.46340656,-0.18574268,-0.055869266,0.023484029,-0.03007029,0.5601201,0.030969612
0.0942467,-0.14609475,0.0012082695,-0.20686728,-0.028066657,-0.016908173,0.019072168,0.012010391,0.028414803,0.006440676,-0.010765222,-0.002926519,0.09551854,-0.0005892336,0.02172963,0.112760685,0.22022328,-0.00018926513,0.11882213,0.00011504925,-0.009779447,0.085948326,0.0,-0.02038703,0.055979434,0.0,-0.07209213,0.196555,0.0,0.020812437,0.041775238,0.0,0.07311986,0.10477439,0.0,0.06887898,0.5446207,-0.0011873825,0.06284533,0.09491238,0.033502977,-0.1314955,-0.026569786,-0.3627896,-0.015662108
-0.020633003,-0.3881723,0.009318853,-0.037218813,-0.023522384,-0.027666513,-0.003740334,-0.0044983625,-0.0010064906,-0.0010598116,-0.010908991,-0.0030217879,0.106501594,-0.0007611588,0.022237975,0.11283618,0.18067479,-0.00013426143,0.19930008,0.00011863378,-0.009481003,0.06933125,0.0,-0.014897423,0.046248216,0.0,-0.08442171,0.12459653,0.0,0.009512354,0.029469784,0.0,0.050180744,-0.050638616,0.0,0.015637197,0.6359869,-0.01739652,0.07141507,0.08143083,0.04486276,-0.0030180113,-0.025298752,0.19911641,0.013372062
-0.00012621547,-0.09486382,-0.013754463,-0.29409322,-0.040877763,-0.018059384,-0.06296936,-0.022014856,0.0072811972,0.0052690012,-0.006493352,-0.0027990183,-0.07886728,-0.00078448874,-0.06620587,0.062056977,0.100841895,-0.00019749987,-0.48039818,0.00012141275,-0.060742978,0.101123534,0.0,0.010592017,0.08631879,0.0,-0.05511389,0.013427966,0.0,-0.019871203,0.06653408,0.0,0.040640276,0.027441882,0.0,-0.04417362,0.5294695,-0.002814764,0.085021436,-0.3442791,-0.13691825,-0.005231207,-0.0074903434,0.14143735,0.00969905
0.10671335,-0.48824868,-0.29185626,-0.19338506,0.03866545,0.006964072,-0.063268326,-0.0031403187,-0.02375356,-0.006740942,-0.018220786,-0.0033190772,-0.0094458675,-0.0004956598,-0.03295135,-0.077342935,-0.19913928,-0.0006627051,0.11221715,0.00033411325,-0.00095516734,0.009020383,0.0,-0.10929289,-0.14518483,0.0,-0.009401408,-0.21711165,0.0,-0.052388497,-0.00017756002,0.0,0.06164285,0.035628725,0.0,-0.3146268,-0.9916892,-0.071634725,0.05299514,-0.15095665,-0.06824419,-0.17645882,-0.013596521,-0.25156066,-0.06395169
0.014310631,0.44841567,0.7794547,0.13539843,-0.04307194,-0.0042657647,0.043134045,0.0068008555,0.026664991,0.005242527,-0.014329497,-0.0026349092,0.24434605,-0.0012954343,0.103246264,0.15459022,0.20490336,-0.00016641231,0.20867625,0.00013288436,0.0018129774,0.09517509,0.0,-0.022844046,-0.046405625,0.0,0.08341995,0.13006778,0.0,0.009244156,0.0687337,0.0,0.096266486,0.06499086,0.0,0.07396849,0.6711691,-0.030022532,0.07980151,0.111820094,0.051499885,-0.0070554367,0.014583686,0.11634268,-0.04337409
-0.030540967,-0.07038794,-0.57176524,0.0069362554,-0.24072957,-0.044553656,-0.08321038,-0.024224104,-0.26524618,-0.13533777,-0.015032398,-0.00647472,-0.08402467,-0.00010006499,-0.061888833,0.005091409,-0.09892686,0.0041650087,-0.5603232,-0.0007941226,0.004035828,-0.17078637,0.0,-0.0059652524,-0.069051914,0.0,-0.053644564,-0.41556907,0.0,-0.0032937897,0.003786412,0.0,-0.054526445,-0.061840564,0.0,-0.04866603,0.4227828,-0.009970957,0.07808587,-0.041946653,-0.05242413,-0.07409447,0.016548468,-0.11333536,-0.0901058
-0.013745172,-0.5745702,-0.4281629,-0.04433534,0.00080211007,0.013150015,0.022482589,0.015135355,0.014755643,0.01936523,-0.058689605,-0.0056740395,0.09039963,-0.0021961797,0.028326847,0.051907454,-0.2702442,0.0058936803,-0.48782563,-0.00079076586,-0.016718134,-0.23366116,0.0,-0.03463288,-0.10127563,0.0,-0.036016326,-0.36492673,0.0,-0.010429898,-0.005362354,0.0,-0.06301676,-0.011556687,0.0,-0.04543488,0.39388475,-0.0026107058,0.07194163,-0.2435036,-0.108338915,-0.02601291,-0.05276285,-0.04557719,0.01256595
-0.017134095,0.8644102,0.06701083,0.14448799,0.055564236,0.04650608,0.0015171082,0.012290589,0.04258257,0.007642666,0.19353816,0.058805045,0.2277591,0.011785209,-0.0141901905,-0.17032446,-0.23201644,0.0004621264,0.23555523,0.00014361776,0.0024119176,0.09838594,0.0,-0.024492053,0.051216517,0.0,-0.07894422,0.23043539,0.0,0.03032884,-0.009194059,0.0,-0.09427827,0.055745956,0.0,0.097647175,0.62288237,-0.026973126,0.06929908,0.092076115,0.052672178,-0.012472706,0.022975536,0.24646921,-0.01801316
-0.018067837,0.17123891,0.6512543,0.016866673,0.053528473,0.0012518498,-0.037716158,-0.005862942,0.043239538,0.020357538,-0.015527984,-0.008273163,0.058831792,-0.0041909534,0.03617911,0.088701695,0.12633029,-0.00029085847,0.122160956,0.0003401991,-0.013538729,-0.20533152,0.0,-0.036275618,-0.038304303,0.0,0.042315125,-0.20027004,0.0,-0.033402808,0.025088971,0.0,0.05128859,-0.0017273305,0.0,0.027220493,-1.096309,-0.15812203,-0.6159329,-0.31008974,-0.13202846,-0.011002599,0.002790401,0.22777614,0.0021783877
0.00047540985,-1.7735217,0.052142635,0.07030517,-0.059693903,-0.027858084,0.024458507,0.00556863,0.0035604031,-0.0006069619,-0.009357103,-0.0033859706,0.020664796,-0.000386374,0.010811218,0.047095522,0.14652634,-0.00034453807,-0.47262308,0.00028928215,-0.06421519,-0.11452473,0.0,-0.023432218,-0.025821077,0.0,0.037632782,-0.22596627,0.0,-0.04581641,0.019948578,0.0,0.05266849,-0.0020806151,0.0,0.07270532,-1.1583524,-0.33640048,-0.8540263,-0.026843635,0.01059025,0.07852061,-0.013065644,-0.21125136,0.010853279
-0.02257287,0.85146916,-0.3148638,0.121664636,-0.09553221,-0.04392847,-0.03287813,-0.014797046,0.04340912,0.011724551,-0.026051313,-0.0096790595,-0.11513353,-0.009126028,-0.02659153,0.041825898,-0.24285035,0.0043868213,-0.49058494,-0.0008816094,-0.0021022551,-0.19760819,0.0,-0.011606025,-0.05783188,0.0,-0.024511175,-0.5596371,0.0,0.012751114,0.019006489,0.0,-0.060207568,-0.011089256,0.0,-0.039155465,0.4947231,0.0008178646,0.09034296,-0.23180647,-0.09362898,0.0015678263,0.010922258,-0.04751992,-0.29955614
0.021068294,-1.2351298,0.3197078,-0.2596096,-0.12508902,-0.056992356,-0.020453673,-0.034911096,0.018658472,0.017439809,-0.019420484,-0.0027915698,0.15421328,-0.00068880507,0.021046298,0.12416919,0.16969293,-0.00030800368,0.28033182,0.00010603894,0.021515945,-0.09519789,0.0,-0.0015137956,-0.012998819,0.0,-0.11039247,0.15464745,0.0,0.026175376,0.08707089,0.0,0.09366799,-0.022224996,0.0,0.020515742,0.5310364,-0.039022736,0.06542749,0.088354155,0.04183021,0.009104192,-0.027048837,0.21171626,0.021425156
-0.008745033,-0.28385162,-0.0018542218,-0.23019448,-0.1025662,-0.013533315,0.08994431,0.01960383,-0.002383907,0.003320286,-0.009355722,-0.0024212445,-0.09744993,-0.00034824075,-0.073955484,0.023675196,0.15079644,-2.277462e-05,-0.31664628,-1.6626782e-06,-0.014007396,0.03373419,0.0,-0.10389409,-0.10066165,0.0,0.060148448,-0.25334466,0.0,-0.044550326,0.013377966,0.0,-0.09449103,-0.04729311,0.0,-0.3932919,-1.0322597,-0.11944209,0.07903635,-0.036454696,-0.0021738496,-0.19186556,-0.015470057,-0.2961248,-0.0027466891
-0.04026809,0.13766329,-0.28439862,0.1426017,-0.06352167,-0.020638382,-0.033414777,-0.0134833865,0.030624563,0.01372595,-0.009906243,-0.0047615883,-0.06328422,-0.0021401423,-0.06915171,0.0034699056,-0.12512991,0.011173676,-0.5060767,-0.010451652,-0.0030570412,-0.06998214,0.0,-0.06483293,-0.035394765,0.0,-0.051716696,-0.25883606,0.0,-0.00064862,-0.0014616186,0.0,-0.0981821,-0.04299757,0.0,-0.20363678,-1.3131498,-0.08585318,0.087415494,-0.16886647,-0.08666589,-0.042318113,-0.009976732,-0.124603525,-0.086602174
0.18607107,-1.6286653,-0.2791769,-0.19798149,-0.029318824,-0.008181746,-0.024958834,-0.0073887235,-0.008766011,0.006515933,-0.02246901,-0.011436692,0.10477374,-0.0005617691,0.037725065,-0.076436765,-0.2013913,-0.0018498035,-0.5318081,6.14773e-05,-0.081382334,-0.11674035,0.0,-0.004636119,-0.10846203,0.0,0.027027238,0.17187785,0.0,0.025769401,0.0021749213,0.0,0.045524143,0.017421832,0.0,0.040925603,-1.0933686,-0.25027022,-0.6966982,-0.014056723,1.1615719e-05,-0.022107545,-0.094546594,-0.25696412,-0.007530381
-0.012350444,0.18429372,0.06848071,-0.28509843,0.1029813,0.06170832,0.031085176,-0.0025720727,0.028273448,0.013064701,-0.029438771,-0.011660689,-0.13486473,-0.0027220391,-0.042096548,-0.04911306,-0.14073877,0.00082931184,0.21314844,0.00013896191,-0.012133529,0.13004845,0.0,-0.0023439403,0.08481562,0.0,-0.06826023,0.16051167,0.0,0.011483375,0.0024220964,0.0,-0.08906584,0.008550814,0.0,-0.055000518,0.5920609,-0.019360978,0.06026533,-0.32547736,-0.13848865,-0.0054100906,-0.020157436,0.15699334,-0.006570518
-0.007233257,0.38341594,0.7788376,0.36806592,-0.051770743,-0.018380541,-0.074845426,-0.018572848,0.018052956,0.0032141767,-0.0073731444,-0.0050052586,-0.2070084,-0.00074655784,-0.042448495,0.05007175,0.17921802,-0.000109699744,-0.43546128,0.0017485926,-0.03699668,0.14797348,0.0,-0.0023987286,-0.0768994,0.0,0.06542588,0.08065835,0.0,-0.0066027143,0.05258152,0.0,0.13514668,-0.005777921,0.0,0.107562646,-1.2124649,0.058487304,0.10610472,0.09583332,0.036456667,-0.01617007,0.017272802,0.14838395,-0.03337322
-0.00088447647,0.43752822,0.74429065,0.15926197,-0.079635,-0.01950764,-0.074558504,-0.024117315,0.024748433,0.000357433,-0.011728972,-0.0028058472,0.25054428,-0.00046183146,0.07603154,0.16181147,0.31175357,-0.00018777767,0.23986167,0.000136275,0.0022950205,0.08687324,0.0,-0.0120617105,-0.064258784,0.0,0.054906968,0.15766133,0.0,0.018358713,0.08339704,0.0,0.12597474,0.09692107,0.0,0.07909979,0.6081382,-0.031060673,0.07777739,0.107730344,0.0443866,-0.080360115,0.0070894123,-0.25360355,-0.049135797
-0.020782368,-0.38594663,-0.37719926,-0.3530856,-0.046580113,-0.037228983,-0.010853126,-0.00048880663,-0.029660843,-0.009961598,-0.010801077,-0.0065157157,-0.039664526,-0.0009556594,-0.07189408,-0.09868091,-0.20394313,-0.00086461665,0.24142638,0.0003312401,0.024699828,0.03243336,0.0,-0.13706647,0.09625269,0.0,-0.08118697,-0.23207799,0.0,-0.008422626,0.00577802,0.0,-0.11676219,0.039419465,0.0,-0.30778462,-0.9110236,-0.044654988,0.06249863,-0.03462255,-0.009136884,0.02112774,-0.016612884,-0.23481809,-0.13610114
-0.009536392,-0.5965362,-0.123995654,-0.056139242,-0.026130864,9.569103e-07,-0.037398692,-0.010474274,0.018354367,0.0074294996,-0.017578753,-0.004243439,0.08334068,-0.0015188687,0.023182156,0.11183993,0.17834663,-0.00014245963,0.23252815,0.0001006096,0.0005787598,-0.13614699,0.0,0.020203726,0.107089736,0.0,-0.062398516,0.1129898,0.0,0.0028341487,-0.027509449,0.0,-0.08360902,-0.026413027,0.0,-0.08156517,0.65148336,-0.017647985,0.07104909,0.09764699,0.04556808,0.011247622,-0.031761404,0.29153934,0.03878949
0.12759161,-0.5387178,-0.25252098,-0.34324348,0.044635046,0.032621976,0.004417369,0.00924716,0.024354924,0.004031737,-0.018218983,-0.0038947547,0.08050655,-0.0010185967,0.040717874,0.09519028,0.15137371,-0.00024154512,0.1691625,0.000120154196,-0.0048168353,0.12103889,0.0,-0.0043473667,0.05150497,0.0,-0.06826052,0.13607879,0.0,0.007486899,0.025668299,0.0,0.069977276,0.038490858,0.0,0.023557443,0.49454644,-0.02405187,0.06347808,-0.40349463,-0.21420111,0.004292534,-0.027050233,0.08704911,-0.0240691
-0.0008487777,-0.1475314,-0.009814575,-0.11230632,0.024841636,-0.011379819,-0.052334264,-0.015358147,0.029136121,0.011478111,-0.0026029681,-0.002689451,0.032816775,0.00014366949,0.05408264,0.06637306,0.2117284,0.00019608985,-0.6772498,8.759182e-05,-0.08565978,0.039455224,0.0,-0.05851724,0.111772396,0.0,-0.06493129,-0.31353593,0.0,-0.008360622,-0.015004847,0.0,-0.083680786,0.11194572,0.0,-0.05568182,0.52738553,0.0076123825,0.09265921,0.02916701,0.025343973,0.009057587,-0.02038064,0.35297704,0.05034578
-0.014819914,-0.5740071,-0.42548257,-0.48308787,0.044792242,-0.006308887,-0.024723817,-0.0026501627,-0.025205959,0.00067961426,-0.050258547,-0.013654497,-0.10712766,-0.0041024685,-0.021115834,-0.24671409,-0.33764705,-0.0009160762,0.116593085,9.0271584e-05,-0.009676016,-0.025684603,0.0,-0.09051999,-0.15863793,0.0,-0.013408494,0.14545381,0.0,0.009273166,0.019357147,0.0,0.022815667,-0.021771513,0.0,-0.08887789,0.46551043,-0.02473069,0.054910302,0.04822438,0.020057512,-0.0703071,-0.018309686,-0.3781189,-0.025578508
-0.032886572,-1.4538498,-0.21975935,-0.28133678,-0.024277292,-0.01328649,0.00987788,0.0063944035,-0.15585117,-0.079515405,0.11916042,0.04665912,0.08215906,0.004979819,-0.061490428,-0.013779764,-0.11297575,-0.0014898505,-0.3803466,7.625548e-05,-0.05370616,-0.07923956,0.0,0.020898731,-0.03289551,0.0,0.064242296,0.16333862,0.0,0.015825264,0.026631903,0.0,-0.09722665,0.05557699,0.0,-0.13805167,-1.2285097,-0.15399732,-0.8159657,-0.05667233,-0.021218501,-0.017631717,-0.11778156,-0.2967196,0.008828723
-0.0050959606,-0.20428948,-1.1839013,0.12467003,0.03344553,0.023052,-0.020885363,0.015649008,-0.001001393,0.010503391,-0.030520178,-0.0060700113,-0.079898156,-0.0011462502,-0.059549116,0.04918803,-0.18281493,0.0025446839,-0.4064564,-0.00078069617,-0.0067663747,-0.11200672,0.0,0.0030209583,-0.025208207,0.0,-0.029565388,-0.30925086,0.0,0.007816826,0.00040353462,0.0,-0.047056682,0.019263087,0.0,-0.045101006,0.44859064,0.0033933527,0.07046249,-0.22212093,-0.11354578,0.20824507,0.00036399014,-0.20262712,0.033773337
-0.049616832,-0.9754748,-0.2159737,-0.22306211,0.046134546,0.03243335,-0.055026203,-0.018269543,0.016227135,-0.008931536,-0.012094958,-0.003913581,-0.080316335,-0.00012806192,-0.026748527,-0.0817468,-0.17002258,-0.00045162058,-0.39110276,0.0010825321,-0.07372958,0.012366436,0.0,-0.10241042,-0.07884684,0.0,0.060408182,-0.23047183,0.0,-0.029483207,0.034825314,0.0,0.06728521,0.026253864,0.0,0.10278062,-0.63148504,0.056447584,0.0749362,-0.21222088,-0.06594618,0.023718696,-0.054425847,-0.19433792,-0.20386411
-0.021960313,0.24104013,-0.20830113,0.2102836,0.00030592264,0.0095896125,-0.029406426,-0.0030328308,-0.010742316,-0.0019164647,-0.009139569,-0.0022181896,0.14499564,-0.0007000987,0.10466278,0.09381362,0.16675039,0.00048558362,0.2982417,0.00012021923,0.008513266,0.05095589,0.0,-0.008718797,-0.068842605,0.0,0.08010988,0.0882521,0.0,-0.0016559301,-0.003041497,0.0,0.038913872,-0.020352144,0.0,-0.10582202,0.7206432,-0.016078765,0.06692033,0.023401871,0.013830695,-0.033591244,-0.0037247576,0.10113235,-0.031120488
-0.04652907,-0.55237955,-0.1941573,-0.18513395,-0.075688206,-0.024033882,0.018174535,-0.006282957,-0.0010955813,-0.0002312767,-0.037737798,-0.011044048,0.0082859285,-0.0010579204,-0.050694034,-0.1897742,-0.32765207,-0.0010997717,-0.43222806,7.057162e-05,-0.0692266,0.04697961,0.0,-0.10518659,0.03136646,0.0,-0.09367691,0.06377178,0.0,-0.015172776,0.021793962,0.0,-0.08674049,0.006158977,0.0,-0.090811186,0.42003715,0.009953512,0.057936743,-0.18801527,-0.06326787,-0.22491358,-0.07757417,-0.38917625,0.05491439
-0.037303116,-1.6337184,-0.33941025,-0.28378138,-0.033776533,-0.0032133227,0.053622846,0.013325637,-0.048549075,-0.03954539,-0.022988936,-0.009244171,0.06871292,-7.1420436e-07,0.024871206,-0.08647096,-0.18781777,-0.00066918024,-0.35878775,0.00010449218,-0.014542418,-0.104813635,0.0,-0.02536276,-0.046647806,0.0,0.065099075,-0.30275297,0.0,-0.073365405,-0.020919876,0.0,0.060146444,0.09307006,0.0,-0.08031325,-0.99826133,-0.15256326,-0.71725225,-0.055245865,-0.031001069,-0.07023749,-0.026757548,-0.25294656,0.0058270884
0.09956155,-0.16443653,0.15783486,0.05799732,-0.03180746,-0.028867243,-0.060608566,-0.022405501,0.055600163,0.02085252,-0.013167537,-0.0024921591,0.09068704,-0.0005382435,0.017966026,0.06281576,0.18811922,-0.00014874226,-0.60271615,0.00010559629,-0.08040463,-0.1411675,0.0,0.0044284025,-0.023385126,0.0,0.04105319,0.097603716,0.0,-0.008075952,0.027810207,0.0,0.05093447,0.0014975012,0.0,0.040649634,0.47567225,-0.010438292,0.05443617,0.08259644,0.021986134,-0.02244254,-0.023092749,0.09217597,-0.00818396
0.059519675,-0.8959751,0.021272017,-0.59431404,0.04791715,0.0061526806,-0.04956187,-0.016210996,-0.0141796805,0.0032144778,-0.013212339,-0.0038549902,0.09035324,-0.00035872127,0.023525937,0.031698532,0.115084715,-0.000552415,-0.5053272,0.0010720115,-0.053622223,0.13954611,0.0,-0.039075576,0.00040751882,0.0,-0.106133565,0.01887626,0.0,-0.0016291804,0.01588486,0.0,0.05455996,-0.0063374224,0.0,0.11016629,-0.95688033,-0.0014225185,0.06226183,0.020798372,0.006862805,-0.0016542977,-0.07475143,0.11250885,0.0017784772
-0.029193657,-0.31694293,-0.17002867,-0.20738432,-0.060357593,-0.05333577,-0.07799269,-0.013595254,-0.23173842,-0.087663755,0.101572506,0.0394712,0.06619017,-0.004628364,-0.042250864,-0.15825474,-0.1818995,-0.0012846182,0.09093218,8.1064514e-05,-0.010839518,-0.1321726,0.0,0.06268674,0.032384507,0.0,-0.10068354,0.14460292,0.0,-0.0018315379,0.031413432,0.0,-0.080262974,-0.001951064,0.0,-0.10531627,0.3902126,-0.032277945,0.06515954,-0.12875405,-0.07154777,-0.06194565,-0.22681095,-0.26716357,0.0009178648
-0.050002627,-0.018895237,-0.36100337,-0.21638802,-0.033156645,-0.036118288,-0.13134736,-0.06513916,-0.026500009,0.0072643342,-0.009727487,-0.0050736307,-0.04527337,-0.0009154253,-0.022681909,-0.056472883,-0.16723935,-0.00049087114,-0.4354046,-0.00025104143,-0.062340405,-0.025490362,0.0,-0.08184864,-0.06817307,0.0,0.092649415,0.10342375,0.0,-0.005359253,-0.068360545,0.0,-0.16246308,0.005210243,0.0,0.11740857,-1.0217805,0.04778363,0.087305404,-0.27926633,-0.12287492,-0.008085526,-0.056029245,-0.12982355,-0.015218823
-0.023804313,-0.06409738,-0.7162322,0.41021127,0.036306422,0.005085989,-0.10658179,-0.03198258,-0.22269565,-0.14260025,-0.016498256,-0.0069129257,-0.1489332,-4.3015087e-05,-0.17890097,0.025906425,-0.10273225,0.027491326,-0.31400442,-0.0021357727,-0.01002492,-0.17394006,0.0,-0.025596717,-0.056178175,0.0,-0.01895495,-0.32901987,0.0,0.00939012,-0.017863452,0.0,-0.03691091,-0.018205786,0.0,-0.102585405,-0.9745644,-0.077239886,-0.53890973,-0.08382556,-0.060563985,-0.12911242,-0.23060818,-0.13177498,0.0028318337
-0.022197599,-0.8961905,0.3034403,-0.25329897,-0.10660471,-0.033683024,-0.111137,-0.045728695,0.02505864,0.009040459,-0.008946082,-0.0025728578,0.06484644,-0.00017710433,0.013880274,0.05346181,0.12939192,-0.0022581837,0.15130723,0.0009951878,0.0018318417,-0.11921232,0.0,-0.039484467,-0.16789989,0.0,0.030516064,0.09953294,0.0,0.012523933,0.052253615,0.0,0.057043284,0.018121153,0.0,0.15334775,-1.0494348,-0.025011465,0.068027966,0.043104038,0.013274592,0.010775777,-0.11816866,-0.31106064,-0.008517451
-0.02091821,-0.12988715,0.022602908,0.2706003,-0.063242994,-0.01682917,-0.039766,-0.020719957,0.029593574,0.011000866,0.06363254,0.02770606,0.01113074,0.0064652096,-0.05428534,-0.07762938,-0.17086162,-0.00086312613,-0.40796816,-3.8403e-05,-0.036459316,-0.058895074,0.0,0.015785128,-0.09200717,0.0,0.07053565,-0.47814164,0.0,-0.06598933,-0.03617878,0.0,0.063173175,0.06941821,0.0,-0.090551406,0.4017011,-0.029386055,0.08395296,0.032793254,0.020593908,0.027525712,-0.080200605,-0.37694025,-0.029731447
0.023864234,-0.30512902,0.33648583,0.043410674,0.18668067,0.0771402,0.042045444,0.0064386143,0.08251703,0.022177763,-0.0010911229,-0.0021671783,0.036613673,0.00036354034,0.0025601757,0.049737535,0.1266364,-0.000630404,0.29713532,0.0010393439,0.0074241245,-0.13107593,0.0,0.0036652337,0.035947733,0.0,-0.07325546,-0.16956253,0.0,-0.047912072,0.03659887,0.0,0.09694755,0.076075576,0.0,0.24359038,-0.54431397,0.08184043,0.10186412,0.049067855,0.029611787,-0.13531318,-0.044564925,-0.20962247,0.013676181
-0.040711526,0.81498915,0.029086385,0.013673262,-0.04455405,-0.0023390022,-0.024698868,-0.007370758,0.02923029,0.0062897303,-0.040259182,-0.015446399,-0.11258226,-0.0017804294,-0.02656091,-0.17755596,-0.21139656,1.534682e-05,0.20351036,0.00013896191,-0.00055251544,0.109377384,0.0,-0.013083261,0.06465004,0.0,-0.06874871,0.18443637,0.0,0.02396565,0.0042068204,0.0,-0.09189558,-0.010595149,0.0,-0.039377913,0.63249195,-0.01709382,0.06623834,-0.28603315,-0.10455634,0.009415895,-0.0009077882,0.23934847,-0.022072786
0.016407168,-0.4454498,-0.385603,-0.08408339,-0.10128462,-0.01578864,-0.034595694,0.02039527,-0.019429775,0.0064221877,-0.012089975,-0.0061229784,-0.2157192,-0.00077853375,-0.05836454,0.022390962,0.12726694,-0.00024164589,-0.33866748,0.0011738469,-0.0029643218,-0.20170732,0.0,-0.024927761,0.056781426,0.0,-0.080485284,-0.27440348,0.0,-0.06707621,-0.058318846,0.0,-0.17507562,-0.043836877,0.0,0.063700944,-0.7965796,0.12397191,0.12130097,0.013154961,0.008014054,0.011106489,-0.06431996,0.072621256,-0.04687428
-0.019920317,-0.13444085,-0.54874676,-0.17310987,-0.13203587,-0.048562203,0.017215889,0.004535009,-0.17274304,-0.11073268,-0.010041083,-0.0061400468,-0.15022585,-7.738758e-05,-0.18211606,0.0039001754,-0.1084858,0.03034154,-0.4055679,-0.0023830035,-0.0027897896,-0.17719768,0.0,0.00033283397,-0.08770954,0.0,-0.021413494,-0.31022313,0.0,0.003741475,-0.011788902,0.0,-0.05698708,-0.024865448,0.0,-0.119165,-1.1006476,-0.08202958,-0.7385006,-0.13934243,-0.056008354,-0.08469462,-0.14221372,-0.1476691,0.018556008
0.008337637,0.20706642,0.21907648,0.1593948,-0.06651819,-0.02037058,0.0016820905,6.459988e-05,0.015579328,0.0041485075,-0.015946077,-0.0036580607,-0.111515455,-0.0021617967,-0.055082567,0.07820414,0.1503257,0.00086900045,0.2834783,0.00013896191,-0.0009832123,0.12404324,0.0,0.0063425796,0.07908868,0.0,-0.06629618,0.11243258,0.0,-0.0025305625,0.014728776,0.0,0.08132751,-0.0021818154,0.0,-0.06031365,0.6310806,-0.020365858,0.06979918,-0.29713127,-0.11985013,-0.011341545,-0.0046441844,0.14295456,0.0026859276
-0.029278537,-0.2144173,-0.36386323,0.010627426,0.17275965,0.037148643,-0.006577459,0.027027331,-0.025221512,-0.05762081,-0.020274322,-0.003441644,-0.16070217,0.0009043655,-0.051769484,-0.178087,-0.2735641,-4.520663e-05,-0.3677299,7.162649e-05,-0.058708277,-0.006738557,0.0,-0.05324268,-0.049913917,0.0,0.11236717,0.113461554,0.0,0.004651387,-0.023653781,0.0,-0.098730296,0.013182708,0.0,0.043057807,0.46168345,-0.04051817,0.084516585,0.034690868,0.031483762,-0.010248651,-0.015817069,-0.29522148,0.023636509
0.0012274713,0.95009625,0.09295116,0.23152263,-0.0003358755,-0.00405843,0.005006171,-0.0026602775,0.009631815,0.004728112,-0.030033948,-0.014733241,-0.09808898,-0.0015266462,-0.029735675,-0.20374921,-0.23615006,5.432543e-05,0.21837912,0.00011385297,-0.0014548604,0.07178386,0.0,-0.025209699,0.033509172,0.0,-0.08545684,0.18245013,0.0,0.02623017,0.014126062,0.0,-0.09606959,-0.015625505,0.0,-0.059088163,0.6281578,-0.021319035,0.071697645,0.00082711386,0.009913986,0.0038033652,0.009612483,-0.36372584,-0.07573676
-0.015270367,-0.87149054,0.016121887,-0.20609052,-0.10238655,-0.047548186,-0.035083916,0.005868314,-0.20472735,-0.053493064,-0.037781663,-0.0055877115,-0.11526601,-0.0016356775,-0.039568968,-0.14577791,-0.22226459,-0.0022961327,-0.3611086,7.8032914e-05,-0.029766895,-0.27037206,0.0,-0.0010376103,-0.048360154,0.0,-0.09601302,0.024706243,0.0,-0.019249132,-0.006449613,0.0,-0.09412677,0.049089946,0.0,-0.02947544,0.37091643,-0.029036859,0.067447886,-0.19981387,-0.09479205,0.01720639,-0.070469216,0.07251902,0.03133045
-0.019962661,-0.16050279,-0.14830956,-0.101339266,-0.004919857,0.01084541,0.04716566,0.015461468,0.018468698,-0.0004405443,-0.012870159,-0.003495841,0.13496052,-0.0008890865,0.045750696,0.1091311,0.18535161,-0.00018173961,0.1727456,0.00011993247,-0.008294453,0.06285429,0.0,-0.016509553,0.05810783,0.0,-0.07069582,0.1468015,0.0,0.018686472,0.04674718,0.0,0.09167583,-0.0016099124,0.0,0.036809828,0.55505365,-0.022888131,0.06949636,0.10445705,0.05299554,-0.0049106134,-0.008766046,0.24584287,0.016970873
0.028726717,-0.5855608,-0.28788278,-0.42866474,0.047154162,0.0064964285,-0.015515345,0.008798482,0.034586564,0.012207835,-0.019837257,-0.0037043798,0.07026338,-0.0008709333,0.041256417,0.118340835,0.19320695,0.00016844034,0.17299554,9.596485e-05,-0.014933485,0.01751287,0.0,-0.06691726,0.08738093,0.0,-0.060381006,0.103817,0.0,0.0004020397,-0.031565588,0.0,-0.1000017,-0.03198233,0.0,-0.109450094,0.65827674,-0.009748428,0.06285323,0.050818954,0.024983859,-0.01488528,0.010430395,0.282958,0.00044630226
0.124742664,0.064808965,-0.22226506,0.36509803,-0.109168544,-0.06992999,0.012401204,0.012382667,0.0059159272,0.0019119899,-0.010271555,-0.0026115254,-0.2063935,-0.00029884,-0.07918538,0.1672499,0.2331978,-0.00015010095,0.20246746,0.00013247874,-0.0064356537,-0.15673494,0.0,0.0027614736,0.018487096,0.0,-0.08286557,-0.37555712,0.0,-0.10413282,-0.05369689,0.0,-0.11735965,-0.07929461,0.0,-0.021948986,0.5050574,-0.04170828,0.08791589,-0.036931805,-0.0052220556,-0.11060668,0.011698725,-0.19194664,-0.06355646
-0.017148286,-0.53002584,-0.3962742,-0.4999582,0.00065662316,0.0051967334,0.036217444,0.016717935,-0.033952326,-0.027549619,-0.022768192,-0.007245647,-0.10981249,-0.0012621239,-0.052432798,-0.07182021,-0.17494167,-0.0012154605,0.22623008,-0.00084430655,0.01801078,-0.011198785,0.0,-0.12753522,-0.115874626,0.0,0.08980787,0.14015208,0.0,-0.0006586356,0.009178603,0.0,-0.1013078,-0.047376283,0.0,-0.31858754,-0.92645377,0.010420933,0.071015865,-0.16019756,-0.098809,-0.040879793,0.0056691095,-0.2620136,-0.018488541
-0.034150776,-0.5665374,-0.10248807,-0.09996651,-0.14266708,-0.020960938,-0.018542092,-0.009248325,-0.1426054,-0.0893782,-0.020487865,-0.0073383558,-0.11679321,8.07014e-05,-0.1261292,0.018002005,-0.116661035,0.0038856566,-0.4139765,-0.0024555363,0.0025730424,-0.09783988,0.0,-0.029703276,-0.05634765,0.0,-0.019248303,-0.3057941,0.0,0.0058385497,0.014298409,0.0,-0.054996397,-0.008552311,0.0,-0.12287935,-1.2272319,-0.07631292,-0.8225276,-0.24018693,-0.1027139,-0.086348034,0.0018283012,-0.11860887,-0.08144981
0.028666457,-0.6111822,0.48775384,-0.30800226,-0.13155633,-0.066531554,-0.11391272,-0.03925773,0.031757683,0.026642088,-0.018908087,-0.0033817391,0.0733191,-0.000741998,0.010248751,0.089963436,0.137733,-0.00066696416,0.17531672,0.00011592324,0.009822705,-0.2148128,0.0,-0.058632992,-0.027039748,0.0,0.04703628,0.11547567,0.0,0.008907585,0.07709909,0.0,0.08100411,0.016011905,0.0,0.022245111,0.44033217,-0.04284308,0.047646087,-0.53581697,-0.24906896,-0.034375068,-0.02305575,0.054002885,-0.006764442
-0.023611344,0.8789279,0.10696864,0.24431486,0.014518549,0.004354828,0.041834455,0.012713266,0.0527494,0.0063511,-0.014190312,-0.0042331344,0.19655181,-0.001843848,0.023205675,0.120568804,0.20374879,0.00041323047,0.25668073,0.00014060098,-0.0006040075,0.08818175,0.0,-0.009636193,0.044821016,0.0,-0.0872089,0.20433989,0.0,0.029150367,-0.0060893917,0.0,0.039175898,0.04261455,0.0,0.06676602,0.6383967,-0.024648592,0.07401809,0.099760115,0.03190885,-0.0140457405,-0.007143003,0.1597842,-0.014603574
0.19312379,0.93007535,-0.21352549,0.116676524,0.013177995,-0.018440746,0.013651281,0.002552039,0.015117806,0.0058164364,-0.01842182,-0.0073105893,0.11849154,-0.0012425019,0.037721645,0.09828655,0.16464852,7.331644e-06,0.21853013,0.00012275968,0.003933956,0.1066171,0.0,-0.0053947577,0.07869137,0.0,-0.071918204,0.16216357,0.0,0.021297552,0.009863715,0.0,-0.0762776,0.0035487073,0.0,-0.0695212,0.665724,-0.014443912,0.07151274,-0.46148205,-0.21497366,-0.013275923,0.0070706895,0.12256961,-0.040030476
-0.0010066908,-0.22005045,-0.062510945,-0.12005924,-0.10656827,-0.020791486,0.0065216175,-0.0018243521,0.014233224,0.01034469,-0.0046182396,-0.002981567,0.07018345,8.159394e-05,0.07885352,0.10922058,0.21112582,-0.00018126804,0.23253007,0.00010368147,-0.0044262614,0.07180046,0.0,-0.034072086,0.109572545,0.0,-0.055955287,-0.4497326,0.0,-0.09162524,0.037108473,0.0,0.09343988,0.08615826,0.0,-0.053563874,0.5910631,-0.021236597,0.07909927,0.10436286,0.03698418,0.02774639,0.00012778273,0.4230732,0.022506043
-0.021107234,0.35048887,-0.17400645,0.19525829,-0.03317469,-0.01586868,-0.03580444,-0.021069093,0.008749212,-0.0042198887,-0.0065371115,-0.0021057578,0.10862784,-0.0005129777,0.09141121,0.14517274,0.2151218,-4.5915658e-07,0.2709764,0.000111457884,0.012446692,0.10941375,0.0,0.0079628,0.056148455,0.0,-0.07484941,0.04297125,0.0,-0.012570678,-0.0066393586,0.0,-0.102001876,-0.019571492,0.0,-0.12457077,0.62840533,-0.0148387235,0.06467163,-0.3421469,-0.13158776,0.011039994,-0.028072663,-0.2905052,-0.072784625
0.0089042345,0.03249524,0.20899734,-0.024162812,-0.11742008,-0.040151086,1.5937178e-05,0.0036307545,0.037852038,0.010972274,-0.013939535,-0.0036265426,-0.1416122,-0.0002134734,-0.05562258,0.05631644,0.222186,-0.0001363686,-0.36015335,6.9095666e-05,0.031720094,-0.28878963,0.0,-0.07738236,-0.046361826,0.0,-0.11219998,-0.43483046,0.0,-0.089504346,0.018828366,0.0,0.090177275,-0.09575691,0.0,-0.0116543295,0.39231044,-0.05228252,0.10990297,0.016000943,0.016278246,-0.015858646,-0.015522733,0.15825969,0.007835312
-0.028337497,-0.30107358,-0.30800357,-0.44661683,-0.0104118865,-0.015649993,-0.06488618,-9.19328e-05,0.0003214039,0.008261709,-0.030808872,-0.015169377,0.07930205,-0.0016516984,0.04866164,-0.05810535,-0.15650499,-0.004391706,0.0890911,0.00014049937,-0.0074935486,-0.0840403,0.0,-0.009906727,-0.04388736,0.0,0.023033587,0.09784823,0.0,0.016498646,0.047236778,0.0,-0.07306162,-0.0076227305,0.0,-0.07254849,-0.97412467,-0.12702993,-0.7143609,-0.108823664,-0.055073366,0.025337167,-0.035596002,-0.27817887,0.004397639
-0.005474857,-1.1428788,-0.51134455,-0.25144103,0.022794997,0.006884338,0.03114606,-0.014194423,0.009776861,0.007225254,-0.027942514,-0.018619813,-0.22412156,-0.0013805887,-0.10018763,-0.10106707,-0.19362712,-0.0004202308,-0.4300553,0.00031942525,-0.032380395,0.21328104,0.0,0.00298126,-0.14193021,0.0,0.02092161,-0.38054505,0.0,-0.072665654,-0.004444757,0.0,0.093389094,-0.008377017,0.0,0.031301063,-0.8987713,-0.21712306,-0.6144719,0.009689459,0.0015095824,-0.02673309,-0.010177231,0.27068555,0.0035491048
-0.045086976,-0.26519722,-0.20476703,-0.18146059,0.008865188,0.001701554,-0.06310302,-0.012824123,-0.27385354,-0.13768232,-0.023312213,-0.003262879,-0.075569436,-2.7118687e-05,-0.10283619,0.018646874,-0.10251913,0.0141530335,-0.39633194,-0.0024555363,0.0011586545,-0.10964867,0.0,-0.040907837,-0.022603013,0.0,-0.026763175,-0.3121494,0.0,-0.0037855292,0.011926539,0.0,-0.055678092,-0.0028909703,0.0,-0.11646553,-1.1323277,-0.07146775,-0.81287915,-0.21822096,-0.08367028,-0.09131793,0.020493247,-0.14113568,-0.14457335
-0.001264843,-0.04322154,0.46085095,-0.21822946,-0.018663442,-0.035330657,0.034738544,0.012747538,0.024483163,0.0041366126,-0.007951311,-0.0028494904,-0.26146922,-0.0012097494,-0.06213774,0.0721173,0.19008535,-6.0470426e-05,-0.35950255,0.00010824247,-0.020325596,0.11222649,0.0,-0.0067692935,0.04318126,0.0,-0.07032301,0.11908961,0.0,0.0010538775,0.055366058,0.0,0.068389155,-0.035227865,0.0,0.014608078,0.52367437,-0.00913066,0.08787196,0.07126388,0.042035215,-0.010834022,-0.005336673,0.13847011,4.76827e-05
-0.049307354,-0.8399327,-0.4135024,-0.64981484,-0.06584053,-0.009295504,-0.08248363,-0.048006527,0.0014019537,0.007482199,-0.022699334,-0.00633528,-0.056034785,-0.0005491046,-0.054783814,-0.057589,-0.18091829,-0.0019216815,-0.36397374,0.00015212136,-0.049138512,-0.13210636,0.0,0.0037786297,0.00068342406,0.0,-0.089629814,-0.25274354,0.0,-0.0579184,0.012052191,0.0,-0.12891488,0.043338444,0.0,-0.10524231,-0.87150776,-0.13038045,-0.7831633,-0.015567835,-0.026108215,0.0308045,-0.04055875,-0.2893233,-0.28471684
-0.0321828,0.061252825,-0.4109739,0.009846569,-0.07766238,-0.049268067,0.013100052,-0.0008354887,0.0022174155,0.004294844,-0.020014124,-0.00853448,-0.088589996,-0.0013893194,-0.044890072,-0.19073905,-0.19800308,-1.8962644e-05,0.15441106,0.00011310777,0.005331697,0.08536564,0.0,0.004883225,0.03919902,0.0,-0.07161386,0.031579204,0.0,-0.016901266,0.009006394,0.0,-0.09135285,0.010855322,0.0,-0.06662494,0.50143147,-0.017672218,0.05823609,-0.23158458,-0.13705738,-0.009390595,-0.02519845,-0.3894555,-0.10674845
-0.02198647,0.8638667,0.031128936,0.21199247,-0.10576239,-0.030295897,-0.045043636,-0.013995934,0.012176721,-0.00029741554,-0.010832326,-0.003969181,-0.1283781,-0.0016646282,-0.090555005,0.03154778,-0.2077597,0.016330067,-0.40771124,-0.00013564929,4.3373988e-05,-0.092236854,0.0,-0.024923705,-0.04844049,0.0,-0.038571678,-0.3562839,0.0,0.017370991,-0.004391998,0.0,-0.056223862,-0.002975721,0.0,-0.046184797,0.579969,0.022400346,0.09241291,0.13819773,0.054292645,0.034187898,-0.5741971,-0.2761485,-0.3210077
0.1026527,0.8925776,-0.22253515,-0.22656931,-0.03983644,0.0007837057,-0.09388344,-0.018740943,-0.02659818,-0.005284073,-0.01201374,-0.0043806923,-0.12020464,-0.0009975611,-0.05811861,0.12693886,0.15427949,0.000117979784,0.19863781,0.00010322347,-0.0051487577,0.0493887,0.0,-0.033761047,0.05032543,0.0,-0.07857515,0.14984213,0.0,0.011474219,0.016882839,0.0,-0.090116985,-0.048882015,0.0,-0.06276222,0.7023542,-0.012306341,0.074084625,-0.049249917,-0.0067111156,-0.015899887,-0.004756117,-0.30328596,-0.013527089
-0.008934612,-0.18083516,-0.073964186,0.025609436,-0.053474907,-0.027507469,0.033903465,0.012597257,0.0076642735,0.00258081,-0.006320023,-0.0014379168,-0.038861662,0.0014102807,-0.040186424,0.05580023,0.20814584,-0.00090812193,-0.4608582,0.0009166237,-0.03864243,0.05034009,0.0,-0.10065293,0.10386884,0.0,-0.07251853,0.103101306,0.0,0.0033193498,-0.0028301375,0.0,-0.1404525,0.032643173,0.0,0.18595819,-1.1214292,-0.0716342,0.092069134,0.021147424,0.020220235,-0.043147344,-0.037628416,-0.15812545,0.0008659517
-0.027981386,-0.5931755,-0.1447575,-0.18804295,-0.017893657,-0.006671467,-0.06571679,-0.01841367,-0.010226216,-0.007171337,-0.010748577,-0.0039143357,-0.00558291,-0.0011933094,0.016504787,0.099209376,0.1846487,-0.00024312534,0.20796712,4.7772468e-05,0.0041479156,0.047188632,0.0,-0.019949926,0.08517825,0.0,-0.07141914,0.09638114,0.0,0.00039653646,-0.035386954,0.0,-0.12814683,-0.06424363,0.0,-0.118030034,0.501383,-0.025702873,0.06308508,-0.3088835,-0.16172789,0.009197155,-0.012009626,-0.36461064,-0.20726925
-0.0023013796,-0.37579075,-0.07208248,-0.10864818,-0.023880599,-0.0031031966,-0.025469083,-0.00472063,-0.0018230486,-0.010076362,-0.013795726,-0.0034836575,-0.27709448,-0.0009786139,-0.084672414,0.10701389,0.18711159,-0.000108024,0.20986715,0.00012294923,-0.004528305,0.0913488,0.0,-0.013645229,0.08712791,0.0,-0.06944058,0.15959501,0.0,0.015332595,0.04001153,0.0,0.12839994,-0.06946313,0.0,-0.003201021,0.560373,-0.032163996,0.07207216,0.039959908,0.026573848,-0.005281378,0.012611262,0.18818286,0.0020589181
-0.016355926,-0.48513332,-0.3425662,-0.43382347,-0.025184864,-0.022529537,-0.033232294,-0.0066562714,-0.15114231,-0.10478372,0.03059528,0.0036217012,0.06746328,-0.009136066,-0.11947048,-0.10322588,-0.15136184,-0.0012622897,0.06619394,0.0002680674,-0.020881947,-0.1262172,0.0,-0.009593282,-0.089277424,0.0,0.029056251,-0.40629184,0.0,-0.08590812,-0.05709273,0.0,0.017164702,-0.032139413,0.0,0.014013827,-1.0676482,-0.19603242,-0.80609655,-0.13279362,-0.039674643,-0.0075935237,-0.1275952,-0.29771262,-0.0064297533
0.0069969213,-1.2319438,0.28228042,-0.346111,0.060588,0.020079661,-0.0074665477,0.0049728826,-0.28571224,-0.12690577,-0.012287713,-0.0066880654,-0.07785833,-0.0005880771,-0.046482787,0.04097525,0.11560446,-0.0004235326,-0.45169145,0.00022920847,-0.046137575,-0.09633858,0.0,0.000135651,-0.048585087,0.0,0.05955209,0.080158,0.0,-0.0004614584,0.023149608,0.0,0.08380656,0.0015878975,0.0,0.19233629,-0.93469554,0.017094426,0.07262832,0.033124074,0.014620063,0.076814234,0.00075584167,-0.17276697,0.0034848994
-0.014916536,-0.56325364,-0.07586122,-0.25272828,-0.002714852,0.0031676996,-0.08724296,-0.02020996,-0.096338436,-0.061031405,-0.020509088,-0.0023529518,-0.087467484,4.032065e-05,-0.07959482,0.0185496,-0.11575739,0.0067117596,-0.3863702,-0.0024025538,-0.0074531366,-0.10859786,0.0,-0.020731324,-0.04813296,0.0,-0.033542853,-0.33829072,0.0,0.009041658,0.010649539,0.0,-0.06921979,-0.0057414747,0.0,-0.12226321,-1.2261397,-0.072487734,-0.6256117,-0.0020663245,0.0015600622,-0.076305784,0.025000563,-0.1975941,-0.036418635
0.0069492497,-1.7252218,-0.10456465,-0.13639045,-0.097602956,-0.031204794,-0.011992108,-5.4467528e-05,0.007816174,0.006178584,-0.0173609,-0.0075965575,0.06415743,-0.0011128415,0.009473806,0.040416718,0.105587505,-0.00029696885,-0.698481,0.0003044161,-0.13366021,-0.117604464,0.0,-0.013646373,-0.025979597,0.0,0.042960275,0.08738299,0.0,0.0162687,0.029707287,0.0,0.05100219,-0.00982427,0.0,0.032963745,-1.2675788,-0.21842597,-0.66440696,0.033358127,0.012241059,-0.067935705,-0.0058847317,0.26192403,0.01568221
0.060064465,-0.31560168,0.5987997,-0.10503089,-0.22144912,-0.070987724,0.15363854,0.057461794,0.065360695,0.012784475,-0.003908503,-0.0018621619,0.057060484,0.0004796933,0.03960613,0.033363033,0.14985475,-0.0018556014,-0.27796707,0.00028080939,-0.030439284,0.35094225,0.0,0.068308644,-0.06244938,0.0,0.035297602,-0.09407147,0.0,0.03214237,-0.010865422,0.0,0.03362888,-0.008641832,0.0,0.09299853,-0.7801604,-0.115485474,-0.31916085,-0.0784573,-0.041095212,0.010107885,0.022897465,-0.15029897,0.00085654214
-0.033202324,-0.93073976,-0.25758868,-0.56655616,-0.015654271,-0.020334784,-0.010912104,-0.0033699006,0.01571421,0.010129951,0.028011192,0.0117084095,0.09731777,0.0101549635,-0.13823724,-0.20258182,-0.22885332,-0.0005823124,0.13715397,8.564181e-05,0.0037782541,0.018610785,0.0,-0.078237645,-0.12589465,0.0,-0.0010053143,-0.55044997,0.0,-0.12316039,-0.0024047315,0.0,0.07482122,-0.0031666323,0.0,0.03027088,0.36924174,-0.042947214,0.041552953,-0.012788327,-0.016796988,0.014865851,-0.042435203,-0.46133387,-0.022013512
0.03532861,-0.3999257,-0.30878407,-0.31877515,-0.0015725727,-0.011937331,-0.04397178,-0.009974788,-0.015963024,0.0020989706,-0.015317705,-0.005290573,-0.10360079,-0.0006717534,-0.060108997,0.09290154,0.15113403,-0.00024787255,0.12477527,9.2439266e-05,-0.0013497397,0.060371075,0.0,-0.056946944,0.08013737,0.0,-0.05138366,0.083613895,0.0,5.5339326e-05,0.022778422,0.0,0.06786021,-0.13791974,0.0,-0.115184985,0.5449245,-0.008787807,0.062264994,-0.35879377,-0.17793873,-0.17136264,-0.019870494,-0.33202693,-0.012440508
-0.0204921,-0.09331423,-0.81953615,-0.035177927,-0.0073268004,0.011964276,-0.058971073,-0.015736999,-0.088046454,-0.022547211,-0.011300346,-0.001027846,-0.11538928,0.00039686952,-0.14473704,0.020322451,-0.13146424,0.0014817344,-0.4332978,-0.0023841795,0.0035079767,-0.09561238,0.0,-0.00203284,-0.020074727,0.0,-0.03393801,-0.30492634,0.0,0.012516669,0.0012736766,0.0,-0.04251248,0.016288653,0.0,-0.11600094,-1.3675138,-0.067897104,-0.8256071,0.17832085,0.090524174,-0.043746572,0.006579965,-0.14768578,-0.032737512
-0.018532027,-0.80225784,-0.46488065,-0.59312344,-0.11064039,-0.029748604,-0.025929198,-0.011253122,-0.012690159,-0.0041582505,-0.0057160812,-0.0022583217,-0.21594688,2.5758054e-05,-0.11011259,0.050695337,0.12886882,1.3815967e-05,0.11956836,0.00032139642,-0.002746888,0.15106389,0.0,-0.039643835,-0.13852106,0.0,0.01475314,-0.40382653,0.0,-0.11112552,-0.025264084,0.0,-0.12174402,-0.007175247,0.0,0.07862502,-1.0783108,-0.16292337,-0.63688457,-0.01911617,-0.0059803985,-0.14329961,-0.03694332,-0.24194333,-0.012507125
0.011452255,0.005174451,-0.15449516,0.1883421,-0.04079062,-0.016461061,-0.09420677,-0.025329039,-0.19329125,-0.06942041,-0.008419153,-0.008393544,0.0089927735,0.00091895857,0.07603472,-0.250945,-0.27622747,-0.001047396,0.17039761,-1.0841599e-05,0.0039500655,0.043607354,0.0,-0.07580917,0.05405782,0.0,-0.09278826,0.08371007,0.0,-0.010471741,0.049328744,0.0,-0.053898208,0.0027782768,0.0,-0.087594666,0.49432504,-0.025322035,0.060068127,0.05795493,0.008740076,-0.07140583,-0.06346319,-0.33712128,0.003241991
-0.025828177,-0.030909732,0.1256276,-0.15424438,0.10592656,0.008221899,-0.016384937,-0.00768721,-0.08424516,-0.08831146,-0.025977774,-0.0042967787,-0.086189635,0.0009818481,-0.046493206,-0.03516425,-0.261417,-0.0015348241,-0.5561826,-0.00077061,-0.015495649,-0.19005336,0.0,-0.0071084695,-0.03452594,0.0,-0.04868444,-0.43917555,0.0,-0.00070809055,-0.012432428,0.0,-0.049382124,-0.018923072,0.0,-0.05059021,0.5221695,0.0035058984,0.08769761,0.058427874,0.026879959,0.0005358421,0.003799238,0.13525139,-0.03225556
-0.035216384,-0.2682777,-0.021697214,-0.07048537,-0.025920976,-0.018317012,-0.044082005,-0.011310829,-0.04468253,-0.018605622,-0.012460368,-0.0031569,-0.0692611,-0.002862054,-0.07476204,0.01114155,-0.11572751,0.0028339825,-0.4241153,-0.010403726,-0.0035541218,-0.07472178,0.0,-0.025093233,-0.0482487,0.0,-0.0447526,-0.2268376,0.0,-0.007891794,0.021451173,0.0,-0.085207246,0.004418811,0.0,-0.20887043,-1.3107481,-0.14749287,0.074248046,-0.19245847,-0.07469034,-0.08688271,-0.004288465,-0.12873451,-0.21142514
0.13999248,0.32818848,-0.24600744,0.16621262,-0.020242715,-0.025447085,0.06105816,-0.0017665023,0.014503695,0.008223137,-0.019452842,-0.009684236,0.043158878,-0.00039691743,0.032426946,-0.11871841,-0.24836725,-0.0009615163,0.14161016,9.34481e-05,-0.009823721,-0.21877874,0.0,0.050525248,0.05287529,0.0,-0.084740534,0.08328331,0.0,-0.013746154,0.0600055,0.0,-0.05799975,-0.0008239044,0.0,-0.09583852,0.55416995,-0.016721271,0.05995766,0.04574164,0.020468174,0.0046402523,0.043560736,-0.18341362,-0.054752875
-0.026035877,0.37982428,0.10381242,0.14694072,0.085741654,0.04398791,0.0048312466,-0.0016667884,0.018383667,0.008997496,0.085709535,0.013620413,0.10738368,0.016857881,-0.02851514,-0.08351439,-0.14951655,-0.00060871313,0.24687792,0.00011385297,-0.005050842,0.019420298,0.0,-0.040487997,-0.06791812,0.0,0.15446562,0.17247193,0.0,0.016666986,0.017783595,0.0,0.10576704,-0.04568319,0.0,-0.105434515,0.609464,-0.029802501,0.072724625,0.09286925,0.07387258,-0.020232169,0.038228657,-0.3569564,0.015576031
-0.009376483,0.07224881,-0.27785242,0.024230778,0.24515606,0.048853744,0.028400168,0.018231126,-0.07172888,-0.0425881,-0.0056965896,-0.0041475547,-0.117874496,0.00014881915,-0.06515668,-0.14022869,-0.19907677,-0.0011068135,0.15790339,0.000100188474,-0.012118454,0.08814224,0.0,-0.0109547805,0.10171816,0.0,-0.0634056,-0.29433665,0.0,-0.04667769,-0.017857146,0.0,0.051430825,-0.01932655,0.0,0.013349496,0.4823114,-0.046562575,0.069390394,-0.015268829,0.01202332,-0.009846166,-0.11398102,-0.32723463,-0.070354134
0.0066350275,1.0701365,-0.09893905,0.8158167,-0.05651425,-0.012254847,-0.005027227,-0.0011231571,0.021380369,0.011977524,-0.01654411,-0.0057398602,-0.101425774,-0.0016326354,-0.02434309,0.13861848,0.24159555,0.00051391835,0.26509136,0.00013679425,0.0042981063,0.07287904,0.0,-0.021513028,0.08795462,0.0,-0.06521282,0.1918304,0.0,0.020879913,0.054269247,0.0,-0.07406701,0.022796053,0.0,-0.030333957,0.73765045,-0.0150587065,0.07805946,0.044648696,0.024310607,-0.008843085,0.020388568,0.22854993,-0.006550387
0.0040227575,-0.34159464,0.15023327,0.057073817,-0.04343758,-0.02553761,-0.060090028,-0.025099097,0.002255277,-0.014601129,-0.0033452515,-0.0017144724,0.010326043,0.0003254492,0.020312635,0.056225035,0.16583374,-0.00035921548,-0.3953793,0.00030386192,-0.04221459,-0.15844585,0.0,-0.055534914,-0.039501123,0.0,0.027517786,-0.12217232,0.0,-0.040943597,0.0168937,0.0,0.06805746,0.004617241,0.0,0.0910784,-0.96136785,-0.27186075,-0.5782237,-0.041742153,-0.0038090032,0.010310385,-0.03950506,-0.14397675,0.028960116
-0.044492308,-0.6926831,-0.056206163,-0.17270987,-0.16170286,-0.059385095,-0.014127423,-0.006973403,0.024571266,0.009081845,-0.013192185,-0.0054318085,0.030064521,-0.0004112879,0.0010116582,0.11905306,0.20493898,-0.00025823642,0.17659779,0.00011399096,0.008262073,0.083610855,0.0,-0.034354184,0.08744444,0.0,-0.053840734,0.11045666,0.0,0.0027959489,0.03213108,0.0,0.06797817,0.07724616,0.0,0.045318097,0.5155056,-0.005601368,0.05822394,-0.4085194,-0.21179767,-0.15112421,-0.040738285,-0.2686364,0.019973826
-0.029061008,0.25520864,-0.08696358,0.16778052,-0.067365155,-0.03580535,0.04768798,0.00783308,0.025896322,0.0130980695,-0.025176402,-0.009646556,0.046464514,-0.001431597,0.014595209,-0.1999767,-0.2172766,9.03898e-05,0.19778182,0.0001092902,0.0038476777,0.071256615,0.0,-0.028914534,0.07710534,0.0,-0.08030014,0.08361094,0.0,-0.0011436148,-5.496348e-05,0.0,-0.096083455,-0.050461337,0.0,-0.11313988,0.5542694,-0.019968178,0.05726428,0.066247635,0.04527537,-0.011236769,-0.055522043,-0.33124688,-0.22012764
-0.025191184,-0.06880507,-0.32100573,0.4195584,-0.14159319,-0.025847945,0.060162265,0.025025086,0.038592,0.021630907,-0.01280829,-0.0028415236,-0.098146796,-0.00073133444,-0.13426948,0.030030996,-0.10597972,0.016655285,-0.3208586,-0.0026036133,0.0010467474,-0.11696636,0.0,-0.014749616,-0.043338355,0.0,-0.024972826,-0.23526041,0.0,0.012561709,0.0008063988,0.0,-0.03393312,0.0008639574,0.0,-0.048001923,-1.0746536,-0.06330138,-0.45419073,-0.1412147,-0.052571557,-0.10154682,-0.20758735,-0.12152489,0.03472032
-0.024521785,0.92094386,-0.4433118,0.27452874,0.005745845,-0.014927467,0.0259917,0.003943411,0.0032173449,0.0029151046,-0.024396958,-0.007885024,-0.17854683,-0.0008387804,-0.027567083,-0.30552968,-0.2849752,0.0005251817,0.20929714,0.0001408699,0.0052778036,0.09998645,0.0,-0.030980695,0.051738963,0.0,-0.0709493,0.119899705,0.0,0.01496873,0.04249523,0.0,-0.07063016,-0.014617862,0.0,-0.0111030815,0.6380203,-0.02130146,0.067106366,0.05340596,0.0115555385,-0.0065387213,-0.014585252,0.15550096,-0.017879784
-0.014565896,-0.48474407,-0.27069142,-0.035601057,0.092709325,0.036753256,-0.04034495,-0.020868815,-0.002407337,0.0066624745,-0.030377127,-0.0069003,-0.15822998,-0.0009493783,-0.08378085,0.026275538,-0.17877717,0.01676808,-0.42321467,-0.0006206066,-0.011148344,-0.115811676,0.0,-0.0382696,-0.10910414,0.0,-0.021571098,-0.3182754,0.0,-0.0024248234,-0.0014382018,0.0,-0.022105236,-0.024969796,0.0,-0.04083704,0.45598567,0.014053228,0.05597741,-0.22339757,-0.07918672,-0.0473812,-0.3176707,-0.16257977,-0.021313652
-0.024758214,1.0630977,-0.051041897,0.44710392,-0.08273789,-0.026817651,-0.011151473,-0.0055963267,0.019549578,0.0048561804,-0.0111801075,-0.0042857286,0.014785031,-0.00026582647,0.010765827,0.12731464,0.1985044,0.0004927509,0.28010932,0.00012021923,0.00400605,0.06467875,0.0,-0.035572615,0.05258135,0.0,-0.07888723,0.13292998,0.0,0.005133469,0.023645116,0.0,-0.08224857,-0.023271197,0.0,-0.105046704,0.7706246,-0.009027779,0.071639106,0.055209808,0.02568723,-0.017214105,-0.019774154,0.17088017,-0.010759703
-0.011252151,-0.49040362,-0.5185775,-0.43422017,0.002230309,-0.007886867,-0.05633277,-0.0057843,0.016721409,-0.00019126486,0.042314447,0.0130035775,0.027695578,0.00022401218,-0.056913976,-0.10404426,-0.19931427,-0.000593971,-0.41937456,0.00032263814,-0.03296369,-0.13657251,0.0,-0.015682135,0.089921616,0.0,-0.062103912,-0.33413324,0.0,-0.08520539,0.004388513,0.0,0.071893685,0.0075341742,0.0,0.08736258,-0.8764587,-0.25130218,-0.7799439,0.0053131585,-0.0038859162,-0.21755195,-0.029526655,-0.28243223,0.014936115
0.15434718,-1.0034221,-0.14515834,-0.37802562,0.029224528,0.007134322,0.055556078,0.02335922,0.024993986,0.018968863,0.12558448,0.025285557,0.0430552,-0.005485113,0.007533388,0.00521236,-0.14794824,-0.006005617,-0.36784267,0.00037873673,-0.024949107,0.019119387,0.0,-0.14042322,0.07332273,0.0,-0.07923756,-0.24511333,0.0,-0.067206405,-0.011300572,0.0,-0.13080464,0.048760902,0.0,-0.37751257,-0.9868113,-0.11656993,0.048493072,-0.03292109,-0.04763191,-0.12922964,-0.01625878,-0.2850496,-0.0004195274
0.09560807,-0.58472455,-0.15177798,-0.12549923,0.059140097,0.0043988265,-0.044900995,-0.010845497,0.027047552,0.017665323,-0.017816959,-0.006334539,0.06505319,-0.0010350874,0.07433808,0.010278961,-0.11251415,0.0077063832,-0.403952,-0.0104005,-0.0009858654,-0.037795268,0.0,-0.09680859,-0.054805145,0.0,-0.02979166,-0.23109667,0.0,0.009818918,0.01396309,0.0,-0.060831167,0.005416504,0.0,-0.18703887,-0.9673787,-0.058591675,0.060321033,-0.04820494,-0.040153433,0.011588526,-0.04170826,-0.20153752,-0.0026153943
-0.04582893,-1.3995851,-0.021996643,-0.20229253,-0.04103237,-0.022967312,-0.0011492475,-0.006886312,-0.008285378,-0.01351778,-0.01080556,-0.0030942475,-0.021315131,-0.0010286643,0.016482424,0.06708455,0.17063953,-0.0014959706,-0.52546716,2.7028807e-05,-0.05433798,0.06872546,0.0,-0.05570389,0.07522228,0.0,-0.07024294,0.12836096,0.0,0.010422783,-0.08014744,0.0,-0.16917534,-0.022565765,0.0,-0.0773597,0.40586963,-0.004799584,0.03609851,0.010274395,-0.002370038,0.0022810148,-0.029492904,-0.43090832,-0.40507802
-0.021823369,-1.0601242,0.05346219,-0.4593145,-0.06682192,-0.014402122,0.0941245,0.03911167,-0.14299062,-0.066992134,-0.005541033,-0.00087446027,-0.20546168,0.0012670808,-0.10544346,0.08235698,0.1683862,-7.257484e-05,-0.32514518,1.8870247e-05,-0.023383075,0.06020977,0.0,-0.07262883,-0.12574266,0.0,0.0009961645,-0.47140956,0.0,-0.11972486,-0.049349103,0.0,-0.076725625,0.02240528,0.0,-0.0783406,0.38666755,0.010538764,0.07332694,-0.04246103,-0.003059267,-0.06424627,-0.034808222,-0.39543915,0.017810725
-0.0121105015,-0.5439777,-0.62444544,-0.46303934,-0.012525133,0.011685867,0.051897004,0.012178819,-0.1294093,-0.044240095,0.05725707,0.012936953,0.06616368,-0.0058393194,-0.08586529,-0.10435497,-0.17725155,-0.00063913927,-0.26147464,0.0002765892,0.0038099168,0.13572924,0.0,-0.028675398,-0.07538235,0.0,0.04386661,-0.28914413,0.0,-0.089883074,-0.021514956,0.0,0.060476746,0.00911906,0.0,0.07112687,-1.0028546,-0.16170852,-0.63930476,-0.10633022,-0.033855237,-0.10220682,-0.00874002,-0.27093267,0.022306127
-0.012884284,0.08566843,-0.078195326,-0.03562754,-0.20416673,-0.038509984,-0.090253875,-0.014246719,-0.22987318,-0.08998238,-0.022882791,-0.0074412427,-0.054636322,-0.00029181878,-0.056806624,-0.18589441,-0.19022034,-0.00011310207,0.12113942,0.00011803843,0.0016589856,-0.23295483,0.0,-0.06265831,0.037420105,0.0,-0.08978918,-0.29683,0.0,0.011299163,0.013322045,0.0,-0.08980408,0.098341174,0.0,-0.06409825,0.3785136,-0.034115694,0.07779909,-0.08403089,-0.02233878,-0.002729929,-0.014149997,-0.1802334,0.0001639557
0.0014144137,-0.041945677,0.054685652,-0.13359773,-0.02770962,-0.04101907,-0.03789531,-0.0070504714,-0.004768809,0.0014769877,-0.008655016,-0.0025767887,-0.10928025,-0.0035307996,-0.041795935,0.12210202,0.12981954,-0.00013588024,0.20524378,0.00013199123,-0.009814446,-0.3241713,0.0,-0.12692061,0.014945997,0.0,-0.08386636,0.0070933662,0.0,-0.024420358,-0.0036168844,0.0,-0.038757484,0.0135441795,0.0,-0.06325818,0.5706618,-0.021958632,0.067511834,-0.4593656,-0.2083958,-0.026716141,-0.027172487,0.050881173,0.015080894
-0.02207832,-0.2605599,-0.34141296,0.29063,-0.022902511,-0.015137544,0.016267605,0.007792902,0.010900743,0.011346598,-0.006124881,-0.003555148,0.08882242,0.00013110938,0.06520733,-0.07221309,-0.17974539,-0.0016283991,-0.29753748,5.7366007e-05,0.0019638846,0.20095932,0.0,-0.018596547,-0.1003692,0.0,0.035747077,-0.18550502,0.0,-0.048036437,0.027852342,0.0,-0.117869474,0.013718937,0.0,0.056061666,-0.81388575,-0.25788113,-0.42994618,0.0038250177,0.0028586355,-0.016917668,-0.04083655,-0.21942231,0.024286835
-0.011846848,-0.065322325,0.10610212,-0.27867404,0.0041101384,0.007328899,-0.056526486,-0.02811299,0.014192803,0.006439663,-0.013368576,-0.003532237,0.16447045,-0.0008039275,0.064442426,0.10534298,0.17399573,0.00017208068,0.25249514,0.00011993247,-0.0046040337,0.056666125,0.0,-0.043975588,0.083156124,0.0,-0.06476298,0.13321401,0.0,0.012248473,-0.04512797,0.0,-0.06708921,0.0034505378,0.0,0.039639454,0.60776126,-0.021806207,0.07377126,0.09034437,0.044976357,-0.0060115918,-0.0015081848,0.2765509,0.013144109
-0.016112437,0.25455993,-0.44825512,0.049934857,0.05277201,0.037699938,-0.022935968,-0.008861021,-0.016390163,-0.0029241864,-0.007967393,-0.0015221561,-0.19066143,-0.00025340324,-0.12740478,0.0853476,0.16195081,-0.0004977707,0.17038569,8.407654e-05,-0.006304745,-0.0010053355,0.0,-0.04399137,-0.16652277,0.0,0.024247047,0.07075988,0.0,-0.0043567005,-0.0067009158,0.0,-0.09123768,-0.05423031,0.0,-0.06404852,0.66161036,-0.015982578,0.06017215,0.04433003,0.023386395,-0.042858038,-0.28038558,-0.31957486,-0.038877785
-0.012827626,-0.038527437,0.41191706,-0.026000004,-0.18232206,-0.06930035,-0.12322698,-0.017235918,0.027269075,0.006388642,-0.010293173,-0.0034282994,-0.097413525,-2.884898e-05,-0.039945606,0.0718099,0.25157776,-0.00018752452,-0.38251492,0.00010756793,-0.021454498,-0.19832909,0.0,-0.081397474,-0.007407896,0.0,0.06370047,-0.363178,0.0,-0.0651648,0.04409913,0.0,0.12285326,0.009109644,0.0,0.04964178,0.32558915,-0.04792986,0.07630231,0.025297154,0.01842171,-0.024651526,-0.0073445984,-0.2662538,-0.044727184
0.1299175,-1.9682696,0.2011813,-0.16767687,-0.09775817,-0.0431124,-0.057633985,-0.041823264,0.041857444,0.0011338771,-0.011230412,-0.003115576,0.03292886,-0.00022451702,0.015139752,0.03903679,0.14105035,-0.00028570916,-0.47295874,0.00028517089,-0.06886884,0.19354069,0.0,0.016320463,-0.032892633,0.0,0.031679176,-0.21463366,0.0,-0.044647694,0.014155833,0.0,0.04425697,0.022595564,0.0,0.09147025,-1.0954562,-0.30087358,-0.74956775,-0.0129278,-0.00026508755,-0.05402266,-0.011981493,-0.23293978,-0.1361503
-0.017739417,-1.6319958,-0.4542636,-0.39194617,-0.009170671,-0.0043364516,-0.035868887,0.00053319894,-0.15539896,-0.06541751,-0.031119984,-0.013597682,-0.093803436,-0.0005378404,-0.08397252,0.023573784,-0.114158385,0.0075137015,-0.43589452,-0.00054220547,-0.0030781298,-0.120125085,0.0,-0.026729034,-0.048243277,0.0,-0.031340957,-0.34403136,0.0,0.015551523,0.00016112023,0.0,-0.06851667,-9.386151e-05,0.0,-0.12558669,-1.1486354,-0.1007491,-0.799899,-0.05084468,-0.05193819,0.07570187,0.008876939,-0.2052831,-0.007625458
0.0022921127,0.065367185,-0.2679179,0.16113575,0.060066678,0.0024279614,0.040880285,0.0063114827,0.0069335634,0.0019171456,-0.014315235,-0.0027351384,-0.18523696,-0.0005569036,-0.06447868,0.036626708,0.12054733,0.0013518758,0.18772434,0.00012506904,-0.017789302,0.079601884,0.0,-0.019478878,0.07557673,0.0,-0.07178351,0.100870505,0.0,-0.0051908214,0.0068927677,0.0,-0.097367786,-0.018189175,0.0,-0.08079501,0.681302,-0.01448003,0.064113535,0.0151102,0.011745124,-0.01976378,-0.020613393,0.13118117,-0.004737981
0.007111819,-0.28132197,-0.20507255,-0.2679773,0.07397146,0.035133332,-0.012315324,0.019625412,-0.012301014,-0.06105333,-0.006783231,-0.0015752582,-0.15102056,0.0011098261,-0.06834318,0.12823837,0.15352437,-0.0010711704,0.11149513,-2.986021e-05,-0.010221146,-0.059658453,0.0,-0.08567634,-0.19058827,0.0,0.010374235,0.13653117,0.0,0.01139788,-0.0011022231,0.0,-0.08423076,0.01395908,0.0,-0.052963916,0.5709833,-0.013018111,0.06543117,0.051765822,0.022999791,-0.0100714965,-0.13460845,-0.4279882,0.01562126
-0.011340926,0.23757412,-0.23796326,-0.33408028,0.07539625,0.031762403,-0.051932696,-0.015374743,0.01339535,0.011478905,-0.02152132,-0.005292176,-0.08319672,-0.0013103958,-0.044942856,0.03793687,-0.15635921,0.0043277005,-0.55231327,-0.00084521563,0.0016135885,-0.13983093,0.0,-0.0136712305,-0.054075565,0.0,-0.022636253,-0.27056465,0.0,0.0050770133,0.011026819,0.0,-0.044981986,-0.0021140142,0.0,-0.04171039,0.49774423,-0.0061156387,0.091343746,-0.061901208,-0.04501953,0.17298561,-0.0037112667,-0.06280829,-0.035085104
-0.010807523,-0.64407367,-0.12580499,-0.1834883,-0.070789024,-0.030759793,-0.07528187,-0.020972218,0.0036382645,0.0006693529,-0.014530386,-0.003874668,0.031766172,-0.00071149704,-0.00451327,0.098711476,0.17445111,-0.00019122947,0.23408143,8.323664e-05,0.013478316,-0.10544263,0.0,0.021392446,0.07908333,0.0,-0.058652557,0.16760351,0.0,0.012159766,-0.03747022,0.0,-0.085447714,-0.08530849,0.0,-0.10147428,0.5617274,-0.011413945,0.06872115,0.061655328,0.02627915,-0.17430237,-0.0429688,-0.5010097,0.045729764
-0.035795163,-0.5527037,-0.30784586,-0.33466247,-0.0073287347,-0.03102327,-0.096972115,-0.016322305,-0.007814458,-0.007896728,-0.007551644,-0.004557026,-0.012770245,-0.0008129475,0.0155671965,-0.103590235,-0.2296285,-0.0018121176,-0.38867453,0.0010167058,-0.03785219,0.034696363,0.0,-0.10261222,-0.09809265,0.0,0.015024155,-0.22439729,0.0,-0.033706583,-0.022698106,0.0,0.004622412,-0.01108134,0.0,0.1379127,-0.92943585,0.06412819,0.09455609,-0.045940153,-0.011130752,0.016810408,-0.01833149,-0.23073733,-0.014280539
-0.031597726,-0.3937176,-0.36931962,-0.11474276,0.020601504,0.002355532,-0.021870133,-0.0014047062,0.008323513,0.006716787,-0.057575375,-0.02045613,-0.13614279,-0.0052280864,-0.027434446,-0.21495663,-0.26280808,-0.00014260341,0.13496926,0.00012487442,-0.005879383,-0.14056823,0.0,0.052762408,0.011497501,0.0,-0.082007945,0.13500386,0.0,0.0004147171,-0.01911081,0.0,-0.121468306,0.008694822,0.0,-0.046875212,0.422365,-0.03399846,0.063471206,0.033806503,0.032288786,-0.03810093,-0.010709914,-0.2661141,-0.29837477
0.015358366,0.008246958,-0.21418767,0.17737518,-0.20640263,-0.053356353,-0.016328976,5.8952908e-05,0.023908256,0.00813701,-0.006980628,-0.011012595,-0.114255734,-0.00068260677,-0.099245735,-0.14022744,-0.20911421,-0.0012770244,0.15922013,8.698942e-05,-0.008973749,0.055386785,0.0,-0.068658955,0.08388748,0.0,-0.076023765,-0.39560214,0.0,-0.057455752,0.020667445,0.0,-0.07145919,0.10649775,0.0,-0.033559922,0.45096108,-0.026503608,0.06649313,0.023944253,0.006478404,-0.050652944,-0.3323039,-0.4077029,0.004669644
-0.029058509,-0.18806845,-0.29194158,-0.09634563,-0.122040376,-0.023621775,0.030833961,0.011205638,-0.11597046,-0.04964466,-0.016516764,-0.0043694405,0.015452631,-0.0004250453,0.008584046,-0.08846185,-0.1729132,-0.00081543997,0.210738,4.45475e-05,0.006724356,-0.09430924,0.0,0.02042798,0.06234777,0.0,-0.087201476,-0.30018398,0.0,-0.040640943,0.03846321,0.0,-0.09132617,0.09474205,0.0,-0.071664676,-0.9157115,-0.16790438,-0.84701574,-0.1305627,-0.06264384,0.0043905177,-0.030708835,-0.19778432,-0.073699534
-0.023193667,-0.4864231,-0.5593576,0.12977405,-0.07967103,-0.01857562,-0.027943265,-0.018133441,-0.09808031,-0.056544386,-0.020918733,-0.0036483286,-0.106049046,0.0010133691,-0.11019175,0.031884465,-0.10245939,0.006014664,-0.3844163,-0.002437162,0.0013247703,-0.14853078,0.0,-0.028201655,-0.031489324,0.0,-0.032637857,-0.25946245,0.0,0.0058653005,-0.02397472,0.0,-0.03345336,-0.011956258,0.0,-0.08062574,-1.1485223,-0.074412964,-0.76027954,-0.01811965,-0.046352692,0.20507233,-0.013576836,-0.089194186,-0.005649815
-0.017048199,-0.6758462,-0.12034641,-0.46139228,0.083244585,0.031728316,-0.0333897,-0.000990218,0.0009663127,-0.0025608446,-0.02012734,-0.008349817,0.0045065805,-0.0034247995,0.04815333,-0.19008681,-0.32956892,-0.0018976044,0.15556663,6.1758146e-05,-0.0013372902,0.0037619947,0.0,-0.11449654,0.10063988,0.0,-0.058638103,-0.336631,0.0,-0.043772206,0.00789251,0.0,-0.08829214,0.06512197,0.0,-0.08166062,0.4301004,-0.016142013,0.05134767,-0.0015438304,0.00022357682,0.020625254,0.0907507,-0.46465567,0.026865909
0.0551267,-0.6092794,-0.1763485,-0.04489724,0.11576943,0.0342192,-0.062246125,-0.015950251,0.062495317,0.023283044,0.19468825,0.0281797,0.12826355,0.0068400414,-0.049196847,-0.19989073,-0.24838994,-0.00026051974,0.21677434,0.00012187067,0.006754916,-0.19707069,0.0,0.044726584,0.061390318,0.0,-0.07443198,0.21972221,0.0,0.03266801,0.020857166,0.0,0.062262278,0.0069609624,0.0,0.042926777,0.4680957,-0.037200883,0.04845099,0.030047825,0.029081734,-0.003507728,-0.012506309,0.23338908,-0.013160969
-0.020263169,0.24250795,-0.12449315,0.15600395,-0.040244315,-0.02601753,-0.021472827,-0.0052945763,0.0056821406,0.0006102594,-0.007770222,-0.0025309282,0.1561593,-0.0028948784,0.08634471,0.11051366,0.16269554,0.00028590712,0.26563087,0.00012021923,-0.0014232766,0.07023762,0.0,-0.015219923,0.067388006,0.0,-0.081247024,0.1039453,0.0,-0.011444455,0.025607374,0.0,-0.070151374,-0.021888627,0.0,-0.110203944,0.72633386,-0.011757504,0.0663095,0.105955,0.059309468,-0.019974945,-0.03397792,0.15162426,0.016665773
-0.013155353,0.49243838,-0.031805906,0.22867,0.027592048,-0.0053960485,-0.009841695,0.0007435017,0.006895766,0.0034214638,-0.008225054,-0.0027357547,-0.11313389,-0.00061190635,-0.069771186,0.10333024,0.10811485,0.004190214,0.2984022,0.00014303757,0.016452089,0.13700205,0.0,0.009604503,0.067712575,0.0,-0.06614954,0.07912587,0.0,2.5015426e-05,0.024713412,0.0,-0.098167755,0.07211207,0.0,0.14908196,0.64966744,-0.019829227,0.066667706,-0.304392,-0.1345016,-0.035104513,-0.006041465,0.11817111,0.0052831243
-0.019680668,0.043016434,-0.31931338,0.11330919,-0.074147105,-0.03862333,-0.028663682,-0.017017044,0.0040285424,-0.004464018,-0.011638321,-0.004471662,-0.042762037,-0.0012917772,-0.076880835,0.0067318124,-0.13408715,0.002425851,-0.5309257,-0.010451652,0.004924237,-0.08086995,0.0,-0.059370887,-0.053748894,0.0,-0.0436312,-0.27834862,0.0,0.0022210665,-0.033705488,0.0,-0.097174205,-0.023487318,0.0,-0.22359738,-1.3398905,-0.14164513,0.08269986,-0.13410003,-0.080847375,-0.060167745,0.017160485,-0.11807519,-0.07725115
0.020709693,0.24904257,-0.34703445,0.044593994,-0.035374884,-0.0076383916,-0.04076284,-0.005327649,0.0011737392,0.0021679185,-0.012296551,-0.0027790072,-0.17237741,-0.0007387334,-0.065873556,0.069007054,0.15119314,0.000670882,0.22714452,0.00013679425,-0.0024908034,0.06904322,0.0,-0.012368299,0.083266646,0.0,-0.067194685,0.11377394,0.0,0.0018473415,-0.0040089088,0.0,-0.0972408,0.004271572,0.0,-0.036784288,0.6653175,-0.019028945,0.07034169,0.048061464,0.018567707,-0.02683865,0.028167963,0.2080298,-0.0032257386
0.09563883,1.1887156,-0.08869829,0.9022174,0.041980203,0.0032614546,-7.1704286e-05,0.0068898425,0.016276522,0.012181239,-0.013082282,-0.004397978,-0.0842057,-0.0005356704,-0.028051822,0.12291287,0.2082492,0.0005384795,0.23030762,0.00012506904,0.0027032637,0.07546571,0.0,-0.02275403,0.074567206,0.0,-0.06678973,0.16477054,0.0,0.013235717,0.04894891,0.0,-0.06847425,0.0062738396,0.0,-0.040076926,0.7593681,-0.009645091,0.072874926,0.039613757,0.021665245,-0.008090468,-0.002746222,0.19765125,-0.009457864
-0.033678338,-0.570001,0.2139715,-0.12514366,-0.01438947,-0.01877556,-0.064643495,-0.0015321352,-0.097273506,-0.09098402,-0.017864775,-0.0021622898,-0.12091951,-0.00018512583,-0.12111811,0.017163493,-0.11693889,0.012005459,-0.40241414,-0.0004892228,0.0037031053,-0.092518695,0.0,-0.022974536,-0.027586786,0.0,-0.03550958,-0.29849026,0.0,0.01702968,0.028008796,0.0,-0.10485703,0.018119803,0.0,-0.14793707,-1.1671578,-0.10068303,-0.7234981,0.11547094,0.040104683,-0.011454121,0.018198727,-0.18622963,-0.056223266
-0.021674203,-0.7869565,0.26246998,-0.22498472,-0.100695565,-0.040580753,-0.03610781,-0.008828075,0.0129638845,0.0034838517,-0.0065024868,-0.0019831948,0.15388627,0.00077263144,0.09688121,0.119011536,0.2127458,-0.0017741524,0.11632172,-5.4990232e-06,-0.014339459,-0.150416,0.0,0.018500157,0.07730164,0.0,-0.061397705,-0.5924067,0.0,-0.19500591,0.05278147,0.0,0.069558695,-0.00024129427,0.0,0.04474637,0.39764756,-0.06263076,0.069591954,0.0015270464,0.0017840283,-0.02118155,0.060268886,-0.31245187,0.022356274
-0.090520635,0.7082866,-0.4857099,-0.2017888,-0.15756789,-0.06261634,-0.04406589,-0.012638482,0.021199113,0.0025964316,0.015456301,0.014789868,0.011350093,0.009144313,-0.0060754656,-0.20567547,-0.22001207,3.1257186e-05,0.1696412,0.00012723671,0.0016226459,0.08983275,0.0,-0.01796301,0.037800357,0.0,-0.07634137,0.07021214,0.0,0.0066730613,-0.0134516815,0.0,-0.0961445,-0.018379914,0.0,-0.09341132,0.61203754,-0.014853354,0.05534644,-0.3968935,-0.18872684,-0.0013576156,-0.017865824,0.12984051,-0.022362296
-0.0090252785,-0.45076635,-0.6394378,-0.0954907,-0.07410079,0.0116003575,-0.08123706,-0.027176155,-0.015733581,-0.005127979,-0.0056450022,-0.0054736,-0.1789906,-0.0009812603,-0.068738766,0.02401739,0.12439233,0.000115241186,-0.49079373,0.0011838765,-0.029776968,0.12317242,0.0,-0.06127002,0.061419986,0.0,-0.06770943,-0.28442103,0.0,-0.074923955,-0.04905513,0.0,-0.16316923,-0.08242335,0.0,0.024494402,-0.8467541,0.039432637,0.086383276,0.011818677,0.009306391,0.014038413,-0.032063067,0.16892906,-0.005832207
-0.00778451,0.355651,-0.27839404,0.1979116,-0.09181842,-0.023969274,-0.112519264,-0.024621602,-0.00796129,-0.0067159873,-0.014329551,-0.005973928,-0.098134756,-0.0032289282,-0.06009359,-0.20345029,-0.2050194,-0.0005241808,0.13846605,0.00010613635,-0.006991216,-0.013975921,0.0,-0.047158547,-0.046651576,0.0,0.17425704,-0.42711902,0.0,-0.11142519,0.006893723,0.0,-0.102886654,0.08452734,0.0,-0.039119985,0.47806785,-0.029588044,0.08094936,0.0422848,0.03417811,-0.013498264,0.007439727,-0.28419787,0.010505132
0.094254196,-0.21478243,0.6554365,-0.27385256,-0.18427537,-0.077926196,0.05470477,0.018394703,0.031251777,0.0069096265,-0.0026707698,-0.0018357951,0.097083,0.0005124215,0.058270946,0.04910539,0.12655158,-0.0010103993,0.16271871,0.001012756,0.002609293,0.16385287,0.0,-0.026370876,-0.10180056,0.0,0.02837538,-0.22198379,0.0,-0.06756463,0.01957143,0.0,0.034433983,0.0513104,0.0,0.16671015,-0.81634015,0.015270143,0.070444174,0.026775653,0.015304141,0.043564443,0.16375907,-0.2834113,-0.007453659
-0.031824224,-0.6310306,-0.5384808,-0.3262313,-0.057820857,-0.045004282,-0.078106605,-0.024565188,0.013612597,0.004655584,-0.013162817,-0.0049098325,-0.019475779,-0.00027963915,-0.0016138817,-0.07245941,-0.19275917,-0.0052877422,-0.3394934,0.0010712234,-0.04493204,0.021364655,0.0,-0.116677545,0.073181495,0.0,-0.05473141,-0.19405103,0.0,-0.013485209,-0.029548991,0.0,-0.13156816,0.021889348,0.0,0.10631919,-0.8479806,-0.025304172,0.06933973,-0.10435033,-0.05372074,-0.1394322,-0.080101475,-0.25005516,0.024182055
-0.04250722,-0.4157122,-0.43027475,-0.18624343,-0.0043348772,-0.0018673523,0.014543537,0.003298186,-0.17222884,-0.11423722,-0.025187543,-0.0074626547,0.05347733,-0.00023927723,0.0038694406,0.024921352,-0.12933613,0.008784285,-0.42989853,-0.00052205985,0.0031283014,-0.09564278,0.0,-0.040588126,-0.027883878,0.0,-0.06801171,-0.36335596,0.0,0.01077732,-0.0076804184,0.0,-0.06296824,-0.013719772,0.0,-0.12965862,-1.1025009,-0.097926326,-0.77175623,-0.14067616,-0.08609299,-0.055804297,-0.030413646,-0.18555906,-0.20779957
-0.0042202743,0.100294605,-0.19079413,0.087295696,-0.03527933,-0.026071504,-0.050260082,-0.015775278,0.014637051,0.004716395,-0.008585698,-0.0022700303,0.052826848,-0.00054096687,0.021515295,0.09826897,0.16502602,-5.904003e-06,0.20985095,0.00012021923,-0.0034244992,0.059305094,0.0,-0.01793419,0.0777894,0.0,-0.06851791,0.0813739,0.0,-0.0052976515,-0.023398254,0.0,-0.097034134,-0.020127783,0.0,-0.10081854,0.7196145,-0.0137083605,0.063346736,0.046991676,0.03165006,0.0087297,-0.015724761,0.19993122,-0.0057187486
-0.00748763,0.3105558,-0.2260044,0.053628255,-0.13821653,-0.06116557,-0.033502497,-0.001565558,0.030207098,0.0072414814,-0.013953425,-0.012221189,0.034980305,-0.0007602548,-0.092013985,-0.09461101,-0.23192059,0.0006305324,-0.69544464,0.00010826031,-0.097151995,0.07307141,0.0,-0.035283174,0.062016327,0.0,-0.08669778,0.06763797,0.0,-0.014950152,0.015257052,0.0,-0.08133944,-0.012475514,0.0,-0.08949259,0.56524396,-0.0041133035,0.069298245,0.0679973,0.023925548,-0.009501326,-0.03131387,0.17417808,0.0129448725
0.017466085,0.09829591,-0.1437991,0.07115943,0.044735037,0.014805174,0.007885691,-0.01033243,0.027137402,0.013509683,0.09426366,0.014004569,0.1885485,0.004212103,-0.0471171,-0.11305666,-0.17097634,0.00043309538,0.2667387,0.00014361776,-0.0033891813,0.07856742,0.0,-0.019865248,0.038900446,0.0,-0.08101628,0.21602042,0.0,0.022813542,0.013490047,0.0,0.09204512,0.036732424,0.0,0.08329953,0.58570576,-0.031990603,0.06372926,0.0687812,0.04254747,-0.034937102,0.029204424,0.25772375,-0.018278362
-0.04069284,-0.47146544,-0.4466556,-0.48380157,-0.08382534,-0.0106908595,-0.0435939,-0.009320965,-0.095891595,-0.052969016,-0.009601493,-0.003204472,-0.009812984,-0.00032921828,-0.031763736,-0.11962361,-0.21799363,-0.0015702691,-0.32372868,-0.00012449606,-0.032415472,0.12493098,0.0,-0.03936148,0.054008607,0.0,-0.08953069,-0.25135908,0.0,-0.08530618,-0.034173787,0.0,0.015137201,0.008682408,0.0,-0.12176323,-0.95735735,-0.0918488,-0.70252603,-0.028400496,-0.018792287,-0.00991937,-0.07114939,-0.2870518,0.026896887
-0.03154389,-0.72017586,0.5250515,-0.17438413,-0.0103325425,0.008259292,-0.07558058,-0.020286122,-0.30834115,-0.10571736,-0.008228287,-0.001942609,-0.07262537,0.00091821444,-0.069127016,0.04430832,0.1243034,-0.00041862158,-0.37133607,0.00018614577,-0.05407208,-0.20846976,0.0,-0.033680126,-0.0151128685,0.0,0.06134386,-0.22918892,0.0,-0.018149123,0.03124841,0.0,0.08186318,-0.033064876,0.0,0.078197844,-0.81874835,-0.09689183,-0.6410558,-0.044123255,-0.032188166,-0.1324278,0.005543677,-0.15348917,-0.24075799
-0.006208738,-0.72951496,-0.3250172,-0.039711125,-0.10927147,-0.021485807,-0.04291486,-0.017709281,-0.023496201,-0.008871857,-0.014924054,-0.0038162158,-0.057758637,-0.00052849104,-0.035917345,0.02044521,-0.11689298,0.014599164,-0.3734964,0.00019982317,0.011525891,-0.019408548,0.0,-0.08763966,-0.036941595,0.0,-0.040099774,-0.17273931,0.0,-0.00024589914,0.038349204,0.0,-0.070302606,0.018784946,0.0,-0.16455184,-1.2589673,-0.16989675,0.052535385,-0.04147762,-0.044298623,-0.049832013,0.012845529,-0.18654862,-0.0305801
-0.035548702,-0.89685535,-0.054164737,-0.2707205,0.052917082,0.021339094,0.0023175427,-0.0030806442,-0.14376098,-0.046570905,-0.01776272,-0.008818916,0.06104795,-0.0009848849,0.025918989,0.120416425,0.1505279,-0.00058970676,0.13793492,0.00010144239,-0.002031601,0.12812614,0.0,-0.033306636,0.046770364,0.0,-0.0931328,0.13711183,0.0,0.01901802,-0.09677563,0.0,-0.12988803,0.07844865,0.0,0.054135464,0.4717613,-0.013895407,0.048726,-0.29612356,-0.124299124,-0.05042855,-0.029169068,-0.391536,0.018932905
-0.023652028,0.21020749,-0.4994252,-0.022989497,-0.1541511,-0.0757412,-0.055896137,-0.020612277,0.040311046,0.020137371,-0.014882157,-0.0043008835,-0.12908335,-0.001353679,-0.10807943,0.016099237,-0.1562738,0.018265558,-0.5168596,-0.00062653504,-0.0019318582,-0.1425854,0.0,-0.015459792,-0.09565257,0.0,-0.030856125,-0.41716453,0.0,0.00087345805,0.0046569547,0.0,-0.05202717,-0.030702986,0.0,-0.037969343,0.4476089,0.004752822,0.08186656,-0.16255441,-0.06441105,-0.051898893,-0.38175753,-0.13883752,-0.050675675
-0.008748136,-0.4195524,-0.24281523,-0.39292142,0.027177181,-0.015635692,-0.034396097,0.010202544,-0.051102765,-0.010222871,-0.008255165,-0.0026432364,0.035067465,0.001709573,-0.053658508,-0.10414705,-0.20362706,-0.00168862,-0.4027603,0.0002698175,-0.0900467,0.0109558655,0.0,-0.14788629,0.09096704,0.0,-0.07115272,-0.23967904,0.0,-0.028026786,0.029011944,0.0,-0.12814283,0.10161939,0.0,-0.36014825,-1.032789,-0.114148736,0.06376485,-0.00097110076,0.002095313,-0.21058482,-0.044434216,-0.25736699,0.024324134
0.009065095,-0.1011643,-0.20015346,-0.11667569,-0.09817712,-0.054871295,0.012727322,-0.010152459,-0.23719573,-0.08012186,-0.005550066,-0.002505736,0.022729049,-4.2219897e-05,0.049689434,0.10094342,0.17456923,-0.0014747302,0.2225033,6.89015e-05,0.0005064459,-0.09395062,0.0,0.026775535,0.067332745,0.0,-0.06534013,0.18533596,0.0,0.014275418,0.018028783,0.0,0.09426949,-0.05804589,0.0,-0.08805964,0.53747034,-0.018893017,0.07167263,0.04976608,0.019303787,0.000101474834,-0.10100053,-0.39876142,0.023787515
-0.029579833,-0.40086737,-0.34899774,-0.24823041,-0.03119466,-0.008730515,0.013267349,-0.013234259,0.02918775,0.025629673,-0.020514125,0.0134987235,0.043243676,-0.005696375,-0.072155304,-0.09422739,-0.14936362,-0.0017742676,0.13164957,0.00031807984,-0.0090402,0.0836205,0.0,-0.02337693,-0.074680425,0.0,-0.033172313,-0.40574455,0.0,-0.094083145,-0.025573865,0.0,0.055988178,0.037960462,0.0,0.02595853,-1.0587685,-0.21411861,-0.5721319,-0.18615137,-0.0660781,0.02224202,-0.11166531,-0.2689855,-0.0087736845
0.05166486,-0.80133665,-0.19070141,-0.24442504,-0.034423977,-0.031733125,0.0502572,0.018705275,0.017901262,0.0066706412,-0.014437808,-0.0035110002,0.12543654,-0.00062047393,0.029495344,0.11818432,0.13889457,-0.0003870214,0.18257956,0.00010222771,0.002925013,-0.13007253,0.0,0.013675899,-0.11316994,0.0,-0.011976836,0.16970633,0.0,0.046033952,-0.25513452,0.0,-0.17379291,0.048614092,0.0,0.051659323,0.37086785,-0.016240913,0.03530803,0.044132423,0.03173203,0.08554875,-0.0049759303,-0.44872326,-0.006517318
-0.022361768,-0.48796546,-0.4614323,-0.2373706,-0.08987609,-0.0044275224,-0.10514657,-0.02458778,-0.0003090629,0.022414545,-0.021223849,-0.003081946,-0.102602825,-0.0006033962,-0.09787459,-0.0077637425,-0.10142257,0.01946441,-0.34505257,-0.0023563826,-0.012224524,-0.091989584,0.0,-0.038662277,-0.06339229,0.0,-0.038043447,-0.21909633,0.0,-0.0047127022,-0.018135814,0.0,-0.07217728,-0.011839587,0.0,-0.08302882,-1.3517911,-0.062999204,-0.6496225,-0.14962682,-0.076000676,-0.02798465,-0.32084483,-0.15977436,-0.018722618
-0.0072603878,-0.34114733,0.19439977,-0.127767,0.041849907,-0.009233808,-0.08794392,-0.013701943,0.0004743902,-0.012182414,-0.0027081957,-0.0019913563,-0.10439747,0.0006727167,-0.03729015,0.028132433,0.18067387,-3.2113632e-05,-0.3719767,0.0011053461,-0.004526125,0.044745255,0.0,-0.09194468,-0.07734437,0.0,0.03399285,-0.31332573,0.0,-0.0846112,-0.059074473,0.0,-0.14533724,-0.0036875915,0.0,0.16464008,-0.9885302,-0.08829696,0.07338403,0.035461932,0.006978373,-0.16104147,-0.024706913,-0.2525601,-0.031791314
0.39899045,-0.18836199,0.26587227,-0.5529246,-0.09565757,-0.05332858,0.017016388,0.013786647,0.013361388,0.0026227764,-0.014730546,-0.0025989767,-0.047925316,-0.00037608127,-0.014202687,0.037611954,0.15559374,-0.00033269965,-0.3080621,0.0010786064,-0.040859617,-0.12278539,0.0,0.012434254,0.016158795,0.0,-0.056404732,-0.002720529,0.0,-0.017051691,0.00029080498,0.0,0.03835981,0.07123847,0.0,0.21761245,-0.9623907,0.07046842,0.1185233,-0.22022721,-0.07788328,-0.0059674387,-0.07492723,-0.10724035,0.040629383
-0.059487574,-0.18370849,-0.30092233,0.1693086,0.030519497,-0.013257403,-0.13295056,-0.022651387,-0.051144328,-0.015262697,-0.06016258,-0.011852008,-0.15247336,-0.004321715,-0.04301314,-0.3562098,-0.31461695,-5.8922204e-05,0.10660174,0.00013150685,-0.0032516909,-0.14309354,0.0,-0.020086069,0.015357357,0.0,-0.084393635,0.13529553,0.0,0.008681139,0.004238001,0.0,-0.11018774,0.057625618,0.0,0.01730978,0.41337368,-0.048757154,0.07123405,0.039894562,0.023795439,0.011272888,-0.02586134,-0.24298352,-0.082854494
0.0027867926,-0.8465367,-0.055184826,-0.19400202,-0.054425612,-0.0150201665,-0.0010943598,0.015810907,-0.03097713,-0.0074640214,-0.022711026,-0.004814703,0.08758864,-0.0017014729,-0.00660719,0.11225649,0.16017765,-0.0002497806,0.13172257,9.90193e-05,-0.0033733377,-0.27345106,0.0,-0.08350186,-0.08532565,0.0,0.020314664,0.11182628,0.0,0.007486725,0.024003373,0.0,0.07846352,-0.011001559,0.0,-0.08790515,0.41605878,-0.033695415,0.06196882,-0.5832906,-0.23040766,0.0051105614,-0.0068920976,0.1177695,0.0046451823
-0.034797132,-0.011995306,0.033722993,0.04881589,0.12381734,0.0061125495,0.050465286,0.012047007,-0.10078257,-0.04632369,-0.0128486175,0.0010144025,-0.026254816,0.00093737093,-0.049794495,0.026379488,-0.20996211,0.0033771489,-0.47651625,-0.00072367466,0.0014899556,-0.091197535,0.0,-0.055866685,-0.014607518,0.0,-0.041411538,-0.25164008,0.0,-0.00974275,0.002765018,0.0,-0.03820496,-0.0076926723,0.0,-0.043940954,0.49682486,-0.0008608826,0.096849896,-0.18555363,-0.06508266,-0.07264995,0.011243893,-0.11667801,-0.08700946
-0.042466544,-0.52088916,-0.5011789,-0.27523825,-0.025236666,-0.01376837,0.029197963,-0.015282827,-0.0052937516,0.0063659353,-0.0052514654,-0.0028524096,0.1203878,-0.0003842585,0.07392776,0.05414159,0.14706878,-0.0014881699,0.23413414,0.0003078937,0.004245689,0.1467638,0.0,-0.03798848,-0.11440269,0.0,0.007754324,0.12426345,0.0,0.010729982,-0.083076395,0.0,-0.13134085,0.054976758,0.0,0.0797358,-1.2361221,-0.19296944,-0.60783976,-0.00566176,0.010088787,0.0011609537,-0.13548864,-0.29144126,-0.0029680203
-0.031660065,-0.30695128,-0.19786805,-0.12094525,-0.020404195,0.01712052,0.10269231,0.028571788,-0.19105422,-0.065601654,-0.0312291,-0.008238048,0.16244626,7.408456e-05,0.06745772,-0.19018696,-0.2588304,-0.0002721579,-0.3112911,9.0588626e-05,0.016335884,0.17394024,0.0,-0.02530733,-0.07621645,0.0,0.0628215,-0.54215896,0.0,-0.080267034,0.017931174,0.0,0.08386329,-0.007797076,0.0,0.02551421,0.35892808,-0.043977175,0.075409964,-0.08910095,-0.040669445,-0.03307774,-0.01348741,0.19943443,0.031465765
-0.012462191,-0.5042463,-0.025865583,-0.2309528,-0.12549353,-0.06089618,-0.07120948,-0.03014383,0.08193366,0.029986927,-0.0060337326,-0.0023650606,0.055407714,-0.00051215396,0.02452607,0.05423268,0.13537717,-0.0006632284,0.20178324,0.0010852781,0.0040174946,-0.17511617,0.0,-0.030879775,-0.066707835,0.0,0.0052342,-0.28351352,0.0,-0.07405103,0.035836827,0.0,0.06608707,0.025148502,0.0,0.124313265,-0.74115384,0.11600206,0.075745136,-0.00041531512,-0.0005312707,-0.011726918,-0.03790139,0.18202494,-0.0034552326
-0.04445065,-0.36103788,-0.38861158,-0.38956562,0.036883377,0.014701755,-0.056516226,-0.0043751774,-0.17241237,-0.103622586,-0.011196476,-0.0045618783,0.048814196,0.0005081827,0.051442787,-0.09706748,-0.19264802,-0.002343322,-0.3409277,3.6363956e-05,-0.049248282,-0.14242639,0.0,0.011719673,0.018921165,0.0,-0.06480533,-0.28490525,0.0,-0.07588367,0.014076447,0.0,-0.089406595,0.0063759056,0.0,0.045596924,-0.87133634,-0.25556138,-0.84354645,-0.0069506993,-0.009816321,-0.034778215,-0.05132687,-0.25242138,0.02891025
-0.02426652,-0.5174328,0.52229613,-0.07425011,0.13515075,0.046880566,0.05091443,0.012003143,-0.0870541,-0.06491343,-0.013274066,-0.00045948557,0.25716722,-0.00047064983,0.06907741,0.1268819,0.18398358,-0.0001805441,0.21344309,0.00010092208,0.0020998144,0.10207324,0.0,-0.0203574,-0.031209147,0.0,0.058670737,0.14969054,0.0,0.012499416,0.023177592,0.0,0.08300146,0.021326326,0.0,0.036067095,0.5634952,-0.029988533,0.057708308,0.040621486,0.029072756,-0.033096805,0.03339489,0.19476122,0.012485235
-0.041461073,-0.42331693,-0.36658585,-0.19105217,-0.06704067,-0.01738508,-0.036238838,-0.008429307,-0.18812408,-0.14625737,-0.014030065,-0.006998396,0.026357977,-0.00021286923,0.10262239,0.03245839,-0.110774145,0.0064147655,-0.47089,-0.0024646232,0.0038292455,-0.11137237,0.0,-0.026667729,-0.06307263,0.0,-0.059822638,-0.3093558,0.0,0.0043044984,-0.00071725604,0.0,-0.07270131,-0.012692445,0.0,-0.07493614,-0.99522173,-0.09337932,-0.61605066,-0.15463331,-0.09603866,-0.060796916,-0.055809297,-0.13646984,-0.2180174
0.027230937,-1.113758,0.30724087,-0.3218097,-0.12285422,-0.045835845,-0.01674867,-0.021576876,-0.26601318,-0.15247703,-0.014974856,-0.0007687831,0.10440296,-0.0001278325,0.020277463,0.13120215,0.157959,-0.00030947168,0.2637878,8.528827e-05,0.020742925,-0.15751715,0.0,-0.028372353,-0.09690861,0.0,-0.14750768,0.16438432,0.0,0.020735301,0.06963594,0.0,0.059611708,-0.020772196,0.0,0.017984865,0.5290818,-0.041266315,0.062068943,0.0726488,0.038148865,0.001003837,-0.016248094,0.14506015,0.0073227338
-0.025353678,-0.45534244,-0.2606663,-0.35689148,-0.011449599,-0.014788932,0.15719993,0.021083096,0.026188388,0.018031303,0.13110915,0.025308212,0.053311944,-0.0037064804,-0.016458012,-0.10399404,-0.24774331,-0.0010766862,-0.35651276,7.222151e-05,-0.03649787,-0.0033869327,0.0,-0.1182349,0.051212452,0.0,-0.08849903,-0.3078653,0.0,-0.04480523,0.00396335,0.0,-0.08775403,0.037684895,0.0,-0.09587317,0.3888019,0.0017366355,0.07780163,-0.006320614,-0.034103293,-0.08223743,-0.030700078,-0.3025542,0.021514304
-0.022006474,0.2710737,-0.5471835,-0.18108973,-0.022296973,-0.0017876559,-0.023741486,-0.019404126,-0.0345995,0.0019212351,-0.012580142,-0.00993309,-0.04611058,-0.0021095877,-0.063429914,0.00710684,-0.13054264,0.0030909027,-0.39228436,-0.010484307,-0.0023188798,-0.14858635,0.0,-0.03258728,-0.049236193,0.0,-0.029069541,-0.26823717,0.0,-0.0031041526,0.010294581,0.0,-0.082508065,0.011996474,0.0,-0.12972173,-1.3313656,-0.115361094,0.07421294,-0.1240519,-0.054540727,-0.051680297,0.009978771,0.22659265,0.0057235844
-0.0012790018,-0.011311628,-0.19395803,0.172691,0.07412614,0.023833439,-0.04888516,-0.011073348,0.012962086,0.0073507577,-0.022809772,-0.0045088804,-0.07414542,-0.0008502685,-0.056278292,0.047732,-0.15221687,0.002796112,-0.40150237,-0.00084521563,0.004678613,-0.12851794,0.0,-0.007975659,-0.04401049,0.0,-0.028630499,-0.14475986,0.0,0.0030263518,0.0121150855,0.0,-0.03925967,0.017250437,0.0,-0.031079406,0.48768514,0.006923061,0.091068335,0.024488013,-0.043463174,0.29162657,-0.007986127,-0.0911848,0.026113138
-0.053741906,0.17112322,-0.36014432,0.03107972,-0.045346245,-0.00942765,-0.031898532,-0.013090475,0.046199616,0.021314826,-0.026008468,-0.007861072,0.020491384,-0.0015600506,-0.092275225,-0.017401183,-0.21644714,0.0053261286,-0.6628201,-0.00084445404,-0.0034960364,-0.17165236,0.0,6.0074737e-05,-0.054162636,0.0,-0.047652178,-0.40369248,0.0,-0.0017048712,-0.052380424,0.0,-0.06707483,-0.02844289,0.0,-0.06671545,0.46585009,-0.0021680875,0.078459725,-0.16547655,-0.106059805,-0.041640315,-0.03848466,-0.0633377,-0.1530949
-0.00746291,0.24635361,0.44587293,-0.12054259,-0.035350256,-0.025862096,-0.012858178,-0.01252735,0.062525414,0.018155098,-0.009251012,-0.0027854769,0.08614719,-0.0008373027,0.021469021,0.074009374,0.22764224,-0.0001898961,-0.5013342,0.00011301483,-0.025127778,-0.16062415,0.0,-0.026082823,0.06670054,0.0,-0.081703,0.097319454,0.0,-0.008031111,0.034855064,0.0,0.04673717,0.00043554395,0.0,-0.068114,0.5989786,-0.007659968,0.09196463,0.1392706,0.05136045,-0.013745957,-0.027905226,0.13028857,0.018631916
-0.031269535,-1.5559013,-0.30198574,-0.3260897,-0.07134934,-0.01313019,0.04518469,0.011262087,-0.09797532,-0.054170586,-0.01961384,-0.008328958,0.07587649,5.4615397e-05,0.039780714,-0.044447504,-0.1413094,-0.0013250066,-0.33630508,0.00011150653,-0.007489865,-0.1369038,0.0,-0.012581087,-0.04103691,0.0,0.06484837,-0.32555106,0.0,-0.06948705,0.03576168,0.0,-0.11144777,-0.04617779,0.0,0.009225979,-0.9782058,-0.28934106,-0.88175666,-0.07966966,-0.042995278,-0.027222969,0.005056338,-0.21349674,0.011966324
0.17469223,-0.36146632,-0.49687168,-0.15386616,-0.09045703,-0.068875626,0.025386535,-0.010936764,-0.008762448,-0.0044233017,-0.007764669,-0.005458135,-0.0069700377,-0.0012257397,-0.017501084,-0.08851986,-0.20483899,-0.0014617327,0.16288553,0.0010601311,-0.0038514067,0.060968023,0.0,-0.109835245,-0.094558515,0.0,0.006734226,-0.2649423,0.0,-0.07150648,0.035018604,0.0,-0.075131744,0.0063512065,0.0,0.05978295,-0.94900584,0.021564,0.058813684,-0.028629873,-0.008071975,0.036674593,0.050279263,-0.27436978,-0.037099548
-0.0040900903,-0.96868163,0.7686084,0.2867519,0.09020443,0.015900442,-0.12320669,-0.045793485,0.078808725,0.016607234,-0.0054961788,-0.004524718,0.08444131,-0.00024830678,0.064617254,0.062704876,0.18896148,-0.0018515452,-0.49690092,5.7366007e-05,-0.0768727,0.26670372,0.0,0.053187076,-0.07473732,0.0,0.02704073,-0.15914701,0.0,-0.01704117,0.019680833,0.0,0.09794069,0.028394645,0.0,0.14036255,-0.85653156,-0.10580277,-0.28658015,0.015968775,0.034206327,-0.075874545,-0.07737949,-0.19472037,0.015940648
-0.0063062846,-0.69448507,-0.29972744,-0.02603257,0.07281301,-0.001507324,-0.039499756,-0.018138487,-0.019538233,-0.012534731,-0.007020072,-0.002328662,-0.448066,-0.00039690136,-0.17561434,0.089778535,0.1371885,0.0003028606,0.18440889,0.00011825543,0.00087644166,0.11280833,0.0,-0.03344898,-0.17076622,0.0,-0.03052261,-0.45400366,0.0,-0.1204185,-0.060375094,0.0,-0.108201735,-0.07581576,0.0,-0.035617664,0.46992496,-0.04761501,0.06666815,0.036535308,0.008125772,0.004812904,-0.027821956,0.16734397,-0.021479473
-0.04143483,-1.0056069,0.39242762,-0.37468264,0.02795472,0.018178938,-0.07742573,-0.026070822,0.056023713,0.012148193,-0.008545122,-0.0020776666,-0.018889498,-1.1177399e-05,-0.021507196,0.038971167,0.17850167,-0.0005436282,-0.5378628,0.0010084299,-0.062243957,0.1297417,0.0,-0.032937277,-0.048392,0.0,0.08115231,-0.19135986,0.0,-0.035616774,0.03503302,0.0,0.10610393,0.039955717,0.0,0.2216436,-0.6257935,-0.06238154,0.019191213,-0.005535496,0.00401651,0.0023005442,-0.022845661,-0.29510367,-0.26996648
-0.024779154,0.8849887,-0.30468318,0.2175689,-0.0050790654,-0.0037399956,-0.03461542,-0.0052558403,-0.0069604423,0.0046198047,-0.007533276,-0.003973472,-0.064701535,-0.00073876814,-0.02518547,0.088444926,0.17820336,-6.8298155e-05,-0.68113136,0.000107283806,-0.12863022,0.061742306,0.0,-0.023763487,0.045348424,0.0,-0.061630055,0.08567274,0.0,0.002698394,0.009067176,0.0,-0.0924893,-0.048236396,0.0,-0.05780366,0.587916,0.0062071965,0.088450335,-0.419309,-0.13741106,-0.014061015,-0.019866351,-0.19322443,-0.0725499
0.012532015,-0.072462715,-0.054403547,-0.3091569,-0.04043583,-0.017743133,0.020012919,-0.0026625863,-0.013627374,0.004275421,-0.012700548,-0.0024515186,-0.22637255,-0.001343515,-0.093755014,0.12195503,0.14508863,-9.811572e-05,0.1676284,5.2299423e-05,-0.0038485439,-0.0074221157,0.0,-0.026129413,-0.12609799,0.0,0.036664136,0.07766141,0.0,-0.008317887,0.039787527,0.0,-0.022985628,-0.018233966,0.0,-0.048154216,0.6367583,-0.019053007,0.069944784,0.043948695,0.02714939,-0.033973187,0.01080988,0.20066227,-0.017128833
-0.035374038,-0.6841089,-0.40399373,-0.041835852,-0.07476449,-0.0048181894,0.033988655,0.015742876,0.0017757268,0.0021860828,-0.025653359,-0.005021407,-0.106776215,-0.0008603569,-0.067194685,0.013777374,-0.12811396,0.0035157055,-0.46204504,-0.01042242,-0.0026401721,-0.04952031,0.0,-0.11796197,-0.07865865,0.0,-0.04848386,-0.24563427,0.0,1.4879159e-05,0.0130482325,0.0,-0.07512708,-0.0007083276,0.0,-0.25361603,-1.1894689,-0.19209579,0.07011361,-0.22036828,-0.09904598,-0.06529192,0.010032716,-0.15315324,-0.11258648
-0.024997327,0.10255856,-0.3148214,0.10697311,-0.04240208,-0.037615474,0.070274845,0.010827647,-0.095260836,-0.0754977,0.007352652,-0.0032912996,0.0154840145,-0.013881086,-0.062485185,-0.047459994,-0.16424356,-0.00027126592,0.18096714,0.0003589937,0.0031154673,-0.14094327,0.0,0.052353833,-0.018196167,0.0,0.21384935,-0.30775264,0.0,-0.05480432,0.041533448,0.0,-0.09036063,0.091879815,0.0,-0.085002914,-1.357092,-0.1499786,-0.88964814,-0.12237055,-0.06568838,-0.04658694,-0.0062581734,-0.14550847,-0.059051406
-0.031030985,-0.90334094,-0.47107393,-0.4314213,-0.034516156,-0.0030250526,-0.010202711,-0.0032646668,-0.023123411,-0.0055739065,-0.06001913,-0.018275157,-0.11035045,-0.0041393475,-0.015221272,-0.27249557,-0.31543398,-0.0007114731,0.11576787,8.5467844e-05,0.00045832444,-0.06825888,0.0,-0.15451634,-0.14405125,0.0,0.031313363,0.10668315,0.0,0.008983409,-0.0492432,0.0,-0.121744476,-0.061835535,0.0,-0.08063842,0.37489706,-0.033481322,0.054659005,0.007060586,0.0177283,-0.04716218,0.022929564,-0.46106935,-0.19679688
-0.016471097,0.7469648,-0.5928675,0.3673278,-0.052028313,0.0044875355,-0.0027545344,0.0029622782,0.021505138,0.0043446175,-0.037484635,-0.020904986,0.08242479,-0.002698471,-0.07789712,-0.330868,-0.3651629,0.00037561046,0.210578,0.00012434999,0.00095087406,0.1065304,0.0,-0.020027302,0.050291594,0.0,-0.079597235,0.14843263,0.0,0.008552697,-0.12553354,0.0,-0.04333661,-0.016211402,0.0,-0.09463831,0.60412365,-0.029495368,0.069154665,0.023747493,0.012076799,0.0036772501,-0.010235926,0.20567422,-0.008628648
-0.0070743435,-0.14441253,-0.15505397,-0.16689387,-0.036746662,-0.002433882,-0.077083446,-0.02274267,0.01981769,0.010235456,-0.0136902975,-0.0028242266,-0.31925493,-0.00066289556,-0.104254775,0.10419537,0.1711799,0.00028696362,0.21969387,0.00014361776,-0.0017208447,0.07049383,0.0,-0.036204297,0.093074314,0.0,-0.06961863,0.1257796,0.0,0.002154145,-0.03981806,0.0,-0.13342568,-0.054346196,0.0,-0.0073954402,0.60754263,-0.032454822,0.06894821,0.030120255,0.022558834,-0.03376852,0.020417549,0.21558847,-0.0054909256
-0.034596093,-0.7725886,-0.68289876,-0.19973233,-0.060402475,-0.009193123,-0.010780233,0.010987044,-0.18878157,-0.09690928,-0.022998124,-0.0069306567,-0.08577425,-1.1309012e-05,-0.048110925,0.0076210257,-0.10986047,0.0068582953,-0.4673415,-0.009360154,1.696248e-05,-0.06769845,0.0,-0.11576617,-0.04706524,0.0,-0.058178768,-0.32277513,0.0,0.004926922,0.01931968,0.0,-0.10535752,-0.005757046,0.0,-0.22364435,-1.0007802,-0.059779655,0.072397724,-0.1195711,-0.06673902,-0.053391356,0.009707985,-0.200436,-0.12605084
-0.025997661,-1.6788131,0.013397766,-0.10528016,-0.0039940327,-0.0047610076,-0.037228283,-0.011980374,-0.30790895,-0.07665492,-0.0071679438,-0.003963533,0.045885727,0.00062912185,0.035803296,0.03882471,0.1202914,-0.0013706391,-0.5248267,-5.8190722e-05,-0.053550787,-0.19381873,0.0,-0.030108472,0.06609775,0.0,-0.072927244,-0.30889744,0.0,-0.06993527,0.009040398,0.0,0.062890045,-0.0036104713,0.0,0.06331582,-1.0719311,-0.22783265,-0.828128,0.012217855,0.014934768,-0.096146,-0.0292191,-0.18211663,0.016587336
-0.08302375,0.003620605,0.0045640985,0.24233659,-0.0331892,-0.014534505,-0.067303084,0.015411295,-0.12651911,-0.07754532,-0.010793795,-0.0025765437,0.0028416393,0.0010603036,0.0025051008,-0.04567418,-0.14172813,-0.0014124579,-0.21783426,5.78923e-05,0.038023636,-0.13099144,0.0,-0.010356997,0.02912395,0.0,-0.13768382,-0.18044241,0.0,-0.0008748619,-0.04137444,0.0,0.046850245,0.12551391,0.0,-0.07821864,-0.95176333,-0.10276826,-0.5920526,-0.105868876,-0.0391334,-0.010143157,0.09191076,-0.17656815,0.026846364
-0.011893124,-0.46213955,-0.25617406,-0.018792799,-0.03460841,-0.021799317,-0.05895304,-0.020232594,-0.023985798,-0.00930938,-0.0071321754,-0.0032380722,-0.035216514,0.0001231218,-0.020163484,-0.07706064,-0.22065054,-0.00038738112,-0.36753762,0.0010709137,-0.04974507,-0.0039805635,0.0,-0.10921857,-0.09851989,0.0,0.0126819825,-0.2681929,0.0,-0.04968662,0.012492465,0.0,0.046845946,0.019558853,0.0,0.13733803,-0.87692195,0.030547436,0.08717998,-0.0342318,-0.021827852,-0.1367576,-0.043185007,-0.18655042,-0.036928777
-0.018532958,-1.6235658,-0.5995336,-0.37887678,-0.044060823,0.011265127,-0.024683915,-0.011071098,0.025426319,0.01620775,-0.028157193,-0.0080772545,-0.124432325,-0.0011381026,-0.11788029,-0.0012102651,-0.118340835,0.023117408,-0.43523908,-0.0017484829,-0.010568697,-0.09337595,0.0,-0.041550808,-0.059122358,0.0,-0.038073882,-0.29986995,0.0,0.0073741153,-0.02523608,0.0,-0.06335343,-0.024322163,0.0,-0.10521806,-1.1882987,-0.07632848,-0.79144704,-0.11507842,-0.06438873,-0.023285145,-0.13712536,-0.21668643,-0.013640584
-0.053052723,-0.24424613,-0.35241807,-0.18477654,-0.15142436,-0.03211316,-0.026821299,-0.00081756094,0.010000378,0.0034492717,-0.02041836,-0.0056935158,-0.075220324,-0.0002678334,-0.06897299,-0.046832822,-0.17943871,-0.0003844901,-0.34808254,0.00016394135,-0.041989226,-0.1260358,0.0,-0.00088800257,-0.034518115,0.0,0.05982865,-0.19817954,0.0,-0.040273365,0.034220744,0.0,-0.09241605,0.05420191,0.0,-0.101864226,-0.9027472,-0.16555312,-0.93627816,-0.053335987,-0.014478425,0.0022808714,-0.063912705,-0.18673737,-0.23382439
-0.00589143,0.15201418,-0.2017534,-0.12401544,-0.049894944,-0.009866857,-0.07075175,-0.022117658,0.0033912868,-0.009831542,-0.008262426,-0.0020798694,0.12938055,-0.0003314537,0.07759183,0.14306332,0.2676633,0.0001980891,0.2445975,0.0001092902,0.005749959,0.07453649,0.0,-0.01061951,0.079591244,0.0,-0.06909524,0.10834353,0.0,-0.004162536,-0.009754493,0.0,-0.10549418,-0.060174722,0.0,-0.14278235,0.68384224,-0.010304064,0.06508223,0.05524335,0.029000835,-0.16863923,-0.03148381,-0.34912246,-0.018673088
0.013977217,-0.06416449,-0.4304149,-0.07503954,-0.018952211,-0.029568572,-0.08487828,-0.020420134,-0.008556939,-0.00967175,-0.010475813,-0.0042454675,-0.12755899,-0.0005861048,-0.06453641,0.0824782,0.15620817,-0.00015092324,-0.5671382,0.000107283806,-0.08584524,0.08188347,0.0,0.00039510633,0.04710854,0.0,-0.059054676,0.03292757,0.0,-0.009772023,-0.0037531808,0.0,-0.11413316,-0.07957598,0.0,-0.095397115,0.53178483,0.0053140176,0.08058897,-0.34575802,-0.14925765,-0.19912946,-0.025782049,-0.28300375,-0.029428288
-0.040851716,-1.6555561,-0.5238253,0.04254648,-0.102957785,-0.01617932,0.03120962,0.029336205,-0.022702679,-0.012437001,-0.018870737,-0.011161291,0.031218685,-0.0007159569,-0.007305282,-0.04787804,-0.1736004,-0.0007365123,-0.42696887,0.00013830024,-0.031347003,-0.15498836,0.0,-0.0066188057,-0.08259893,0.0,0.025975246,-0.3228534,0.0,-0.082401924,0.0046396176,0.0,-0.11883618,0.02645189,0.0,-0.13680284,-0.95622027,-0.15514569,-0.6783995,-0.005810109,-0.0006443817,-0.10065534,-0.040436562,-0.27014074,0.014242024
0.025205249,-0.57055444,-0.10556498,0.18573654,-0.022748258,-0.012789473,-0.016892694,-0.009813527,-0.16491888,-0.07867806,-0.01202981,-0.0011280908,-0.17648323,-0.00047169102,-0.09411593,0.1271437,0.14921418,-0.00014679463,0.19392191,8.836637e-05,-0.0037116155,-0.2655049,0.0,-0.060203295,0.025960516,0.0,-0.10122029,0.10505239,0.0,-0.004813517,0.0012176066,0.0,0.003405995,0.036270365,0.0,-0.04273585,0.527531,-0.02919514,0.06817857,0.05474944,0.0146969715,0.0022320026,-0.035924185,0.06484178,0.003101919
-0.018754223,-0.3282886,-0.056056295,-0.32159033,-0.109271266,-0.036370028,0.028193206,0.0014432477,0.010566835,0.013116574,-0.0039046363,-0.0048324456,-0.008274111,-0.00069395354,-0.0037630484,-0.06373651,-0.18030144,-0.001502221,0.20594843,0.00018768338,0.0063092792,0.07386953,0.0,-0.073110454,0.05486103,0.0,-0.07836691,-0.23328824,0.0,-0.025861487,0.017716164,0.0,-0.08746577,-0.029055722,0.0,-0.09736402,-1.1306722,-0.11290763,-0.64044946,-0.0024268115,0.0009321624,0.04051766,-0.01583039,-0.26584658,0.021233615
-0.019899784,-0.35627973,-0.15654424,-0.2544558,0.015138725,-0.00151336,0.043771066,0.020383436,-0.35901642,-0.10057578,-0.012766765,-0.0057418607,-0.28216115,-0.00029296748,-0.07142827,0.023971872,0.101660684,-0.00018897897,-0.39289555,0.0009997041,-0.042762488,-0.21376732,0.0,-0.013180918,-0.1271378,0.0,-0.004459614,0.110169165,0.0,0.0025806078,-0.062615424,0.0,-0.15531129,-0.034776434,0.0,0.050085217,-0.9930562,0.024488004,0.08015786,0.03219503,0.010503819,-0.038577966,-0.015029466,0.09983643,0.0006095823
0.04881941,-0.7288036,-0.22816952,-0.43181977,-0.11942993,-0.051755555,-0.009459195,-0.014005234,0.010340047,1.1216256e-05,-0.018286511,-0.0029013983,0.19241202,-0.0010156615,0.03982668,0.118116304,0.17774376,-0.00016760355,0.18984896,8.876224e-05,-0.0058801738,-0.12989932,0.0,0.018610042,-0.084306754,0.0,0.023596007,0.14815322,0.0,0.012293761,0.038382143,0.0,0.027232086,0.02647673,0.0,-0.08452031,0.5472845,-0.012924937,0.047535673,0.074059784,0.0327555,-0.028539592,-0.0043392633,0.2253295,0.0038700525
-0.006658566,-0.13445024,-0.06600379,0.41855064,0.018832449,0.020782325,-0.049110565,-0.0049020415,-0.17268911,-0.10868474,-0.025532383,-0.010136172,-0.123125315,-0.00044835734,-0.09000418,0.024652977,-0.13601111,0.013081395,-0.38498223,-0.0096360445,-0.015173507,-0.14913586,0.0,-0.06795473,-0.028542636,0.0,-0.02437667,-0.36070067,0.0,0.00926833,-0.0020545365,0.0,-0.074328795,-0.008510643,0.0,-0.182569,-1.1410819,-0.11945578,0.06178374,0.08000308,0.026547845,-0.0066406326,0.03428517,0.13308764,-0.035566207
-0.019528184,-0.27026013,-0.16838758,0.0771134,0.12065361,0.038547974,-0.078207426,-0.014458112,0.017569354,-0.0025621706,-0.008381443,-0.0022349535,-0.0033855662,-0.00031980328,0.015101673,0.080787376,0.23867524,-0.001395247,-0.5367522,-8.538584e-05,-0.030045204,0.033300333,0.0,-0.07661588,0.07539632,0.0,-0.056200236,0.12362944,0.0,-0.0036386112,0.027064474,0.0,-0.05457294,0.019199038,0.0,-0.088040486,0.54771966,0.012144861,0.082644045,0.038537707,0.031962037,0.01477019,0.14474182,-0.3254462,0.059898317
0.03721309,0.12875837,-0.083364666,0.0615952,-0.056037948,-0.035230722,-0.037977215,-0.025258485,0.010139582,0.0024782377,-0.009868906,-0.00248609,0.15133195,-0.0013608147,0.107778035,0.11706424,0.18139546,0.00045960798,0.27628443,0.00011250261,0.0019945437,0.057338234,0.0,-0.024710203,0.036824916,0.0,-0.09601768,0.08764554,0.0,-0.0071415734,-0.016608326,0.0,0.018526101,-0.047221582,0.0,-0.09934926,0.71806526,-0.012536425,0.07179327,0.031035075,0.017749906,-0.04628424,-0.008939834,0.1430674,-0.009666163
-0.012174934,-0.53057367,-0.2844137,-0.2857162,0.19373845,0.024083184,-0.010575779,0.04194447,-0.017724892,-0.031557024,-0.026123712,-0.0075988052,-0.01828976,0.000689682,-0.0370815,-0.13078071,-0.24538668,-0.00035995513,-0.29106236,7.7997276e-05,-0.053104717,-0.06541516,0.0,0.03653802,0.0055087293,0.0,-0.08237043,-0.21174401,0.0,-0.03338436,0.030015538,0.0,-0.071710765,0.06313297,0.0,-0.070353955,0.36150545,-0.027030403,0.08486977,-0.10639595,-0.07318089,-0.14666001,-0.052098524,-0.31489995,-0.024413934
-0.028237553,0.75636137,-0.3508689,0.11890088,-0.12101208,-0.040575627,-0.065593146,-0.020187596,0.03003175,0.010400093,-0.011318343,-0.004636574,-0.14046817,-0.0025767798,-0.09251458,0.02844197,-0.19404481,0.030577106,-0.4767285,-0.00062653504,-0.0011488235,-0.11345615,0.0,-0.016942404,-0.0583212,0.0,-0.027763445,-0.37145796,0.0,0.0132833645,0.0006133015,0.0,-0.055320643,-0.0089602275,0.0,-0.04554827,0.5240475,0.010962018,0.08721225,-0.13628708,-0.079357855,-0.0027063126,-0.39565703,-0.11690972,-0.3760803
-0.036872298,-0.2638905,-0.16230133,-0.08153,-0.009239181,-0.012058666,0.0074269734,-0.0017105419,0.007743194,0.0095063,-0.01325216,-0.0027216412,-0.086728804,-0.0006395937,-0.11647281,0.011664267,-0.107970096,0.002714431,-0.41824803,-0.002723753,0.0037651919,-0.11614809,0.0,0.013561376,-0.048540328,0.0,-0.04642803,-0.2316205,0.0,0.003360706,0.010290384,0.0,-0.069510736,-0.0046810014,0.0,-0.11231769,-1.3126705,-0.06276711,-0.721513,-0.19624421,-0.07559668,-0.08134184,0.010338866,-0.14987479,-0.19306129
0.031865515,-1.1256138,0.5813626,-0.027255338,-0.12711796,-0.03928972,-0.009367294,-0.023115536,0.041021183,0.021636603,-0.012923091,-0.0033654205,0.045308575,-0.00033164132,-0.002271391,0.04200264,0.16173331,-0.0003057781,-0.46569642,0.0010602666,-0.05756522,0.1309698,0.0,-0.009766991,0.007124512,0.0,0.10503045,0.065157555,0.0,-0.0034587486,0.04078768,0.0,0.07461426,-0.010730205,0.0,0.10074425,-0.82273805,0.03790126,0.08431718,0.04846885,0.019553116,0.009596158,-0.023325993,0.19723816,0.0011326424
-0.021119656,0.45905793,-0.25549492,0.021323903,-0.04575744,-0.0042011994,-0.0065812436,-0.003006705,-0.02153535,-0.0017181088,-0.006955504,-0.0038823024,-0.060514316,-0.0011642124,-0.046006072,-0.062295757,-0.10407866,-0.0010595187,0.18384193,0.0016571864,-0.012159145,0.00872166,0.0,-0.058225475,-0.14138433,0.0,0.0049507483,-0.3383003,0.0,-0.1525574,-0.024546938,0.0,0.08538213,-0.010494582,0.0,0.0739939,-1.1199422,0.054113995,0.093876876,-0.20795946,-0.12617248,-0.013431908,-0.1948992,-0.1769575,-0.06936406
-0.020479068,0.074438885,-0.40899655,0.11595777,0.0829358,-0.010343349,-0.062023886,-0.027313462,0.004342625,-0.0048157205,-0.01424528,-0.00480611,0.022015912,-0.00068207586,0.0033802476,-0.10234815,-0.30128852,8.307339e-05,-0.5017612,9.7331285e-05,-0.03629409,0.005923563,0.0,-0.03779322,-0.13828738,0.0,0.08635026,-0.25261244,0.0,-0.01271528,-0.029620184,0.0,-0.1179201,0.010243938,0.0,-0.12087186,0.46014857,-0.009075216,0.08063589,-0.028919188,0.0052918755,0.0058567985,-0.051416717,-0.30366203,-0.15008853
-0.023562204,-0.73688465,-0.25293544,-0.41641098,-0.10633897,-0.055544708,0.0025870954,0.009817331,0.009731668,0.0043537146,0.1157801,0.017733961,0.100632444,0.0025813843,-0.013590431,-0.1920543,-0.3155617,-0.0005732501,-0.50597924,6.03058e-05,-0.10821521,-0.007671969,0.0,-0.117109396,-0.07148878,0.0,0.07875817,0.16521569,0.0,0.01992971,-0.041273847,0.0,-0.11378691,0.04299713,0.0,0.014879096,0.42244074,-0.0033834693,0.05950724,-0.0066687893,-0.0026420644,0.011129595,-0.022163045,-0.38538522,0.007962846
-0.016938897,0.34481275,-0.4198483,0.23152465,0.21097043,0.05506987,-0.056783658,-0.0131804915,-0.052653983,0.024496378,-0.0072891014,-0.0018718328,-0.054709375,-0.0018505,-0.05032046,-0.06652274,-0.21664746,-0.00075428205,-0.5142827,0.000115093106,-0.023995569,0.057462055,0.0,-0.01980886,0.057102107,0.0,-0.078125395,-0.3527704,0.0,-0.07620917,0.025789319,0.0,-0.07770488,-0.068492785,0.0,-0.0016139046,0.4463755,-0.025302988,0.08436252,-0.0027166698,0.02657076,0.020965612,-0.023303263,-0.32222164,-0.018638346
-0.012069966,-0.43122125,-0.03434909,-0.048681777,0.13279963,0.029615188,-0.04366866,-0.008520003,-0.0007604417,-0.005304166,-0.003361371,-0.0060914108,0.053169318,8.160137e-05,0.066171885,0.12058665,0.20785527,-0.0013982481,0.11866179,-3.6994534e-05,-0.015635042,0.06363552,0.0,-0.057228774,0.09670221,0.0,-0.06772074,-0.35084766,0.0,-0.05989439,-0.0012398071,0.0,-0.06988852,0.046953034,0.0,-0.0744525,0.53590566,-0.0073645255,0.07480573,0.004485806,0.018710895,0.023981223,0.030517073,-0.54953474,0.04388277
-0.016619023,-0.2610616,-0.34887215,-0.024168968,0.02910275,-0.019959211,-0.013470061,0.00041421835,0.021459281,0.016115466,0.084131606,0.029556215,0.08646922,0.005099505,-0.03167204,-0.15548538,-0.24299875,0.00068382453,0.1734944,0.00011385297,0.0019797378,0.05844434,0.0,-0.025032995,0.062496737,0.0,-0.070644714,0.14778371,0.0,0.009271424,-0.0126540875,0.0,-0.1001597,-0.056831516,0.0,-0.12842622,0.4789033,-0.029252663,0.059700698,0.011949337,0.027010629,-0.050234027,-0.0016050653,-0.56432945,0.023861084
0.012644883,0.90470105,-0.19276772,-0.24449722,-0.018794008,-0.011257181,-0.0035087203,-2.9731455e-06,0.0022107277,-0.0010259526,-0.011259297,-0.0039036965,-0.08820913,-0.00027772295,-0.034020983,0.106651045,0.13790435,0.0005390482,0.23670548,0.00012506904,-0.006164693,0.05828213,0.0,-0.031300284,0.06799478,0.0,-0.06669345,0.14160447,0.0,0.011900719,0.017884105,0.0,-0.08737483,-0.0065803714,0.0,-0.04610283,0.74832684,-0.009816045,0.0719777,0.014575645,0.015938252,-0.012233336,-0.011113715,0.17738089,-0.025210083
-0.03410225,-0.5992026,-0.41376373,-0.52776873,-0.020893166,-0.0020030334,0.035056792,0.005003678,-0.108254515,-0.053873766,-0.01614192,-0.0006861508,0.047777694,4.539857e-05,0.033708863,0.024891023,-0.11899337,0.008125704,-0.45190573,-0.0017659133,0.0003681272,-0.05773156,0.0,-0.03843992,-0.04043307,0.0,-0.0734897,-0.3055698,0.0,0.013448325,0.015654627,0.0,-0.09411202,0.017875642,0.0,-0.12949088,-1.1787473,-0.09060396,-0.6736289,0.04642516,0.02439617,-0.002215841,-0.039765578,-0.18607262,-0.10870624
-0.03588332,-0.01946124,0.43514308,-0.11306808,0.022068882,0.0017307322,0.006970623,-0.0005292101,-0.07331438,-0.06070436,-0.01218619,-0.003395728,-0.18456088,-0.00025352716,-0.044051666,0.0844051,0.23588055,-0.00021714008,-0.28778693,8.833344e-05,-0.0067560514,0.046957243,0.0,-0.0315359,-0.027227936,0.0,0.020632137,0.023136636,0.0,0.0028868967,0.030650247,0.0,0.056858625,0.07569459,0.0,0.026490621,0.53192496,-0.014797201,0.09955706,-0.27769685,-0.12693228,-0.0990273,-0.002634947,-0.2001392,-0.025254048
-0.039279215,1.0032567,-0.25722775,0.15891339,-0.017618652,-0.01374259,-0.016851144,-0.014674533,-0.050841156,-0.017667206,-0.01117128,-0.0028241999,-0.0317524,-0.00047128074,-0.032359608,0.045486808,-0.21407264,0.0022037886,-0.35205048,-0.00080799946,0.0012334721,-0.09883365,0.0,-0.013704919,0.0012190881,0.0,-0.03769214,-0.34260577,0.0,0.015946334,-0.000497418,0.0,-0.05415202,0.016132463,0.0,-0.05474683,0.65071815,0.02583016,0.10392693,0.06858997,0.06419245,0.020726174,0.014837316,-0.21343206,0.0099292835
-0.058826994,-0.046300832,-0.37785748,0.07267453,-0.019456256,-0.028634718,-0.08207793,-0.026574347,-0.14383893,-0.059282962,0.016514303,0.004448034,-0.02288039,-0.009261191,-0.0443394,-0.009357413,-0.13081975,-0.00025279055,-0.33645803,0.00035779577,-0.0129910465,-0.109030075,0.0,-0.0014082474,-0.04358092,0.0,0.14282216,-0.27691838,0.0,-0.016471878,0.01608286,0.0,0.10568067,0.110321835,0.0,-0.07983671,-1.2218565,-0.12621179,-0.8624209,-0.12177357,-0.043286216,0.013602612,-0.024054691,-0.18021928,-0.025448767
0.15590209,-0.5326047,-0.2867466,-0.15470663,-0.036111914,-0.047706194,-0.040779542,-0.037350822,-0.23043066,-0.077702835,0.0722283,0.012769127,-0.0009835397,-0.009846435,-0.0016959842,-0.25166774,-0.2076535,-0.00015380685,0.07055642,0.00010899924,-0.0051087635,-0.024902627,0.0,0.0067303,-0.062169436,0.0,0.09204921,0.14610131,0.0,0.018737176,-0.034808084,0.0,-0.091387354,-0.048383206,0.0,-0.13214679,0.42752084,-0.025787754,0.056831684,-0.0793422,-0.015774699,-0.054974347,-0.009170361,-0.27571863,-0.09329467
0.09323831,0.09812837,0.5188113,-0.3253181,-0.16513525,-0.038011618,0.02284241,0.025494836,-0.023016417,-0.021970054,-0.0043153362,-0.0018618891,-0.04758005,0.0007937803,-0.053490344,0.0075647826,0.12168075,-0.001345332,-0.20376334,0.00086496375,0.010366429,0.09564592,0.0,-0.07553782,-0.14853428,0.0,0.0053410167,-0.2915849,0.0,-0.041937396,-0.055321887,0.0,-0.18440951,0.017762993,0.0,0.15045333,-0.84127486,-0.031211037,0.113810234,-0.14805578,-0.06382185,-0.0019536673,-0.0663857,-0.14879726,-0.050473306
-0.0021119707,-0.020876387,0.43974614,-0.1374311,-0.03955533,-0.0072226506,0.028364373,0.030307056,-0.0207998,0.0013346478,-0.015847208,-0.0028430396,0.045340415,-0.0011185391,0.01798687,0.13538697,0.19172423,-0.00023789474,0.104255244,0.00012338345,-0.010391986,-0.23998696,0.0,-0.08094227,-0.04875703,0.0,0.077689335,0.050315745,0.0,-0.018683083,0.054971438,0.0,0.048272885,0.044700928,0.0,-0.08003614,0.5266951,-0.022245642,0.064486876,-0.6053823,-0.24036622,-0.014507463,-0.002031524,-0.015611526,-0.025341233
0.0038999529,-0.13743992,-0.14697336,0.13032438,0.12048411,0.036840033,-0.06678257,-0.047690067,-0.3658988,-0.13377,0.075530164,0.019191073,0.053137254,-0.0025897985,-0.038881652,-0.22797923,-0.23790865,0.0004043924,0.14952235,0.00012858646,-0.004767859,-0.28866768,0.0,-0.016208917,0.016647805,0.0,-0.10521766,0.18092735,0.0,0.0029051309,0.0039524394,0.0,-0.07531334,0.036504924,0.0,-0.08818226,0.4816086,-0.028096622,0.062415138,-0.0019017151,0.004046417,-0.04341473,0.024322135,0.16360302,0.015636595
-0.017801883,-0.44700933,-0.30071402,-0.30955684,-0.011306809,-0.001890922,-0.05277455,-0.0078404965,0.00708168,0.012766386,-0.016953906,-0.005959412,-0.16777977,-0.00051883125,-0.111821994,-0.108166814,-0.23345077,-0.0011923641,-0.2735824,7.884443e-05,-0.038854316,-0.1294932,0.0,0.008101603,-0.08068594,0.0,0.032355774,-0.26459694,0.0,-0.07136695,-0.024494385,0.0,0.0425787,-0.002217637,0.0,0.039822035,-0.89532363,-0.2729379,-0.88915044,-0.0605033,-0.03140439,-0.01751366,-0.10636914,-0.23840447,0.008041461
-0.0423373,-1.1435754,-0.13247217,-0.27556464,-0.08454621,-0.016698088,-0.0672553,-0.00489148,-0.11418569,-0.08404975,-0.021029955,-0.0067269225,-0.16336565,0.0005601486,-0.06757946,-0.17808272,-0.2519744,-0.0015341499,-0.30730388,-0.0012843623,-0.00040477986,-0.14036256,0.0,0.031633463,0.043244492,0.0,-0.07660116,-0.38966897,0.0,-0.09792375,-0.009699827,0.0,0.042141963,-0.040648665,0.0,0.008677223,0.25396886,-0.059270192,0.0790917,-0.032116883,-0.022759298,-0.011096006,-0.049236715,-0.3372613,0.005662048
0.091995776,0.0040772455,-0.00268318,-0.17076465,-0.021599727,-0.0171917,-0.13263525,-0.028801186,0.028485354,0.00023571236,-0.008983465,-0.0028830278,0.050695766,-0.0007034105,0.04027269,0.06821733,0.17551084,0.00018938576,-0.62673473,8.759182e-05,-0.05254241,0.019957678,0.0,-0.070070714,0.08759134,0.0,-0.06767461,0.11709035,0.0,-0.008744051,-0.024915729,0.0,-0.11484826,0.034033198,0.0,-0.078238055,0.6050035,0.00870164,0.079188205,0.076816894,0.038839944,0.013574811,-0.0319828,0.2609155,0.024737418
-0.0060377824,-0.1657794,-0.08063145,0.11382789,-0.078807265,-0.031229692,-0.008057326,0.0019629505,0.03133947,0.0150023885,0.041503653,0.02456088,0.10719471,0.0022702578,-0.07201025,-0.09820664,-0.15383504,-0.0013339391,0.1722434,8.698942e-05,-0.0010709644,0.056581896,0.0,-0.034009896,0.06753256,0.0,-0.07146343,0.103155695,0.0,-0.00327561,-0.00037239701,0.0,0.07751135,-0.03165618,0.0,-0.10796779,0.514074,-0.02491065,0.060073003,-0.011486875,0.0041674525,-0.0418382,-0.40255034,-0.54641014,-0.010651756
0.0062097027,0.06678584,-0.029803792,0.10488713,0.028322548,0.0139636835,-0.00696523,0.0010995632,0.029487906,0.007669226,-0.0076568294,-0.0020184352,0.099307574,0.00027102273,0.112527944,0.18712085,0.2491792,-0.0021547547,0.17848063,5.425536e-06,-0.008780766,-0.13529986,0.0,-0.011609496,0.090025574,0.0,-0.065400995,0.07200575,0.0,-0.007365899,0.011043137,0.0,-0.067760855,-0.03943814,0.0,-0.109935954,0.6646546,-0.014234231,0.0683235,0.03489045,0.028974254,-0.001347571,-0.07128148,-0.34514353,-0.010464554
-0.033012494,-0.83679926,-0.12981212,-0.11526679,0.045084406,0.012027511,-0.057232752,-0.020445913,-0.0016705563,0.0036689944,-0.011255259,-0.004591164,0.08433548,-0.0009724843,0.053256776,-0.117590636,-0.17594148,-0.0023841595,0.062014464,0.00030284366,-0.021558147,0.12933849,0.0,-0.008964278,-0.10541427,0.0,0.05481188,-0.34971803,0.0,-0.061884347,-0.02731468,0.0,0.045627933,0.019794019,0.0,0.013733009,-0.98155457,-0.20773809,-0.5265653,-0.18483436,-0.07852479,0.0022787654,-0.13062143,-0.27656457,0.00056031183
-0.010195759,-0.004745195,-0.21329638,0.14964934,-0.096461855,-0.04093309,-0.039032463,0.006404872,0.025942286,0.002242286,-0.013306328,-0.0037912298,-0.081276,0.0012062443,-0.04657494,-0.15889464,-0.18818833,-0.00018320692,0.2499334,0.0015276991,0.013784874,-0.070234194,0.0,0.0030251688,-0.035920646,0.0,0.12568206,0.106993474,0.0,0.013726791,-0.0071268766,0.0,-0.107805245,0.055314936,0.0,0.13453235,-0.96332836,0.1195827,0.102532305,0.04533068,0.02777652,-0.01872744,-0.011485325,-0.14392586,0.101060554
-0.01653894,0.14085682,-0.3935981,0.03648577,-0.065652266,-0.06902381,-0.014773444,-0.0037660534,-0.018790059,-0.02038434,-0.018655304,-0.0054416927,-0.17521144,-0.0033296628,-0.033715773,-0.076987155,-0.18048261,-0.00029863993,0.26077998,0.0017059138,-0.01171424,0.08176754,0.0,-0.008182398,-0.051396336,0.0,0.08136587,0.116430104,0.0,0.00016861572,-0.0025742864,0.0,0.061376628,0.040045056,0.0,0.11395846,-1.2807359,0.046231482,0.07774286,0.064158514,0.053822283,-0.021308977,0.0031973773,0.084326945,-0.03073208
-0.017531909,-0.6366302,-0.56418604,-0.13927533,-0.11995048,-0.023541039,0.012542277,0.01349653,-0.18592377,-0.10413467,-0.023693856,-0.009508146,-0.14397761,3.7696827e-06,-0.078469045,0.013799687,-0.1146507,0.0064433254,-0.43907773,-0.009360154,-0.0051912903,-0.09804387,0.0,-0.11890856,-0.08455294,0.0,-0.032924134,-0.27131352,0.0,0.007525874,-0.014996038,0.0,-0.06735094,0.0011648813,0.0,-0.25889012,-1.0413363,-0.07133636,0.06917943,-0.0067940583,-0.04848162,0.21321104,-0.0027801294,-0.13268183,-0.015722897
-0.003862787,-0.07710279,-0.18582833,0.11114613,-0.097158864,-0.05502193,-0.09113297,-0.0072376435,-0.16240478,-0.036153153,-0.0017451504,-0.00472176,-0.073921315,0.00019331004,-0.07026594,-0.12230099,-0.25444263,-0.0012969936,-0.39519367,-0.0012812478,-0.026101714,0.10008639,0.0,-0.029060997,0.057407152,0.0,-0.07042784,0.12020783,0.0,-0.005803621,0.036313273,0.0,-0.079525776,0.06427629,0.0,-0.056447078,0.44382423,-0.016661147,0.07613052,-0.0045732707,0.009977389,-0.0049796747,-0.24657294,-0.41916746,0.0031123555
0.0018897098,-0.81126636,0.053793,-0.19836172,0.03795586,0.002062448,0.013118728,0.0051359255,-0.41851017,-0.18935929,-0.012141999,-0.003311658,0.03734868,-0.0006114276,-0.0090263095,0.038367547,0.13452674,-0.0006028046,-0.5304211,0.00027850198,-0.07759929,-0.18589938,0.0,-0.021469781,-0.072191104,0.0,-0.12402763,0.1214629,0.0,0.014989269,0.02688695,0.0,0.089138344,-0.036109615,0.0,0.08289309,-0.8791553,0.0039844136,0.05786589,0.016141852,-0.0064974064,-0.0345009,-0.050648157,0.06921874,0.025985677
-0.01792614,-0.42217258,0.54531294,-0.411162,-0.13322447,-0.06272953,0.031831473,0.0045143524,-0.11657541,-0.075625636,-0.010966072,-0.0016538774,0.1548146,-0.00016387235,0.038353935,0.15603735,0.22325313,-0.00017793247,0.17441614,9.4758834e-05,0.014000309,0.046691153,0.0,-0.04977784,-0.0361928,0.0,0.05674166,0.13725653,0.0,0.0020225556,0.059470635,0.0,0.058405943,0.07228495,0.0,0.06359284,0.55657816,0.0040926985,0.065624036,0.060105056,0.031190578,-0.05381429,0.021301817,-0.37525278,-0.0028996584
-0.030547256,-0.26029345,-0.18530552,0.14796829,-0.030517269,-0.0057049855,-0.06296059,-0.019373907,-0.018796498,-0.014787904,-0.0313581,-0.008726008,0.008955246,-0.0018438114,-0.0134625705,-0.12341991,-0.19939353,-0.0010419346,0.32541674,0.00038358298,0.0121610295,0.044420768,0.0,-0.1282974,0.04291661,0.0,-0.08484248,0.08262223,0.0,-0.006772585,0.0071535525,0.0,0.040621195,-0.15639666,0.0,-0.41150755,-1.0158354,-0.035049286,0.0713532,0.0056572123,0.0195094,0.019690808,-0.009254308,-0.29548973,-0.117858514
-0.024993896,0.5878022,-0.21814777,0.08186694,-0.08691001,-0.042015865,-0.0017096637,-0.0010651936,0.017540783,0.0008091423,-0.015944542,-0.009114494,0.06688618,-0.0014452433,0.015861081,-0.15642832,-0.23461571,0.00063791213,0.26705226,0.0001092902,0.011056555,0.092223026,0.0,-0.019641366,0.038761944,0.0,-0.09966594,0.13004957,0.0,0.0029296107,0.034202196,0.0,-0.07463756,-0.03407015,0.0,-0.09988083,0.59223336,-0.017704729,0.061705153,0.05675246,0.025504943,-0.021459483,-0.018351492,-0.3427985,-0.10480229
-0.015104631,-0.43220899,-0.52342707,-0.40655908,-0.13107668,-0.022442583,-0.022933476,0.013621005,-0.116853535,-0.046572924,-0.020011235,-0.006208411,-0.08209681,0.0002104814,-0.013029603,-0.09856049,-0.2163033,-0.0013544258,-0.30823597,0.00028021165,-0.024281237,0.026288677,0.0,-0.11363449,0.060532417,0.0,-0.08007564,-0.25023955,0.0,-0.058589682,-0.01198402,0.0,0.027425371,0.041802812,0.0,-0.3645334,-0.9694525,-0.07956299,0.0653077,-0.14598878,-0.055475246,-0.07944928,-0.018131303,-0.2776691,-0.01447672
0.08008507,-0.505357,0.533842,-0.24938262,0.077334866,0.016119003,-0.03173014,-0.00559749,0.019386671,0.011165751,-0.008301567,-0.0028161975,0.2211982,-0.0004266642,0.10583223,0.12989084,0.21443106,-0.0022806604,0.17918211,-6.3052576e-06,0.0028267063,0.10174216,0.0,-0.034796707,-0.11495921,0.0,-0.0034465462,0.14771532,0.0,0.020504024,0.11379911,0.0,0.09524882,0.12740204,0.0,0.076278105,0.5294742,-0.015067373,0.05426678,0.029570583,0.020964788,-0.05100187,-0.23057717,-0.40261197,-0.008314143
-0.009459661,-0.5111484,0.2562819,0.024702642,0.13844045,0.05045274,0.0035797625,0.0056315092,0.037422884,0.01024415,-0.016815905,-0.003913291,0.16455778,-0.0011505742,0.02234909,0.06515253,0.13126878,-0.0002813771,0.2487368,0.0011406029,-0.003116197,-0.1584824,0.0,0.00028757832,0.033949547,0.0,-0.060661897,0.08426153,0.0,0.012699576,0.04153266,0.0,0.09298804,0.029754516,0.0,0.111403316,-1.1852722,0.014290597,0.09523976,0.087378375,0.035314042,-0.00925621,-0.008470511,0.14974512,0.016104031
-0.021361018,-0.5683266,-0.5157855,-0.06401901,-0.04796254,-0.021976927,-0.04434759,-0.012320402,0.00345,0.0032772247,-0.024396524,-0.009727827,0.066364,-0.0011513609,0.025647927,-0.14663453,-0.22296901,-0.00032181042,-0.45501792,0.00031899585,-0.063575774,-0.20136148,0.0,-0.032789078,-0.13746306,0.0,0.01119686,-0.34887406,0.0,-0.08765521,0.006574698,0.0,0.034901187,-0.038810354,0.0,0.010492588,-1.0039452,-0.23390506,-0.6413007,0.0036773335,-0.0026699265,-0.016439158,-0.046656188,0.15925266,0.024568928
0.07275508,1.0942278,-0.076035656,0.85102206,0.0472748,0.009089078,-0.0896697,-0.04231385,-0.1879107,-0.097141355,-0.011290469,-0.002284148,-0.05824258,0.0011263846,-0.028968,0.1343568,0.18386939,0.00048618522,0.20763558,0.000112106754,0.003949481,0.061819337,0.0,-0.01787008,0.041183613,0.0,-0.0825305,0.14247273,0.0,0.0072491257,0.060871813,0.0,-0.056444336,0.038060263,0.0,-0.041775532,0.72173727,-0.016382098,0.07529094,0.0076912194,0.009613247,-0.024137096,0.0053213215,0.13921899,-0.02061674
0.0032992475,-1.9582176,0.41219372,0.080373295,-0.105888285,-0.020276425,0.002783777,0.0006297752,-0.17228752,-0.04757745,-0.009718768,-0.003693822,-0.11943435,0.00050719746,-0.085844435,0.04266208,0.12425684,-0.00030096897,-0.44783828,0.00017131359,-0.04062482,-0.117833674,0.0,-0.0067272075,-0.022482824,0.0,0.045828175,-0.23896429,0.0,-0.03942762,0.0030069926,0.0,0.044193458,-0.020150498,0.0,0.08917956,-1.0147067,-0.15667005,-0.7019243,0.0066577764,0.013183364,0.1965953,0.004681121,-0.17693916,1.4397661e-05
-0.0021045906,-0.78100187,-0.27686507,-0.21670304,-0.043240596,-0.02291134,-0.04298523,-0.017121231,0.02796074,0.013207607,-0.01326235,-0.0027792046,0.026575243,-0.0007408152,-0.0012714453,0.10043064,0.13909441,-0.0018548819,0.23684601,9.4350115e-05,-0.0020525735,0.043017905,0.0,-0.046118826,0.08295199,0.0,-0.066456996,0.11183469,0.0,0.0073507736,-0.05397737,0.0,-0.10209188,-0.03322418,0.0,-0.07177698,0.6158279,-0.022659263,0.051646415,0.030954273,0.02401615,0.015223316,-0.025099091,0.3793437,0.037946664
-0.01499395,0.17870598,-0.19628783,-0.01249854,-0.07388536,-0.011201223,-0.0169105,-2.3250086e-05,-0.015383818,-0.01180629,-0.011381784,-0.002826361,-0.17663404,-0.0033652557,-0.06757066,0.09163917,0.17835219,-0.00049294333,0.25453645,0.00011385297,-0.0029601883,0.07087608,0.0,-0.013052732,0.0537147,0.0,-0.08476112,0.13152449,0.0,0.0023028024,0.0017905054,0.0,-0.10214332,0.034319747,0.0,-0.041273102,0.62724113,-0.021152075,0.07044106,0.038638074,0.032217637,-0.023889069,0.015795644,-0.3361365,-0.12324892
-0.037312165,0.95452225,-1.2260753,0.29603788,-0.005471999,-0.015831174,-0.0075978274,-0.007574197,0.0038596708,-0.009614159,-0.010712167,-0.0039867265,-0.05271123,-0.0008804654,-0.03180593,0.04694454,-0.2155421,0.0037052867,-0.432432,-0.0008511441,0.0040775514,-0.09353084,0.0,-0.0119492635,-0.012855404,0.0,-0.028174434,-0.35124347,0.0,0.013883626,0.0077606235,0.0,-0.05569143,0.011433665,0.0,-0.0425976,0.5544586,0.01618845,0.0854159,-0.41310075,-0.18862979,-0.0009535564,0.02003704,-0.16131131,0.007594857
-0.030702746,0.09604395,0.054230828,0.19527765,0.08888315,0.011880879,-0.0058237677,0.008694487,-0.11755685,-0.04349125,-0.01143305,-0.0014721293,-0.05467354,0.0011537058,-0.12260242,0.012605637,-0.1181305,0.0032643527,-0.41117516,-0.002437162,-9.9113255e-05,-0.11724996,0.0,3.122557e-05,-0.00044666193,0.0,-0.043521043,-0.23635662,0.0,0.0036107,-0.00225329,0.0,-0.050895885,0.0017196832,0.0,-0.11320197,-1.3963586,-0.07438224,-1.0234648,-0.197755,-0.07240764,-0.089957565,0.009526722,-0.11722609,-0.08583657
0.079228885,-0.22759132,0.0851088,0.16619222,-0.20348874,-0.061471697,-0.05437056,-0.020943467,0.03598904,0.005591423,-0.0056039765,-0.0025261517,0.25512347,-0.00021744045,0.15933695,0.100271314,0.16383985,-0.0020257763,0.24119397,0.00010941145,-0.0007273541,0.08041362,0.0,-0.03697999,0.09093424,0.0,-0.059298858,0.13083877,0.0,0.0058847046,-0.042473402,0.0,-0.10082301,0.07500277,0.0,0.047761645,0.5543166,-0.031321205,0.06732245,0.002034949,0.00223849,-0.027089722,-0.33950728,-0.36491665,-0.039318904
-0.027419306,-0.43427792,-0.30451837,-0.60003805,-0.021428913,0.0076138345,-0.022724617,0.008212594,0.015874244,0.022474738,0.036008134,0.032828264,0.07385009,0.0016542901,-0.06850909,-0.07416078,-0.13777922,-0.001651191,0.18846305,-5.618008e-06,-0.0067662,0.015654199,0.0,-0.048530944,0.069464795,0.0,-0.057475843,0.11523607,0.0,0.0043703327,-0.018153332,0.0,0.055427004,-0.01058831,0.0,-0.13395011,-1.3336166,-0.09492355,-0.6801356,-0.16077253,-0.072911754,-0.026873648,-0.15623026,-0.24677429,0.0041561965
-0.03238139,-0.6484301,-0.3542887,-0.1254994,0.030429197,0.0051137228,0.027163876,-0.0012073962,-0.082777135,-0.0734533,-0.027165884,-0.011764964,-0.17459737,-0.00065435254,-0.084550366,-0.10007527,-0.16352376,-0.00041336758,-0.30129543,0.00021377053,-0.020811664,-0.21212144,0.0,-0.0127362525,-0.07280138,0.0,0.058759175,-0.36358964,0.0,-0.07818495,0.0040833773,0.0,0.049623556,-0.05469426,0.0,-0.047653228,-0.87676674,-0.20302293,-0.7078877,-0.12818761,-0.033915263,-0.04057231,-0.016478514,0.16875874,0.0081063835
-0.030309461,-0.6298624,-0.2572448,-0.33944768,-0.010727142,0.0029398347,-0.07537614,-0.019731812,-0.09850499,-0.066515505,-0.016503664,-0.0050322083,-0.085868254,0.00012907645,-0.13306467,-0.072197914,-0.15133561,-0.0033314554,-0.2711838,-0.00010647878,-0.05161852,-0.09144723,0.0,0.04076615,-0.008185475,0.0,0.01618761,0.088510655,0.0,0.0035982332,0.0668782,0.0,-0.06282679,0.08142736,0.0,-0.07790511,-1.1544752,-0.1238961,-0.8201036,-0.034468044,0.0034940494,-0.007230501,-0.008049326,-0.21101706,0.024103966
-0.012744767,-0.24176595,-0.26599443,-0.057714425,-0.004244207,0.0027085464,0.0032457258,-0.008201644,-0.17588882,-0.11532645,-0.03905575,-0.012659025,0.10354007,-0.0033223631,0.08941034,0.0390247,-0.13960691,0.005799956,-0.3960481,-0.0024559614,-0.0121777505,-0.15772656,0.0,-0.021406762,-0.029182162,0.0,-0.057914793,-0.29539064,0.0,-0.0038990094,-0.010960865,0.0,-0.05746603,-0.016916946,0.0,-0.087724194,-1.1321288,-0.07615549,-0.64665806,-0.2208841,-0.098860495,-0.061955806,-0.02216781,0.067140274,-0.009807801
-0.055208858,-0.7626495,-0.27111843,-0.49472153,-0.1001711,-0.04972189,-0.02204954,0.0023850175,-0.14464255,-0.017660417,-0.011682473,-0.005539943,-0.15107082,0.0007938756,-0.07070738,-0.12959999,-0.20275915,-0.00017109435,-0.33792168,0.00089264364,-0.050567538,-0.0893029,0.0,0.032575868,-0.07927655,0.0,0.030207554,-0.24394782,0.0,-0.05198589,0.00026377226,0.0,0.027129104,-0.0007884979,0.0,0.13444956,-0.7413349,0.12870444,0.11765191,-0.04624793,-0.028272275,-0.016547095,-0.038259197,-0.14716291,-0.12519075
-0.010779637,-0.4437577,-0.6051203,-0.12289562,-0.15400104,-0.027286397,0.0009659055,0.002150798,-0.13603845,-0.10062749,-0.015191456,-0.0041804183,-0.2066176,0.00017065203,-0.18176587,0.016678315,-0.13756403,0.015095583,-0.40004,-0.0013751123,-0.007891885,-0.14971696,0.0,-0.034201592,-0.0964205,0.0,-0.019988837,-0.33831713,0.0,0.010371963,-0.017950749,0.0,-0.043279257,-0.039747514,0.0,-0.13466652,-1.1443197,-0.07168686,-0.7116349,0.03180542,0.026134143,-0.05866222,-0.222098,-0.16085547,-0.022404226
-0.012560873,0.3659976,-0.37815312,0.05995369,-0.1042136,-0.05104907,-0.055776615,-0.021630753,0.032890964,0.01645187,-0.020757789,-0.0057030637,-0.12262103,-0.0014489867,-0.041686065,0.031784266,-0.15953927,0.0044777244,-0.55775106,-0.0008511441,0.003974301,-0.14923908,0.0,-0.0054662833,-0.04963204,0.0,-0.031743325,-0.3721853,0.0,0.005140839,0.021292781,0.0,-0.050437685,-0.013963069,0.0,-0.04416448,0.46199515,-0.006112933,0.08921699,-0.05337453,-0.05126234,0.13738193,0.011240503,-0.09429989,-0.07371167
-0.016922459,0.11878111,0.1285203,0.63705045,-0.18160245,-0.037424747,0.082714885,0.031500854,0.02156599,0.013359607,-0.013842146,-0.0031206692,-0.025359018,-0.0006686222,-0.08455242,0.05661878,-0.10129883,0.007002486,-0.30081293,-0.0027053785,0.0085154185,-0.0819796,0.0,-0.014079141,0.00285781,0.0,-0.011349119,-0.18592449,0.0,0.019068673,0.028965576,0.0,-0.028757382,0.035628166,0.0,-0.021904733,-1.1142106,-0.061254982,-0.3725763,-0.04047871,-0.020428417,0.13125458,0.009339403,-0.115890004,0.005227047
-0.039402105,-1.6922405,-0.32294503,-0.036379497,0.0008622612,-0.005227155,0.026575081,0.03498051,0.021747982,-0.008229108,-0.016496172,-0.0072236853,0.019934086,0.00050396775,0.012486763,-0.0768927,-0.16429281,-0.00057072105,-0.38939595,8.813012e-05,-0.039067443,-0.12621142,0.0,0.008277364,-0.049970925,0.0,0.069412835,-0.26855978,0.0,-0.07006735,0.04547421,0.0,-0.08635977,0.08003418,0.0,-0.12233368,-1.0608861,-0.11837557,-0.6431915,-0.0159249,0.0037523045,-0.03179158,-0.04993157,-0.24671122,0.019902376
