customerID,gender,SeniorCitizen,Partner,Dependents,tenure,PhoneService,MultipleLines,InternetService,OnlineSecurity,OnlineBackup,DeviceProtection,TechSupport,StreamingTV,StreamingMovies,Contract,PaperlessBilling,PaymentMethod,MonthlyCharges,TotalCharges,Churn,Churn_Probability,Predicted_Churn,Risk_Level,Customer_Segment,Retention_Priority,Top_SHAP_Drivers,SHAP_Values,SHAP_Directions,Final_Retention_Action
4376-KFVRS,Male,0,Yes,Yes,72,Yes,Yes,Fiber optic,Yes,Yes,Yes,Yes,Yes,Yes,Two year,Yes,Credit card (automatic),114.05,8468.2,No,0.0041972185,0,Low,0.0,Low,tenure | Contract Month-to-month | Contract Two year | OnlineSecurity No | Contract One year,-1.4373 | -1.1265 | -0.8457 | -0.4957 | -0.3057,Reduces churn risk | Reduces churn risk | Reduces churn risk | Reduces churn risk | Reduces churn risk,Maintain regular engagement; Review pricing
2754-SDJRD,Female,1,No,No,8,Yes,Yes,Fiber optic,No,No,No,Yes,Yes,Yes,Month-to-month,Yes,Credit card (automatic),100.15,908.55,No,0.9300961,1,High,1.0,Critical,MonthlyCharges | Contract Month-to-month | TechSupport No | tenure | TotalCharges,0.8889 | 0.6018 | -0.423 | 0.369 | 0.3153,Increases churn risk | Increases churn risk | Reduces churn risk | Increases churn risk | Increases churn risk,Immediate personal outreach; Offer long-term contract incentive; Promote online security; Review pricing
9917-KWRBE,Female,0,Yes,Yes,41,Yes,Yes,DSL,Yes,Yes,Yes,No,Yes,No,One year,Yes,Credit card (automatic),78.35,3211.2,No,0.05529517,0,Low,0.0,Low,Contract Month-to-month | StreamingMovies Yes | PaymentMethod Electronic check | OnlineSecurity No | InternetService Fiber optic,-1.1327 | -0.3397 | -0.2516 | -0.2476 | -0.1937,Reduces churn risk | Reduces churn risk | Reduces churn risk | Reduces churn risk | Reduces churn risk,Maintain regular engagement; Offer technical support
0365-GXEZS,Male,0,Yes,No,18,Yes,No,Fiber optic,No,No,Yes,Yes,No,No,Month-to-month,No,Electronic check,78.2,1468.75,No,0.17864974,0,Low,1.0,Low,TechSupport No | Contract Month-to-month | PaperlessBilling No | tenure | DeviceProtection No,-0.5141 | 0.4771 | -0.4483 | -0.4132 | -0.2248,Reduces churn risk | Increases churn risk | Reduces churn risk | Reduces churn risk | Reduces churn risk,Maintain regular engagement; Offer long-term contract incentive; Promote online security
9385-NXKDA,Female,0,Yes,No,72,Yes,Yes,DSL,Yes,Yes,Yes,No,Yes,Yes,Two year,Yes,Credit card (automatic),82.65,5919.35,No,0.004408018,0,Low,0.0,Low,tenure | Contract Month-to-month | Contract Two year | OnlineSecurity No | MonthlyCharges,-1.5733 | -1.1498 | -0.7353 | -0.5416 | -0.3784,Reduces churn risk | Reduces churn risk | Reduces churn risk | Reduces churn risk | Reduces churn risk,Maintain regular engagement; Offer technical support; Review pricing
4686-UXDML,Female,0,No,No,21,Yes,Yes,Fiber optic,No,Yes,No,No,Yes,Yes,Month-to-month,Yes,Credit card (automatic),99.85,1992.55,No,0.8007125,1,High,1.0,Critical,Contract Month-to-month | MonthlyCharges | PaymentMethod Electronic check | InternetService Fiber optic | TechSupport No,0.5747 | 0.5082 | -0.3414 | 0.2165 | 0.1617,Increases churn risk | Increases churn risk | Reduces churn risk | Increases churn risk | Increases churn risk,Immediate personal outreach; Offer long-term contract incentive; Promote online security; Offer technical support; Review pricing
2227-JRSJX,Female,0,No,No,21,Yes,No,Fiber optic,No,Yes,No,Yes,Yes,Yes,Month-to-month,Yes,Bank transfer (automatic),99.15,1956.4,No,0.44433165,0,Medium,1.0,Medium,MonthlyCharges | Contract Month-to-month | TechSupport No | PaymentMethod Electronic check | OnlineBackup No,0.5335 | 0.4811 | -0.4741 | -0.3455 | -0.2314,Increases churn risk | Increases churn risk | Reduces churn risk | Reduces churn risk | Reduces churn risk,Proactive retention communication; Offer long-term contract incentive; Promote online security; Review pricing
4830-FAXFM,Male,0,No,Yes,19,Yes,Yes,No,No internet service,No internet service,No internet service,No internet service,No internet service,No internet service,Month-to-month,Yes,Credit card (automatic),24.1,439.2,No,0.08149757,0,Low,1.0,Low,OnlineSecurity No | TechSupport No | Contract Month-to-month | MonthlyCharges | Dependents No,-0.6402 | -0.4948 | 0.3847 | -0.2908 | -0.2797,Reduces churn risk | Reduces churn risk | Increases churn risk | Reduces churn risk | Reduces churn risk,Maintain regular engagement; Offer long-term contract incentive
1830-IPXVJ,Female,0,Yes,Yes,61,Yes,No,No,No internet service,No internet service,No internet service,No internet service,No internet service,No internet service,Two year,No,Credit card (automatic),19.75,1311.6,No,0.0019038084,0,Low,1.0,Low,Contract Month-to-month | Contract Two year | tenure | TotalCharges | PaymentMethod Credit card (automatic),-1.2121 | -0.7885 | -0.7701 | -0.3782 | -0.3553,Reduces churn risk | Reduces churn risk | Reduces churn risk | Reduces churn risk | Reduces churn risk,Maintain regular engagement
4690-LLKUA,Male,1,No,No,17,Yes,No,DSL,No,No,No,No,No,No,Month-to-month,Yes,Electronic check,45.05,770.6,Yes,0.6124552,1,Medium,1.0,Medium,Contract Month-to-month | PaymentMethod Electronic check | MultipleLines No | InternetService Fiber optic | InternetService DSL,0.5597 | 0.2377 | -0.206 | -0.1961 | -0.1788,Increases churn risk | Increases churn risk | Reduces churn risk | Reduces churn risk | Reduces churn risk,Proactive retention communication; Offer long-term contract incentive; Promote online security; Offer technical support
5804-HYIEZ,Male,0,Yes,Yes,70,Yes,Yes,Fiber optic,Yes,Yes,No,No,Yes,Yes,Month-to-month,Yes,Electronic check,106.05,7554.05,No,0.17307898,0,Low,0.0,Low,tenure | OnlineSecurity No | Contract Month-to-month | Dependents No | OnlineBackup No,-0.9342 | -0.8104 | 0.4006 | -0.2884 | -0.1988,Reduces churn risk | Reduces churn risk | Increases churn risk | Reduces churn risk | Reduces churn risk,Maintain regular engagement; Offer long-term contract incentive; Offer technical support; Review pricing
2388-LAESQ,Female,1,Yes,No,72,Yes,Yes,Fiber optic,Yes,Yes,Yes,Yes,Yes,Yes,Two year,Yes,Bank transfer (automatic),114.85,8317.95,No,0.00702986,0,Low,0.0,Low,tenure | Contract Month-to-month | Contract Two year | OnlineSecurity No | Contract One year,-1.7983 | -1.1578 | -0.8246 | -0.4714 | -0.3363,Reduces churn risk | Reduces churn risk | Reduces churn risk | Reduces churn risk | Reduces churn risk,Maintain regular engagement; Review pricing
5533-RJFTJ,Male,0,No,No,49,No,No phone service,DSL,No,No,Yes,No,No,No,Month-to-month,Yes,Bank transfer (automatic),30.2,1453.1,No,0.20098336,0,Low,1.0,Low,tenure | Contract Month-to-month | PaymentMethod Electronic check | TotalCharges | InternetService Fiber optic,-0.6731 | 0.4874 | -0.4333 | -0.4084 | -0.2429,Reduces churn risk | Increases churn risk | Reduces churn risk | Reduces churn risk | Reduces churn risk,Maintain regular engagement; Offer long-term contract incentive; Promote online security; Offer technical support
4706-AXVKM,Female,1,No,No,11,Yes,Yes,Fiber optic,No,No,No,No,No,Yes,Month-to-month,Yes,Credit card (automatic),84.8,906.85,Yes,0.8243811,1,High,1.0,Critical,Contract Month-to-month | PaymentMethod Electronic check | InternetService Fiber optic | OnlineSecurity No | MultipleLines No,0.6406 | -0.308 | 0.2327 | 0.2228 | 0.1872,Increases churn risk | Reduces churn risk | Increases churn risk | Increases churn risk | Increases churn risk,Immediate personal outreach; Offer long-term contract incentive; Promote online security; Offer technical support; Review pricing
0997-YTLNY,Female,0,No,Yes,19,Yes,No,DSL,No,No,No,Yes,No,No,Month-to-month,No,Mailed check,48.8,953.65,No,0.07004618,0,Low,1.0,Low,MonthlyCharges | tenure | Contract Month-to-month | PaymentMethod Electronic check | TechSupport No,-0.4808 | -0.4435 | 0.3904 | -0.2972 | -0.2683,Reduces churn risk | Reduces churn risk | Increases churn risk | Reduces churn risk | Reduces churn risk,Maintain regular engagement; Offer long-term contract incentive; Promote online security
7971-HLVXI,Male,0,Yes,Yes,72,Yes,Yes,Fiber optic,No,No,No,No,No,Yes,Two year,Yes,Credit card (automatic),84.5,6130.85,No,0.025954127,0,Low,0.0,Low,tenure | Contract Month-to-month | Contract Two year | PaymentMethod Electronic check | Contract One year,-1.5486 | -1.1391 | -0.5946 | -0.3029 | -0.2627,Reduces churn risk | Reduces churn risk | Reduces churn risk | Reduces churn risk | Reduces churn risk,Maintain regular engagement; Promote online security; Offer technical support; Review pricing
7337-CINUD,Female,0,Yes,Yes,8,Yes,No,No,No internet service,No internet service,No internet service,No internet service,No internet service,No internet service,Two year,No,Bank transfer (automatic),19.5,159.35,No,0.027406927,0,Low,1.0,Low,Contract Month-to-month | Contract Two year | OnlineSecurity No | MonthlyCharges | PaymentMethod Bank transfer (automatic),-1.3352 | -0.9645 | -0.3389 | -0.2449 | 0.2372,Reduces churn risk | Reduces churn risk | Reduces churn risk | Reduces churn risk | Increases churn risk,Maintain regular engagement
1379-FRVEB,Male,0,No,Yes,15,Yes,Yes,Fiber optic,No,Yes,No,No,Yes,No,Month-to-month,Yes,Electronic check,91.0,1430.05,No,0.71191263,1,High,1.0,Critical,Contract Month-to-month | Dependents No | OnlineSecurity No | PaymentMethod Electronic check | tenure,0.6192 | -0.3098 | 0.2376 | 0.2176 | -0.1712,Increases churn risk | Reduces churn risk | Increases churn risk | Increases churn risk | Reduces churn risk,Priority retention outreach; Offer long-term contract incentive; Promote online security; Offer technical support; Review pricing
4753-PADAS,Female,0,Yes,No,67,Yes,Yes,Fiber optic,No,Yes,Yes,No,Yes,Yes,One year,Yes,Bank transfer (automatic),105.7,6816.95,No,0.17376356,0,Low,0.0,Low,Contract Month-to-month | tenure | MonthlyCharges | TotalCharges | PaymentMethod Electronic check,-1.1116 | -0.5913 | 0.3345 | -0.3262 | -0.3034,Reduces churn risk | Reduces churn risk | Increases churn risk | Reduces churn risk | Reduces churn risk,Maintain regular engagement; Promote online security; Offer technical support; Review pricing
5701-GUXDC,Female,0,Yes,No,26,No,No phone service,DSL,Yes,No,Yes,No,No,No,One year,No,Credit card (automatic),35.4,978.6,No,0.050929617,0,Low,1.0,Low,Contract Month-to-month | StreamingMovies Yes | OnlineSecurity No | tenure | MonthlyCharges,-1.2644 | -0.3458 | -0.2637 | -0.2506 | -0.2382,Reduces churn risk | Reduces churn risk | Reduces churn risk | Reduces churn risk | Reduces churn risk,Maintain regular engagement; Offer technical support
7235-NXZCP,Male,1,No,No,2,Yes,Yes,Fiber optic,No,No,No,No,No,No,Month-to-month,Yes,Mailed check,74.85,156.4,Yes,0.7674044,1,High,1.0,Critical,Contract Month-to-month | tenure | PaymentMethod Electronic check | OnlineSecurity No | MonthlyCharges,0.6581 | 0.4078 | -0.3311 | 0.2639 | -0.2483,Increases churn risk | Increases churn risk | Reduces churn risk | Increases churn risk | Reduces churn risk,Priority retention outreach; Offer long-term contract incentive; Provide new-customer support; Promote online security; Offer technical support
0668-OGMHD,Female,0,Yes,No,21,No,No phone service,DSL,Yes,No,No,No,No,No,Month-to-month,No,Electronic check,28.5,629.35,No,0.31196365,0,Low,1.0,Low,Contract Month-to-month | OnlineSecurity No | MonthlyCharges | PaperlessBilling No | gender Female,0.4788 | -0.4167 | -0.3518 | -0.2833 | -0.1626,Increases churn risk | Reduces churn risk | Reduces churn risk | Reduces churn risk | Reduces churn risk,Maintain regular engagement; Offer long-term contract incentive; Offer technical support
2812-REYAT,Female,0,Yes,No,49,Yes,No,No,No internet service,No internet service,No internet service,No internet service,No internet service,No internet service,One year,Yes,Bank transfer (automatic),20.05,923.1,No,0.013297366,0,Low,1.0,Low,Contract Month-to-month | tenure | OnlineSecurity No | MonthlyCharges | TechSupport No,-1.2354 | -0.6598 | -0.4293 | -0.3909 | -0.3432,Reduces churn risk | Reduces churn risk | Reduces churn risk | Reduces churn risk | Reduces churn risk,Maintain regular engagement
8779-YIQQA,Male,0,Yes,Yes,21,Yes,No,No,No internet service,No internet service,No internet service,No internet service,No internet service,No internet service,One year,No,Mailed check,19.8,350.1,No,0.0113956155,0,Low,1.0,Low,Contract Month-to-month | OnlineSecurity No | TechSupport No | PaperlessBilling No | StreamingMovies Yes,-1.1266 | -0.4635 | -0.3248 | -0.3088 | -0.2603,Reduces churn risk | Reduces churn risk | Reduces churn risk | Reduces churn risk | Reduces churn risk,Maintain regular engagement
9701-CDXHR,Female,0,Yes,No,51,Yes,No,Fiber optic,No,No,No,No,No,No,Month-to-month,No,Mailed check,69.15,3649.6,No,0.09398926,0,Low,0.0,Low,tenure | TotalCharges | PaymentMethod Electronic check | Contract Month-to-month | PaymentMethod Mailed check,-0.9619 | -0.553 | -0.4817 | 0.4764 | -0.2425,Reduces churn risk | Reduces churn risk | Reduces churn risk | Increases churn risk | Reduces churn risk,Maintain regular engagement; Offer long-term contract incentive; Promote online security; Offer technical support
7130-CTCUS,Male,1,Yes,No,16,Yes,No,DSL,Yes,Yes,No,No,No,No,Month-to-month,Yes,Bank transfer (automatic),54.55,825.1,No,0.24421178,0,Low,1.0,Low,Contract Month-to-month | OnlineSecurity No | PaymentMethod Electronic check | InternetService Fiber optic | MonthlyCharges,0.4711 | -0.3578 | -0.3091 | -0.2352 | -0.2017,Increases churn risk | Reduces churn risk | Reduces churn risk | Reduces churn risk | Reduces churn risk,Maintain regular engagement; Offer long-term contract incentive; Offer technical support
1894-IGFSG,Female,0,No,No,22,Yes,No,Fiber optic,No,No,No,No,Yes,Yes,Month-to-month,No,Electronic check,89.25,1907.85,Yes,0.6017818,1,Medium,1.0,Medium,Contract Month-to-month | tenure | PaperlessBilling No | OnlineSecurity No | PaperlessBilling Yes,0.5554 | -0.3126 | -0.2299 | 0.171 | -0.1363,Increases churn risk | Reduces churn risk | Reduces churn risk | Increases churn risk | Reduces churn risk,Proactive retention communication; Offer long-term contract incentive; Promote online security; Offer technical support; Review pricing
0871-URUWO,Male,0,Yes,No,13,Yes,Yes,Fiber optic,No,No,Yes,No,Yes,Yes,Month-to-month,Yes,Credit card (automatic),102.25,1359.0,Yes,0.8570556,1,High,1.0,Critical,Contract Month-to-month | MonthlyCharges | PaymentMethod Electronic check | InternetService Fiber optic | PaymentMethod Credit card (automatic),0.5732 | 0.516 | -0.3363 | 0.2957 | -0.2251,Increases churn risk | Increases churn risk | Reduces churn risk | Increases churn risk | Reduces churn risk,Immediate personal outreach; Offer long-term contract incentive; Promote online security; Offer technical support; Review pricing
0057-QBUQH,Female,0,No,Yes,43,Yes,Yes,No,No internet service,No internet service,No internet service,No internet service,No internet service,No internet service,Two year,Yes,Electronic check,25.1,1070.15,No,0.018512914,0,Low,1.0,Low,Contract Month-to-month | OnlineSecurity No | Contract Two year | MonthlyCharges | TechSupport No,-1.0847 | -0.4802 | -0.4639 | -0.4008 | -0.329,Reduces churn risk | Reduces churn risk | Reduces churn risk | Reduces churn risk | Reduces churn risk,Maintain regular engagement
9611-CTWIH,Female,0,No,No,3,Yes,No,Fiber optic,No,No,No,No,Yes,Yes,Month-to-month,Yes,Electronic check,89.45,240.45,Yes,0.75634354,1,High,1.0,Critical,Contract Month-to-month | MultipleLines No | OnlineSecurity No | MonthlyCharges | tenure,0.6668 | -0.2635 | 0.2443 | -0.1841 | 0.1817,Increases churn risk | Reduces churn risk | Increases churn risk | Reduces churn risk | Increases churn risk,Priority retention outreach; Offer long-term contract incentive; Provide new-customer support; Promote online security; Offer technical support; Review pricing
8058-DMYRU,Male,1,No,No,54,Yes,Yes,Fiber optic,No,Yes,No,No,No,Yes,Month-to-month,Yes,Electronic check,90.05,4931.8,No,0.60455143,1,Medium,0.0,Medium,tenure | Contract Month-to-month | TotalCharges | OnlineSecurity No | PaymentMethod Electronic check,-0.6006 | 0.5381 | -0.3382 | 0.2694 | 0.238,Reduces churn risk | Increases churn risk | Reduces churn risk | Increases churn risk | Increases churn risk,Proactive retention communication; Offer long-term contract incentive; Promote online security; Offer technical support; Review pricing
5351-QESIO,Male,0,No,Yes,1,No,No phone service,DSL,No,No,No,No,No,No,Month-to-month,No,Mailed check,24.2,24.2,No,0.45236278,0,Medium,1.0,Medium,tenure | Contract Month-to-month | MonthlyCharges | PaperlessBilling No | PaymentMethod Electronic check,0.9016 | 0.569 | -0.4066 | -0.2805 | -0.2501,Increases churn risk | Increases churn risk | Reduces churn risk | Reduces churn risk | Reduces churn risk,Proactive retention communication; Offer long-term contract incentive; Provide new-customer support; Promote online security; Offer technical support
4302-ZYFEL,Male,0,Yes,Yes,69,Yes,No,No,No internet service,No internet service,No internet service,No internet service,No internet service,No internet service,One year,Yes,Credit card (automatic),20.55,1403.1,No,0.0041135517,0,Low,1.0,Low,Contract Month-to-month | tenure | MonthlyCharges | OnlineSecurity No | TechSupport No,-1.0138 | -0.7853 | -0.7686 | -0.4229 | -0.3149,Reduces churn risk | Reduces churn risk | Reduces churn risk | Reduces churn risk | Reduces churn risk,Maintain regular engagement
6134-KWTBV,Male,0,No,No,62,Yes,Yes,No,No internet service,No internet service,No internet service,No internet service,No internet service,No internet service,Two year,No,Bank transfer (automatic),23.4,1429.65,No,0.0073262905,0,Low,1.0,Low,Contract Month-to-month | tenure | Contract Two year | TotalCharges | OnlineSecurity No,-1.094 | -0.7922 | -0.709 | -0.4657 | -0.3984,Reduces churn risk | Reduces churn risk | Reduces churn risk | Reduces churn risk | Reduces churn risk,Maintain regular engagement
2034-GDRCN,Female,0,No,No,2,Yes,No,Fiber optic,No,No,No,No,Yes,Yes,Month-to-month,Yes,Electronic check,90.4,168.2,Yes,0.919671,1,High,1.0,Critical,Contract Month-to-month | tenure | OnlineSecurity No | MultipleLines No | MonthlyCharges,0.6611 | 0.5236 | 0.291 | -0.2364 | 0.2329,Increases churn risk | Increases churn risk | Increases churn risk | Reduces churn risk | Increases churn risk,Immediate personal outreach; Offer long-term contract incentive; Provide new-customer support; Promote online security; Offer technical support; Review pricing
9544-PYPSJ,Female,1,Yes,Yes,62,Yes,Yes,Fiber optic,No,Yes,Yes,No,No,Yes,Month-to-month,Yes,Credit card (automatic),96.1,6019.35,No,0.09279585,0,Low,0.0,Low,tenure | TotalCharges | Contract Month-to-month | PaymentMethod Electronic check | Dependents No,-1.4457 | -0.4984 | 0.4385 | -0.4246 | -0.2334,Reduces churn risk | Reduces churn risk | Increases churn risk | Reduces churn risk | Reduces churn risk,Maintain regular engagement; Offer long-term contract incentive; Promote online security; Offer technical support; Review pricing
4208-UFFGW,Male,1,No,No,2,Yes,No,DSL,No,No,No,No,No,No,Month-to-month,No,Mailed check,44.95,85.15,Yes,0.5294543,1,Medium,1.0,Medium,Contract Month-to-month | tenure | PaperlessBilling No | PaymentMethod Electronic check | SeniorCitizen,0.5752 | 0.3762 | -0.2484 | -0.2345 | 0.1698,Increases churn risk | Increases churn risk | Reduces churn risk | Reduces churn risk | Increases churn risk,Proactive retention communication; Offer long-term contract incentive; Provide new-customer support; Promote online security; Offer technical support
9537-JALFH,Male,0,Yes,Yes,69,Yes,No,No,No internet service,No internet service,No internet service,No internet service,No internet service,No internet service,Two year,No,Bank transfer (automatic),19.9,1356.7,No,0.004780975,0,Low,1.0,Low,Contract Month-to-month | Contract Two year | tenure | TotalCharges | OnlineSecurity No,-1.1443 | -0.7932 | -0.7802 | -0.4081 | -0.3668,Reduces churn risk | Reduces churn risk | Reduces churn risk | Reduces churn risk | Reduces churn risk,Maintain regular engagement
4415-IJZTP,Female,0,No,No,1,Yes,Yes,Fiber optic,No,No,No,No,No,No,Month-to-month,Yes,Electronic check,74.5,74.5,Yes,0.93408734,1,High,1.0,Critical,tenure | Contract Month-to-month | OnlineSecurity No | TotalCharges | InternetService Fiber optic,0.9035 | 0.7624 | 0.2608 | 0.2008 | 0.191,Increases churn risk | Increases churn risk | Increases churn risk | Increases churn risk | Increases churn risk,Immediate personal outreach; Offer long-term contract incentive; Provide new-customer support; Promote online security; Offer technical support
4701-MLJPN,Male,0,No,No,31,Yes,No,DSL,No,No,Yes,Yes,No,No,Month-to-month,Yes,Electronic check,55.25,1715.65,Yes,0.052853595,0,Low,1.0,Low,tenure | TotalCharges | TechSupport No | Contract Month-to-month | InternetService Fiber optic,-0.7535 | -0.5687 | -0.4653 | 0.4062 | -0.315,Reduces churn risk | Reduces churn risk | Reduces churn risk | Increases churn risk | Reduces churn risk,Maintain regular engagement; Offer long-term contract incentive; Promote online security
7515-LODFU,Male,1,No,No,69,Yes,No,No,No internet service,No internet service,No internet service,No internet service,No internet service,No internet service,Two year,No,Credit card (automatic),20.3,1356.3,No,0.005184863,0,Low,1.0,Low,Contract Month-to-month | Contract Two year | tenure | MonthlyCharges | TotalCharges,-1.072 | -0.6915 | -0.6868 | -0.5885 | -0.4005,Reduces churn risk | Reduces churn risk | Reduces churn risk | Reduces churn risk | Reduces churn risk,Maintain regular engagement
4927-WWOOZ,Male,0,Yes,No,2,Yes,Yes,Fiber optic,No,No,Yes,No,Yes,No,Month-to-month,Yes,Electronic check,91.45,171.45,No,0.9298065,1,High,1.0,Critical,Contract Month-to-month | tenure | OnlineSecurity No | MonthlyCharges | MultipleLines No,0.7156 | 0.4381 | 0.2906 | 0.2324 | 0.2167,Increases churn risk | Increases churn risk | Increases churn risk | Increases churn risk | Increases churn risk,Immediate personal outreach; Offer long-term contract incentive; Provide new-customer support; Promote online security; Offer technical support; Review pricing
4067-HLYQI,Female,0,No,No,33,Yes,No,Fiber optic,No,No,No,No,No,No,Month-to-month,Yes,Bank transfer (automatic),70.4,2406.1,No,0.6564675,1,Medium,1.0,Medium,Contract Month-to-month | tenure | PaymentMethod Electronic check | InternetService Fiber optic | OnlineSecurity No,0.5922 | -0.4104 | -0.3664 | 0.2207 | 0.2115,Increases churn risk | Reduces churn risk | Reduces churn risk | Increases churn risk | Increases churn risk,Proactive retention communication; Offer long-term contract incentive; Promote online security; Offer technical support
6184-DYUOB,Female,0,Yes,No,3,Yes,No,No,No internet service,No internet service,No internet service,No internet service,No internet service,No internet service,Month-to-month,Yes,Mailed check,19.6,55.25,No,0.27724233,0,Low,1.0,Low,Contract Month-to-month | OnlineSecurity No | TechSupport No | InternetService Fiber optic | PaymentMethod Electronic check,0.5523 | -0.5155 | -0.3301 | -0.2467 | -0.176,Increases churn risk | Reduces churn risk | Reduces churn risk | Reduces churn risk | Reduces churn risk,Maintain regular engagement; Offer long-term contract incentive; Provide new-customer support
9209-NWPGU,Male,0,No,No,44,Yes,No,DSL,Yes,No,No,Yes,Yes,No,One year,No,Electronic check,65.4,2774.55,No,0.07748546,0,Low,1.0,Low,Contract Month-to-month | OnlineSecurity No | tenure | PaymentMethod Electronic check | MonthlyCharges,-0.8456 | -0.3456 | -0.3254 | 0.3253 | -0.308,Reduces churn risk | Reduces churn risk | Reduces churn risk | Increases churn risk | Reduces churn risk,Maintain regular engagement
9851-KIELU,Male,0,No,No,10,Yes,No,Fiber optic,Yes,Yes,Yes,Yes,Yes,Yes,Month-to-month,Yes,Electronic check,110.1,1043.3,Yes,0.47781882,0,Medium,1.0,Medium,TechSupport No | OnlineSecurity No | Contract Month-to-month | tenure | InternetService Fiber optic,-0.4891 | -0.4301 | 0.3986 | 0.2935 | 0.2597,Reduces churn risk | Reduces churn risk | Increases churn risk | Increases churn risk | Increases churn risk,Proactive retention communication; Offer long-term contract incentive; Review pricing
3199-XGZCY,Female,0,No,No,8,Yes,Yes,Fiber optic,No,No,No,No,No,No,Month-to-month,Yes,Electronic check,75.25,576.7,No,0.7810034,1,High,1.0,Critical,Contract Month-to-month | MonthlyCharges | OnlineSecurity No | PaymentMethod Electronic check | InternetService Fiber optic,0.7244 | -0.2314 | 0.2181 | 0.2144 | 0.1737,Increases churn risk | Reduces churn risk | Increases churn risk | Increases churn risk | Increases churn risk,Priority retention outreach; Offer long-term contract incentive; Promote online security; Offer technical support
4226-KKDON,Male,0,No,No,8,Yes,No,DSL,No,Yes,No,Yes,Yes,No,Month-to-month,Yes,Electronic check,66.65,520.95,No,0.08038956,0,Low,1.0,Low,MonthlyCharges | TechSupport No | InternetService Fiber optic | OnlineBackup No | Contract Month-to-month,-0.6495 | -0.4731 | -0.4202 | -0.4149 | 0.4136,Reduces churn risk | Reduces churn risk | Reduces churn risk | Reduces churn risk | Increases churn risk,Maintain regular engagement; Offer long-term contract incentive; Promote online security
1085-LDWAM,Female,0,Yes,Yes,69,Yes,No,No,No internet service,No internet service,No internet service,No internet service,No internet service,No internet service,One year,Yes,Credit card (automatic),20.35,1442.65,No,0.0049434006,0,Low,1.0,Low,Contract Month-to-month | tenure | MonthlyCharges | OnlineSecurity No | TotalCharges,-1.1348 | -0.8811 | -0.8559 | -0.4211 | -0.2657,Reduces churn risk | Reduces churn risk | Reduces churn risk | Reduces churn risk | Reduces churn risk,Maintain regular engagement
6825-UYPFK,Female,0,No,No,23,Yes,Yes,Fiber optic,No,No,No,No,No,No,Month-to-month,No,Bank transfer (automatic),75.6,1758.6,Yes,0.15195839,0,Low,1.0,Low,Contract Month-to-month | tenure | PaperlessBilling No | MonthlyCharges | PaymentMethod Electronic check,0.5456 | -0.5381 | -0.4651 | -0.4193 | -0.3758,Increases churn risk | Reduces churn risk | Reduces churn risk | Reduces churn risk | Reduces churn risk,Maintain regular engagement; Offer long-term contract incentive; Promote online security; Offer technical support
1767-CJKBA,Male,0,No,No,66,Yes,Yes,No,No internet service,No internet service,No internet service,No internet service,No internet service,No internet service,Two year,No,Mailed check,25.1,1697.7,No,0.0052040876,0,Low,1.0,Low,Contract Month-to-month | Contract Two year | TotalCharges | tenure | OnlineSecurity No,-1.0401 | -0.6328 | -0.5914 | -0.5522 | -0.4743,Reduces churn risk | Reduces churn risk | Reduces churn risk | Reduces churn risk | Reduces churn risk,Maintain regular engagement
7181-BQYBV,Female,0,Yes,Yes,1,Yes,Yes,Fiber optic,Yes,No,Yes,No,Yes,Yes,Month-to-month,Yes,Electronic check,102.45,102.45,Yes,0.907199,1,High,1.0,Critical,tenure | Contract Month-to-month | MonthlyCharges | OnlineSecurity No | Dependents No,0.701 | 0.5959 | 0.5284 | -0.506 | -0.2218,Increases churn risk | Increases churn risk | Increases churn risk | Reduces churn risk | Reduces churn risk,Immediate personal outreach; Offer long-term contract incentive; Provide new-customer support; Offer technical support; Review pricing
0178-CIIKR,Female,0,No,No,3,Yes,No,No,No internet service,No internet service,No internet service,No internet service,No internet service,No internet service,Month-to-month,No,Mailed check,19.95,58.0,No,0.28559312,0,Low,1.0,Low,Contract Month-to-month | OnlineSecurity No | TotalCharges | TechSupport No | PaperlessBilling No,0.5335 | -0.473 | 0.3171 | -0.2793 | -0.2199,Increases churn risk | Reduces churn risk | Increases churn risk | Reduces churn risk | Reduces churn risk,Maintain regular engagement; Offer long-term contract incentive; Provide new-customer support
4256-ZWTZI,Female,0,No,Yes,5,Yes,No,DSL,No,No,No,Yes,No,No,Month-to-month,Yes,Mailed check,51.0,286.8,No,0.45835567,0,Medium,1.0,Medium,Contract Month-to-month | tenure | TechSupport No | PaymentMethod Electronic check | InternetService Fiber optic,0.546 | 0.4905 | -0.3265 | -0.3085 | -0.2056,Increases churn risk | Increases churn risk | Reduces churn risk | Reduces churn risk | Reduces churn risk,Proactive retention communication; Offer long-term contract incentive; Provide new-customer support; Promote online security
9537-VHDTA,Female,0,No,Yes,1,Yes,No,DSL,Yes,No,No,No,No,No,Month-to-month,No,Mailed check,51.2,51.2,No,0.30752373,0,Low,1.0,Low,tenure | OnlineSecurity No | Contract Month-to-month | PaperlessBilling No | TotalCharges,0.8463 | -0.6837 | 0.552 | -0.2775 | 0.2423,Increases churn risk | Reduces churn risk | Increases churn risk | Reduces churn risk | Increases churn risk,Maintain regular engagement; Offer long-term contract incentive; Provide new-customer support; Offer technical support
2754-XBHTB,Female,0,No,No,9,Yes,No,Fiber optic,No,No,No,No,Yes,No,Month-to-month,Yes,Bank transfer (automatic),77.65,714.15,Yes,0.68336266,1,Medium,1.0,Medium,Contract Month-to-month | PaymentMethod Electronic check | OnlineSecurity No | InternetService Fiber optic | MultipleLines No,0.647 | -0.3752 | 0.1809 | 0.1661 | -0.1509,Increases churn risk | Reduces churn risk | Increases churn risk | Increases churn risk | Reduces churn risk,Proactive retention communication; Offer long-term contract incentive; Promote online security; Offer technical support
5975-BAICR,Male,0,Yes,Yes,36,Yes,No,DSL,Yes,No,Yes,No,No,Yes,One year,Yes,Credit card (automatic),63.7,2188.5,No,0.04684205,0,Low,1.0,Low,Contract Month-to-month | tenure | OnlineSecurity No | MonthlyCharges | PaymentMethod Electronic check,-0.7642 | -0.4472 | -0.3614 | -0.2784 | -0.2407,Reduces churn risk | Reduces churn risk | Reduces churn risk | Reduces churn risk | Reduces churn risk,Maintain regular engagement; Offer technical support
3301-VKTGC,Male,0,Yes,Yes,68,Yes,Yes,Fiber optic,Yes,Yes,No,No,No,No,One year,Yes,Bank transfer (automatic),85.5,5696.6,No,0.034246113,0,Low,0.0,Low,Contract Month-to-month | tenure | OnlineSecurity No | StreamingMovies Yes | PaymentMethod Electronic check,-0.9556 | -0.673 | -0.4668 | -0.4429 | -0.2749,Reduces churn risk | Reduces churn risk | Reduces churn risk | Reduces churn risk | Reduces churn risk,Maintain regular engagement; Offer technical support; Review pricing
2877-VDUER,Female,0,Yes,Yes,35,No,No phone service,DSL,No,No,No,Yes,Yes,No,One year,No,Mailed check,40.9,1383.6,No,0.03533964,0,Low,1.0,Low,Contract Month-to-month | tenure | MonthlyCharges | StreamingMovies Yes | TechSupport No,-1.0042 | -0.4335 | -0.4118 | -0.3231 | -0.2744,Reduces churn risk | Reduces churn risk | Reduces churn risk | Reduces churn risk | Reduces churn risk,Maintain regular engagement; Promote online security
7717-BICXI,Male,0,Yes,Yes,60,Yes,No,No,No internet service,No internet service,No internet service,No internet service,No internet service,No internet service,Two year,No,Mailed check,20.55,1205.05,No,0.0023922487,0,Low,1.0,Low,Contract Month-to-month | Contract Two year | tenure | MonthlyCharges | OnlineSecurity No,-1.0869 | -0.7768 | -0.6574 | -0.5892 | -0.4192,Reduces churn risk | Reduces churn risk | Reduces churn risk | Reduces churn risk | Reduces churn risk,Maintain regular engagement
0562-FGDCR,Female,0,Yes,Yes,72,Yes,Yes,DSL,Yes,Yes,No,Yes,Yes,No,Two year,No,Mailed check,74.55,5430.65,No,0.0027666867,0,Low,0.0,Low,tenure | Contract Month-to-month | Contract Two year | OnlineSecurity No | TotalCharges,-1.6647 | -0.9685 | -0.7375 | -0.3898 | -0.2714,Reduces churn risk | Reduces churn risk | Reduces churn risk | Reduces churn risk | Reduces churn risk,Maintain regular engagement
3705-PSNGL,Male,0,No,No,45,Yes,No,No,No internet service,No internet service,No internet service,No internet service,No internet service,No internet service,One year,Yes,Electronic check,20.4,930.45,Yes,0.0064022406,0,Low,1.0,Low,Contract Month-to-month | MonthlyCharges | tenure | OnlineSecurity No | TechSupport No,-1.0319 | -0.9144 | -0.7408 | -0.4908 | -0.3606,Reduces churn risk | Reduces churn risk | Reduces churn risk | Reduces churn risk | Reduces churn risk,Maintain regular engagement
0048-LUMLS,Male,0,Yes,Yes,37,Yes,No,Fiber optic,No,No,No,No,Yes,Yes,One year,No,Credit card (automatic),91.2,3247.55,No,0.19324492,0,Low,0.0,Low,Contract Month-to-month | tenure | PaymentMethod Electronic check | PaperlessBilling No | StreamingMovies Yes,-1.0055 | -0.4067 | -0.2291 | -0.1881 | 0.1737,Reduces churn risk | Reduces churn risk | Reduces churn risk | Reduces churn risk | Increases churn risk,Maintain regular engagement; Promote online security; Offer technical support; Review pricing
6497-TILVL,Female,0,Yes,Yes,7,Yes,No,DSL,Yes,No,No,No,No,No,Month-to-month,No,Mailed check,50.7,350.35,No,0.11261734,0,Low,1.0,Low,Contract Month-to-month | OnlineSecurity No | PaymentMethod Electronic check | MonthlyCharges | InternetService Fiber optic,0.4624 | -0.4456 | -0.2804 | -0.2663 | -0.2339,Increases churn risk | Reduces churn risk | Reduces churn risk | Reduces churn risk | Reduces churn risk,Maintain regular engagement; Offer long-term contract incentive; Offer technical support
2108-YKQTY,Female,0,No,No,4,Yes,No,DSL,No,Yes,No,No,No,No,Month-to-month,No,Credit card (automatic),50.7,151.3,Yes,0.2211523,0,Low,1.0,Low,Contract Month-to-month | PaperlessBilling No | OnlineBackup No | MonthlyCharges | PaymentMethod Electronic check,0.4952 | -0.3553 | -0.3086 | -0.2411 | -0.2064,Increases churn risk | Reduces churn risk | Reduces churn risk | Reduces churn risk | Reduces churn risk,Maintain regular engagement; Offer long-term contract incentive; Provide new-customer support; Promote online security; Offer technical support
3658-KIBGF,Female,0,No,No,1,Yes,No,DSL,Yes,Yes,No,No,No,No,Month-to-month,Yes,Electronic check,54.9,54.9,Yes,0.6486394,1,Medium,1.0,Medium,tenure | Contract Month-to-month | OnlineSecurity No | InternetService Fiber optic | MonthlyCharges,0.7842 | 0.6006 | -0.4187 | -0.307 | -0.2384,Increases churn risk | Increases churn risk | Reduces churn risk | Reduces churn risk | Reduces churn risk,Proactive retention communication; Offer long-term contract incentive; Provide new-customer support; Offer technical support
5482-NUPNA,Female,0,No,No,4,Yes,No,DSL,Yes,Yes,No,Yes,No,No,Month-to-month,Yes,Mailed check,60.4,272.15,Yes,0.14810644,0,Low,1.0,Low,OnlineSecurity No | MonthlyCharges | Contract Month-to-month | TechSupport No | PaymentMethod Electronic check,-0.4831 | -0.4782 | 0.4686 | -0.2858 | -0.2552,Reduces churn risk | Reduces churn risk | Increases churn risk | Reduces churn risk | Reduces churn risk,Maintain regular engagement; Offer long-term contract incentive; Provide new-customer support
7410-KTVFV,Male,0,Yes,No,18,Yes,No,DSL,No,No,Yes,No,No,No,Month-to-month,Yes,Mailed check,49.55,878.35,Yes,0.11115132,0,Low,1.0,Low,tenure | PaymentMethod Electronic check | Contract Month-to-month | InternetService DSL | InternetService Fiber optic,-0.507 | -0.4832 | 0.4103 | -0.2619 | -0.2532,Reduces churn risk | Reduces churn risk | Increases churn risk | Reduces churn risk | Reduces churn risk,Maintain regular engagement; Offer long-term contract incentive; Promote online security; Offer technical support
9033-EOXWV,Female,0,No,No,12,Yes,Yes,DSL,No,No,No,Yes,Yes,Yes,One year,No,Mailed check,74.05,872.65,Yes,0.08349708,0,Low,1.0,Low,Contract Month-to-month | TechSupport No | PaperlessBilling No | OnlineSecurity No | PaymentMethod Electronic check,-1.1778 | -0.2558 | -0.2401 | 0.2063 | -0.1996,Reduces churn risk | Reduces churn risk | Reduces churn risk | Increases churn risk | Reduces churn risk,Maintain regular engagement; Promote online security
8821-XNHVZ,Female,0,Yes,Yes,1,Yes,No,Fiber optic,No,No,No,No,Yes,No,Month-to-month,Yes,Mailed check,80.05,80.05,Yes,0.82245374,1,High,1.0,Critical,tenure | Contract Month-to-month | TotalCharges | OnlineSecurity No | PaymentMethod Electronic check,0.9139 | 0.6809 | 0.3735 | 0.2405 | -0.2002,Increases churn risk | Increases churn risk | Increases churn risk | Increases churn risk | Reduces churn risk,Immediate personal outreach; Offer long-term contract incentive; Provide new-customer support; Promote online security; Offer technical support; Review pricing
8224-KDLKN,Male,0,Yes,Yes,72,Yes,Yes,No,No internet service,No internet service,No internet service,No internet service,No internet service,No internet service,Two year,No,Bank transfer (automatic),25.0,1738.9,No,0.0013233848,0,Low,1.0,Low,tenure | Contract Month-to-month | Contract Two year | TotalCharges | OnlineSecurity No,-1.6276 | -1.1621 | -0.7401 | -0.5878 | -0.446,Reduces churn risk | Reduces churn risk | Reduces churn risk | Reduces churn risk | Reduces churn risk,Maintain regular engagement
4825-FUREZ,Male,0,Yes,No,42,Yes,No,No,No internet service,No internet service,No internet service,No internet service,No internet service,No internet service,Two year,No,Electronic check,20.25,835.5,No,0.006482076,0,Low,1.0,Low,Contract Month-to-month | Contract Two year | MonthlyCharges | tenure | OnlineSecurity No,-1.1411 | -0.7226 | -0.5357 | -0.513 | -0.3849,Reduces churn risk | Reduces churn risk | Reduces churn risk | Reduces churn risk | Reduces churn risk,Maintain regular engagement
7534-BFESC,Male,1,No,No,24,Yes,Yes,Fiber optic,No,No,No,No,No,No,Month-to-month,Yes,Electronic check,76.1,1712.7,Yes,0.7351165,1,High,1.0,Critical,Contract Month-to-month | PaymentMethod Electronic check | TotalCharges | MonthlyCharges | OnlineSecurity No,0.6631 | 0.3332 | -0.3113 | -0.2357 | 0.2216,Increases churn risk | Increases churn risk | Reduces churn risk | Reduces churn risk | Increases churn risk,Priority retention outreach; Offer long-term contract incentive; Promote online security; Offer technical support
9138-EFSMO,Male,0,Yes,Yes,26,Yes,No,Fiber optic,No,No,No,No,No,Yes,One year,No,Bank transfer (automatic),78.95,2034.25,No,0.11485431,0,Low,1.0,Low,Contract Month-to-month | PaperlessBilling No | tenure | TotalCharges | PaymentMethod Electronic check,-1.0807 | -0.3433 | -0.3183 | -0.26 | -0.2472,Reduces churn risk | Reduces churn risk | Reduces churn risk | Reduces churn risk | Reduces churn risk,Maintain regular engagement; Promote online security; Offer technical support
4227-OJHAL,Female,0,Yes,Yes,68,Yes,Yes,DSL,Yes,Yes,Yes,No,Yes,No,One year,Yes,Credit card (automatic),73.0,5163.0,No,0.053966306,0,Low,0.0,Low,Contract Month-to-month | tenure | StreamingMovies Yes | OnlineSecurity No | PaymentMethod Electronic check,-0.9943 | -0.422 | -0.3717 | -0.3261 | -0.233,Reduces churn risk | Reduces churn risk | Reduces churn risk | Reduces churn risk | Reduces churn risk,Maintain regular engagement; Offer technical support
7279-NMVJC,Female,0,No,No,17,Yes,No,No,No internet service,No internet service,No internet service,No internet service,No internet service,No internet service,One year,No,Bank transfer (automatic),19.9,323.15,No,0.12664191,0,Low,1.0,Low,Contract Month-to-month | PaymentMethod Bank transfer (automatic) | OnlineSecurity No | TotalCharges | Contract One year,-1.3231 | 0.4432 | -0.3403 | 0.3199 | -0.1794,Reduces churn risk | Increases churn risk | Reduces churn risk | Increases churn risk | Reduces churn risk,Maintain regular engagement
8591-TKMZH,Male,0,Yes,Yes,59,Yes,Yes,Fiber optic,Yes,Yes,No,Yes,Yes,Yes,Two year,Yes,Mailed check,111.1,6555.2,No,0.014933302,0,Low,0.0,Low,Contract Month-to-month | Contract Two year | OnlineSecurity No | tenure | Dependents No,-0.797 | -0.6395 | -0.4023 | -0.3848 | -0.3717,Reduces churn risk | Reduces churn risk | Reduces churn risk | Reduces churn risk | Reduces churn risk,Maintain regular engagement; Review pricing
9283-LZQOH,Male,0,Yes,Yes,13,Yes,Yes,Fiber optic,No,No,No,No,No,No,Month-to-month,Yes,Credit card (automatic),74.4,896.75,Yes,0.40653464,0,Medium,1.0,Medium,Contract Month-to-month | PaymentMethod Electronic check | PaymentMethod Credit card (automatic) | Dependents No | InternetService Fiber optic,0.5554 | -0.4261 | -0.3483 | -0.3074 | 0.2269,Increases churn risk | Reduces churn risk | Reduces churn risk | Reduces churn risk | Increases churn risk,Proactive retention communication; Offer long-term contract incentive; Promote online security; Offer technical support
3594-IVHJZ,Female,0,No,No,2,Yes,No,No,No internet service,No internet service,No internet service,No internet service,No internet service,No internet service,Month-to-month,Yes,Mailed check,20.45,42.45,No,0.08810584,0,Low,1.0,Low,OnlineSecurity No | MonthlyCharges | Contract Month-to-month | TechSupport No | InternetService Fiber optic,-0.6073 | -0.5728 | 0.5286 | -0.4519 | -0.2242,Reduces churn risk | Reduces churn risk | Increases churn risk | Reduces churn risk | Reduces churn risk,Maintain regular engagement; Offer long-term contract incentive; Provide new-customer support
1945-XISKS,Female,0,Yes,No,67,Yes,No,No,No internet service,No internet service,No internet service,No internet service,No internet service,No internet service,Two year,No,Mailed check,19.65,1335.2,No,0.00592902,0,Low,1.0,Low,Contract Month-to-month | Contract Two year | tenure | OnlineSecurity No | TechSupport No,-1.3542 | -0.7785 | -0.5895 | -0.3916 | -0.2219,Reduces churn risk | Reduces churn risk | Reduces churn risk | Reduces churn risk | Reduces churn risk,Maintain regular engagement
4359-INNWN,Female,0,No,No,17,Yes,No,No,No internet service,No internet service,No internet service,No internet service,No internet service,No internet service,One year,No,Credit card (automatic),20.05,337.9,No,0.013020808,0,Low,1.0,Low,Contract Month-to-month | MonthlyCharges | OnlineSecurity No | PaymentMethod Credit card (automatic) | TechSupport No,-1.2971 | -0.5586 | -0.366 | -0.2574 | -0.2221,Reduces churn risk | Reduces churn risk | Reduces churn risk | Reduces churn risk | Reduces churn risk,Maintain regular engagement
7649-SIJJF,Male,0,Yes,No,71,Yes,Yes,DSL,Yes,Yes,Yes,Yes,No,Yes,Two year,Yes,Mailed check,80.1,5585.4,No,0.0032028302,0,Low,0.0,Low,tenure | Contract Month-to-month | Contract Two year | OnlineSecurity No | TotalCharges,-1.2118 | -0.8946 | -0.7602 | -0.5001 | -0.3671,Reduces churn risk | Reduces churn risk | Reduces churn risk | Reduces churn risk | Reduces churn risk,Maintain regular engagement; Review pricing
9254-RBFON,Female,0,Yes,Yes,17,Yes,No,Fiber optic,No,No,Yes,Yes,Yes,Yes,One year,No,Bank transfer (automatic),98.6,1704.95,Yes,0.20407133,0,Low,1.0,Low,Contract Month-to-month | MonthlyCharges | TotalCharges | PaperlessBilling No | PaymentMethod Electronic check,-1.1356 | 0.5266 | -0.2524 | -0.2517 | -0.2164,Reduces churn risk | Increases churn risk | Reduces churn risk | Reduces churn risk | Reduces churn risk,Maintain regular engagement; Promote online security; Review pricing
0970-ETWGE,Male,0,No,No,1,Yes,No,Fiber optic,No,No,No,No,Yes,Yes,Month-to-month,Yes,Electronic check,89.55,89.55,Yes,0.9068545,1,High,1.0,Critical,tenure | Contract Month-to-month | OnlineSecurity No | MultipleLines No | TechSupport No,1.0392 | 0.672 | 0.2628 | -0.2467 | 0.1853,Increases churn risk | Increases churn risk | Increases churn risk | Reduces churn risk | Increases churn risk,Immediate personal outreach; Offer long-term contract incentive; Provide new-customer support; Promote online security; Offer technical support; Review pricing
7762-ONLJY,Female,0,Yes,Yes,6,Yes,No,No,No internet service,No internet service,No internet service,No internet service,No internet service,No internet service,One year,No,Mailed check,19.7,94.45,No,0.023675084,0,Low,1.0,Low,Contract Month-to-month | OnlineSecurity No | MonthlyCharges | TechSupport No | PaperlessBilling No,-1.314 | -0.4378 | -0.3729 | -0.2443 | -0.2038,Reduces churn risk | Reduces churn risk | Reduces churn risk | Reduces churn risk | Reduces churn risk,Maintain regular engagement; Provide new-customer support
6710-HSJRD,Male,0,Yes,No,61,Yes,Yes,Fiber optic,No,Yes,Yes,Yes,Yes,Yes,Month-to-month,Yes,Electronic check,114.1,7132.15,No,0.3053119,0,Low,0.0,Low,tenure | TechSupport No | Contract Month-to-month | TotalCharges | OnlineSecurity No,-1.0725 | -0.5903 | 0.3793 | -0.2939 | 0.2433,Reduces churn risk | Reduces churn risk | Increases churn risk | Reduces churn risk | Increases churn risk,Maintain regular engagement; Offer long-term contract incentive; Promote online security; Review pricing
8873-GLDMH,Female,0,No,No,6,Yes,Yes,Fiber optic,No,No,No,No,No,No,Month-to-month,Yes,Mailed check,73.85,401.3,No,0.8211147,1,High,1.0,Critical,Contract Month-to-month | tenure | PaymentMethod Electronic check | OnlineSecurity No | InternetService Fiber optic,0.6904 | 0.4042 | -0.2952 | 0.2712 | 0.2547,Increases churn risk | Increases churn risk | Reduces churn risk | Increases churn risk | Increases churn risk,Immediate personal outreach; Offer long-term contract incentive; Provide new-customer support; Promote online security; Offer technical support
9907-SWKKF,Female,1,No,No,1,No,No phone service,DSL,No,No,No,No,No,No,Month-to-month,No,Mailed check,25.05,25.05,Yes,0.82087696,1,High,1.0,Critical,tenure | SeniorCitizen | Contract Month-to-month | TotalCharges | MonthlyCharges,0.9394 | 0.7712 | 0.5828 | 0.326 | -0.289,Increases churn risk | Increases churn risk | Increases churn risk | Increases churn risk | Reduces churn risk,Immediate personal outreach; Offer long-term contract incentive; Provide new-customer support; Promote online security; Offer technical support
4658-HCOHW,Female,0,Yes,Yes,21,Yes,No,Fiber optic,No,Yes,Yes,Yes,Yes,Yes,Month-to-month,Yes,Electronic check,102.8,2110.15,Yes,0.51411796,1,Medium,1.0,Medium,Contract Month-to-month | TechSupport No | MultipleLines No | OnlineBackup No | MonthlyCharges,0.4713 | -0.4645 | -0.2529 | -0.2459 | 0.2207,Increases churn risk | Reduces churn risk | Reduces churn risk | Reduces churn risk | Increases churn risk,Proactive retention communication; Offer long-term contract incentive; Promote online security; Review pricing
9330-VOFSZ,Female,0,Yes,No,60,Yes,Yes,Fiber optic,No,Yes,Yes,Yes,Yes,Yes,Two year,Yes,Credit card (automatic),110.8,6640.7,No,0.03247041,0,Low,0.0,Low,Contract Month-to-month | tenure | Contract Two year | TechSupport No | PaymentMethod Electronic check,-1.0008 | -0.7847 | -0.6143 | -0.349 | -0.2876,Reduces churn risk | Reduces churn risk | Reduces churn risk | Reduces churn risk | Reduces churn risk,Maintain regular engagement; Promote online security; Review pricing
2860-RANUS,Female,1,No,No,20,Yes,Yes,Fiber optic,No,No,No,No,No,Yes,Month-to-month,Yes,Credit card (automatic),85.8,1727.5,Yes,0.70077527,1,High,1.0,Critical,Contract Month-to-month | PaymentMethod Electronic check | TotalCharges | OnlineSecurity No | InternetService Fiber optic,0.5968 | -0.3484 | -0.3114 | 0.2088 | 0.1937,Increases churn risk | Reduces churn risk | Reduces churn risk | Increases churn risk | Increases churn risk,Priority retention outreach; Offer long-term contract incentive; Promote online security; Offer technical support; Review pricing
6234-PFPXL,Male,0,Yes,No,22,Yes,Yes,Fiber optic,Yes,No,No,Yes,Yes,No,Month-to-month,No,Credit card (automatic),95.9,2234.95,No,0.26136738,0,Low,1.0,Low,TechSupport No | Contract Month-to-month | PaymentMethod Electronic check | PaperlessBilling No | OnlineSecurity No,-0.4162 | 0.4135 | -0.3786 | -0.2828 | -0.2509,Reduces churn risk | Increases churn risk | Reduces churn risk | Reduces churn risk | Reduces churn risk,Maintain regular engagement; Offer long-term contract incentive; Review pricing
7205-BAIAD,Female,0,No,No,40,Yes,No,No,No internet service,No internet service,No internet service,No internet service,No internet service,No internet service,Two year,Yes,Bank transfer (automatic),20.6,827.3,No,0.004466357,0,Low,1.0,Low,Contract Month-to-month | Contract Two year | MonthlyCharges | tenure | OnlineSecurity No,-1.2929 | -0.7586 | -0.65 | -0.5005 | -0.4314,Reduces churn risk | Reduces churn risk | Reduces churn risk | Reduces churn risk | Reduces churn risk,Maintain regular engagement
3858-VOBET,Male,0,No,No,23,Yes,Yes,Fiber optic,No,No,No,No,No,No,Month-to-month,Yes,Electronic check,74.95,1710.45,Yes,0.75180495,1,High,1.0,Critical,Contract Month-to-month | PaymentMethod Electronic check | TotalCharges | OnlineSecurity No | tenure,0.6529 | 0.336 | -0.2828 | 0.2254 | -0.1962,Increases churn risk | Increases churn risk | Reduces churn risk | Increases churn risk | Reduces churn risk,Priority retention outreach; Offer long-term contract incentive; Promote online security; Offer technical support
5103-MHMHY,Female,0,No,Yes,1,Yes,No,DSL,No,No,No,No,No,No,Month-to-month,No,Mailed check,45.95,45.95,Yes,0.6397303,1,Medium,1.0,Medium,tenure | Contract Month-to-month | TotalCharges | InternetService Fiber optic | PaymentMethod Electronic check,1.0295 | 0.6027 | 0.2631 | -0.2447 | -0.2392,Increases churn risk | Increases churn risk | Increases churn risk | Reduces churn risk | Reduces churn risk,Proactive retention communication; Offer long-term contract incentive; Provide new-customer support; Promote online security; Offer technical support
6119-SPUDB,Male,0,No,No,46,No,No phone service,DSL,Yes,No,Yes,Yes,No,No,Two year,No,Mailed check,38.25,1755.35,No,0.0066625914,0,Low,1.0,Low,Contract Month-to-month | Contract Two year | TotalCharges | OnlineSecurity No | MonthlyCharges,-1.0783 | -0.616 | -0.5756 | -0.4215 | -0.3901,Reduces churn risk | Reduces churn risk | Reduces churn risk | Reduces churn risk | Reduces churn risk,Maintain regular engagement
9389-ACWBI,Female,0,Yes,Yes,5,Yes,No,Fiber optic,No,No,No,No,No,No,Month-to-month,No,Credit card (automatic),69.95,320.4,No,0.43710178,0,Medium,1.0,Medium,Contract Month-to-month | PaperlessBilling No | PaymentMethod Electronic check | tenure | MonthlyCharges,0.5887 | -0.326 | -0.2812 | 0.25 | -0.2291,Increases churn risk | Reduces churn risk | Reduces churn risk | Increases churn risk | Reduces churn risk,Proactive retention communication; Offer long-term contract incentive; Provide new-customer support; Promote online security; Offer technical support
3454-JFUBC,Male,1,No,No,68,Yes,No,No,No internet service,No internet service,No internet service,No internet service,No internet service,No internet service,Two year,Yes,Credit card (automatic),20.0,1396.0,No,0.004247718,0,Low,1.0,Low,Contract Month-to-month | tenure | Contract Two year | TotalCharges | MonthlyCharges,-1.1441 | -0.7028 | -0.6612 | -0.4544 | -0.4507,Reduces churn risk | Reduces churn risk | Reduces churn risk | Reduces churn risk | Reduces churn risk,Maintain regular engagement
1768-ZAIFU,Female,1,No,No,1,No,No phone service,DSL,No,No,No,No,No,No,Month-to-month,Yes,Electronic check,25.2,25.2,Yes,0.90798074,1,High,1.0,Critical,tenure | Contract Month-to-month | SeniorCitizen | TotalCharges | InternetService Fiber optic,0.861 | 0.6748 | 0.5287 | 0.2737 | -0.2443,Increases churn risk | Increases churn risk | Increases churn risk | Increases churn risk | Reduces churn risk,Immediate personal outreach; Offer long-term contract incentive; Provide new-customer support; Promote online security; Offer technical support
7017-VFULY,Female,0,Yes,No,2,Yes,No,No,No internet service,No internet service,No internet service,No internet service,No internet service,No internet service,Month-to-month,No,Bank transfer (automatic),20.1,43.15,No,0.23378453,0,Low,1.0,Low,Contract Month-to-month | OnlineSecurity No | TotalCharges | TechSupport No | MonthlyCharges,0.5312 | -0.4726 | -0.338 | -0.2505 | 0.2502,Increases churn risk | Reduces churn risk | Reduces churn risk | Reduces churn risk | Increases churn risk,Maintain regular engagement; Offer long-term contract incentive; Provide new-customer support
9221-OTIVJ,Female,1,No,No,14,Yes,Yes,Fiber optic,No,Yes,Yes,No,Yes,Yes,Month-to-month,Yes,Electronic check,104.85,1531.4,Yes,0.86406523,1,High,1.0,Critical,Contract Month-to-month | MonthlyCharges | OnlineBackup No | InternetService Fiber optic | OnlineSecurity No,0.6058 | 0.3792 | -0.2179 | 0.2052 | 0.1669,Increases churn risk | Increases churn risk | Reduces churn risk | Increases churn risk | Increases churn risk,Immediate personal outreach; Offer long-term contract incentive; Promote online security; Offer technical support; Review pricing
2482-CZGBB,Male,0,No,No,10,Yes,No,Fiber optic,No,No,No,No,No,No,Month-to-month,Yes,Electronic check,70.0,740.0,Yes,0.78078145,1,High,1.0,Critical,Contract Month-to-month | PaymentMethod Electronic check | MonthlyCharges | OnlineSecurity No | InternetService Fiber optic,0.6502 | 0.2617 | -0.2172 | 0.2139 | 0.1723,Increases churn risk | Increases churn risk | Reduces churn risk | Increases churn risk | Increases churn risk,Priority retention outreach; Offer long-term contract incentive; Promote online security; Offer technical support
7018-WBJNK,Male,0,No,Yes,13,Yes,No,Fiber optic,No,No,No,No,Yes,No,Month-to-month,Yes,Credit card (automatic),78.3,1033.95,No,0.3899402,0,Low,1.0,Low,Contract Month-to-month | PaymentMethod Electronic check | PaymentMethod Credit card (automatic) | tenure | InternetService Fiber optic,0.5447 | -0.4207 | -0.3438 | -0.3027 | 0.1977,Increases churn risk | Reduces churn risk | Reduces churn risk | Reduces churn risk | Increases churn risk,Maintain regular engagement; Offer long-term contract incentive; Promote online security; Offer technical support
3331-HQDTW,Female,0,No,No,34,Yes,Yes,Fiber optic,Yes,Yes,Yes,No,Yes,Yes,Month-to-month,Yes,Mailed check,109.8,3587.25,Yes,0.23281361,0,Low,0.0,Low,tenure | OnlineSecurity No | Contract Month-to-month | TotalCharges | PaymentMethod Electronic check,-0.8508 | -0.6431 | 0.4104 | -0.3091 | -0.2924,Reduces churn risk | Reduces churn risk | Increases churn risk | Reduces churn risk | Reduces churn risk,Maintain regular engagement; Offer long-term contract incentive; Offer technical support; Review pricing
4695-VADHF,Male,0,Yes,Yes,18,Yes,No,DSL,No,No,Yes,No,No,Yes,Month-to-month,No,Electronic check,57.45,990.85,Yes,0.19686735,0,Low,1.0,Low,Contract Month-to-month | tenure | PaperlessBilling No | InternetService DSL | MultipleLines No,0.4216 | -0.2952 | -0.2679 | -0.2449 | -0.2282,Increases churn risk | Reduces churn risk | Reduces churn risk | Reduces churn risk | Reduces churn risk,Maintain regular engagement; Offer long-term contract incentive; Promote online security; Offer technical support
4086-WITJG,Male,0,Yes,Yes,71,Yes,No,No,No internet service,No internet service,No internet service,No internet service,No internet service,No internet service,Two year,No,Credit card (automatic),19.7,1301.1,No,0.0008854251,0,Low,1.0,Low,Contract Month-to-month | tenure | Contract Two year | MonthlyCharges | OnlineSecurity No,-1.1631 | -1.1565 | -0.7001 | -0.4385 | -0.4113,Reduces churn risk | Reduces churn risk | Reduces churn risk | Reduces churn risk | Reduces churn risk,Maintain regular engagement
6297-NOOPG,Female,0,Yes,No,70,Yes,Yes,Fiber optic,No,Yes,Yes,Yes,Yes,Yes,Two year,Yes,Electronic check,110.5,7752.05,No,0.13356614,0,Low,0.0,Low,Contract Month-to-month | Contract Two year | tenure | Contract One year | TechSupport No,-1.0759 | -0.6224 | -0.3233 | -0.3185 | -0.2972,Reduces churn risk | Reduces churn risk | Reduces churn risk | Reduces churn risk | Reduces churn risk,Maintain regular engagement; Promote online security; Review pricing
8777-PVYGU,Female,0,Yes,No,52,Yes,No,DSL,Yes,No,Yes,No,Yes,No,One year,Yes,Mailed check,64.3,3410.6,No,0.011617855,0,Low,0.0,Low,Contract Month-to-month | tenure | TotalCharges | MonthlyCharges | OnlineSecurity No,-1.0797 | -0.7043 | -0.4191 | -0.3652 | -0.3581,Reduces churn risk | Reduces churn risk | Reduces churn risk | Reduces churn risk | Reduces churn risk,Maintain regular engagement; Offer technical support
4378-MYPGO,Male,0,Yes,Yes,68,Yes,No,Fiber optic,Yes,Yes,Yes,No,Yes,Yes,Two year,Yes,Bank transfer (automatic),105.25,7173.15,No,0.051550366,0,Low,0.0,Low,Contract Month-to-month | Contract Two year | tenure | OnlineSecurity No | MonthlyCharges,-1.0472 | -0.5767 | -0.4818 | -0.4758 | 0.2807,Reduces churn risk | Reduces churn risk | Reduces churn risk | Reduces churn risk | Increases churn risk,Maintain regular engagement; Offer technical support; Review pricing
9313-CDOGY,Male,0,Yes,Yes,38,Yes,No,No,No internet service,No internet service,No internet service,No internet service,No internet service,No internet service,Month-to-month,No,Electronic check,19.6,717.3,No,0.05753453,0,Low,1.0,Low,tenure | TechSupport No | OnlineSecurity No | Contract Month-to-month | PaperlessBilling No,-0.4768 | -0.459 | -0.4483 | 0.4352 | -0.3488,Reduces churn risk | Reduces churn risk | Reduces churn risk | Increases churn risk | Reduces churn risk,Maintain regular engagement; Offer long-term contract incentive
4121-AGSIN,Female,0,Yes,Yes,58,Yes,Yes,No,No internet service,No internet service,No internet service,No internet service,No internet service,No internet service,One year,Yes,Credit card (automatic),24.5,1497.9,No,0.01844905,0,Low,1.0,Low,Contract Month-to-month | OnlineSecurity No | tenure | MonthlyCharges | TechSupport No,-1.1301 | -0.4373 | -0.4269 | -0.3201 | -0.2883,Reduces churn risk | Reduces churn risk | Reduces churn risk | Reduces churn risk | Reduces churn risk,Maintain regular engagement
0432-CAJZV,Male,0,No,No,3,Yes,No,Fiber optic,No,No,No,No,Yes,Yes,Month-to-month,No,Mailed check,90.7,237.65,No,0.46499756,0,Medium,1.0,Medium,Contract Month-to-month | PaperlessBilling No | OnlineSecurity No | PaymentMethod Electronic check | TotalCharges,0.546 | -0.2908 | 0.2718 | -0.2391 | -0.1974,Increases churn risk | Reduces churn risk | Increases churn risk | Reduces churn risk | Reduces churn risk,Proactive retention communication; Offer long-term contract incentive; Provide new-customer support; Promote online security; Offer technical support; Review pricing
9097-ZUBYC,Male,0,Yes,No,14,Yes,No,DSL,No,No,No,Yes,No,No,Month-to-month,No,Bank transfer (automatic),48.8,664.4,No,0.21061233,0,Low,1.0,Low,Contract Month-to-month | PaymentMethod Electronic check | TechSupport No | InternetService Fiber optic | InternetService DSL,0.396 | -0.283 | -0.2521 | -0.2058 | -0.1706,Increases churn risk | Reduces churn risk | Reduces churn risk | Reduces churn risk | Reduces churn risk,Maintain regular engagement; Offer long-term contract incentive; Promote online security
9638-JIQYA,Male,0,No,No,2,No,No phone service,DSL,No,No,No,No,No,No,Month-to-month,Yes,Credit card (automatic),24.9,49.7,No,0.59269994,1,Medium,1.0,Medium,Contract Month-to-month | tenure | PaymentMethod Electronic check | MonthlyCharges | PaymentMethod Credit card (automatic),0.5822 | 0.4672 | -0.391 | -0.3453 | -0.2665,Increases churn risk | Increases churn risk | Reduces churn risk | Reduces churn risk | Reduces churn risk,Proactive retention communication; Offer long-term contract incentive; Provide new-customer support; Promote online security; Offer technical support
1024-GUALD,Female,0,Yes,No,1,No,No phone service,DSL,No,No,No,No,No,No,Month-to-month,Yes,Electronic check,24.8,24.8,Yes,0.5918198,1,Medium,1.0,Medium,tenure | Contract Month-to-month | MonthlyCharges | InternetService Fiber optic | InternetService DSL,0.6778 | 0.6491 | -0.4606 | -0.2884 | -0.2377,Increases churn risk | Increases churn risk | Reduces churn risk | Reduces churn risk | Reduces churn risk,Proactive retention communication; Offer long-term contract incentive; Provide new-customer support; Promote online security; Offer technical support
8024-XNAFQ,Female,1,No,No,72,Yes,Yes,Fiber optic,Yes,Yes,Yes,Yes,No,Yes,Two year,Yes,Bank transfer (automatic),107.4,7748.75,No,0.005809901,0,Low,0.0,Low,tenure | Contract Month-to-month | Contract Two year | OnlineSecurity No | MonthlyCharges,-2.1573 | -0.9919 | -0.7008 | -0.4693 | 0.2541,Reduces churn risk | Reduces churn risk | Reduces churn risk | Reduces churn risk | Increases churn risk,Maintain regular engagement; Review pricing
7587-RZNME,Male,0,No,No,3,Yes,No,DSL,No,No,No,No,No,No,Month-to-month,Yes,Electronic check,43.3,123.65,Yes,0.7665035,1,High,1.0,Critical,Contract Month-to-month | tenure | OnlineSecurity No | PaymentMethod Electronic check | MultipleLines No,0.6297 | 0.2712 | 0.2147 | 0.2037 | -0.1756,Increases churn risk | Increases churn risk | Increases churn risk | Increases churn risk | Reduces churn risk,Priority retention outreach; Offer long-term contract incentive; Provide new-customer support; Promote online security; Offer technical support
1346-UFHAX,Female,0,No,No,13,Yes,Yes,Fiber optic,Yes,No,No,No,No,No,Month-to-month,Yes,Credit card (automatic),80.0,1029.35,No,0.4850903,0,Medium,1.0,Medium,OnlineSecurity No | Contract Month-to-month | PaymentMethod Electronic check | MonthlyCharges | InternetService Fiber optic,-0.5965 | 0.5888 | -0.3191 | -0.2976 | 0.2496,Reduces churn risk | Increases churn risk | Reduces churn risk | Reduces churn risk | Increases churn risk,Proactive retention communication; Offer long-term contract incentive; Offer technical support; Review pricing
6374-NTQLP,Male,1,Yes,Yes,72,Yes,No,Fiber optic,Yes,No,Yes,Yes,Yes,Yes,Two year,Yes,Credit card (automatic),104.1,7447.7,No,0.010514472,0,Low,0.0,Low,tenure | Contract Month-to-month | Contract Two year | OnlineSecurity No | MonthlyCharges,-1.5915 | -1.0833 | -0.7188 | -0.4012 | 0.3593,Reduces churn risk | Reduces churn risk | Reduces churn risk | Reduces churn risk | Increases churn risk,Maintain regular engagement; Review pricing
6625-FLENO,Male,0,Yes,No,58,Yes,No,No,No internet service,No internet service,No internet service,No internet service,No internet service,No internet service,Two year,No,Mailed check,20.75,1185.95,No,0.010730388,0,Low,1.0,Low,Contract Month-to-month | Contract Two year | MonthlyCharges | OnlineSecurity No | TechSupport No,-1.1184 | -0.7727 | -0.6004 | -0.3977 | -0.2652,Reduces churn risk | Reduces churn risk | Reduces churn risk | Reduces churn risk | Reduces churn risk,Maintain regular engagement
7375-WMVMT,Male,1,Yes,No,71,Yes,No,Fiber optic,No,Yes,Yes,Yes,No,Yes,Two year,Yes,Credit card (automatic),95.5,6707.15,No,0.0064026774,0,Low,0.0,Low,tenure | Contract Month-to-month | Contract Two year | TotalCharges | TechSupport No,-1.1571 | -0.8626 | -0.611 | -0.3675 | -0.3444,Reduces churn risk | Reduces churn risk | Reduces churn risk | Reduces churn risk | Reduces churn risk,Maintain regular engagement; Promote online security; Review pricing
6910-HADCM,Female,0,No,No,1,Yes,No,Fiber optic,No,No,Yes,No,No,No,Month-to-month,No,Electronic check,76.35,76.35,Yes,0.9154596,1,High,1.0,Critical,tenure | Contract Month-to-month | TotalCharges | PaperlessBilling No | OnlineSecurity No,1.2682 | 0.721 | 0.5628 | -0.3247 | 0.2847,Increases churn risk | Increases churn risk | Increases churn risk | Reduces churn risk | Increases churn risk,Immediate personal outreach; Offer long-term contract incentive; Provide new-customer support; Promote online security; Offer technical support
7401-JIXNM,Female,0,Yes,Yes,54,Yes,Yes,DSL,Yes,Yes,Yes,Yes,Yes,Yes,Two year,No,Credit card (automatic),91.3,4965.0,No,0.0071417177,0,Low,0.0,Low,Contract Month-to-month | Contract Two year | tenure | TotalCharges | MonthlyCharges,-1.0925 | -0.7516 | -0.3806 | -0.3466 | -0.3425,Reduces churn risk | Reduces churn risk | Reduces churn risk | Reduces churn risk | Reduces churn risk,Maintain regular engagement; Review pricing
7338-ERIVA,Male,0,No,Yes,39,No,No phone service,DSL,Yes,No,No,Yes,Yes,No,One year,No,Bank transfer (automatic),45.05,1790.6,No,0.0071827658,0,Low,1.0,Low,Contract Month-to-month | TotalCharges | MonthlyCharges | OnlineSecurity No | tenure,-1.0693 | -0.5596 | -0.4319 | -0.4074 | -0.4002,Reduces churn risk | Reduces churn risk | Reduces churn risk | Reduces churn risk | Reduces churn risk,Maintain regular engagement
5376-DEQCP,Female,0,No,No,1,Yes,No,Fiber optic,No,No,No,No,No,No,Month-to-month,Yes,Electronic check,70.6,70.6,Yes,0.85287553,1,High,1.0,Critical,tenure | Contract Month-to-month | MonthlyCharges | TotalCharges | OnlineSecurity No,0.9223 | 0.7484 | -0.2634 | -0.2524 | 0.2347,Increases churn risk | Increases churn risk | Reduces churn risk | Reduces churn risk | Increases churn risk,Immediate personal outreach; Offer long-term contract incentive; Provide new-customer support; Promote online security; Offer technical support
0909-SELIE,Male,0,Yes,No,61,Yes,Yes,DSL,Yes,Yes,Yes,Yes,No,Yes,Two year,Yes,Bank transfer (automatic),80.8,4860.85,No,0.0067617176,0,Low,0.0,Low,tenure | Contract Month-to-month | Contract Two year | MonthlyCharges | OnlineSecurity No,-0.9426 | -0.8701 | -0.7105 | -0.48 | -0.3972,Reduces churn risk | Reduces churn risk | Reduces churn risk | Reduces churn risk | Reduces churn risk,Maintain regular engagement; Review pricing
5419-KLXBN,Female,0,Yes,Yes,25,Yes,No,Fiber optic,No,Yes,Yes,No,Yes,No,Month-to-month,Yes,Bank transfer (automatic),89.15,2257.75,Yes,0.5028334,1,Medium,1.0,Medium,Contract Month-to-month | PaymentMethod Electronic check | MonthlyCharges | InternetService Fiber optic | TechSupport No,0.5777 | -0.3549 | -0.3176 | 0.2024 | 0.1743,Increases churn risk | Reduces churn risk | Reduces churn risk | Increases churn risk | Increases churn risk,Proactive retention communication; Offer long-term contract incentive; Promote online security; Offer technical support; Review pricing
0365-TRTPY,Female,0,No,No,37,Yes,Yes,Fiber optic,Yes,Yes,Yes,No,No,No,Month-to-month,No,Bank transfer (automatic),91.2,3382.3,No,0.13112426,0,Low,0.0,Low,tenure | TotalCharges | Contract Month-to-month | OnlineSecurity No | PaperlessBilling No,-0.5526 | -0.5067 | 0.4897 | -0.4143 | -0.3366,Reduces churn risk | Reduces churn risk | Increases churn risk | Reduces churn risk | Reduces churn risk,Maintain regular engagement; Offer long-term contract incentive; Offer technical support; Review pricing
6712-OAWRH,Female,1,No,No,26,Yes,No,Fiber optic,No,No,No,No,Yes,Yes,Month-to-month,Yes,Electronic check,91.25,2351.8,Yes,0.66421115,1,Medium,1.0,Medium,Contract Month-to-month | tenure | MultipleLines No | OnlineSecurity No | InternetService Fiber optic,0.5929 | -0.3904 | -0.2838 | 0.1713 | 0.1633,Increases churn risk | Reduces churn risk | Reduces churn risk | Increases churn risk | Increases churn risk,Proactive retention communication; Offer long-term contract incentive; Promote online security; Offer technical support; Review pricing
2428-ZMCTB,Male,0,No,No,10,Yes,No,No,No internet service,No internet service,No internet service,No internet service,No internet service,No internet service,Month-to-month,No,Credit card (automatic),19.75,208.25,No,0.06096576,0,Low,1.0,Low,PaymentMethod Credit card (automatic) | OnlineSecurity No | Contract Month-to-month | TechSupport No | PaymentMethod Electronic check,-0.4855 | -0.4458 | 0.4228 | -0.3295 | -0.234,Reduces churn risk | Reduces churn risk | Increases churn risk | Reduces churn risk | Reduces churn risk,Maintain regular engagement; Offer long-term contract incentive
1963-VAUKV,Female,0,No,No,1,Yes,No,No,No internet service,No internet service,No internet service,No internet service,No internet service,No internet service,Month-to-month,No,Mailed check,20.4,20.4,Yes,0.574577,1,Medium,1.0,Medium,tenure | Contract Month-to-month | MonthlyCharges | OnlineSecurity No | TechSupport No,1.0972 | 0.6191 | -0.4185 | -0.3354 | -0.2849,Increases churn risk | Increases churn risk | Reduces churn risk | Reduces churn risk | Reduces churn risk,Proactive retention communication; Offer long-term contract incentive; Provide new-customer support
9381-NDKME,Female,1,Yes,No,24,No,No phone service,DSL,No,No,Yes,No,No,Yes,Month-to-month,Yes,Credit card (automatic),40.65,933.3,Yes,0.36357942,0,Low,1.0,Low,Contract Month-to-month | PaymentMethod Electronic check | InternetService DSL | tenure | InternetService Fiber optic,0.4804 | -0.3902 | -0.2576 | -0.237 | -0.2341,Increases churn risk | Reduces churn risk | Reduces churn risk | Reduces churn risk | Reduces churn risk,Maintain regular engagement; Offer long-term contract incentive; Promote online security; Offer technical support
3729-OWRVL,Male,1,No,No,65,Yes,Yes,Fiber optic,Yes,No,Yes,Yes,Yes,Yes,Two year,Yes,Electronic check,110.35,7246.15,No,0.5165327,1,Medium,0.0,Medium,Contract Month-to-month | OnlineBackup No | OnlineSecurity No | MonthlyCharges | tenure,-0.5908 | 0.4813 | -0.4124 | 0.3434 | -0.3221,Reduces churn risk | Increases churn risk | Reduces churn risk | Increases churn risk | Reduces churn risk,Proactive retention communication; Review pricing
0895-LMRSF,Male,0,No,No,23,Yes,No,DSL,No,No,No,No,Yes,Yes,One year,Yes,Bank transfer (automatic),64.9,1509.8,No,0.16395941,0,Low,1.0,Low,Contract Month-to-month | MonthlyCharges | OnlineSecurity No | TotalCharges | tenure,-0.7568 | -0.4219 | 0.3778 | -0.2985 | -0.2377,Reduces churn risk | Reduces churn risk | Increases churn risk | Reduces churn risk | Reduces churn risk,Maintain regular engagement; Promote online security; Offer technical support
2676-SSLTO,Male,0,No,No,49,Yes,Yes,DSL,No,No,No,Yes,Yes,No,Two year,Yes,Bank transfer (automatic),66.15,3199.0,No,0.006316842,0,Low,0.0,Low,Contract Month-to-month | Contract Two year | MonthlyCharges | tenure | TotalCharges,-1.085 | -0.6788 | -0.5899 | -0.4893 | -0.3859,Reduces churn risk | Reduces churn risk | Reduces churn risk | Reduces churn risk | Reduces churn risk,Maintain regular engagement; Promote online security
8495-PRWFH,Female,1,No,No,42,Yes,Yes,DSL,No,No,Yes,No,No,No,Month-to-month,No,Electronic check,55.65,2421.75,No,0.25342494,0,Low,1.0,Low,Contract Month-to-month | tenure | InternetService Fiber optic | PaperlessBilling No | InternetService DSL,0.4995 | -0.4805 | -0.2467 | -0.2333 | -0.1671,Increases churn risk | Reduces churn risk | Reduces churn risk | Reduces churn risk | Reduces churn risk,Maintain regular engagement; Offer long-term contract incentive; Promote online security; Offer technical support
9030-QGZNL,Female,0,No,No,8,Yes,No,No,No internet service,No internet service,No internet service,No internet service,No internet service,No internet service,Two year,No,Mailed check,20.85,161.65,No,0.011022939,0,Low,1.0,Low,Contract Month-to-month | Contract Two year | OnlineSecurity No | MonthlyCharges | TechSupport No,-1.402 | -0.8892 | -0.3923 | -0.3257 | -0.2335,Reduces churn risk | Reduces churn risk | Reduces churn risk | Reduces churn risk | Reduces churn risk,Maintain regular engagement
9972-NKTFD,Female,0,No,No,28,Yes,No,DSL,No,Yes,No,Yes,No,No,Month-to-month,No,Bank transfer (automatic),54.65,1517.5,No,0.05410801,0,Low,1.0,Low,tenure | Contract Month-to-month | TotalCharges | MonthlyCharges | TechSupport No,-0.6107 | 0.3804 | -0.3316 | -0.3088 | -0.2849,Reduces churn risk | Increases churn risk | Reduces churn risk | Reduces churn risk | Reduces churn risk,Maintain regular engagement; Offer long-term contract incentive; Promote online security
7998-WNZEM,Male,0,No,No,71,Yes,Yes,DSL,Yes,Yes,Yes,Yes,No,Yes,Two year,No,Bank transfer (automatic),80.6,5708.2,No,0.0023843811,0,Low,0.0,Low,tenure | Contract Month-to-month | Contract Two year | MonthlyCharges | OnlineSecurity No,-1.1573 | -0.8853 | -0.6882 | -0.4389 | -0.4258,Reduces churn risk | Reduces churn risk | Reduces churn risk | Reduces churn risk | Reduces churn risk,Maintain regular engagement; Review pricing
0979-PHULV,Male,0,Yes,Yes,69,Yes,Yes,Fiber optic,No,No,Yes,No,Yes,Yes,Month-to-month,Yes,Credit card (automatic),99.45,7007.6,Yes,0.618363,1,Medium,0.0,Medium,tenure | MonthlyCharges | Contract Month-to-month | PaymentMethod Electronic check | TotalCharges,-0.8052 | 0.5362 | 0.528 | -0.3352 | -0.3325,Reduces churn risk | Increases churn risk | Increases churn risk | Reduces churn risk | Reduces churn risk,Proactive retention communication; Offer long-term contract incentive; Promote online security; Offer technical support; Review pricing
6445-TNRXS,Male,0,Yes,Yes,68,Yes,Yes,Fiber optic,Yes,Yes,Yes,Yes,Yes,Yes,Two year,Yes,Bank transfer (automatic),114.7,7849.85,No,0.12620327,0,Low,0.0,Low,Contract Month-to-month | OnlineSecurity No | Contract Two year | TotalCharges | PaymentMethod Bank transfer (automatic),-0.8836 | -0.5063 | -0.423 | 0.2962 | 0.2596,Reduces churn risk | Reduces churn risk | Reduces churn risk | Increases churn risk | Increases churn risk,Maintain regular engagement; Review pricing
9586-JGQKH,Female,0,Yes,No,64,Yes,Yes,Fiber optic,No,Yes,No,Yes,Yes,Yes,Two year,Yes,Bank transfer (automatic),105.4,6794.75,No,0.020002503,0,Low,0.0,Low,Contract Month-to-month | tenure | Contract Two year | TechSupport No | PaymentMethod Electronic check,-1.0514 | -0.8473 | -0.7147 | -0.4196 | -0.2723,Reduces churn risk | Reduces churn risk | Reduces churn risk | Reduces churn risk | Reduces churn risk,Maintain regular engagement; Promote online security; Review pricing
3966-HRMZA,Female,1,No,No,3,Yes,No,Fiber optic,No,No,Yes,No,No,No,Month-to-month,No,Mailed check,75.05,202.9,No,0.46134365,0,Medium,1.0,Medium,Contract Month-to-month | MonthlyCharges | PaperlessBilling No | tenure | PaymentMethod Electronic check,0.6067 | -0.3458 | -0.326 | 0.2548 | -0.2308,Increases churn risk | Reduces churn risk | Reduces churn risk | Increases churn risk | Reduces churn risk,Proactive retention communication; Offer long-term contract incentive; Provide new-customer support; Promote online security; Offer technical support
5498-IBWPI,Female,0,Yes,Yes,66,Yes,No,DSL,No,No,No,Yes,No,No,One year,Yes,Credit card (automatic),49.4,3251.85,No,0.027510185,0,Low,0.0,Low,Contract Month-to-month | tenure | MonthlyCharges | StreamingMovies Yes | PaymentMethod Electronic check,-0.8366 | -0.7766 | -0.478 | -0.3087 | -0.2867,Reduces churn risk | Reduces churn risk | Reduces churn risk | Reduces churn risk | Reduces churn risk,Maintain regular engagement; Promote online security
6823-SIDFQ,Male,0,No,No,28,Yes,No,No,No internet service,No internet service,No internet service,No internet service,No internet service,No internet service,One year,No,Credit card (automatic),18.25,534.7,No,0.0016912998,0,Low,1.0,Low,MonthlyCharges | Contract Month-to-month | tenure | OnlineSecurity No | TechSupport No,-1.4229 | -1.1236 | -0.4879 | -0.4274 | -0.3008,Reduces churn risk | Reduces churn risk | Reduces churn risk | Reduces churn risk | Reduces churn risk,Maintain regular engagement
2323-ARSVR,Male,0,Yes,No,67,Yes,No,Fiber optic,Yes,Yes,Yes,Yes,Yes,Yes,Two year,Yes,Electronic check,111.05,7321.05,No,0.029859627,0,Low,0.0,Low,Contract Month-to-month | Contract Two year | OnlineSecurity No | tenure | Contract One year,-0.898 | -0.6949 | -0.4195 | -0.3471 | -0.2785,Reduces churn risk | Reduces churn risk | Reduces churn risk | Reduces churn risk | Reduces churn risk,Maintain regular engagement; Review pricing
5468-BPMMO,Male,0,Yes,No,46,Yes,No,No,No internet service,No internet service,No internet service,No internet service,No internet service,No internet service,Month-to-month,No,Electronic check,19.6,851.2,No,0.09954994,0,Low,1.0,Low,tenure | Contract Month-to-month | OnlineSecurity No | TechSupport No | PaperlessBilling No,-0.5818 | 0.4379 | -0.4364 | -0.4265 | -0.2433,Reduces churn risk | Increases churn risk | Reduces churn risk | Reduces churn risk | Reduces churn risk,Maintain regular engagement; Offer long-term contract incentive
0486-HECZI,Male,0,Yes,No,55,Yes,Yes,Fiber optic,Yes,Yes,No,No,Yes,No,Month-to-month,Yes,Electronic check,96.75,5238.9,Yes,0.42196968,0,Medium,0.0,Medium,tenure | OnlineSecurity No | Contract Month-to-month | PaymentMethod Electronic check | OnlineBackup No,-0.73 | -0.7236 | 0.4299 | 0.2634 | -0.2343,Reduces churn risk | Reduces churn risk | Increases churn risk | Increases churn risk | Reduces churn risk,Proactive retention communication; Offer long-term contract incentive; Offer technical support; Review pricing
2178-PMGCJ,Male,0,No,No,22,Yes,No,Fiber optic,No,No,No,No,No,No,Month-to-month,Yes,Mailed check,69.7,1490.4,No,0.36007616,0,Low,1.0,Low,Contract Month-to-month | PaymentMethod Electronic check | PaymentMethod Mailed check | tenure | OnlineSecurity No,0.5144 | -0.4803 | -0.2746 | -0.2378 | 0.1993,Increases churn risk | Reduces churn risk | Reduces churn risk | Reduces churn risk | Increases churn risk,Maintain regular engagement; Offer long-term contract incentive; Promote online security; Offer technical support
4660-IRIBM,Male,0,Yes,Yes,18,Yes,No,Fiber optic,Yes,No,Yes,No,Yes,No,Month-to-month,Yes,Mailed check,87.9,1500.5,No,0.44302848,0,Medium,1.0,Medium,Contract Month-to-month | OnlineSecurity No | PaymentMethod Electronic check | InternetService Fiber optic | TechSupport No,0.513 | -0.4812 | -0.4101 | 0.2362 | 0.177,Increases churn risk | Reduces churn risk | Reduces churn risk | Increases churn risk | Increases churn risk,Proactive retention communication; Offer long-term contract incentive; Offer technical support; Review pricing
9674-EHPPG,Male,0,Yes,No,46,No,No phone service,DSL,Yes,No,Yes,Yes,No,No,Two year,No,Credit card (automatic),40.4,1842.7,No,0.019933498,0,Low,1.0,Low,Contract Month-to-month | Contract Two year | TotalCharges | MonthlyCharges | OnlineSecurity No,-1.0675 | -0.6785 | -0.5851 | -0.2726 | -0.2711,Reduces churn risk | Reduces churn risk | Reduces churn risk | Reduces churn risk | Reduces churn risk,Maintain regular engagement
5606-AMZBO,Female,0,Yes,No,10,Yes,Yes,Fiber optic,Yes,No,No,No,No,No,Month-to-month,Yes,Credit card (automatic),78.15,765.15,No,0.70337903,1,High,1.0,Critical,Contract Month-to-month | OnlineSecurity No | PaymentMethod Electronic check | InternetService Fiber optic | tenure,0.6028 | -0.5461 | -0.3285 | 0.3103 | 0.1836,Increases churn risk | Reduces churn risk | Reduces churn risk | Increases churn risk | Increases churn risk,Priority retention outreach; Offer long-term contract incentive; Offer technical support
0665-XHDJU,Male,0,Yes,No,72,Yes,Yes,Fiber optic,No,Yes,No,No,Yes,Yes,Two year,Yes,Electronic check,99.4,7285.7,No,0.1075513,0,Low,0.0,Low,Contract Month-to-month | tenure | Contract Two year | OnlineSecurity No | TotalCharges,-1.478 | -1.2639 | -0.6075 | 0.4032 | -0.2918,Reduces churn risk | Reduces churn risk | Reduces churn risk | Increases churn risk | Reduces churn risk,Maintain regular engagement; Promote online security; Offer technical support; Review pricing
5402-HTOTQ,Male,0,No,No,16,Yes,Yes,DSL,No,Yes,No,No,No,No,Month-to-month,No,Electronic check,55.3,875.35,No,0.31177035,0,Low,1.0,Low,Contract Month-to-month | PaperlessBilling No | OnlineBackup No | PaperlessBilling Yes | InternetService DSL,0.4694 | -0.4155 | -0.3791 | -0.2038 | -0.1987,Increases churn risk | Reduces churn risk | Reduces churn risk | Reduces churn risk | Reduces churn risk,Maintain regular engagement; Offer long-term contract incentive; Promote online security; Offer technical support
8258-GSTJK,Male,1,No,No,3,Yes,Yes,Fiber optic,No,No,No,No,No,No,Month-to-month,Yes,Electronic check,77.0,237.75,Yes,0.9154381,1,High,1.0,Critical,Contract Month-to-month | tenure | OnlineSecurity No | PaymentMethod Electronic check | MultipleLines No,0.7137 | 0.365 | 0.2774 | 0.1997 | 0.1803,Increases churn risk | Increases churn risk | Increases churn risk | Increases churn risk | Increases churn risk,Immediate personal outreach; Offer long-term contract incentive; Provide new-customer support; Promote online security; Offer technical support
3787-TRIAL,Male,0,Yes,Yes,21,No,No phone service,DSL,No,No,No,No,No,No,Month-to-month,Yes,Electronic check,26.05,565.75,No,0.35510728,0,Low,1.0,Low,Contract Month-to-month | Dependents No | MonthlyCharges | PaymentMethod Electronic check | InternetService Fiber optic,0.5014 | -0.4097 | -0.3095 | 0.2884 | -0.2721,Increases churn risk | Reduces churn risk | Reduces churn risk | Increases churn risk | Reduces churn risk,Maintain regular engagement; Offer long-term contract incentive; Promote online security; Offer technical support
6175-IRFIT,Male,0,No,No,5,Yes,No,Fiber optic,No,No,No,No,No,Yes,Month-to-month,No,Mailed check,78.75,426.35,No,0.6010637,1,Medium,1.0,Medium,Contract Month-to-month | tenure | PaymentMethod Electronic check | OnlineSecurity No | PaperlessBilling No,0.572 | 0.4883 | -0.2951 | 0.2888 | -0.2695,Increases churn risk | Increases churn risk | Reduces churn risk | Increases churn risk | Reduces churn risk,Proactive retention communication; Offer long-term contract incentive; Provide new-customer support; Promote online security; Offer technical support
6317-YPKDH,Female,0,No,No,1,No,No phone service,DSL,No,Yes,No,No,No,No,Month-to-month,No,Bank transfer (automatic),29.95,29.95,Yes,0.3196937,0,Low,1.0,Low,tenure | Contract Month-to-month | PaperlessBilling No | InternetService Fiber optic | OnlineBackup No,0.6463 | 0.5561 | -0.2725 | -0.2642 | -0.2461,Increases churn risk | Increases churn risk | Reduces churn risk | Reduces churn risk | Reduces churn risk,Maintain regular engagement; Offer long-term contract incentive; Provide new-customer support; Promote online security; Offer technical support
5692-FPTAH,Female,0,No,No,1,Yes,No,DSL,No,No,No,No,No,No,Month-to-month,Yes,Mailed check,45.4,45.4,Yes,0.6401477,1,Medium,1.0,Medium,tenure | Contract Month-to-month | PaymentMethod Electronic check | InternetService Fiber optic | InternetService DSL,0.9612 | 0.6394 | -0.3733 | -0.2483 | -0.222,Increases churn risk | Increases churn risk | Reduces churn risk | Reduces churn risk | Reduces churn risk,Proactive retention communication; Offer long-term contract incentive; Provide new-customer support; Promote online security; Offer technical support
5373-SFODM,Male,1,Yes,No,36,Yes,Yes,Fiber optic,No,No,No,No,No,Yes,Month-to-month,Yes,Credit card (automatic),85.25,3132.75,Yes,0.6292563,1,Medium,0.0,Medium,Contract Month-to-month | tenure | PaymentMethod Electronic check | OnlineSecurity No | InternetService Fiber optic,0.5209 | -0.4772 | -0.4481 | 0.2076 | 0.2028,Increases churn risk | Reduces churn risk | Reduces churn risk | Increases churn risk | Increases churn risk,Proactive retention communication; Offer long-term contract incentive; Promote online security; Offer technical support; Review pricing
0868-VJRDR,Male,0,Yes,No,64,Yes,No,Fiber optic,Yes,Yes,No,Yes,Yes,Yes,Two year,Yes,Credit card (automatic),104.05,6605.55,No,0.025596753,0,Low,0.0,Low,Contract Month-to-month | Contract Two year | tenure | TotalCharges | OnlineSecurity No,-0.7808 | -0.78 | -0.6377 | -0.3325 | -0.3293,Reduces churn risk | Reduces churn risk | Reduces churn risk | Reduces churn risk | Reduces churn risk,Maintain regular engagement; Review pricing
4079-VTGLK,Male,1,Yes,No,30,Yes,Yes,DSL,No,No,Yes,No,Yes,Yes,Two year,No,Electronic check,74.85,2181.75,No,0.030695077,0,Low,1.0,Low,Contract Month-to-month | tenure | Contract Two year | TotalCharges | MonthlyCharges,-1.2331 | -0.6424 | -0.6179 | -0.429 | -0.3903,Reduces churn risk | Reduces churn risk | Reduces churn risk | Reduces churn risk | Reduces churn risk,Maintain regular engagement; Promote online security; Offer technical support
1166-PQLGG,Female,0,Yes,Yes,72,Yes,No,No,No internet service,No internet service,No internet service,No internet service,No internet service,No internet service,Two year,No,Bank transfer (automatic),19.55,1463.45,No,0.0017503508,0,Low,1.0,Low,tenure | Contract Month-to-month | Contract Two year | OnlineSecurity No | TotalCharges,-1.6521 | -1.3993 | -0.8565 | -0.421 | -0.3055,Reduces churn risk | Reduces churn risk | Reduces churn risk | Reduces churn risk | Reduces churn risk,Maintain regular engagement
5296-BFCYD,Male,0,Yes,Yes,46,Yes,No,No,No internet service,No internet service,No internet service,No internet service,No internet service,No internet service,Two year,Yes,Mailed check,20.1,936.85,No,0.0073149903,0,Low,1.0,Low,Contract Month-to-month | Contract Two year | tenure | OnlineSecurity No | TechSupport No,-1.2064 | -0.8477 | -0.5243 | -0.4415 | -0.3329,Reduces churn risk | Reduces churn risk | Reduces churn risk | Reduces churn risk | Reduces churn risk,Maintain regular engagement
6568-POCUI,Female,0,Yes,No,45,Yes,No,Fiber optic,No,No,No,Yes,Yes,Yes,Two year,Yes,Credit card (automatic),95.2,4285.8,No,0.018036835,0,Low,0.0,Low,Contract Month-to-month | Contract Two year | tenure | TechSupport No | TotalCharges,-1.0482 | -0.7913 | -0.4649 | -0.4001 | -0.3264,Reduces churn risk | Reduces churn risk | Reduces churn risk | Reduces churn risk | Reduces churn risk,Maintain regular engagement; Promote online security; Review pricing
2839-RFSQE,Female,0,No,No,2,Yes,No,No,No internet service,No internet service,No internet service,No internet service,No internet service,No internet service,Month-to-month,No,Mailed check,20.65,38.7,Yes,0.1465646,0,Low,1.0,Low,OnlineSecurity No | Contract Month-to-month | MonthlyCharges | TechSupport No | InternetService Fiber optic,-0.5497 | 0.5152 | -0.3383 | -0.3119 | -0.1999,Reduces churn risk | Increases churn risk | Reduces churn risk | Reduces churn risk | Reduces churn risk,Maintain regular engagement; Offer long-term contract incentive; Provide new-customer support
2188-SXWVT,Female,0,No,No,34,Yes,No,DSL,Yes,Yes,No,No,No,No,One year,No,Mailed check,55.0,1885.15,No,0.018726699,0,Low,1.0,Low,Contract Month-to-month | tenure | OnlineSecurity No | StreamingMovies Yes | PaymentMethod Mailed check,-1.0976 | -0.5175 | -0.4487 | -0.3313 | -0.1837,Reduces churn risk | Reduces churn risk | Reduces churn risk | Reduces churn risk | Reduces churn risk,Maintain regular engagement; Offer technical support
8849-GYOKR,Female,0,Yes,No,54,Yes,Yes,Fiber optic,Yes,Yes,No,No,Yes,Yes,One year,No,Bank transfer (automatic),106.55,5763.3,Yes,0.21597037,0,Low,0.0,Low,Contract Month-to-month | PaperlessBilling No | OnlineSecurity No | PaymentMethod Electronic check | MonthlyCharges,-0.631 | -0.3029 | -0.2901 | -0.2505 | 0.2064,Reduces churn risk | Reduces churn risk | Reduces churn risk | Reduces churn risk | Increases churn risk,Maintain regular engagement; Offer technical support; Review pricing
3623-FQBOX,Male,0,No,No,21,Yes,No,No,No internet service,No internet service,No internet service,No internet service,No internet service,No internet service,Month-to-month,Yes,Mailed check,19.95,416.4,No,0.0852888,0,Low,1.0,Low,OnlineSecurity No | TechSupport No | tenure | Contract Month-to-month | PaymentMethod Electronic check,-0.5962 | -0.466 | -0.4375 | 0.4282 | -0.2943,Reduces churn risk | Reduces churn risk | Reduces churn risk | Increases churn risk | Reduces churn risk,Maintain regular engagement; Offer long-term contract incentive
2649-HWLYB,Male,0,Yes,No,65,Yes,Yes,DSL,Yes,No,Yes,Yes,No,Yes,Two year,No,Bank transfer (automatic),76.15,4929.55,No,0.075486444,0,Low,0.0,Low,Contract Month-to-month | MonthlyCharges | Contract Two year | OnlineSecurity No | OnlineBackup No,-0.8525 | -0.3183 | -0.2961 | -0.2707 | 0.2255,Reduces churn risk | Reduces churn risk | Reduces churn risk | Reduces churn risk | Increases churn risk,Maintain regular engagement
0599-XNYDO,Female,0,Yes,No,20,Yes,No,Fiber optic,No,No,No,No,No,No,Month-to-month,Yes,Bank transfer (automatic),69.8,1540.35,No,0.53643876,1,Medium,1.0,Medium,Contract Month-to-month | PaymentMethod Electronic check | InternetService Fiber optic | TotalCharges | TechSupport No,0.6008 | -0.3949 | 0.2241 | -0.1946 | 0.1666,Increases churn risk | Reduces churn risk | Increases churn risk | Reduces churn risk | Increases churn risk,Proactive retention communication; Offer long-term contract incentive; Promote online security; Offer technical support
2514-GINMM,Male,0,No,No,1,Yes,No,Fiber optic,No,No,No,No,Yes,No,Month-to-month,Yes,Electronic check,79.5,79.5,Yes,0.96446735,1,High,1.0,Critical,tenure | Contract Month-to-month | TotalCharges | OnlineSecurity No | MonthlyCharges,0.9841 | 0.718 | 0.4012 | 0.2469 | 0.241,Increases churn risk | Increases churn risk | Increases churn risk | Increases churn risk | Increases churn risk,Immediate personal outreach; Offer long-term contract incentive; Provide new-customer support; Promote online security; Offer technical support
8401-EMUWF,Male,0,Yes,Yes,42,Yes,Yes,DSL,Yes,Yes,No,No,Yes,No,Month-to-month,Yes,Bank transfer (automatic),69.4,3058.3,No,0.03787021,0,Low,0.0,Low,MonthlyCharges | tenure | OnlineSecurity No | Contract Month-to-month | PaymentMethod Electronic check,-0.5436 | -0.5342 | -0.4389 | 0.3702 | -0.3686,Reduces churn risk | Reduces churn risk | Reduces churn risk | Increases churn risk | Reduces churn risk,Maintain regular engagement; Offer long-term contract incentive; Offer technical support
5766-ZJYBB,Male,0,No,No,1,Yes,No,No,No internet service,No internet service,No internet service,No internet service,No internet service,No internet service,Month-to-month,No,Mailed check,19.4,19.4,Yes,0.43830952,0,Medium,1.0,Medium,tenure | Contract Month-to-month | MonthlyCharges | OnlineSecurity No | TechSupport No,0.9673 | 0.5865 | -0.4044 | -0.373 | -0.3269,Increases churn risk | Increases churn risk | Reduces churn risk | Reduces churn risk | Reduces churn risk,Proactive retention communication; Offer long-term contract incentive; Provide new-customer support
2604-IJPDU,Female,0,Yes,No,20,Yes,No,Fiber optic,Yes,Yes,No,Yes,Yes,No,Month-to-month,Yes,Electronic check,96.55,1901.65,No,0.5980543,1,Medium,1.0,Medium,Contract Month-to-month | OnlineSecurity No | TechSupport No | PaymentMethod Electronic check | InternetService Fiber optic,0.4926 | -0.3409 | -0.3378 | 0.2603 | 0.2184,Increases churn risk | Reduces churn risk | Reduces churn risk | Increases churn risk | Increases churn risk,Proactive retention communication; Offer long-term contract incentive; Review pricing
2501-XWWTZ,Male,0,No,No,11,Yes,No,Fiber optic,No,No,No,No,No,No,Month-to-month,No,Electronic check,70.2,760.05,No,0.4054731,0,Medium,1.0,Medium,Contract Month-to-month | PaperlessBilling No | tenure | MonthlyCharges | PaperlessBilling Yes,0.5653 | -0.4458 | -0.3376 | -0.2569 | -0.2233,Increases churn risk | Reduces churn risk | Reduces churn risk | Reduces churn risk | Reduces churn risk,Proactive retention communication; Offer long-term contract incentive; Promote online security; Offer technical support
6370-ZVHDV,Female,0,Yes,No,61,Yes,Yes,No,No internet service,No internet service,No internet service,No internet service,No internet service,No internet service,Two year,No,Bank transfer (automatic),25.3,1554.9,No,0.0036826862,0,Low,1.0,Low,Contract Month-to-month | tenure | Contract Two year | TotalCharges | OnlineSecurity No,-1.1965 | -0.8359 | -0.7814 | -0.4912 | -0.3899,Reduces churn risk | Reduces churn risk | Reduces churn risk | Reduces churn risk | Reduces churn risk,Maintain regular engagement
3027-YNWZU,Female,0,Yes,No,64,Yes,Yes,No,No internet service,No internet service,No internet service,No internet service,No internet service,No internet service,Two year,No,Credit card (automatic),25.0,1584.8,No,0.009537546,0,Low,1.0,Low,Contract Month-to-month | Contract Two year | tenure | TotalCharges | OnlineSecurity No,-1.1707 | -0.6667 | -0.6198 | -0.4387 | -0.3586,Reduces churn risk | Reduces churn risk | Reduces churn risk | Reduces churn risk | Reduces churn risk,Maintain regular engagement
4526-ZJJTM,Female,1,Yes,No,25,Yes,No,Fiber optic,No,Yes,Yes,No,No,Yes,Month-to-month,No,Bank transfer (automatic),88.4,2191.15,No,0.35429147,0,Low,1.0,Low,Contract Month-to-month | PaperlessBilling No | tenure | PaymentMethod Electronic check | MultipleLines No,0.5191 | -0.3041 | -0.2816 | -0.2405 | -0.1845,Increases churn risk | Reduces churn risk | Reduces churn risk | Reduces churn risk | Reduces churn risk,Maintain regular engagement; Offer long-term contract incentive; Promote online security; Offer technical support; Review pricing
0440-QEXBZ,Female,0,No,No,44,Yes,Yes,DSL,No,No,No,No,No,No,Month-to-month,Yes,Mailed check,50.15,2139.1,No,0.049009003,0,Low,1.0,Low,tenure | MonthlyCharges | PaymentMethod Electronic check | Contract Month-to-month | TotalCharges,-0.8681 | -0.4925 | -0.4606 | 0.4113 | -0.3555,Reduces churn risk | Reduces churn risk | Reduces churn risk | Increases churn risk | Reduces churn risk,Maintain regular engagement; Offer long-term contract incentive; Promote online security; Offer technical support
0330-IVZHA,Female,0,Yes,No,5,Yes,No,Fiber optic,No,No,No,No,No,No,Month-to-month,No,Electronic check,69.95,330.15,Yes,0.6324827,1,Medium,1.0,Medium,Contract Month-to-month | PaperlessBilling No | tenure | OnlineSecurity No | MonthlyCharges,0.6464 | -0.3261 | 0.2682 | 0.2026 | -0.1627,Increases churn risk | Reduces churn risk | Increases churn risk | Increases churn risk | Reduces churn risk,Proactive retention communication; Offer long-term contract incentive; Provide new-customer support; Promote online security; Offer technical support
9758-MFWGD,Female,1,Yes,Yes,48,No,No phone service,DSL,No,Yes,No,No,No,No,One year,No,Bank transfer (automatic),29.9,1388.75,No,0.21396007,0,Low,1.0,Low,Contract Month-to-month | StreamingMovies Yes | OnlineSecurity No | SeniorCitizen | tenure,-1.0185 | -0.3011 | 0.2392 | 0.1964 | -0.176,Reduces churn risk | Reduces churn risk | Increases churn risk | Increases churn risk | Reduces churn risk,Maintain regular engagement; Promote online security; Offer technical support
4229-CZMLL,Male,0,No,No,6,Yes,Yes,Fiber optic,No,No,No,No,No,No,Month-to-month,Yes,Electronic check,74.9,469.8,Yes,0.8644339,1,High,1.0,Critical,Contract Month-to-month | OnlineSecurity No | PaymentMethod Electronic check | InternetService Fiber optic | tenure,0.7041 | 0.2704 | 0.1983 | 0.1887 | 0.1712,Increases churn risk | Increases churn risk | Increases churn risk | Increases churn risk | Increases churn risk,Immediate personal outreach; Offer long-term contract incentive; Provide new-customer support; Promote online security; Offer technical support
0742-MOABM,Male,0,Yes,No,4,Yes,No,DSL,No,No,No,Yes,No,No,Month-to-month,No,Mailed check,50.05,179.35,Yes,0.26686645,0,Low,1.0,Low,Contract Month-to-month | TechSupport No | MonthlyCharges | tenure | PaymentMethod Electronic check,0.4667 | -0.4545 | -0.2644 | 0.215 | -0.2136,Increases churn risk | Reduces churn risk | Reduces churn risk | Increases churn risk | Reduces churn risk,Maintain regular engagement; Offer long-term contract incentive; Provide new-customer support; Promote online security
4277-BWBML,Male,0,Yes,Yes,72,Yes,No,No,No internet service,No internet service,No internet service,No internet service,No internet service,No internet service,Two year,No,Bank transfer (automatic),19.95,1322.85,No,0.0019794332,0,Low,1.0,Low,tenure | Contract Month-to-month | Contract Two year | TotalCharges | OnlineSecurity No,-1.6538 | -1.1579 | -0.8017 | -0.4354 | -0.4256,Reduces churn risk | Reduces churn risk | Reduces churn risk | Reduces churn risk | Reduces churn risk,Maintain regular engagement
5136-GFPMB,Male,0,No,No,54,Yes,Yes,Fiber optic,No,No,Yes,No,No,Yes,Month-to-month,No,Credit card (automatic),89.4,4869.5,No,0.2828039,0,Low,0.0,Low,tenure | Contract Month-to-month | PaymentMethod Electronic check | MonthlyCharges | TotalCharges,-0.7067 | 0.4715 | -0.3783 | -0.2265 | -0.2035,Reduces churn risk | Increases churn risk | Reduces churn risk | Reduces churn risk | Reduces churn risk,Maintain regular engagement; Offer long-term contract incentive; Promote online security; Offer technical support; Review pricing
7520-HQWJU,Female,0,Yes,Yes,66,Yes,Yes,DSL,Yes,Yes,Yes,No,No,No,Month-to-month,Yes,Bank transfer (automatic),67.45,4508.65,No,0.06972023,0,Low,0.0,Low,tenure | Contract Month-to-month | OnlineSecurity No | TotalCharges | MonthlyCharges,-1.0058 | 0.4049 | -0.3561 | -0.3516 | -0.3316,Reduces churn risk | Increases churn risk | Reduces churn risk | Reduces churn risk | Reduces churn risk,Maintain regular engagement; Offer long-term contract incentive; Offer technical support
6304-IJFSQ,Male,0,No,No,3,Yes,No,DSL,No,Yes,No,No,No,No,Month-to-month,Yes,Mailed check,49.9,130.1,Yes,0.5273476,1,Medium,1.0,Medium,Contract Month-to-month | tenure | TotalCharges | OnlineBackup No | MonthlyCharges,0.5598 | 0.288 | 0.2637 | -0.2598 | -0.2536,Increases churn risk | Increases churn risk | Increases churn risk | Reduces churn risk | Reduces churn risk,Proactive retention communication; Offer long-term contract incentive; Provide new-customer support; Promote online security; Offer technical support
0297-RBCSG,Male,0,No,No,19,Yes,No,DSL,No,Yes,No,Yes,No,Yes,One year,Yes,Bank transfer (automatic),65.35,1231.85,No,0.22885858,0,Low,1.0,Low,Contract Month-to-month | MonthlyCharges | OnlineSecurity No | TechSupport No | Contract One year,-0.5496 | -0.3945 | 0.3457 | -0.3197 | 0.2367,Reduces churn risk | Reduces churn risk | Increases churn risk | Reduces churn risk | Increases churn risk,Maintain regular engagement; Promote online security
6013-BHCAW,Male,0,Yes,Yes,61,Yes,Yes,DSL,No,No,Yes,Yes,Yes,Yes,Two year,Yes,Bank transfer (automatic),81.0,4976.15,No,0.027925707,0,Low,0.0,Low,tenure | Contract Month-to-month | Contract Two year | MonthlyCharges | TechSupport No,-0.8905 | -0.8736 | -0.4879 | -0.437 | -0.3646,Reduces churn risk | Reduces churn risk | Reduces churn risk | Reduces churn risk | Reduces churn risk,Maintain regular engagement; Promote online security; Review pricing
4402-FTBXC,Male,0,No,No,54,Yes,No,Fiber optic,Yes,No,Yes,No,Yes,No,Month-to-month,No,Mailed check,89.8,4667.0,No,0.08860504,0,Low,0.0,Low,tenure | OnlineSecurity No | TotalCharges | Contract Month-to-month | PaymentMethod Electronic check,-0.8688 | -0.4912 | -0.4619 | 0.4382 | -0.3237,Reduces churn risk | Reduces churn risk | Reduces churn risk | Increases churn risk | Reduces churn risk,Maintain regular engagement; Offer long-term contract incentive; Offer technical support; Review pricing
1471-GIQKQ,Female,0,No,No,1,Yes,No,DSL,No,Yes,No,No,No,No,Month-to-month,No,Electronic check,49.95,49.95,No,0.23804468,0,Low,1.0,Low,tenure | MonthlyCharges | Contract Month-to-month | OnlineBackup No | PaperlessBilling No,0.7305 | -0.685 | 0.5687 | -0.4227 | -0.315,Increases churn risk | Reduces churn risk | Increases churn risk | Reduces churn risk | Reduces churn risk,Maintain regular engagement; Offer long-term contract incentive; Provide new-customer support; Promote online security; Offer technical support
4283-FUTGF,Male,1,No,No,19,Yes,Yes,Fiber optic,No,No,Yes,No,No,No,Month-to-month,Yes,Electronic check,79.85,1471.75,Yes,0.69585276,1,Medium,1.0,Medium,Contract Month-to-month | PaymentMethod Electronic check | OnlineSecurity No | DeviceProtection No | InternetService Fiber optic,0.6545 | 0.338 | 0.2344 | -0.1739 | 0.1416,Increases churn risk | Increases churn risk | Increases churn risk | Reduces churn risk | Increases churn risk,Proactive retention communication; Offer long-term contract incentive; Promote online security; Offer technical support
9548-LERKT,Male,0,Yes,No,24,Yes,No,No,No internet service,No internet service,No internet service,No internet service,No internet service,No internet service,Two year,No,Mailed check,19.75,483.15,No,0.006583064,0,Low,1.0,Low,Contract Month-to-month | Contract Two year | tenure | OnlineSecurity No | TechSupport No,-1.2603 | -0.7895 | -0.4465 | -0.4139 | -0.2683,Reduces churn risk | Reduces churn risk | Reduces churn risk | Reduces churn risk | Reduces churn risk,Maintain regular engagement
8059-UDZFY,Female,1,No,Yes,33,Yes,Yes,Fiber optic,No,Yes,Yes,No,Yes,Yes,Month-to-month,Yes,Bank transfer (automatic),105.35,3465.05,No,0.4501706,0,Medium,0.0,Medium,Contract Month-to-month | TotalCharges | tenure | Dependents No | OnlineSecurity No,0.5232 | -0.5019 | -0.4486 | -0.2745 | 0.23,Increases churn risk | Reduces churn risk | Reduces churn risk | Reduces churn risk | Increases churn risk,Proactive retention communication; Offer long-term contract incentive; Promote online security; Offer technical support; Review pricing
0410-IPFTY,Female,0,Yes,No,31,Yes,No,Fiber optic,No,Yes,No,No,No,Yes,Month-to-month,Yes,Bank transfer (automatic),83.85,2674.15,No,0.48943064,0,Medium,1.0,Medium,Contract Month-to-month | tenure | PaymentMethod Electronic check | MultipleLines No | InternetService Fiber optic,0.5415 | -0.5397 | -0.2737 | -0.2395 | 0.1969,Increases churn risk | Reduces churn risk | Reduces churn risk | Reduces churn risk | Increases churn risk,Proactive retention communication; Offer long-term contract incentive; Promote online security; Offer technical support; Review pricing
2478-EEWWM,Male,0,Yes,No,59,No,No phone service,DSL,No,No,No,No,Yes,Yes,Month-to-month,Yes,Electronic check,44.3,2666.75,No,0.6069957,1,Medium,1.0,Medium,tenure | Contract Month-to-month | PaymentMethod Electronic check | InternetService DSL | TotalCharges,-0.5967 | 0.4687 | 0.3318 | -0.2686 | -0.2594,Reduces churn risk | Increases churn risk | Increases churn risk | Reduces churn risk | Reduces churn risk,Proactive retention communication; Offer long-term contract incentive; Promote online security; Offer technical support
4619-EVPHY,Female,1,Yes,No,20,Yes,No,Fiber optic,No,No,No,No,Yes,Yes,One year,Yes,Bank transfer (automatic),91.0,1859.5,No,0.1428851,0,Low,1.0,Low,Contract Month-to-month | TotalCharges | TechSupport No | PaymentMethod Electronic check | StreamingMovies Yes,-1.3179 | -0.3473 | 0.1768 | -0.1734 | 0.1655,Reduces churn risk | Reduces churn risk | Increases churn risk | Reduces churn risk | Increases churn risk,Maintain regular engagement; Promote online security; Offer technical support; Review pricing
2277-DJJDL,Male,1,Yes,No,60,Yes,Yes,Fiber optic,No,No,No,Yes,Yes,Yes,Month-to-month,Yes,Electronic check,99.0,6017.9,No,0.38237455,0,Low,0.0,Low,tenure | TechSupport No | Contract Month-to-month | TotalCharges | MonthlyCharges,-1.4367 | -0.5961 | 0.4185 | -0.3522 | 0.2554,Reduces churn risk | Reduces churn risk | Increases churn risk | Reduces churn risk | Increases churn risk,Maintain regular engagement; Offer long-term contract incentive; Promote online security; Review pricing
2911-WDXMV,Male,0,No,Yes,18,Yes,Yes,Fiber optic,No,No,Yes,No,No,No,Month-to-month,Yes,Credit card (automatic),80.55,1406.65,No,0.21968223,0,Low,1.0,Low,PaymentMethod Electronic check | Contract Month-to-month | tenure | PaymentMethod Credit card (automatic) | MonthlyCharges,-0.5485 | 0.534 | -0.3335 | -0.2601 | -0.2257,Reduces churn risk | Increases churn risk | Reduces churn risk | Reduces churn risk | Reduces churn risk,Maintain regular engagement; Offer long-term contract incentive; Promote online security; Offer technical support; Review pricing
3639-XJHKQ,Female,0,No,Yes,19,Yes,No,DSL,Yes,Yes,Yes,No,No,No,Month-to-month,Yes,Electronic check,60.6,1297.8,No,0.22528481,0,Low,1.0,Low,Contract Month-to-month | TotalCharges | MonthlyCharges | InternetService Fiber optic | OnlineSecurity No,0.4936 | -0.4653 | -0.3436 | -0.3061 | -0.285,Increases churn risk | Reduces churn risk | Reduces churn risk | Reduces churn risk | Reduces churn risk,Maintain regular engagement; Offer long-term contract incentive; Offer technical support
8173-RXAYP,Female,0,Yes,Yes,24,Yes,No,No,No internet service,No internet service,No internet service,No internet service,No internet service,No internet service,Two year,No,Mailed check,19.7,452.55,No,0.005172887,0,Low,1.0,Low,Contract Month-to-month | Contract Two year | OnlineSecurity No | tenure | PaperlessBilling No,-1.3441 | -0.8966 | -0.4049 | -0.3586 | -0.3054,Reduces churn risk | Reduces churn risk | Reduces churn risk | Reduces churn risk | Reduces churn risk,Maintain regular engagement
4537-CIBHB,Female,0,Yes,Yes,9,Yes,No,No,No internet service,No internet service,No internet service,No internet service,No internet service,No internet service,One year,No,Mailed check,20.25,172.35,No,0.042584214,0,Low,1.0,Low,Contract Month-to-month | OnlineSecurity No | MonthlyCharges | TechSupport No | StreamingMovies Yes,-1.3165 | -0.4279 | -0.3432 | -0.2167 | -0.2055,Reduces churn risk | Reduces churn risk | Reduces churn risk | Reduces churn risk | Reduces churn risk,Maintain regular engagement
5442-BXVND,Female,0,Yes,Yes,33,Yes,Yes,No,No internet service,No internet service,No internet service,No internet service,No internet service,No internet service,Month-to-month,No,Bank transfer (automatic),24.25,838.5,No,0.15193653,0,Low,1.0,Low,tenure | OnlineSecurity No | Contract Month-to-month | TechSupport No | InternetService Fiber optic,-0.5319 | -0.4468 | 0.4134 | -0.3169 | -0.2252,Reduces churn risk | Reduces churn risk | Increases churn risk | Reduces churn risk | Reduces churn risk,Maintain regular engagement; Offer long-term contract incentive
2308-STERM,Female,0,No,No,2,Yes,No,No,No internet service,No internet service,No internet service,No internet service,No internet service,No internet service,Month-to-month,No,Mailed check,19.4,61.05,No,0.1210588,0,Low,1.0,Low,OnlineSecurity No | Contract Month-to-month | MonthlyCharges | TechSupport No | InternetService Fiber optic,-0.5239 | 0.5148 | -0.4938 | -0.2935 | -0.2067,Reduces churn risk | Increases churn risk | Reduces churn risk | Reduces churn risk | Reduces churn risk,Maintain regular engagement; Offer long-term contract incentive; Provide new-customer support
7159-NOKYQ,Male,0,Yes,No,67,Yes,Yes,Fiber optic,No,Yes,Yes,No,No,Yes,Two year,Yes,Electronic check,93.15,6368.2,No,0.053513486,0,Low,0.0,Low,Contract Month-to-month | Contract Two year | tenure | TotalCharges | Contract One year,-1.233 | -0.5746 | -0.4383 | -0.3104 | -0.3066,Reduces churn risk | Reduces churn risk | Reduces churn risk | Reduces churn risk | Reduces churn risk,Maintain regular engagement; Promote online security; Offer technical support; Review pricing
6075-QMNRR,Female,0,No,No,52,Yes,No,DSL,Yes,No,No,No,No,No,Month-to-month,Yes,Bank transfer (automatic),49.75,2535.55,No,0.03190993,0,Low,1.0,Low,tenure | OnlineSecurity No | MonthlyCharges | Contract Month-to-month | PaymentMethod Electronic check,-1.0464 | -0.5554 | -0.4781 | 0.43 | -0.4013,Reduces churn risk | Reduces churn risk | Reduces churn risk | Increases churn risk | Reduces churn risk,Maintain regular engagement; Offer long-term contract incentive; Offer technical support
3694-GLTJM,Female,0,No,No,5,Yes,No,No,No internet service,No internet service,No internet service,No internet service,No internet service,No internet service,Month-to-month,Yes,Credit card (automatic),19.65,92.05,No,0.09190997,0,Low,1.0,Low,MonthlyCharges | Contract Month-to-month | OnlineSecurity No | TechSupport No | PaymentMethod Credit card (automatic),-0.5582 | 0.5248 | -0.5152 | -0.4468 | -0.3365,Reduces churn risk | Increases churn risk | Reduces churn risk | Reduces churn risk | Reduces churn risk,Maintain regular engagement; Offer long-term contract incentive; Provide new-customer support
9629-NHXFW,Female,0,Yes,Yes,1,Yes,No,No,No internet service,No internet service,No internet service,No internet service,No internet service,No internet service,Month-to-month,Yes,Mailed check,19.4,19.4,No,0.71448684,1,High,1.0,Critical,tenure | Contract Month-to-month | OnlineSecurity No | TechSupport No | TotalCharges,0.8864 | 0.6295 | -0.3605 | -0.2838 | 0.2695,Increases churn risk | Increases churn risk | Reduces churn risk | Reduces churn risk | Increases churn risk,Priority retention outreach; Offer long-term contract incentive; Provide new-customer support
7167-PCEYD,Male,0,No,No,67,Yes,No,No,No internet service,No internet service,No internet service,No internet service,No internet service,No internet service,Two year,Yes,Mailed check,19.8,1311.3,No,0.0074021765,0,Low,1.0,Low,Contract Month-to-month | Contract Two year | tenure | TotalCharges | OnlineSecurity No,-1.1663 | -0.7112 | -0.6409 | -0.4572 | -0.4416,Reduces churn risk | Reduces churn risk | Reduces churn risk | Reduces churn risk | Reduces churn risk,Maintain regular engagement
2748-MYRVK,Female,0,No,No,63,Yes,Yes,Fiber optic,No,Yes,No,No,Yes,Yes,One year,No,Bank transfer (automatic),99.9,6137.0,Yes,0.06563995,0,Low,0.0,Low,tenure | Contract Month-to-month | PaperlessBilling No | PaymentMethod Electronic check | MonthlyCharges,-1.0535 | -1.0125 | -0.4764 | -0.2575 | 0.2347,Reduces churn risk | Reduces churn risk | Reduces churn risk | Reduces churn risk | Increases churn risk,Maintain regular engagement; Promote online security; Offer technical support; Review pricing
4223-WOZCM,Male,1,No,No,2,Yes,No,DSL,No,No,Yes,No,No,No,Month-to-month,No,Mailed check,49.95,107.1,No,0.64625776,1,Medium,1.0,Medium,tenure | Contract Month-to-month | PaperlessBilling No | PaymentMethod Electronic check | SeniorCitizen,0.5861 | 0.5727 | -0.2645 | -0.2627 | 0.2324,Increases churn risk | Increases churn risk | Reduces churn risk | Reduces churn risk | Increases churn risk,Proactive retention communication; Offer long-term contract incentive; Provide new-customer support; Promote online security; Offer technical support
6946-LMSQS,Male,1,Yes,No,25,Yes,Yes,Fiber optic,Yes,No,No,No,No,Yes,One year,Yes,Electronic check,89.05,2177.45,Yes,0.16832894,0,Low,1.0,Low,Contract Month-to-month | MonthlyCharges | OnlineSecurity No | TotalCharges | PaymentMethod Electronic check,-1.1702 | -0.5258 | -0.4917 | -0.2242 | 0.191,Reduces churn risk | Reduces churn risk | Reduces churn risk | Reduces churn risk | Increases churn risk,Maintain regular engagement; Offer technical support; Review pricing
5469-NUJUR,Male,0,No,No,19,Yes,No,No,No internet service,No internet service,No internet service,No internet service,No internet service,No internet service,Two year,Yes,Mailed check,19.95,373.5,No,0.009966862,0,Low,1.0,Low,Contract Month-to-month | Contract Two year | OnlineSecurity No | TechSupport No | tenure,-1.2777 | -0.8074 | -0.466 | -0.3047 | -0.2577,Reduces churn risk | Reduces churn risk | Reduces churn risk | Reduces churn risk | Reduces churn risk,Maintain regular engagement
6388-TABGU,Male,0,No,Yes,62,Yes,No,DSL,Yes,Yes,No,No,No,No,One year,No,Bank transfer (automatic),56.15,3487.95,No,0.007797182,0,Low,0.0,Low,tenure | Contract Month-to-month | TotalCharges | OnlineSecurity No | StreamingMovies Yes,-0.9284 | -0.9241 | -0.439 | -0.3648 | -0.3291,Reduces churn risk | Reduces churn risk | Reduces churn risk | Reduces churn risk | Reduces churn risk,Maintain regular engagement; Offer technical support
1261-FWTTE,Male,1,No,No,23,No,No phone service,DSL,No,No,No,No,No,Yes,Month-to-month,Yes,Bank transfer (automatic),34.65,768.45,No,0.5432871,1,Medium,1.0,Medium,PaymentMethod Electronic check | Contract Month-to-month | tenure | TechSupport No | MultipleLines No,-0.453 | 0.4527 | -0.3751 | 0.217 | 0.1967,Reduces churn risk | Increases churn risk | Reduces churn risk | Increases churn risk | Increases churn risk,Proactive retention communication; Offer long-term contract incentive; Promote online security; Offer technical support
8590-YFFQO,Male,0,Yes,No,70,Yes,No,DSL,Yes,Yes,Yes,Yes,No,No,Two year,No,Credit card (automatic),64.95,4523.25,No,0.012992705,0,Low,0.0,Low,Contract Month-to-month | Contract Two year | tenure | MonthlyCharges | TechSupport No,-0.829 | -0.7404 | -0.523 | -0.4032 | -0.2588,Reduces churn risk | Reduces churn risk | Reduces churn risk | Reduces churn risk | Reduces churn risk,Maintain regular engagement
0082-OQIQY,Male,0,No,No,29,Yes,No,Fiber optic,No,No,No,Yes,Yes,Yes,Month-to-month,Yes,Electronic check,94.2,2607.6,No,0.33825803,0,Low,0.0,Low,tenure | TechSupport No | Contract Month-to-month | MultipleLines No | PaymentMethod Electronic check,-0.5909 | -0.5484 | 0.4362 | -0.31 | 0.231,Reduces churn risk | Reduces churn risk | Increases churn risk | Reduces churn risk | Increases churn risk,Maintain regular engagement; Offer long-term contract incentive; Promote online security; Review pricing
9465-RWMXL,Male,0,Yes,No,32,Yes,Yes,Fiber optic,No,No,Yes,No,No,No,Month-to-month,Yes,Electronic check,78.9,2447.95,Yes,0.61682177,1,Medium,1.0,Medium,Contract Month-to-month | tenure | PaymentMethod Electronic check | OnlineSecurity No | DeviceProtection No,0.6549 | -0.6464 | 0.3389 | 0.2087 | -0.2047,Increases churn risk | Reduces churn risk | Increases churn risk | Increases churn risk | Reduces churn risk,Proactive retention communication; Offer long-term contract incentive; Promote online security; Offer technical support
2930-UOTMB,Female,0,No,No,31,Yes,Yes,DSL,Yes,No,Yes,Yes,No,No,Month-to-month,No,Credit card (automatic),65.25,1994.3,Yes,0.074694715,0,Low,1.0,Low,tenure | OnlineSecurity No | Contract Month-to-month | TotalCharges | PaymentMethod Electronic check,-0.6049 | -0.4332 | 0.3823 | -0.3449 | -0.3336,Reduces churn risk | Reduces churn risk | Increases churn risk | Reduces churn risk | Reduces churn risk,Maintain regular engagement; Offer long-term contract incentive
9128-CPXKI,Female,0,No,No,59,Yes,No,Fiber optic,No,No,Yes,No,Yes,Yes,Two year,No,Electronic check,95.8,5655.45,No,0.1298632,0,Low,0.0,Low,Contract Month-to-month | tenure | Contract Two year | PaperlessBilling No | TotalCharges,-1.0292 | -0.4509 | -0.4274 | -0.4038 | -0.2607,Reduces churn risk | Reduces churn risk | Reduces churn risk | Reduces churn risk | Reduces churn risk,Maintain regular engagement; Promote online security; Offer technical support; Review pricing
0484-FFVBJ,Male,0,No,No,32,Yes,No,DSL,No,No,No,No,Yes,Yes,One year,Yes,Bank transfer (automatic),64.85,2010.95,No,0.17907408,0,Low,1.0,Low,Contract Month-to-month | tenure | OnlineSecurity No | MonthlyCharges | InternetService Fiber optic,-0.7951 | -0.3958 | 0.3681 | -0.3623 | -0.2253,Reduces churn risk | Reduces churn risk | Increases churn risk | Reduces churn risk | Reduces churn risk,Maintain regular engagement; Promote online security; Offer technical support
1100-DDVRV,Male,0,Yes,No,17,No,No phone service,DSL,No,Yes,No,No,Yes,Yes,Month-to-month,Yes,Mailed check,49.8,836.35,No,0.5172746,1,Medium,1.0,Medium,Contract Month-to-month | PaymentMethod Electronic check | InternetService DSL | InternetService Fiber optic | tenure,0.4213 | -0.3907 | -0.2925 | -0.2275 | -0.2004,Increases churn risk | Reduces churn risk | Reduces churn risk | Reduces churn risk | Reduces churn risk,Proactive retention communication; Offer long-term contract incentive; Promote online security; Offer technical support
9313-QOLTZ,Male,0,No,No,26,Yes,No,No,No internet service,No internet service,No internet service,No internet service,No internet service,No internet service,Month-to-month,No,Mailed check,20.9,518.3,No,0.027599178,0,Low,1.0,Low,tenure | OnlineSecurity No | TechSupport No | MonthlyCharges | Contract Month-to-month,-0.797 | -0.5334 | -0.4119 | -0.4105 | 0.3805,Reduces churn risk | Reduces churn risk | Reduces churn risk | Reduces churn risk | Increases churn risk,Maintain regular engagement; Offer long-term contract incentive
3338-CVVEH,Male,0,No,No,12,Yes,Yes,Fiber optic,No,No,No,No,Yes,Yes,Month-to-month,No,Electronic check,94.55,1173.55,No,0.8323989,1,High,1.0,Critical,Contract Month-to-month | PaperlessBilling No | MonthlyCharges | TotalCharges | PaperlessBilling Yes,0.549 | -0.5077 | 0.5029 | 0.3419 | -0.2558,Increases churn risk | Reduces churn risk | Increases churn risk | Increases churn risk | Reduces churn risk,Immediate personal outreach; Offer long-term contract incentive; Promote online security; Offer technical support; Review pricing
1131-SUEKT,Male,0,Yes,Yes,61,Yes,No,Fiber optic,No,Yes,No,Yes,Yes,Yes,One year,Yes,Bank transfer (automatic),98.45,6145.2,No,0.06288831,0,Low,0.0,Low,tenure | Contract Month-to-month | TechSupport No | Dependents No | TotalCharges,-1.0884 | -0.5976 | -0.3795 | -0.2868 | -0.2782,Reduces churn risk | Reduces churn risk | Reduces churn risk | Reduces churn risk | Reduces churn risk,Maintain regular engagement; Promote online security; Review pricing
7602-DBTOU,Female,0,Yes,No,71,Yes,No,No,No internet service,No internet service,No internet service,No internet service,No internet service,No internet service,Two year,No,Mailed check,19.6,1416.5,No,0.002694191,0,Low,1.0,Low,Contract Month-to-month | tenure | Contract Two year | OnlineSecurity No | TechSupport No,-1.3849 | -1.2676 | -0.8085 | -0.4593 | -0.2612,Reduces churn risk | Reduces churn risk | Reduces churn risk | Reduces churn risk | Reduces churn risk,Maintain regular engagement
1385-TQOZW,Female,0,No,No,9,Yes,No,No,No internet service,No internet service,No internet service,No internet service,No internet service,No internet service,Month-to-month,Yes,Credit card (automatic),20.45,147.55,No,0.09492232,0,Low,1.0,Low,MonthlyCharges | Contract Month-to-month | OnlineSecurity No | TechSupport No | PaymentMethod Credit card (automatic),-0.7095 | 0.4985 | -0.4679 | -0.3989 | -0.2008,Reduces churn risk | Increases churn risk | Reduces churn risk | Reduces churn risk | Reduces churn risk,Maintain regular engagement; Offer long-term contract incentive
6892-XPFPU,Male,1,Yes,No,24,Yes,Yes,Fiber optic,No,Yes,Yes,No,Yes,Yes,Month-to-month,Yes,Electronic check,104.25,2433.9,Yes,0.83866185,1,High,0.0,Critical,Contract Month-to-month | InternetService Fiber optic | OnlineBackup No | OnlineSecurity No | tenure,0.5823 | 0.2154 | -0.1986 | 0.1957 | -0.186,Increases churn risk | Increases churn risk | Reduces churn risk | Increases churn risk | Reduces churn risk,Immediate personal outreach; Offer long-term contract incentive; Promote online security; Offer technical support; Review pricing
4115-NZRKS,Female,1,No,No,7,Yes,No,Fiber optic,No,No,No,No,Yes,Yes,Month-to-month,Yes,Electronic check,89.15,574.35,No,0.68220884,1,Medium,1.0,Medium,Contract Month-to-month | MonthlyCharges | MultipleLines No | OnlineSecurity No | tenure,0.6643 | -0.3537 | -0.3129 | 0.2227 | 0.194,Increases churn risk | Reduces churn risk | Reduces churn risk | Increases churn risk | Increases churn risk,Proactive retention communication; Offer long-term contract incentive; Promote online security; Offer technical support; Review pricing
5514-YQENT,Male,0,No,Yes,41,Yes,No,Fiber optic,Yes,Yes,Yes,Yes,Yes,Yes,Two year,Yes,Electronic check,111.15,4507.15,No,0.040952016,0,Low,0.0,Low,Contract Month-to-month | Contract Two year | OnlineSecurity No | Dependents No | TechSupport No,-1.0576 | -0.6011 | -0.3832 | -0.3306 | -0.2915,Reduces churn risk | Reduces churn risk | Reduces churn risk | Reduces churn risk | Reduces churn risk,Maintain regular engagement; Review pricing
6319-IEJWJ,Male,0,Yes,Yes,20,Yes,No,Fiber optic,No,No,No,No,Yes,Yes,Month-to-month,Yes,Electronic check,90.2,1776.55,Yes,0.70222044,1,High,1.0,Critical,Contract Month-to-month | TotalCharges | MultipleLines No | OnlineSecurity No | InternetService Fiber optic,0.5546 | -0.2386 | -0.2022 | 0.1853 | 0.1841,Increases churn risk | Reduces churn risk | Reduces churn risk | Increases churn risk | Increases churn risk,Priority retention outreach; Offer long-term contract incentive; Promote online security; Offer technical support; Review pricing
8849-AYPTR,Male,0,Yes,No,33,Yes,No,Fiber optic,No,No,No,No,Yes,Yes,Month-to-month,No,Electronic check,91.25,2964.05,No,0.3633111,0,Low,0.0,Low,tenure | Contract Month-to-month | TotalCharges | PaperlessBilling No | MultipleLines No,-0.7189 | 0.4975 | -0.3826 | -0.3015 | -0.2345,Reduces churn risk | Increases churn risk | Reduces churn risk | Reduces churn risk | Reduces churn risk,Maintain regular engagement; Offer long-term contract incentive; Promote online security; Offer technical support; Review pricing
5893-PYOLZ,Male,0,No,No,56,Yes,No,DSL,No,Yes,Yes,Yes,Yes,Yes,Two year,Yes,Credit card (automatic),81.8,4534.45,No,0.011643223,0,Low,0.0,Low,Contract Month-to-month | Contract Two year | MonthlyCharges | tenure | TechSupport No,-0.8323 | -0.7276 | -0.5056 | -0.4368 | -0.3359,Reduces churn risk | Reduces churn risk | Reduces churn risk | Reduces churn risk | Reduces churn risk,Maintain regular engagement; Promote online security; Review pricing
7180-PISOG,Male,0,Yes,Yes,1,Yes,Yes,Fiber optic,No,No,No,No,No,No,Month-to-month,Yes,Electronic check,74.5,74.5,Yes,0.9322985,1,High,1.0,Critical,tenure | Contract Month-to-month | Dependents No | OnlineSecurity No | TotalCharges,0.8925 | 0.7164 | -0.249 | 0.2439 | 0.2378,Increases churn risk | Increases churn risk | Reduces churn risk | Increases churn risk | Increases churn risk,Immediate personal outreach; Offer long-term contract incentive; Provide new-customer support; Promote online security; Offer technical support
8443-ZRDBZ,Male,0,No,No,4,Yes,Yes,Fiber optic,No,No,No,No,No,No,Month-to-month,Yes,Electronic check,76.05,318.9,Yes,0.867189,1,High,1.0,Critical,Contract Month-to-month | OnlineSecurity No | tenure | MonthlyCharges | PaymentMethod Electronic check,0.7092 | 0.3251 | 0.1995 | -0.1835 | 0.1803,Increases churn risk | Increases churn risk | Increases churn risk | Reduces churn risk | Increases churn risk,Immediate personal outreach; Offer long-term contract incentive; Provide new-customer support; Promote online security; Offer technical support
9079-YEXQJ,Female,0,No,No,54,Yes,Yes,Fiber optic,No,Yes,Yes,Yes,Yes,Yes,Month-to-month,No,Electronic check,111.1,6014.85,Yes,0.23840289,0,Low,0.0,Low,tenure | TechSupport No | Contract Month-to-month | PaperlessBilling No | OnlineBackup No,-0.6285 | -0.3849 | 0.3234 | -0.2673 | -0.2259,Reduces churn risk | Reduces churn risk | Increases churn risk | Reduces churn risk | Reduces churn risk,Maintain regular engagement; Offer long-term contract incentive; Promote online security; Review pricing
3780-YVMFA,Female,0,Yes,Yes,8,Yes,No,DSL,No,No,No,Yes,Yes,Yes,Month-to-month,Yes,Electronic check,68.55,564.35,No,0.3625198,0,Low,1.0,Low,Contract Month-to-month | TechSupport No | InternetService DSL | InternetService Fiber optic | MonthlyCharges,0.5163 | -0.2814 | -0.2741 | -0.274 | -0.2692,Increases churn risk | Reduces churn risk | Reduces churn risk | Reduces churn risk | Reduces churn risk,Maintain regular engagement; Offer long-term contract incentive; Promote online security
6968-MHOMU,Male,0,Yes,No,58,No,No phone service,DSL,No,No,No,No,Yes,Yes,One year,Yes,Credit card (automatic),45.0,2689.35,No,0.16814975,0,Low,1.0,Low,Contract Month-to-month | PaymentMethod Electronic check | PaymentMethod Credit card (automatic) | TotalCharges | tenure,-0.8603 | -0.3339 | -0.3275 | -0.3216 | -0.3031,Reduces churn risk | Reduces churn risk | Reduces churn risk | Reduces churn risk | Reduces churn risk,Maintain regular engagement; Promote online security; Offer technical support
0899-LIIBW,Male,0,Yes,No,34,Yes,Yes,Fiber optic,No,No,Yes,No,Yes,Yes,Month-to-month,No,Electronic check,100.85,3527.3,No,0.49205777,0,Medium,0.0,Medium,tenure | Contract Month-to-month | PaperlessBilling No | TotalCharges | PaperlessBilling Yes,-0.802 | 0.5162 | -0.4878 | -0.2699 | -0.2353,Reduces churn risk | Increases churn risk | Reduces churn risk | Reduces churn risk | Reduces churn risk,Proactive retention communication; Offer long-term contract incentive; Promote online security; Offer technical support; Review pricing
3677-IYRBF,Female,1,No,No,2,No,No phone service,DSL,No,No,Yes,No,No,No,Month-to-month,Yes,Electronic check,30.4,78.65,Yes,0.91045594,1,High,1.0,Critical,Contract Month-to-month | tenure | TotalCharges | SeniorCitizen | OnlineSecurity No,0.6626 | 0.4711 | 0.468 | 0.2503 | 0.2003,Increases churn risk | Increases churn risk | Increases churn risk | Increases churn risk | Increases churn risk,Immediate personal outreach; Offer long-term contract incentive; Provide new-customer support; Promote online security; Offer technical support
8393-DLHGA,Male,0,No,Yes,25,Yes,No,Fiber optic,No,Yes,No,No,Yes,Yes,Month-to-month,Yes,Electronic check,95.9,2448.75,Yes,0.65202993,1,Medium,1.0,Medium,Contract Month-to-month | Dependents No | MultipleLines No | OnlineBackup No | OnlineSecurity No,0.5106 | -0.2936 | -0.2391 | -0.2322 | 0.1989,Increases churn risk | Reduces churn risk | Reduces churn risk | Reduces churn risk | Increases churn risk,Proactive retention communication; Offer long-term contract incentive; Promote online security; Offer technical support; Review pricing
7691-XVTZH,Female,0,Yes,No,68,Yes,Yes,Fiber optic,No,No,Yes,No,Yes,No,Two year,Yes,Bank transfer (automatic),89.95,5974.3,No,0.06998955,0,Low,0.0,Low,Contract Month-to-month | Contract Two year | tenure | PaymentMethod Electronic check | OnlineSecurity No,-1.3825 | -0.4793 | -0.4626 | -0.2979 | 0.2479,Reduces churn risk | Reduces churn risk | Reduces churn risk | Reduces churn risk | Increases churn risk,Maintain regular engagement; Promote online security; Offer technical support; Review pricing
5360-LJCNJ,Female,0,Yes,No,71,Yes,Yes,Fiber optic,No,Yes,Yes,No,Yes,Yes,Two year,Yes,Bank transfer (automatic),105.15,7555.0,No,0.1589953,0,Low,0.0,Low,Contract Month-to-month | tenure | OnlineSecurity No | Contract Two year | MonthlyCharges,-1.3333 | -0.8854 | 0.3842 | -0.3821 | 0.3295,Reduces churn risk | Reduces churn risk | Increases churn risk | Reduces churn risk | Increases churn risk,Maintain regular engagement; Promote online security; Offer technical support; Review pricing
3891-PUQOD,Female,0,No,Yes,1,Yes,No,DSL,No,No,Yes,No,No,Yes,Month-to-month,No,Electronic check,59.2,59.2,Yes,0.75995594,1,High,1.0,Critical,tenure | Contract Month-to-month | TotalCharges | PaperlessBilling No | InternetService DSL,0.9749 | 0.6096 | 0.567 | -0.2641 | -0.2592,Increases churn risk | Increases churn risk | Increases churn risk | Reduces churn risk | Reduces churn risk,Priority retention outreach; Offer long-term contract incentive; Provide new-customer support; Promote online security; Offer technical support
0952-KMEEH,Male,0,No,No,13,Yes,Yes,Fiber optic,Yes,No,No,No,Yes,Yes,Month-to-month,No,Mailed check,98.15,1230.25,Yes,0.67802405,1,Medium,1.0,Medium,MonthlyCharges | Contract Month-to-month | OnlineSecurity No | PaperlessBilling No | InternetService Fiber optic,0.7567 | 0.5322 | -0.4832 | -0.4353 | 0.2911,Increases churn risk | Increases churn risk | Reduces churn risk | Reduces churn risk | Increases churn risk,Proactive retention communication; Offer long-term contract incentive; Offer technical support; Review pricing
4919-IKATY,Male,0,Yes,Yes,5,Yes,Yes,Fiber optic,Yes,No,Yes,No,No,No,Month-to-month,Yes,Electronic check,84.5,453.75,Yes,0.7132471,1,High,1.0,Critical,OnlineSecurity No | Contract Month-to-month | tenure | TotalCharges | PaymentMethod Electronic check,-0.8267 | 0.5861 | 0.3882 | 0.2236 | 0.2041,Reduces churn risk | Increases churn risk | Increases churn risk | Increases churn risk | Increases churn risk,Priority retention outreach; Offer long-term contract incentive; Provide new-customer support; Offer technical support; Review pricing
9746-UGFAC,Female,0,No,No,22,Yes,No,No,No internet service,No internet service,No internet service,No internet service,No internet service,No internet service,One year,No,Bank transfer (automatic),20.85,450.65,No,0.043340042,0,Low,1.0,Low,Contract Month-to-month | OnlineSecurity No | MonthlyCharges | TechSupport No | StreamingMovies Yes,-1.1521 | -0.3854 | -0.2249 | -0.2153 | -0.1744,Reduces churn risk | Reduces churn risk | Reduces churn risk | Reduces churn risk | Reduces churn risk,Maintain regular engagement
9108-EQPNQ,Female,0,Yes,Yes,10,Yes,Yes,No,No internet service,No internet service,No internet service,No internet service,No internet service,No internet service,Two year,No,Credit card (automatic),26.1,225.55,No,0.019527221,0,Low,1.0,Low,Contract Month-to-month | Contract Two year | OnlineSecurity No | TechSupport No | MonthlyCharges,-1.3137 | -0.8433 | -0.4001 | -0.2339 | -0.2261,Reduces churn risk | Reduces churn risk | Reduces churn risk | Reduces churn risk | Reduces churn risk,Maintain regular engagement
0531-ZZJWQ,Male,1,Yes,No,55,Yes,Yes,Fiber optic,No,No,No,No,No,No,Month-to-month,Yes,Electronic check,74.0,4052.4,No,0.62131923,1,Medium,0.0,Medium,tenure | Contract Month-to-month | PaymentMethod Electronic check | OnlineSecurity No | MonthlyCharges,-0.7477 | 0.6097 | 0.3943 | 0.19 | -0.1577,Reduces churn risk | Increases churn risk | Increases churn risk | Increases churn risk | Reduces churn risk,Proactive retention communication; Offer long-term contract incentive; Promote online security; Offer technical support
8763-KIAFH,Female,0,Yes,Yes,27,Yes,No,No,No internet service,No internet service,No internet service,No internet service,No internet service,No internet service,One year,Yes,Mailed check,20.55,583.3,No,0.019532759,0,Low,1.0,Low,Contract Month-to-month | MonthlyCharges | OnlineSecurity No | tenure | TechSupport No,-1.1526 | -0.5775 | -0.4607 | -0.4342 | -0.2867,Reduces churn risk | Reduces churn risk | Reduces churn risk | Reduces churn risk | Reduces churn risk,Maintain regular engagement
5863-OOKCL,Female,0,No,No,10,Yes,No,No,No internet service,No internet service,No internet service,No internet service,No internet service,No internet service,Month-to-month,No,Mailed check,18.85,163.2,No,0.02901871,0,Low,1.0,Low,MonthlyCharges | OnlineSecurity No | Contract Month-to-month | TechSupport No | PaperlessBilling No,-1.4849 | -0.5083 | 0.4605 | -0.2978 | -0.2841,Reduces churn risk | Reduces churn risk | Increases churn risk | Reduces churn risk | Reduces churn risk,Maintain regular engagement; Offer long-term contract incentive
2958-NHPPS,Male,0,No,No,23,Yes,No,No,No internet service,No internet service,No internet service,No internet service,No internet service,No internet service,Month-to-month,No,Electronic check,20.85,473.9,No,0.029393215,0,Low,1.0,Low,TechSupport No | tenure | OnlineSecurity No | MonthlyCharges | Contract Month-to-month,-0.5952 | -0.5613 | -0.5398 | -0.4879 | 0.361,Reduces churn risk | Reduces churn risk | Reduces churn risk | Reduces churn risk | Increases churn risk,Maintain regular engagement; Offer long-term contract incentive
9530-GRMJG,Male,0,Yes,Yes,70,Yes,Yes,DSL,No,Yes,Yes,Yes,Yes,Yes,Two year,Yes,Electronic check,84.1,5979.7,No,0.015773017,0,Low,0.0,Low,Contract Month-to-month | Contract Two year | tenure | TechSupport No | MonthlyCharges,-0.9612 | -0.7158 | -0.5207 | -0.5083 | -0.3409,Reduces churn risk | Reduces churn risk | Reduces churn risk | Reduces churn risk | Reduces churn risk,Maintain regular engagement; Promote online security; Review pricing
1809-DMJHQ,Female,0,No,Yes,5,Yes,No,DSL,No,No,No,No,No,No,Month-to-month,No,Mailed check,46.0,221.7,Yes,0.3487837,0,Low,1.0,Low,Contract Month-to-month | tenure | PaymentMethod Electronic check | PaperlessBilling No | OnlineSecurity No,0.5395 | 0.4061 | -0.3031 | -0.2699 | 0.2049,Increases churn risk | Increases churn risk | Reduces churn risk | Reduces churn risk | Increases churn risk,Maintain regular engagement; Offer long-term contract incentive; Provide new-customer support; Promote online security; Offer technical support
0164-XAIRP,Female,0,No,No,24,Yes,No,No,No internet service,No internet service,No internet service,No internet service,No internet service,No internet service,Two year,Yes,Bank transfer (automatic),19.55,470.2,No,0.009475549,0,Low,1.0,Low,Contract Month-to-month | Contract Two year | OnlineSecurity No | TechSupport No | tenure,-1.4274 | -0.6864 | -0.4083 | -0.333 | -0.2174,Reduces churn risk | Reduces churn risk | Reduces churn risk | Reduces churn risk | Reduces churn risk,Maintain regular engagement
2926-JEJJC,Female,0,No,No,8,Yes,No,No,No internet service,No internet service,No internet service,No internet service,No internet service,No internet service,One year,Yes,Bank transfer (automatic),20.2,140.95,No,0.03208131,0,Low,1.0,Low,Contract Month-to-month | OnlineSecurity No | MonthlyCharges | TechSupport No | TotalCharges,-1.3677 | -0.4156 | -0.37 | -0.3312 | 0.2627,Reduces churn risk | Reduces churn risk | Reduces churn risk | Reduces churn risk | Increases churn risk,Maintain regular engagement
1169-WCVAK,Male,0,Yes,No,19,Yes,Yes,Fiber optic,Yes,Yes,No,Yes,No,No,Month-to-month,Yes,Credit card (automatic),88.8,1672.35,No,0.11839622,0,Low,1.0,Low,OnlineSecurity No | PaymentMethod Electronic check | Contract Month-to-month | TechSupport No | MonthlyCharges,-0.5256 | -0.4993 | 0.4247 | -0.421 | -0.245,Reduces churn risk | Reduces churn risk | Increases churn risk | Reduces churn risk | Reduces churn risk,Maintain regular engagement; Offer long-term contract incentive; Review pricing
1217-VASWC,Male,1,Yes,No,43,Yes,No,Fiber optic,No,Yes,Yes,No,Yes,Yes,One year,Yes,Bank transfer (automatic),100.55,4304.0,No,0.25273067,0,Low,0.0,Low,Contract Month-to-month | TotalCharges | MultipleLines No | PaymentMethod Electronic check | StreamingMovies Yes,-1.0301 | -0.2834 | -0.2369 | -0.2351 | 0.1864,Reduces churn risk | Reduces churn risk | Reduces churn risk | Reduces churn risk | Increases churn risk,Maintain regular engagement; Promote online security; Offer technical support; Review pricing
2452-KDRRH,Male,1,No,No,67,Yes,Yes,Fiber optic,No,No,Yes,No,Yes,Yes,Month-to-month,Yes,Credit card (automatic),101.4,6841.05,No,0.6312566,1,Medium,0.0,Medium,tenure | TotalCharges | Contract Month-to-month | PaymentMethod Electronic check | MonthlyCharges,-0.7665 | -0.442 | 0.4338 | -0.3459 | 0.339,Reduces churn risk | Reduces churn risk | Increases churn risk | Reduces churn risk | Increases churn risk,Proactive retention communication; Offer long-term contract incentive; Promote online security; Offer technical support; Review pricing
6402-EJMWF,Male,0,No,No,4,Yes,No,DSL,No,No,No,No,No,Yes,Month-to-month,Yes,Mailed check,55.3,238.5,No,0.34754196,0,Low,1.0,Low,Contract Month-to-month | PaymentMethod Electronic check | MonthlyCharges | OnlineSecurity No | MultipleLines No,0.4758 | -0.3333 | -0.2873 | 0.2681 | -0.2138,Increases churn risk | Reduces churn risk | Reduces churn risk | Increases churn risk | Reduces churn risk,Maintain regular engagement; Offer long-term contract incentive; Provide new-customer support; Promote online security; Offer technical support
7663-CUXZB,Male,0,Yes,No,59,Yes,Yes,Fiber optic,Yes,Yes,Yes,Yes,Yes,Yes,Two year,No,Electronic check,113.75,6561.25,No,0.1262352,0,Low,0.0,Low,Contract Month-to-month | Contract Two year | OnlineSecurity No | TechSupport No | MonthlyCharges,-0.8206 | -0.6662 | -0.3362 | -0.2428 | 0.2353,Reduces churn risk | Reduces churn risk | Reduces churn risk | Reduces churn risk | Increases churn risk,Maintain regular engagement; Review pricing
4312-KFRXN,Male,0,Yes,No,72,Yes,Yes,No,No internet service,No internet service,No internet service,No internet service,No internet service,No internet service,Two year,No,Mailed check,25.4,1710.9,No,0.0015256054,0,Low,1.0,Low,tenure | Contract Month-to-month | Contract Two year | OnlineSecurity No | TotalCharges,-1.5767 | -1.1348 | -0.781 | -0.5204 | -0.4833,Reduces churn risk | Reduces churn risk | Reduces churn risk | Reduces churn risk | Reduces churn risk,Maintain regular engagement
3011-WQKSZ,Male,0,No,Yes,19,Yes,No,No,No internet service,No internet service,No internet service,No internet service,No internet service,No internet service,Month-to-month,Yes,Electronic check,20.0,377.55,No,0.16187152,0,Low,1.0,Low,OnlineSecurity No | TechSupport No | Contract Month-to-month | InternetService Fiber optic | OnlineBackup No,-0.5754 | -0.5173 | 0.4334 | -0.2467 | -0.2459,Reduces churn risk | Reduces churn risk | Increases churn risk | Reduces churn risk | Reduces churn risk,Maintain regular engagement; Offer long-term contract incentive
9747-DDZOS,Female,0,No,No,1,Yes,No,Fiber optic,No,No,Yes,No,No,No,Month-to-month,No,Bank transfer (automatic),73.5,73.5,Yes,0.6925116,1,Medium,1.0,Medium,tenure | Contract Month-to-month | PaperlessBilling No | OnlineSecurity No | MonthlyCharges,0.9666 | 0.6601 | -0.3752 | 0.2571 | -0.2487,Increases churn risk | Increases churn risk | Reduces churn risk | Increases churn risk | Reduces churn risk,Proactive retention communication; Offer long-term contract incentive; Provide new-customer support; Promote online security; Offer technical support
2091-MJTFX,Female,0,Yes,Yes,30,No,No phone service,DSL,No,No,No,Yes,Yes,Yes,Month-to-month,No,Credit card (automatic),51.2,1561.5,Yes,0.05376048,0,Low,1.0,Low,tenure | TotalCharges | MonthlyCharges | TechSupport No | Contract Month-to-month,-0.5418 | -0.4554 | -0.4365 | -0.4244 | 0.4058,Reduces churn risk | Reduces churn risk | Reduces churn risk | Reduces churn risk | Increases churn risk,Maintain regular engagement; Offer long-term contract incentive; Promote online security
0388-EOPEX,Female,0,Yes,No,2,Yes,No,Fiber optic,Yes,No,No,No,No,No,Month-to-month,Yes,Electronic check,74.4,139.4,Yes,0.41110674,0,Medium,1.0,Medium,OnlineSecurity No | Contract Month-to-month | Partner No | MultipleLines No | tenure,-0.5992 | 0.5652 | -0.2333 | -0.1521 | -0.1516,Reduces churn risk | Increases churn risk | Reduces churn risk | Reduces churn risk | Reduces churn risk,Proactive retention communication; Offer long-term contract incentive; Provide new-customer support; Offer technical support
3161-ONRWK,Male,0,Yes,Yes,60,Yes,No,DSL,Yes,Yes,Yes,Yes,No,No,One year,Yes,Bank transfer (automatic),65.85,3928.3,No,0.010094188,0,Low,0.0,Low,tenure | Contract Month-to-month | TotalCharges | MonthlyCharges | StreamingMovies Yes,-0.9421 | -0.7537 | -0.6231 | -0.3717 | -0.345,Reduces churn risk | Reduces churn risk | Reduces churn risk | Reduces churn risk | Reduces churn risk,Maintain regular engagement
2587-EKXTS,Male,0,No,No,44,Yes,Yes,Fiber optic,Yes,Yes,Yes,No,Yes,Yes,Month-to-month,Yes,Electronic check,111.5,4915.15,No,0.2852331,0,Low,0.0,Low,OnlineSecurity No | tenure | Contract Month-to-month | TotalCharges | PaymentMethod Electronic check,-0.7939 | -0.625 | 0.4115 | -0.2282 | 0.207,Reduces churn risk | Reduces churn risk | Increases churn risk | Reduces churn risk | Increases churn risk,Maintain regular engagement; Offer long-term contract incentive; Offer technical support; Review pricing
9752-ZNQUT,Female,0,No,No,1,Yes,No,DSL,No,Yes,No,No,No,No,Month-to-month,Yes,Electronic check,48.6,48.6,No,0.59574366,1,Medium,1.0,Medium,tenure | Contract Month-to-month | OnlineBackup No | InternetService Fiber optic | InternetService DSL,0.8031 | 0.6241 | -0.4078 | -0.3601 | -0.3129,Increases churn risk | Increases churn risk | Reduces churn risk | Reduces churn risk | Reduces churn risk,Proactive retention communication; Offer long-term contract incentive; Provide new-customer support; Promote online security; Offer technical support
9572-WUKSB,Male,0,Yes,No,3,No,No phone service,DSL,No,No,No,Yes,No,No,Month-to-month,Yes,Electronic check,29.9,92.25,No,0.39554733,0,Low,1.0,Low,TechSupport No | Contract Month-to-month | MonthlyCharges | InternetService Fiber optic | tenure,-0.713 | 0.5347 | -0.2691 | -0.2574 | 0.1838,Reduces churn risk | Increases churn risk | Reduces churn risk | Reduces churn risk | Increases churn risk,Maintain regular engagement; Offer long-term contract incentive; Provide new-customer support; Promote online security
3836-FZSDJ,Male,1,Yes,No,71,Yes,Yes,No,No internet service,No internet service,No internet service,No internet service,No internet service,No internet service,Two year,No,Bank transfer (automatic),24.85,1901.0,No,0.00315634,0,Low,1.0,Low,tenure | Contract Month-to-month | TotalCharges | Contract Two year | OnlineSecurity No,-1.2742 | -1.1586 | -0.7011 | -0.6335 | -0.456,Reduces churn risk | Reduces churn risk | Reduces churn risk | Reduces churn risk | Reduces churn risk,Maintain regular engagement
8805-JNRAZ,Female,0,No,No,2,Yes,No,DSL,No,Yes,No,No,No,No,Month-to-month,No,Mailed check,49.2,103.7,No,0.2493594,0,Low,1.0,Low,Contract Month-to-month | PaperlessBilling No | OnlineBackup No | tenure | MonthlyCharges,0.5267 | -0.4154 | -0.3334 | 0.3297 | -0.2367,Increases churn risk | Reduces churn risk | Reduces churn risk | Increases churn risk | Reduces churn risk,Maintain regular engagement; Offer long-term contract incentive; Provide new-customer support; Promote online security; Offer technical support
3069-SSVSN,Female,0,No,No,1,No,No phone service,DSL,No,No,No,No,No,No,One year,No,Mailed check,25.85,25.85,No,0.16521475,0,Low,1.0,Low,Contract Month-to-month | tenure | OnlineSecurity No | StreamingMovies Yes | PaperlessBilling No,-1.3823 | 0.7105 | 0.3546 | -0.3142 | -0.209,Reduces churn risk | Increases churn risk | Increases churn risk | Reduces churn risk | Reduces churn risk,Maintain regular engagement; Provide new-customer support; Promote online security; Offer technical support
8015-IHCGW,Female,0,Yes,Yes,72,Yes,Yes,Fiber optic,Yes,Yes,Yes,Yes,Yes,Yes,Two year,Yes,Electronic check,115.5,8425.15,No,0.006033688,0,Low,0.0,Low,tenure | Contract Month-to-month | Contract Two year | OnlineSecurity No | TechSupport No,-1.42 | -1.1908 | -0.815 | -0.5281 | -0.3232,Reduces churn risk | Reduces churn risk | Reduces churn risk | Reduces churn risk | Reduces churn risk,Maintain regular engagement; Review pricing
8132-YPVBX,Female,0,No,No,6,Yes,No,Fiber optic,No,Yes,No,No,No,Yes,Month-to-month,Yes,Mailed check,85.95,514.6,No,0.7736767,1,High,1.0,Critical,Contract Month-to-month | tenure | PaymentMethod Electronic check | OnlineSecurity No | InternetService Fiber optic,0.6518 | 0.4527 | -0.2508 | 0.2384 | 0.2244,Increases churn risk | Increases churn risk | Reduces churn risk | Increases churn risk | Increases churn risk,Priority retention outreach; Offer long-term contract incentive; Provide new-customer support; Promote online security; Offer technical support; Review pricing
0235-KGSLC,Female,0,No,No,1,Yes,No,Fiber optic,No,No,Yes,No,Yes,No,Month-to-month,Yes,Credit card (automatic),85.55,85.55,Yes,0.7899524,1,High,1.0,Critical,tenure | Contract Month-to-month | PaymentMethod Credit card (automatic) | PaymentMethod Electronic check | OnlineSecurity No,0.9898 | 0.6962 | -0.3657 | -0.3331 | 0.2155,Increases churn risk | Increases churn risk | Reduces churn risk | Reduces churn risk | Increases churn risk,Priority retention outreach; Offer long-term contract incentive; Provide new-customer support; Promote online security; Offer technical support; Review pricing
1302-UHBDD,Male,1,No,No,20,Yes,No,Fiber optic,No,No,No,No,Yes,Yes,Month-to-month,No,Electronic check,89.95,1648.45,No,0.5425489,1,Medium,1.0,Medium,Contract Month-to-month | TotalCharges | PaperlessBilling No | tenure | MultipleLines No,0.5281 | -0.3568 | -0.289 | -0.2838 | -0.1774,Increases churn risk | Reduces churn risk | Reduces churn risk | Reduces churn risk | Reduces churn risk,Proactive retention communication; Offer long-term contract incentive; Promote online security; Offer technical support; Review pricing
3722-WPXTK,Male,0,No,No,1,Yes,No,Fiber optic,No,No,No,No,Yes,Yes,Month-to-month,Yes,Electronic check,88.35,88.35,Yes,0.90890485,1,High,1.0,Critical,tenure | Contract Month-to-month | MultipleLines No | OnlineSecurity No | InternetService Fiber optic,1.044 | 0.6729 | -0.2656 | 0.2641 | 0.1795,Increases churn risk | Increases churn risk | Reduces churn risk | Increases churn risk | Increases churn risk,Immediate personal outreach; Offer long-term contract incentive; Provide new-customer support; Promote online security; Offer technical support; Review pricing
7531-GQHME,Male,0,No,No,12,Yes,No,No,No internet service,No internet service,No internet service,No internet service,No internet service,No internet service,Month-to-month,No,Credit card (automatic),20.05,265.45,No,0.055161558,0,Low,1.0,Low,OnlineSecurity No | Contract Month-to-month | MonthlyCharges | PaymentMethod Credit card (automatic) | TechSupport No,-0.4499 | 0.4134 | -0.4051 | -0.3979 | -0.3072,Reduces churn risk | Increases churn risk | Reduces churn risk | Reduces churn risk | Reduces churn risk,Maintain regular engagement; Offer long-term contract incentive
1335-NTIUC,Male,0,No,No,9,No,No phone service,DSL,No,No,No,No,No,No,Month-to-month,Yes,Electronic check,24.95,190.25,No,0.6893446,1,Medium,1.0,Medium,Contract Month-to-month | MonthlyCharges | PaymentMethod Electronic check | OnlineSecurity No | InternetService Fiber optic,0.6047 | -0.3787 | 0.3109 | 0.2097 | -0.1516,Increases churn risk | Reduces churn risk | Increases churn risk | Increases churn risk | Reduces churn risk,Proactive retention communication; Offer long-term contract incentive; Promote online security; Offer technical support
9367-TCUYN,Female,0,No,No,12,Yes,No,No,No internet service,No internet service,No internet service,No internet service,No internet service,No internet service,Month-to-month,No,Mailed check,20.1,223.6,No,0.25116885,0,Low,1.0,Low,Contract Month-to-month | OnlineSecurity No | MonthlyCharges | PaymentMethod Mailed check | TechSupport No,0.4993 | -0.4527 | 0.3108 | -0.2269 | -0.2088,Increases churn risk | Reduces churn risk | Increases churn risk | Reduces churn risk | Reduces churn risk,Maintain regular engagement; Offer long-term contract incentive
1536-HBSWP,Female,0,No,No,1,Yes,No,DSL,No,No,No,Yes,No,No,Month-to-month,Yes,Electronic check,49.9,49.9,No,0.48941725,0,Medium,1.0,Medium,Contract Month-to-month | MonthlyCharges | tenure | TechSupport No | InternetService Fiber optic,0.6238 | -0.5802 | 0.5442 | -0.3859 | -0.2214,Increases churn risk | Reduces churn risk | Increases churn risk | Reduces churn risk | Reduces churn risk,Proactive retention communication; Offer long-term contract incentive; Provide new-customer support; Promote online security
8573-JGCZW,Male,0,No,No,17,Yes,No,No,No internet service,No internet service,No internet service,No internet service,No internet service,No internet service,One year,Yes,Bank transfer (automatic),19.65,351.55,No,0.02579241,0,Low,1.0,Low,Contract Month-to-month | OnlineSecurity No | MonthlyCharges | TechSupport No | StreamingMovies Yes,-1.2979 | -0.4753 | -0.3177 | -0.3135 | -0.2702,Reduces churn risk | Reduces churn risk | Reduces churn risk | Reduces churn risk | Reduces churn risk,Maintain regular engagement
2694-CIUMO,Female,0,No,No,12,Yes,Yes,Fiber optic,No,No,No,Yes,No,No,Month-to-month,Yes,Credit card (automatic),79.55,958.25,No,0.76534146,1,High,1.0,Critical,Contract Month-to-month | PaymentMethod Electronic check | TechSupport No | InternetService Fiber optic | OnlineSecurity No,0.6323 | -0.3783 | -0.2721 | 0.2349 | 0.1964,Increases churn risk | Reduces churn risk | Reduces churn risk | Increases churn risk | Increases churn risk,Priority retention outreach; Offer long-term contract incentive; Promote online security
2027-FECZV,Male,0,No,No,12,Yes,Yes,Fiber optic,No,Yes,Yes,No,Yes,Yes,Month-to-month,Yes,Electronic check,106.7,1253.9,Yes,0.8087474,1,High,1.0,Critical,Contract Month-to-month | TotalCharges | InternetService Fiber optic | OnlineSecurity No | OnlineBackup No,0.5446 | -0.2285 | 0.228 | 0.2257 | -0.2202,Increases churn risk | Reduces churn risk | Increases churn risk | Increases churn risk | Reduces churn risk,Immediate personal outreach; Offer long-term contract incentive; Promote online security; Offer technical support; Review pricing
9103-TCIHJ,Female,0,No,No,15,Yes,Yes,DSL,Yes,No,No,No,No,No,Month-to-month,Yes,Mailed check,55.7,899.8,Yes,0.3312669,0,Low,1.0,Low,OnlineSecurity No | Contract Month-to-month | tenure | PaymentMethod Electronic check | PaymentMethod Mailed check,-0.5498 | 0.5365 | 0.2918 | -0.2565 | -0.2539,Reduces churn risk | Increases churn risk | Increases churn risk | Reduces churn risk | Reduces churn risk,Maintain regular engagement; Offer long-term contract incentive; Offer technical support
1545-JFUML,Male,0,Yes,No,71,Yes,Yes,Fiber optic,Yes,Yes,Yes,No,Yes,No,Two year,Yes,Electronic check,99.0,6994.6,No,0.028484473,0,Low,0.0,Low,Contract Month-to-month | tenure | Contract Two year | OnlineSecurity No | TotalCharges,-1.3601 | -1.1461 | -0.6677 | -0.6358 | -0.3468,Reduces churn risk | Reduces churn risk | Reduces churn risk | Reduces churn risk | Reduces churn risk,Maintain regular engagement; Offer technical support; Review pricing
0524-IAVZO,Female,0,Yes,No,30,Yes,Yes,Fiber optic,No,No,No,No,No,Yes,Month-to-month,Yes,Electronic check,85.0,2624.25,Yes,0.6948605,1,Medium,1.0,Medium,Contract Month-to-month | tenure | OnlineSecurity No | PaymentMethod Electronic check | InternetService Fiber optic,0.6333 | -0.5775 | 0.24 | 0.2015 | 0.1795,Increases churn risk | Reduces churn risk | Increases churn risk | Increases churn risk | Increases churn risk,Proactive retention communication; Offer long-term contract incentive; Promote online security; Offer technical support; Review pricing
5519-TEEUH,Male,0,No,Yes,33,Yes,No,No,No internet service,No internet service,No internet service,No internet service,No internet service,No internet service,One year,Yes,Mailed check,20.15,682.15,No,0.01513537,0,Low,1.0,Low,Contract Month-to-month | OnlineSecurity No | tenure | StreamingMovies Yes | TechSupport No,-1.0367 | -0.5301 | -0.4635 | -0.3238 | -0.3218,Reduces churn risk | Reduces churn risk | Reduces churn risk | Reduces churn risk | Reduces churn risk,Maintain regular engagement
6654-QGBZZ,Female,0,No,No,1,Yes,No,No,No internet service,No internet service,No internet service,No internet service,No internet service,No internet service,Month-to-month,No,Mailed check,19.9,19.9,No,0.65938246,1,Medium,1.0,Medium,tenure | Contract Month-to-month | TotalCharges | OnlineSecurity No | PaperlessBilling No,1.107 | 0.6415 | 0.2975 | -0.2937 | -0.2636,Increases churn risk | Increases churn risk | Increases churn risk | Reduces churn risk | Reduces churn risk,Proactive retention communication; Offer long-term contract incentive; Provide new-customer support
2294-DMMUS,Female,0,Yes,Yes,62,Yes,Yes,DSL,No,No,No,No,Yes,Yes,Month-to-month,Yes,Credit card (automatic),70.45,4300.45,No,0.041398257,0,Low,0.0,Low,tenure | TotalCharges | PaymentMethod Electronic check | InternetService DSL | Contract Month-to-month,-1.2025 | -0.5318 | -0.4659 | -0.4264 | 0.3931,Reduces churn risk | Reduces churn risk | Reduces churn risk | Reduces churn risk | Increases churn risk,Maintain regular engagement; Offer long-term contract incentive; Promote online security; Offer technical support
0017-IUDMW,Female,0,Yes,Yes,72,Yes,Yes,Fiber optic,Yes,Yes,Yes,Yes,Yes,Yes,Two year,Yes,Credit card (automatic),116.8,8456.75,No,0.004512343,0,Low,0.0,Low,tenure | Contract Month-to-month | Contract Two year | OnlineSecurity No | Contract One year,-1.5471 | -1.1908 | -0.8386 | -0.4393 | -0.282,Reduces churn risk | Reduces churn risk | Reduces churn risk | Reduces churn risk | Reduces churn risk,Maintain regular engagement; Review pricing
5018-LXQQG,Female,0,Yes,Yes,30,Yes,No,DSL,Yes,No,No,Yes,No,Yes,Month-to-month,No,Bank transfer (automatic),66.3,1923.5,No,0.06231035,0,Low,1.0,Low,tenure | TotalCharges | PaymentMethod Electronic check | Contract Month-to-month | OnlineSecurity No,-0.495 | -0.4027 | -0.3512 | 0.3486 | -0.3297,Reduces churn risk | Reduces churn risk | Reduces churn risk | Increases churn risk | Reduces churn risk,Maintain regular engagement; Offer long-term contract incentive
5808-TOTXO,Female,0,No,Yes,3,Yes,No,No,No internet service,No internet service,No internet service,No internet service,No internet service,No internet service,One year,Yes,Credit card (automatic),20.55,57.4,No,0.025624275,0,Low,1.0,Low,Contract Month-to-month | MonthlyCharges | OnlineSecurity No | tenure | TechSupport No,-1.3326 | -0.5755 | -0.4629 | 0.3218 | -0.3111,Reduces churn risk | Reduces churn risk | Reduces churn risk | Increases churn risk | Reduces churn risk,Maintain regular engagement; Provide new-customer support
1174-FGIFN,Female,0,Yes,Yes,28,Yes,Yes,Fiber optic,No,No,No,Yes,No,Yes,One year,Yes,Electronic check,90.45,2509.25,No,0.15840325,0,Low,1.0,Low,Contract Month-to-month | tenure | TechSupport No | OnlineSecurity No | PaymentMethod Electronic check,-1.2926 | -0.3056 | -0.288 | 0.1979 | 0.1707,Reduces churn risk | Reduces churn risk | Reduces churn risk | Increases churn risk | Increases churn risk,Maintain regular engagement; Promote online security; Review pricing
0730-KOAVE,Male,0,No,No,30,Yes,Yes,Fiber optic,Yes,Yes,No,No,No,Yes,Month-to-month,Yes,Credit card (automatic),94.3,2679.7,No,0.37418243,0,Low,0.0,Low,tenure | OnlineSecurity No | Contract Month-to-month | PaymentMethod Electronic check | MonthlyCharges,-0.6091 | -0.5595 | 0.426 | -0.3764 | 0.3561,Reduces churn risk | Reduces churn risk | Increases churn risk | Reduces churn risk | Increases churn risk,Maintain regular engagement; Offer long-term contract incentive; Offer technical support; Review pricing
1218-VKFPE,Female,0,Yes,Yes,12,Yes,No,No,No internet service,No internet service,No internet service,No internet service,No internet service,No internet service,Month-to-month,No,Mailed check,19.0,233.55,Yes,0.027341783,0,Low,1.0,Low,MonthlyCharges | OnlineSecurity No | Contract Month-to-month | PaperlessBilling No | TechSupport No,-1.4955 | -0.531 | 0.4489 | -0.2815 | -0.2407,Reduces churn risk | Reduces churn risk | Increases churn risk | Reduces churn risk | Reduces churn risk,Maintain regular engagement; Offer long-term contract incentive
5313-FPXWG,Male,0,No,No,51,Yes,Yes,No,No internet service,No internet service,No internet service,No internet service,No internet service,No internet service,One year,Yes,Bank transfer (automatic),24.6,1266.4,No,0.025735112,0,Low,1.0,Low,Contract Month-to-month | tenure | OnlineSecurity No | TechSupport No | MonthlyCharges,-1.0206 | -0.654 | -0.5086 | -0.2999 | -0.2584,Reduces churn risk | Reduces churn risk | Reduces churn risk | Reduces churn risk | Reduces churn risk,Maintain regular engagement
2834-JKOOW,Female,0,No,No,15,No,No phone service,DSL,Yes,Yes,Yes,Yes,No,No,One year,No,Mailed check,45.9,693.45,No,0.056777183,0,Low,1.0,Low,Contract Month-to-month | OnlineSecurity No | StreamingMovies Yes | MonthlyCharges | TotalCharges,-1.2964 | -0.3297 | -0.3131 | -0.2676 | 0.236,Reduces churn risk | Reduces churn risk | Reduces churn risk | Reduces churn risk | Increases churn risk,Maintain regular engagement
9430-NKQLY,Male,0,Yes,Yes,72,Yes,Yes,No,No internet service,No internet service,No internet service,No internet service,No internet service,No internet service,Two year,Yes,Credit card (automatic),25.1,1790.8,No,0.0023036671,0,Low,1.0,Low,tenure | Contract Month-to-month | Contract Two year | TotalCharges | OnlineSecurity No,-1.5733 | -1.1478 | -0.6764 | -0.5456 | -0.4593,Reduces churn risk | Reduces churn risk | Reduces churn risk | Reduces churn risk | Reduces churn risk,Maintain regular engagement
0363-QJVFX,Male,0,No,No,32,Yes,Yes,Fiber optic,Yes,Yes,No,Yes,Yes,Yes,Month-to-month,Yes,Credit card (automatic),108.15,3432.9,Yes,0.087122805,0,Low,0.0,Low,tenure | OnlineSecurity No | TotalCharges | TechSupport No | Contract Month-to-month,-0.7415 | -0.6665 | -0.4409 | -0.3863 | 0.2694,Reduces churn risk | Reduces churn risk | Reduces churn risk | Reduces churn risk | Increases churn risk,Maintain regular engagement; Offer long-term contract incentive; Review pricing
1658-TJVOA,Female,1,No,No,6,Yes,No,Fiber optic,Yes,No,No,No,No,No,Month-to-month,Yes,Electronic check,74.1,450.9,No,0.6244089,1,Medium,1.0,Medium,Contract Month-to-month | OnlineSecurity No | InternetService Fiber optic | PaymentMethod Electronic check | TotalCharges,0.6024 | -0.5738 | 0.1577 | 0.1393 | 0.1286,Increases churn risk | Reduces churn risk | Increases churn risk | Increases churn risk | Increases churn risk,Proactive retention communication; Offer long-term contract incentive; Provide new-customer support; Offer technical support
6685-GBWJZ,Male,0,Yes,No,63,Yes,No,DSL,Yes,Yes,No,Yes,Yes,No,One year,No,Credit card (automatic),70.8,4448.8,No,0.04603731,0,Low,0.0,Low,tenure | Contract Month-to-month | StreamingMovies Yes | PaymentMethod Electronic check | OnlineSecurity No,-0.742 | -0.6968 | -0.3346 | -0.2558 | -0.2519,Reduces churn risk | Reduces churn risk | Reduces churn risk | Reduces churn risk | Reduces churn risk,Maintain regular engagement
6328-ZPBGN,Female,1,No,No,11,Yes,Yes,Fiber optic,No,No,No,No,Yes,Yes,Month-to-month,Yes,Bank transfer (automatic),95.15,997.65,Yes,0.94348055,1,High,1.0,Critical,Contract Month-to-month | TotalCharges | MonthlyCharges | PaymentMethod Electronic check | InternetService Fiber optic,0.6171 | 0.316 | 0.2773 | -0.2526 | 0.2444,Increases churn risk | Increases churn risk | Increases churn risk | Reduces churn risk | Increases churn risk,Immediate personal outreach; Offer long-term contract incentive; Promote online security; Offer technical support; Review pricing
4003-FUSHP,Male,0,No,No,19,Yes,No,DSL,No,No,No,Yes,Yes,No,Month-to-month,Yes,Credit card (automatic),61.55,1093.2,No,0.17592826,0,Low,1.0,Low,MonthlyCharges | TechSupport No | PaymentMethod Electronic check | Contract Month-to-month | TotalCharges,-0.5095 | -0.4223 | -0.412 | 0.3328 | 0.3138,Reduces churn risk | Reduces churn risk | Reduces churn risk | Increases churn risk | Increases churn risk,Maintain regular engagement; Offer long-term contract incentive; Promote online security
7690-KPNCU,Male,0,Yes,Yes,64,Yes,No,DSL,Yes,No,Yes,No,Yes,Yes,One year,Yes,Credit card (automatic),73.05,4688.65,No,0.07450144,0,Low,0.0,Low,Contract Month-to-month | tenure | OnlineSecurity No | PaymentMethod Electronic check | InternetService Fiber optic,-0.7198 | -0.65 | -0.291 | -0.229 | -0.2028,Reduces churn risk | Reduces churn risk | Reduces churn risk | Reduces churn risk | Reduces churn risk,Maintain regular engagement; Offer technical support
2969-WGHQO,Female,0,Yes,Yes,7,Yes,No,DSL,Yes,Yes,Yes,No,Yes,No,One year,No,Electronic check,69.45,477.05,No,0.06441768,0,Low,1.0,Low,Contract Month-to-month | MonthlyCharges | OnlineSecurity No | StreamingMovies Yes | PaperlessBilling No,-1.1737 | -0.3839 | -0.3048 | -0.2505 | -0.2058,Reduces churn risk | Reduces churn risk | Reduces churn risk | Reduces churn risk | Reduces churn risk,Maintain regular engagement; Offer technical support
1855-CFULU,Female,1,No,No,4,Yes,No,No,No internet service,No internet service,No internet service,No internet service,No internet service,No internet service,Month-to-month,No,Mailed check,20.05,91.45,No,0.33769083,0,Low,1.0,Low,Contract Month-to-month | OnlineSecurity No | SeniorCitizen | TechSupport No | MonthlyCharges,0.5175 | -0.4867 | 0.3739 | -0.3344 | -0.3042,Increases churn risk | Reduces churn risk | Increases churn risk | Reduces churn risk | Reduces churn risk,Maintain regular engagement; Offer long-term contract incentive; Provide new-customer support
9788-YTFGE,Male,0,No,No,7,Yes,No,No,No internet service,No internet service,No internet service,No internet service,No internet service,No internet service,Month-to-month,Yes,Mailed check,19.95,147.5,No,0.179298,0,Low,1.0,Low,OnlineSecurity No | Contract Month-to-month | TechSupport No | PaymentMethod Electronic check | InternetService Fiber optic,-0.5974 | 0.4751 | -0.429 | -0.2342 | -0.1975,Reduces churn risk | Increases churn risk | Reduces churn risk | Reduces churn risk | Reduces churn risk,Maintain regular engagement; Offer long-term contract incentive
8266-VBFQL,Male,0,No,No,4,Yes,No,Fiber optic,No,No,Yes,Yes,No,Yes,Month-to-month,Yes,Electronic check,90.4,356.65,No,0.5597375,1,Medium,1.0,Medium,Contract Month-to-month | TechSupport No | tenure | OnlineSecurity No | MultipleLines No,0.581 | -0.5148 | 0.3536 | 0.285 | -0.2576,Increases churn risk | Reduces churn risk | Increases churn risk | Increases churn risk | Reduces churn risk,Proactive retention communication; Offer long-term contract incentive; Provide new-customer support; Promote online security; Review pricing
2325-NBPZG,Female,0,No,No,3,Yes,No,Fiber optic,Yes,No,No,No,No,No,Month-to-month,Yes,Electronic check,74.55,233.65,No,0.56019485,1,Medium,1.0,Medium,OnlineSecurity No | Contract Month-to-month | PaymentMethod Electronic check | MonthlyCharges | MultipleLines No,-0.5992 | 0.5936 | 0.1617 | -0.1548 | -0.1349,Reduces churn risk | Increases churn risk | Increases churn risk | Reduces churn risk | Reduces churn risk,Proactive retention communication; Offer long-term contract incentive; Provide new-customer support; Offer technical support
9906-NHHVC,Female,1,No,No,65,No,No phone service,DSL,No,Yes,Yes,No,Yes,Yes,Two year,Yes,Bank transfer (automatic),53.5,3517.9,No,0.035365503,0,Low,0.0,Low,Contract Month-to-month | tenure | TotalCharges | Contract Two year | PaymentMethod Electronic check,-1.2441 | -0.5526 | -0.5336 | -0.489 | -0.332,Reduces churn risk | Reduces churn risk | Reduces churn risk | Reduces churn risk | Reduces churn risk,Maintain regular engagement; Promote online security; Offer technical support
2541-YGPKE,Male,0,Yes,Yes,42,Yes,No,DSL,Yes,No,No,Yes,No,Yes,One year,No,Credit card (automatic),63.7,2763.35,No,0.1315203,0,Low,1.0,Low,Contract Month-to-month | MonthlyCharges | OnlineSecurity No | TechSupport No | TotalCharges,-0.613 | -0.3095 | -0.2955 | -0.2665 | 0.2068,Reduces churn risk | Reduces churn risk | Reduces churn risk | Reduces churn risk | Increases churn risk,Maintain regular engagement
5049-MUBWG,Male,0,No,No,26,Yes,No,DSL,Yes,No,No,Yes,Yes,Yes,One year,No,Bank transfer (automatic),75.0,1908.35,No,0.039310355,0,Low,1.0,Low,Contract Month-to-month | OnlineSecurity No | MonthlyCharges | tenure | TotalCharges,-0.7858 | -0.371 | -0.3357 | -0.333 | -0.2438,Reduces churn risk | Reduces churn risk | Reduces churn risk | Reduces churn risk | Reduces churn risk,Maintain regular engagement
2332-TODQS,Female,0,No,No,48,Yes,Yes,No,No internet service,No internet service,No internet service,No internet service,No internet service,No internet service,One year,No,Credit card (automatic),25.05,1171.5,No,0.06025126,0,Low,1.0,Low,Contract Month-to-month | OnlineSecurity No | tenure | TechSupport No | MonthlyCharges,-1.0486 | -0.4208 | -0.3884 | -0.238 | -0.1928,Reduces churn risk | Reduces churn risk | Reduces churn risk | Reduces churn risk | Reduces churn risk,Maintain regular engagement
4419-UJMUS,Male,0,Yes,Yes,69,Yes,Yes,Fiber optic,No,No,No,Yes,Yes,Yes,Two year,Yes,Electronic check,99.35,6856.45,No,0.10066737,0,Low,0.0,Low,Contract Month-to-month | Contract Two year | tenure | TechSupport No | OnlineBackup No,-1.1451 | -0.6122 | -0.5297 | -0.3705 | 0.2988,Reduces churn risk | Reduces churn risk | Reduces churn risk | Reduces churn risk | Increases churn risk,Maintain regular engagement; Promote online security; Review pricing
2233-TXSIU,Male,0,Yes,Yes,17,No,No phone service,DSL,Yes,No,Yes,No,Yes,No,One year,No,Credit card (automatic),44.45,792.15,No,0.052242093,0,Low,1.0,Low,Contract Month-to-month | StreamingMovies Yes | PaymentMethod Electronic check | OnlineSecurity No | MonthlyCharges,-1.1771 | -0.3666 | -0.2963 | -0.2626 | -0.2233,Reduces churn risk | Reduces churn risk | Reduces churn risk | Reduces churn risk | Reduces churn risk,Maintain regular engagement; Offer technical support
6770-XUAGN,Female,0,Yes,Yes,1,Yes,No,No,No internet service,No internet service,No internet service,No internet service,No internet service,No internet service,Month-to-month,Yes,Electronic check,21.0,21.0,Yes,0.46720585,0,Medium,1.0,Medium,tenure | Contract Month-to-month | TechSupport No | OnlineSecurity No | MonthlyCharges,0.9517 | 0.5691 | -0.4447 | -0.4437 | -0.3239,Increases churn risk | Increases churn risk | Reduces churn risk | Reduces churn risk | Reduces churn risk,Proactive retention communication; Offer long-term contract incentive; Provide new-customer support
2919-HBCJO,Female,0,No,No,4,Yes,No,Fiber optic,No,Yes,No,No,No,No,Month-to-month,Yes,Bank transfer (automatic),76.65,333.6,Yes,0.7756108,1,High,1.0,Critical,Contract Month-to-month | tenure | PaymentMethod Electronic check | OnlineSecurity No | InternetService Fiber optic,0.6827 | 0.5068 | -0.2987 | 0.2503 | 0.2008,Increases churn risk | Increases churn risk | Reduces churn risk | Increases churn risk | Increases churn risk,Priority retention outreach; Offer long-term contract incentive; Provide new-customer support; Promote online security; Offer technical support
9508-ILZDG,Female,1,No,No,34,Yes,Yes,Fiber optic,No,Yes,No,Yes,Yes,No,Month-to-month,Yes,Electronic check,96.35,3190.25,No,0.46173447,0,Medium,0.0,Medium,tenure | Contract Month-to-month | TechSupport No | OnlineBackup No | TotalCharges,-0.6529 | 0.4989 | -0.3866 | -0.3492 | -0.3103,Reduces churn risk | Increases churn risk | Reduces churn risk | Reduces churn risk | Reduces churn risk,Proactive retention communication; Offer long-term contract incentive; Promote online security; Review pricing
5442-BHQNG,Female,0,No,No,2,Yes,No,Fiber optic,No,No,No,No,No,No,Month-to-month,No,Electronic check,70.35,139.25,No,0.70199764,1,High,1.0,Critical,Contract Month-to-month | PaperlessBilling No | OnlineSecurity No | TotalCharges | OnlineBackup No,0.6467 | -0.2948 | 0.2324 | 0.1929 | 0.133,Increases churn risk | Reduces churn risk | Increases churn risk | Increases churn risk | Increases churn risk,Priority retention outreach; Offer long-term contract incentive; Provide new-customer support; Promote online security; Offer technical support
7250-EQKIY,Female,0,Yes,Yes,1,Yes,No,DSL,No,No,Yes,No,No,No,Month-to-month,No,Mailed check,50.45,50.45,Yes,0.6966973,1,Medium,1.0,Medium,tenure | Contract Month-to-month | PaymentMethod Electronic check | InternetService Fiber optic | MonthlyCharges,1.0304 | 0.595 | -0.2653 | -0.232 | -0.2185,Increases churn risk | Increases churn risk | Reduces churn risk | Reduces churn risk | Reduces churn risk,Proactive retention communication; Offer long-term contract incentive; Provide new-customer support; Promote online security; Offer technical support
6838-HVLXG,Female,0,No,No,12,Yes,No,No,No internet service,No internet service,No internet service,No internet service,No internet service,No internet service,Month-to-month,No,Mailed check,20.3,246.7,No,0.12353595,0,Low,1.0,Low,Contract Month-to-month | OnlineSecurity No | MonthlyCharges | TechSupport No | PaymentMethod Mailed check,0.4836 | -0.4833 | -0.3171 | -0.2251 | -0.2231,Increases churn risk | Reduces churn risk | Reduces churn risk | Reduces churn risk | Reduces churn risk,Maintain regular engagement; Offer long-term contract incentive
9767-FFLEM,Male,0,No,No,38,Yes,No,Fiber optic,No,No,No,No,No,No,Month-to-month,Yes,Credit card (automatic),69.5,2625.25,No,0.31300247,0,Low,1.0,Low,Contract Month-to-month | PaymentMethod Electronic check | gender Female | tenure | MonthlyCharges,0.5239 | -0.4801 | -0.2545 | -0.2538 | -0.2496,Increases churn risk | Reduces churn risk | Reduces churn risk | Reduces churn risk | Reduces churn risk,Maintain regular engagement; Offer long-term contract incentive; Promote online security; Offer technical support
2245-ADZFJ,Female,0,Yes,Yes,31,Yes,Yes,DSL,No,Yes,No,Yes,Yes,Yes,Two year,No,Bank transfer (automatic),80.55,2471.6,No,0.014541167,0,Low,1.0,Low,Contract Month-to-month | Contract Two year | tenure | MonthlyCharges | Contract One year,-1.0325 | -0.8692 | -0.2628 | -0.2549 | -0.241,Reduces churn risk | Reduces churn risk | Reduces churn risk | Reduces churn risk | Reduces churn risk,Maintain regular engagement; Promote online security; Review pricing
1150-WFARN,Female,0,Yes,Yes,67,Yes,Yes,Fiber optic,Yes,No,Yes,Yes,Yes,Yes,Two year,Yes,Credit card (automatic),108.75,7156.2,Yes,0.0723637,0,Low,0.0,Low,Contract Month-to-month | MonthlyCharges | Dependents No | OnlineSecurity No | Contract Two year,-0.908 | 0.4053 | -0.3627 | -0.3197 | -0.3066,Reduces churn risk | Increases churn risk | Reduces churn risk | Reduces churn risk | Reduces churn risk,Maintain regular engagement; Review pricing
9054-FOWNV,Male,0,Yes,Yes,22,Yes,Yes,Fiber optic,No,No,Yes,No,Yes,No,Month-to-month,Yes,Electronic check,88.75,1885.15,No,0.7500104,1,High,1.0,Critical,Contract Month-to-month | PaymentMethod Electronic check | TotalCharges | OnlineSecurity No | InternetService Fiber optic,0.6182 | 0.3423 | -0.2934 | 0.2009 | 0.1864,Increases churn risk | Increases churn risk | Reduces churn risk | Increases churn risk | Increases churn risk,Priority retention outreach; Offer long-term contract incentive; Promote online security; Offer technical support; Review pricing
7997-EASSD,Female,0,Yes,No,63,Yes,Yes,Fiber optic,No,No,No,Yes,No,No,One year,Yes,Credit card (automatic),81.2,4965.1,No,0.016057389,0,Low,0.0,Low,tenure | Contract Month-to-month | TotalCharges | StreamingMovies Yes | PaymentMethod Electronic check,-1.2128 | -1.0881 | -0.4967 | -0.3924 | -0.3609,Reduces churn risk | Reduces churn risk | Reduces churn risk | Reduces churn risk | Reduces churn risk,Maintain regular engagement; Promote online security; Review pricing
7560-QJAVJ,Female,0,No,No,70,Yes,No,DSL,Yes,No,Yes,Yes,Yes,Yes,Two year,No,Bank transfer (automatic),79.6,5589.45,No,0.013263712,0,Low,0.0,Low,Contract Month-to-month | tenure | Contract Two year | OnlineSecurity No | MonthlyCharges,-0.9346 | -0.5917 | -0.5113 | -0.3276 | -0.3126,Reduces churn risk | Reduces churn risk | Reduces churn risk | Reduces churn risk | Reduces churn risk,Maintain regular engagement
2668-TZSPS,Male,0,No,No,1,Yes,No,No,No internet service,No internet service,No internet service,No internet service,No internet service,No internet service,Month-to-month,No,Mailed check,20.45,20.45,No,0.5590056,1,Medium,1.0,Medium,tenure | Contract Month-to-month | MonthlyCharges | OnlineSecurity No | TechSupport No,1.1344 | 0.6036 | -0.4334 | -0.351 | -0.3384,Increases churn risk | Increases churn risk | Reduces churn risk | Reduces churn risk | Reduces churn risk,Proactive retention communication; Offer long-term contract incentive; Provide new-customer support
9139-WQQDY,Female,0,Yes,Yes,49,Yes,Yes,Fiber optic,No,Yes,No,No,Yes,Yes,One year,No,Mailed check,100.45,4941.8,Yes,0.064393155,0,Low,0.0,Low,Contract Month-to-month | TotalCharges | tenure | PaperlessBilling No | gender Female,-1.0801 | -0.4512 | -0.4402 | -0.3483 | -0.2143,Reduces churn risk | Reduces churn risk | Reduces churn risk | Reduces churn risk | Reduces churn risk,Maintain regular engagement; Promote online security; Offer technical support; Review pricing
6726-NNFWD,Female,1,Yes,No,71,Yes,No,Fiber optic,No,Yes,Yes,No,No,Yes,Two year,No,Credit card (automatic),89.45,6435.25,No,0.01582263,0,Low,0.0,Low,tenure | Contract Month-to-month | Contract Two year | TotalCharges | OnlineSecurity No,-1.0904 | -1.0822 | -0.5827 | -0.2604 | 0.2301,Reduces churn risk | Reduces churn risk | Reduces churn risk | Reduces churn risk | Increases churn risk,Maintain regular engagement; Promote online security; Offer technical support; Review pricing
9330-DHBFL,Female,0,Yes,Yes,23,Yes,No,DSL,Yes,Yes,Yes,Yes,No,No,One year,Yes,Mailed check,66.25,1533.8,No,0.081909746,0,Low,1.0,Low,Contract Month-to-month | OnlineSecurity No | StreamingMovies Yes | TechSupport No | PaymentMethod Electronic check,-1.0268 | -0.356 | -0.3279 | -0.2403 | -0.2376,Reduces churn risk | Reduces churn risk | Reduces churn risk | Reduces churn risk | Reduces churn risk,Maintain regular engagement
5727-MYATE,Male,0,Yes,Yes,72,Yes,Yes,DSL,Yes,Yes,Yes,Yes,Yes,Yes,Two year,Yes,Credit card (automatic),90.8,6397.6,No,0.0022471352,0,Low,0.0,Low,tenure | Contract Month-to-month | Contract Two year | OnlineSecurity No | TechSupport No,-1.5345 | -0.9833 | -0.8288 | -0.4201 | -0.3712,Reduces churn risk | Reduces churn risk | Reduces churn risk | Reduces churn risk | Reduces churn risk,Maintain regular engagement; Review pricing
2824-DXNKN,Female,0,Yes,Yes,72,Yes,Yes,DSL,Yes,No,Yes,No,Yes,No,Two year,Yes,Bank transfer (automatic),71.45,5025.85,No,0.0069161546,0,Low,0.0,Low,tenure | Contract Month-to-month | Contract Two year | OnlineSecurity No | MonthlyCharges,-1.5999 | -1.1591 | -0.4821 | -0.4802 | -0.2936,Reduces churn risk | Reduces churn risk | Reduces churn risk | Reduces churn risk | Reduces churn risk,Maintain regular engagement; Offer technical support
6166-ILMNY,Female,0,No,No,2,Yes,No,Fiber optic,No,No,No,No,No,No,Month-to-month,No,Bank transfer (automatic),69.75,144.55,Yes,0.643993,1,Medium,1.0,Medium,Contract Month-to-month | tenure | MonthlyCharges | PaperlessBilling No | TotalCharges,0.6286 | 0.2997 | -0.2903 | -0.2881 | 0.2628,Increases churn risk | Increases churn risk | Reduces churn risk | Reduces churn risk | Increases churn risk,Proactive retention communication; Offer long-term contract incentive; Provide new-customer support; Promote online security; Offer technical support
5236-XMZJY,Female,0,No,No,42,Yes,No,DSL,Yes,Yes,Yes,No,No,No,Month-to-month,No,Bank transfer (automatic),59.65,2536.55,No,0.14089282,0,Low,1.0,Low,Contract Month-to-month | OnlineSecurity No | tenure | InternetService Fiber optic | PaperlessBilling No,0.4204 | -0.3373 | -0.2894 | -0.2412 | -0.234,Increases churn risk | Reduces churn risk | Reduces churn risk | Reduces churn risk | Reduces churn risk,Maintain regular engagement; Offer long-term contract incentive; Offer technical support
1709-EJDOX,Female,0,Yes,Yes,47,Yes,No,No,No internet service,No internet service,No internet service,No internet service,No internet service,No internet service,Two year,No,Mailed check,19.75,948.9,No,0.005335373,0,Low,1.0,Low,Contract Month-to-month | Contract Two year | tenure | OnlineSecurity No | PaperlessBilling No,-1.2372 | -0.8941 | -0.5461 | -0.4178 | -0.2751,Reduces churn risk | Reduces churn risk | Reduces churn risk | Reduces churn risk | Reduces churn risk,Maintain regular engagement
4962-CHQPW,Male,0,No,Yes,29,Yes,No,No,No internet service,No internet service,No internet service,No internet service,No internet service,No internet service,One year,No,Mailed check,19.85,535.05,No,0.0055626403,0,Low,1.0,Low,Contract Month-to-month | tenure | OnlineSecurity No | TechSupport No | MonthlyCharges,-1.0613 | -0.6205 | -0.4818 | -0.3069 | -0.2753,Reduces churn risk | Reduces churn risk | Reduces churn risk | Reduces churn risk | Reduces churn risk,Maintain regular engagement
0301-FIDRB,Female,0,Yes,Yes,72,No,No phone service,DSL,Yes,Yes,Yes,Yes,Yes,Yes,Two year,Yes,Bank transfer (automatic),63.8,4684.3,No,0.003465519,0,Low,0.0,Low,tenure | Contract Month-to-month | Contract Two year | MonthlyCharges | OnlineSecurity No,-1.4862 | -1.0829 | -0.7227 | -0.4334 | -0.3812,Reduces churn risk | Reduces churn risk | Reduces churn risk | Reduces churn risk | Reduces churn risk,Maintain regular engagement
1820-TQVEV,Male,0,No,No,1,Yes,No,Fiber optic,No,No,No,No,No,No,Month-to-month,Yes,Electronic check,69.55,69.55,Yes,0.9743158,1,High,1.0,Critical,tenure | TotalCharges | Contract Month-to-month | OnlineSecurity No | InternetService Fiber optic,1.118 | 0.8386 | 0.738 | 0.2655 | 0.2467,Increases churn risk | Increases churn risk | Increases churn risk | Increases churn risk | Increases churn risk,Immediate personal outreach; Offer long-term contract incentive; Provide new-customer support; Promote online security; Offer technical support
9115-YQHGA,Male,0,No,No,40,Yes,No,DSL,No,No,No,Yes,No,No,Month-to-month,Yes,Electronic check,51.1,2092.9,No,0.14771557,0,Low,1.0,Low,tenure | Contract Month-to-month | TechSupport No | TotalCharges | InternetService Fiber optic,-0.6391 | 0.438 | -0.4314 | -0.3992 | -0.3241,Reduces churn risk | Increases churn risk | Reduces churn risk | Reduces churn risk | Reduces churn risk,Maintain regular engagement; Offer long-term contract incentive; Promote online security
1541-ETJZO,Male,0,No,No,1,Yes,Yes,DSL,No,No,Yes,Yes,No,No,Month-to-month,No,Mailed check,62.05,62.05,Yes,0.3532546,0,Low,1.0,Low,tenure | TechSupport No | Contract Month-to-month | MonthlyCharges | TotalCharges,0.765 | -0.5485 | 0.4971 | -0.4806 | 0.4429,Increases churn risk | Reduces churn risk | Increases churn risk | Reduces churn risk | Increases churn risk,Maintain regular engagement; Offer long-term contract incentive; Provide new-customer support; Promote online security
6230-BSUXY,Female,1,No,No,1,Yes,No,Fiber optic,No,No,Yes,No,No,Yes,Month-to-month,Yes,Electronic check,85.0,85.0,Yes,0.9418306,1,High,1.0,Critical,tenure | Contract Month-to-month | MultipleLines No | OnlineSecurity No | TechSupport No,1.3343 | 0.731 | -0.292 | 0.2126 | 0.1694,Increases churn risk | Increases churn risk | Reduces churn risk | Increases churn risk | Increases churn risk,Immediate personal outreach; Offer long-term contract incentive; Provide new-customer support; Promote online security; Offer technical support; Review pricing
6797-LNAQX,Male,0,Yes,Yes,70,Yes,Yes,Fiber optic,No,Yes,No,No,Yes,Yes,Two year,No,Bank transfer (automatic),98.3,6859.5,Yes,0.04854851,0,Low,0.0,Low,Contract Month-to-month | Contract Two year | PaperlessBilling No | tenure | TotalCharges,-1.1158 | -0.5187 | -0.399 | -0.3939 | -0.3699,Reduces churn risk | Reduces churn risk | Reduces churn risk | Reduces churn risk | Reduces churn risk,Maintain regular engagement; Promote online security; Offer technical support; Review pricing
9588-YRFHY,Male,0,No,No,49,Yes,No,No,No internet service,No internet service,No internet service,No internet service,No internet service,No internet service,Two year,Yes,Credit card (automatic),19.9,1022.6,No,0.00813456,0,Low,1.0,Low,Contract Month-to-month | Contract Two year | tenure | MonthlyCharges | OnlineSecurity No,-1.1761 | -0.5954 | -0.5321 | -0.4095 | -0.3977,Reduces churn risk | Reduces churn risk | Reduces churn risk | Reduces churn risk | Reduces churn risk,Maintain regular engagement
1092-GANHU,Male,0,No,No,17,Yes,No,Fiber optic,No,No,Yes,No,No,No,Month-to-month,Yes,Electronic check,76.65,1313.55,Yes,0.34232113,0,Low,1.0,Low,Contract Month-to-month | TotalCharges | tenure | MonthlyCharges | MultipleLines No,0.6184 | -0.5231 | -0.284 | -0.2399 | -0.234,Increases churn risk | Reduces churn risk | Reduces churn risk | Reduces churn risk | Reduces churn risk,Maintain regular engagement; Offer long-term contract incentive; Promote online security; Offer technical support
5951-AOFIH,Male,0,No,No,33,Yes,No,DSL,No,Yes,Yes,No,Yes,No,Month-to-month,Yes,Credit card (automatic),66.4,2245.4,No,0.14981814,0,Low,1.0,Low,tenure | Contract Month-to-month | MonthlyCharges | PaymentMethod Electronic check | InternetService Fiber optic,-0.4817 | 0.3975 | -0.3667 | -0.3271 | -0.3032,Reduces churn risk | Increases churn risk | Reduces churn risk | Reduces churn risk | Reduces churn risk,Maintain regular engagement; Offer long-term contract incentive; Promote online security; Offer technical support
7029-RPUAV,Male,1,Yes,No,17,Yes,Yes,Fiber optic,No,No,Yes,No,Yes,Yes,Month-to-month,Yes,Credit card (automatic),100.45,1622.45,Yes,0.70559573,1,High,1.0,Critical,Contract Month-to-month | TotalCharges | PaymentMethod Electronic check | MonthlyCharges | tenure,0.575 | -0.4083 | -0.367 | 0.3391 | -0.2434,Increases churn risk | Reduces churn risk | Reduces churn risk | Increases churn risk | Reduces churn risk,Priority retention outreach; Offer long-term contract incentive; Promote online security; Offer technical support; Review pricing
4700-UBQMV,Male,0,Yes,Yes,21,Yes,Yes,DSL,Yes,No,No,No,Yes,Yes,One year,Yes,Bank transfer (automatic),75.9,1549.75,No,0.14377911,0,Low,1.0,Low,Contract Month-to-month | OnlineSecurity No | TotalCharges | MonthlyCharges | PaymentMethod Electronic check,-0.8634 | -0.4407 | -0.3575 | -0.3345 | -0.2635,Reduces churn risk | Reduces churn risk | Reduces churn risk | Reduces churn risk | Reduces churn risk,Maintain regular engagement; Offer technical support
3594-UVONA,Female,0,No,No,35,Yes,Yes,DSL,Yes,No,Yes,Yes,Yes,Yes,One year,Yes,Credit card (automatic),85.95,3110.1,Yes,0.047201503,0,Low,0.0,Low,Contract Month-to-month | tenure | OnlineSecurity No | PaymentMethod Electronic check | MonthlyCharges,-0.9087 | -0.5227 | -0.3989 | -0.2641 | -0.2512,Reduces churn risk | Reduces churn risk | Reduces churn risk | Reduces churn risk | Reduces churn risk,Maintain regular engagement; Review pricing
7750-EYXWZ,Female,0,No,No,12,No,No phone service,DSL,No,Yes,Yes,Yes,Yes,Yes,One year,No,Electronic check,60.65,743.3,No,0.057313602,0,Low,1.0,Low,Contract Month-to-month | MonthlyCharges | PaperlessBilling No | TechSupport No | InternetService Fiber optic,-1.0422 | -0.4466 | -0.3048 | -0.2455 | -0.1834,Reduces churn risk | Reduces churn risk | Reduces churn risk | Reduces churn risk | Reduces churn risk,Maintain regular engagement; Promote online security
7054-ENNGU,Female,0,Yes,No,9,Yes,No,DSL,No,Yes,No,No,No,No,Month-to-month,No,Mailed check,50.85,466.6,No,0.11251803,0,Low,1.0,Low,Contract Month-to-month | OnlineBackup No | MonthlyCharges | PaymentMethod Electronic check | InternetService DSL,0.4358 | -0.3259 | -0.279 | -0.264 | -0.2102,Increases churn risk | Reduces churn risk | Reduces churn risk | Reduces churn risk | Reduces churn risk,Maintain regular engagement; Offer long-term contract incentive; Promote online security; Offer technical support
0402-OAMEN,Female,0,Yes,Yes,72,Yes,Yes,No,No internet service,No internet service,No internet service,No internet service,No internet service,No internet service,Two year,No,Bank transfer (automatic),24.45,1709.1,No,0.0012823029,0,Low,1.0,Low,tenure | Contract Month-to-month | Contract Two year | TotalCharges | OnlineSecurity No,-1.6615 | -1.2334 | -0.812 | -0.5876 | -0.4435,Reduces churn risk | Reduces churn risk | Reduces churn risk | Reduces churn risk | Reduces churn risk,Maintain regular engagement
2195-VVRJF,Male,1,Yes,No,18,Yes,No,DSL,Yes,No,No,No,No,Yes,Month-to-month,Yes,Credit card (automatic),59.1,1011.05,No,0.1408516,0,Low,1.0,Low,Contract Month-to-month | MonthlyCharges | PaymentMethod Electronic check | OnlineSecurity No | InternetService Fiber optic,0.4143 | -0.365 | -0.3136 | -0.3027 | -0.2535,Increases churn risk | Reduces churn risk | Reduces churn risk | Reduces churn risk | Reduces churn risk,Maintain regular engagement; Offer long-term contract incentive; Offer technical support
8819-ZBYNA,Female,0,Yes,No,58,Yes,Yes,Fiber optic,Yes,Yes,No,Yes,Yes,Yes,Two year,Yes,Credit card (automatic),109.1,6393.65,No,0.2284516,0,Low,0.0,Low,MonthlyCharges | Contract Month-to-month | Contract Two year | OnlineSecurity No | TechSupport No,0.689 | -0.648 | -0.5481 | -0.2855 | -0.2336,Increases churn risk | Reduces churn risk | Reduces churn risk | Reduces churn risk | Reduces churn risk,Maintain regular engagement; Review pricing
7748-UMTRK,Female,1,No,Yes,30,Yes,Yes,Fiber optic,No,No,No,Yes,Yes,Yes,Month-to-month,Yes,Electronic check,101.3,2974.5,No,0.6168336,1,Medium,0.0,Medium,Contract Month-to-month | tenure | TechSupport No | OnlineSecurity No | Dependents No,0.5065 | -0.4234 | -0.2904 | 0.2298 | -0.227,Increases churn risk | Reduces churn risk | Reduces churn risk | Increases churn risk | Reduces churn risk,Proactive retention communication; Offer long-term contract incentive; Promote online security; Review pricing
1741-WTPON,Male,0,Yes,Yes,56,Yes,Yes,Fiber optic,Yes,Yes,Yes,Yes,Yes,Yes,Two year,No,Mailed check,115.85,6567.9,No,0.032566976,0,Low,0.0,Low,Contract Month-to-month | Contract Two year | OnlineSecurity No | Dependents No | PaymentMethod Mailed check,-0.8867 | -0.5653 | -0.3535 | -0.3244 | -0.2928,Reduces churn risk | Reduces churn risk | Reduces churn risk | Reduces churn risk | Reduces churn risk,Maintain regular engagement; Review pricing
7209-JCUDS,Male,0,No,No,10,Yes,No,Fiber optic,No,No,Yes,No,Yes,Yes,Month-to-month,Yes,Electronic check,94.9,1048.85,Yes,0.83058685,1,High,1.0,Critical,Contract Month-to-month | MultipleLines No | TotalCharges | tenure | InternetService Fiber optic,0.5597 | -0.3329 | 0.3269 | 0.2568 | 0.2022,Increases churn risk | Reduces churn risk | Increases churn risk | Increases churn risk | Increases churn risk,Immediate personal outreach; Offer long-term contract incentive; Promote online security; Offer technical support; Review pricing
2485-ITVKB,Female,0,Yes,No,2,No,No phone service,DSL,No,No,No,No,No,Yes,Month-to-month,Yes,Electronic check,35.1,68.75,Yes,0.7530706,1,High,1.0,Critical,Contract Month-to-month | TotalCharges | Partner No | tenure | InternetService Fiber optic,0.6043 | 0.4448 | -0.2849 | 0.2816 | -0.2565,Increases churn risk | Increases churn risk | Reduces churn risk | Increases churn risk | Reduces churn risk,Priority retention outreach; Offer long-term contract incentive; Provide new-customer support; Promote online security; Offer technical support
9648-BCHKM,Female,0,Yes,Yes,18,Yes,Yes,No,No internet service,No internet service,No internet service,No internet service,No internet service,No internet service,Two year,Yes,Credit card (automatic),24.65,471.35,No,0.036585446,0,Low,1.0,Low,Contract Month-to-month | Contract Two year | OnlineSecurity No | TechSupport No | MultipleLines Yes,-1.2529 | -0.6724 | -0.4018 | -0.283 | 0.1997,Reduces churn risk | Reduces churn risk | Reduces churn risk | Reduces churn risk | Increases churn risk,Maintain regular engagement
0743-HRVFF,Female,0,Yes,Yes,51,No,No phone service,DSL,No,No,Yes,Yes,Yes,Yes,One year,Yes,Electronic check,56.15,2898.95,No,0.08225438,0,Low,0.0,Low,Contract Month-to-month | tenure | TechSupport No | PaymentMethod Electronic check | MonthlyCharges,-0.96 | -0.724 | -0.4213 | 0.286 | -0.2054,Reduces churn risk | Reduces churn risk | Reduces churn risk | Increases churn risk | Reduces churn risk,Maintain regular engagement; Promote online security
2522-AHJXR,Male,0,Yes,No,60,Yes,Yes,Fiber optic,Yes,No,Yes,Yes,Yes,Yes,Month-to-month,Yes,Bank transfer (automatic),109.45,6572.85,No,0.11281962,0,Low,0.0,Low,tenure | OnlineSecurity No | TechSupport No | TotalCharges | PaymentMethod Electronic check,-1.4749 | -0.6196 | -0.3344 | -0.3065 | -0.2878,Reduces churn risk | Reduces churn risk | Reduces churn risk | Reduces churn risk | Reduces churn risk,Maintain regular engagement; Offer long-term contract incentive; Review pricing
9143-CANJF,Female,0,Yes,Yes,24,Yes,No,DSL,Yes,No,No,Yes,No,No,Month-to-month,No,Electronic check,55.15,1319.85,No,0.23092578,0,Low,1.0,Low,Contract Month-to-month | OnlineSecurity No | TotalCharges | tenure | PaymentMethod Electronic check,0.4199 | -0.3767 | -0.3126 | -0.3089 | 0.242,Increases churn risk | Reduces churn risk | Reduces churn risk | Reduces churn risk | Increases churn risk,Maintain regular engagement; Offer long-term contract incentive
1444-VVSGW,Male,0,Yes,No,70,Yes,Yes,Fiber optic,Yes,Yes,Yes,Yes,Yes,Yes,One year,No,Credit card (automatic),115.65,7968.85,Yes,0.35965168,0,Low,0.0,Low,Contract Month-to-month | OnlineSecurity No | tenure | MonthlyCharges | PaymentMethod Electronic check,-0.579 | -0.3591 | -0.294 | 0.2791 | -0.203,Reduces churn risk | Reduces churn risk | Reduces churn risk | Increases churn risk | Reduces churn risk,Maintain regular engagement; Review pricing
6898-MDLZW,Male,0,No,No,12,Yes,No,DSL,No,Yes,No,Yes,No,No,Month-to-month,Yes,Mailed check,53.75,648.65,No,0.24529889,0,Low,1.0,Low,Contract Month-to-month | TechSupport No | OnlineBackup No | InternetService DSL | InternetService Fiber optic,0.4271 | -0.2499 | -0.2325 | -0.2278 | -0.2199,Increases churn risk | Reduces churn risk | Reduces churn risk | Reduces churn risk | Reduces churn risk,Maintain regular engagement; Offer long-term contract incentive; Promote online security
0074-HDKDG,Male,0,Yes,Yes,25,Yes,No,DSL,Yes,Yes,Yes,No,No,No,One year,Yes,Bank transfer (automatic),61.6,1611.0,No,0.0687919,0,Low,1.0,Low,Contract Month-to-month | StreamingMovies Yes | OnlineSecurity No | MonthlyCharges | PaymentMethod Electronic check,-1.0588 | -0.3519 | -0.332 | -0.2787 | -0.242,Reduces churn risk | Reduces churn risk | Reduces churn risk | Reduces churn risk | Reduces churn risk,Maintain regular engagement; Offer technical support
3982-JGSFD,Male,0,No,No,36,Yes,No,No,No internet service,No internet service,No internet service,No internet service,No internet service,No internet service,One year,Yes,Credit card (automatic),20.35,695.85,No,0.00394613,0,Low,1.0,Low,Contract Month-to-month | MonthlyCharges | tenure | OnlineSecurity No | TechSupport No,-1.0842 | -0.934 | -0.6493 | -0.5089 | -0.2934,Reduces churn risk | Reduces churn risk | Reduces churn risk | Reduces churn risk | Reduces churn risk,Maintain regular engagement
7928-VJYAB,Male,0,Yes,Yes,11,Yes,No,Fiber optic,No,No,No,No,Yes,Yes,Month-to-month,No,Electronic check,90.6,1020.2,No,0.6893891,1,Medium,1.0,Medium,Contract Month-to-month | PaperlessBilling No | Dependents No | MonthlyCharges | OnlineSecurity No,0.5404 | -0.2388 | -0.1988 | 0.1823 | 0.1748,Increases churn risk | Reduces churn risk | Reduces churn risk | Increases churn risk | Increases churn risk,Proactive retention communication; Offer long-term contract incentive; Promote online security; Offer technical support; Review pricing
1522-VVDMG,Male,0,Yes,Yes,7,Yes,No,Fiber optic,No,Yes,No,Yes,Yes,No,Month-to-month,Yes,Electronic check,89.75,608.8,Yes,0.62459743,1,Medium,1.0,Medium,Contract Month-to-month | TechSupport No | tenure | InternetService Fiber optic | OnlineBackup No,0.5661 | -0.439 | 0.3763 | 0.2516 | -0.2348,Increases churn risk | Reduces churn risk | Increases churn risk | Increases churn risk | Reduces churn risk,Proactive retention communication; Offer long-term contract incentive; Promote online security; Review pricing
2665-NPTGL,Female,1,Yes,No,26,Yes,Yes,Fiber optic,No,No,Yes,No,Yes,Yes,Month-to-month,Yes,Bank transfer (automatic),98.1,2510.7,No,0.84989315,1,High,1.0,Critical,Contract Month-to-month | MonthlyCharges | PaymentMethod Electronic check | tenure | InternetService Fiber optic,0.6129 | 0.564 | -0.3645 | -0.3421 | 0.2511,Increases churn risk | Increases churn risk | Reduces churn risk | Reduces churn risk | Increases churn risk,Immediate personal outreach; Offer long-term contract incentive; Promote online security; Offer technical support; Review pricing
8728-SKJLR,Male,0,No,No,41,Yes,No,Fiber optic,No,No,No,Yes,No,No,Month-to-month,Yes,Electronic check,74.25,3089.1,No,0.54546416,1,Medium,0.0,Medium,Contract Month-to-month | TechSupport No | tenure | PaymentMethod Electronic check | MultipleLines No,0.532 | -0.4097 | -0.3729 | 0.3066 | -0.1891,Increases churn risk | Reduces churn risk | Reduces churn risk | Increases churn risk | Reduces churn risk,Proactive retention communication; Offer long-term contract incentive; Promote online security
7733-UDMTP,Female,1,No,No,57,No,No phone service,DSL,No,Yes,Yes,No,Yes,Yes,Month-to-month,Yes,Electronic check,55.0,3094.05,No,0.51323384,1,Medium,0.0,Medium,tenure | Contract Month-to-month | OnlineSecurity No | OnlineBackup No | InternetService DSL,-0.5717 | 0.4601 | 0.2212 | -0.2161 | -0.2063,Reduces churn risk | Increases churn risk | Increases churn risk | Reduces churn risk | Reduces churn risk,Proactive retention communication; Offer long-term contract incentive; Promote online security; Offer technical support
0431-APWVY,Female,0,Yes,Yes,28,Yes,No,Fiber optic,No,No,No,No,Yes,Yes,One year,Yes,Bank transfer (automatic),90.1,2598.95,Yes,0.1842789,0,Low,1.0,Low,Contract Month-to-month | tenure | PaymentMethod Electronic check | StreamingMovies Yes | OnlineSecurity No,-1.1961 | -0.3466 | -0.1868 | 0.1699 | 0.1546,Reduces churn risk | Reduces churn risk | Reduces churn risk | Increases churn risk | Increases churn risk,Maintain regular engagement; Promote online security; Offer technical support; Review pricing
5081-NWSUP,Female,0,No,No,10,Yes,No,DSL,No,Yes,No,Yes,No,Yes,One year,No,Mailed check,64.9,685.55,No,0.07428537,0,Low,1.0,Low,Contract Month-to-month | MonthlyCharges | OnlineSecurity No | TechSupport No | PaperlessBilling No,-0.9702 | -0.3232 | 0.229 | -0.2123 | -0.1734,Reduces churn risk | Reduces churn risk | Increases churn risk | Reduces churn risk | Reduces churn risk,Maintain regular engagement; Promote online security
2746-DIJLO,Female,0,No,No,41,Yes,Yes,DSL,No,Yes,No,No,No,No,One year,Yes,Credit card (automatic),56.3,2364.0,No,0.17539734,0,Low,1.0,Low,Contract Month-to-month | StreamingMovies Yes | OnlineSecurity No | TotalCharges | InternetService Fiber optic,-1.2078 | -0.3032 | 0.2172 | 0.2031 | -0.189,Reduces churn risk | Reduces churn risk | Increases churn risk | Increases churn risk | Reduces churn risk,Maintain regular engagement; Promote online security; Offer technical support
7277-OZCGZ,Female,0,No,No,22,Yes,No,Fiber optic,Yes,No,No,Yes,No,Yes,Month-to-month,Yes,Electronic check,89.05,1886.25,No,0.20428593,0,Low,1.0,Low,OnlineSecurity No | MonthlyCharges | Contract Month-to-month | TechSupport No | PaymentMethod Electronic check,-0.5513 | -0.4985 | 0.4801 | -0.3852 | 0.1893,Reduces churn risk | Reduces churn risk | Increases churn risk | Reduces churn risk | Increases churn risk,Maintain regular engagement; Offer long-term contract incentive; Review pricing
5236-PERKL,Female,0,No,No,57,Yes,Yes,Fiber optic,Yes,Yes,Yes,No,Yes,Yes,Two year,Yes,Bank transfer (automatic),112.95,6465.0,Yes,0.17172879,0,Low,0.0,Low,Contract Month-to-month | OnlineSecurity No | Contract Two year | PaymentMethod Electronic check | MonthlyCharges,-0.9246 | -0.419 | -0.3525 | -0.2045 | 0.1961,Reduces churn risk | Reduces churn risk | Reduces churn risk | Reduces churn risk | Increases churn risk,Maintain regular engagement; Offer technical support; Review pricing
2788-CJQAQ,Male,0,No,No,13,Yes,No,No,No internet service,No internet service,No internet service,No internet service,No internet service,No internet service,One year,No,Mailed check,19.45,270.2,No,0.007365456,0,Low,1.0,Low,Contract Month-to-month | MonthlyCharges | OnlineSecurity No | tenure | TechSupport No,-1.2577 | -0.6386 | -0.4822 | -0.298 | -0.2293,Reduces churn risk | Reduces churn risk | Reduces churn risk | Reduces churn risk | Reduces churn risk,Maintain regular engagement
3096-WPXBT,Female,0,Yes,Yes,61,Yes,Yes,Fiber optic,Yes,Yes,Yes,No,No,Yes,One year,Yes,Credit card (automatic),100.7,6018.65,No,0.05620063,0,Low,0.0,Low,tenure | Contract Month-to-month | OnlineSecurity No | PaymentMethod Electronic check | TotalCharges,-1.0831 | -0.9718 | -0.3009 | -0.2467 | -0.2227,Reduces churn risk | Reduces churn risk | Reduces churn risk | Reduces churn risk | Reduces churn risk,Maintain regular engagement; Offer technical support; Review pricing
9962-BFPDU,Female,0,Yes,Yes,1,Yes,No,No,No internet service,No internet service,No internet service,No internet service,No internet service,No internet service,Month-to-month,No,Mailed check,20.05,20.05,No,0.667376,1,Medium,1.0,Medium,tenure | Contract Month-to-month | TotalCharges | OnlineSecurity No | PaperlessBilling No,1.0633 | 0.6215 | 0.3286 | -0.3135 | -0.2434,Increases churn risk | Increases churn risk | Increases churn risk | Reduces churn risk | Reduces churn risk,Proactive retention communication; Offer long-term contract incentive; Provide new-customer support
2892-GESUL,Female,0,Yes,Yes,18,Yes,No,No,No internet service,No internet service,No internet service,No internet service,No internet service,No internet service,Two year,No,Mailed check,19.35,309.25,No,0.0066233035,0,Low,1.0,Low,Contract Month-to-month | Contract Two year | OnlineSecurity No | tenure | PaperlessBilling No,-1.3337 | -0.866 | -0.4004 | -0.2656 | -0.2525,Reduces churn risk | Reduces churn risk | Reduces churn risk | Reduces churn risk | Reduces churn risk,Maintain regular engagement
9741-YLNTD,Male,0,No,No,6,Yes,Yes,Fiber optic,No,No,No,Yes,No,Yes,Month-to-month,Yes,Bank transfer (automatic),87.95,522.35,No,0.8052049,1,High,1.0,Critical,Contract Month-to-month | tenure | TechSupport No | InternetService Fiber optic | OnlineSecurity No,0.582 | 0.5576 | -0.4608 | 0.3257 | 0.3206,Increases churn risk | Increases churn risk | Reduces churn risk | Increases churn risk | Increases churn risk,Immediate personal outreach; Offer long-term contract incentive; Provide new-customer support; Promote online security; Review pricing
1205-WNWPJ,Female,0,No,No,7,Yes,No,DSL,No,No,No,Yes,Yes,No,Month-to-month,Yes,Mailed check,59.5,415.95,Yes,0.2722351,0,Low,1.0,Low,Contract Month-to-month | MonthlyCharges | PaymentMethod Electronic check | InternetService Fiber optic | InternetService DSL,0.4868 | -0.4554 | -0.3638 | -0.27 | -0.2592,Increases churn risk | Reduces churn risk | Reduces churn risk | Reduces churn risk | Reduces churn risk,Maintain regular engagement; Offer long-term contract incentive; Promote online security
3173-NVMPX,Female,0,Yes,Yes,9,Yes,Yes,DSL,No,Yes,No,No,No,No,Month-to-month,Yes,Mailed check,55.3,501.2,No,0.13464542,0,Low,1.0,Low,Contract Month-to-month | InternetService DSL | PaymentMethod Electronic check | InternetService Fiber optic | OnlineBackup No,0.4518 | -0.362 | -0.3165 | -0.2765 | -0.2208,Increases churn risk | Reduces churn risk | Reduces churn risk | Reduces churn risk | Reduces churn risk,Maintain regular engagement; Offer long-term contract incentive; Promote online security; Offer technical support
9661-MHUMO,Male,1,Yes,Yes,1,Yes,No,DSL,No,No,No,Yes,No,No,Month-to-month,Yes,Credit card (automatic),49.25,49.25,Yes,0.14737324,0,Low,1.0,Low,TechSupport No | tenure | Contract Month-to-month | PaymentMethod Electronic check | MonthlyCharges,-0.5486 | 0.4946 | 0.4676 | -0.3298 | -0.2936,Reduces churn risk | Increases churn risk | Increases churn risk | Reduces churn risk | Reduces churn risk,Maintain regular engagement; Offer long-term contract incentive; Provide new-customer support; Promote online security
6000-APYLU,Male,0,No,No,9,Yes,No,Fiber optic,No,No,No,No,No,Yes,Month-to-month,Yes,Electronic check,80.8,713.1,Yes,0.53316545,1,Medium,1.0,Medium,Contract Month-to-month | MultipleLines No | tenure | OnlineSecurity No | PaymentMethod Electronic check,0.6095 | -0.3154 | -0.2533 | 0.2193 | 0.187,Increases churn risk | Reduces churn risk | Reduces churn risk | Increases churn risk | Increases churn risk,Proactive retention communication; Offer long-term contract incentive; Promote online security; Offer technical support; Review pricing
0048-PIHNL,Female,0,Yes,No,49,Yes,No,No,No internet service,No internet service,No internet service,No internet service,No internet service,No internet service,One year,No,Bank transfer (automatic),20.45,900.9,No,0.021585671,0,Low,1.0,Low,Contract Month-to-month | tenure | MonthlyCharges | OnlineSecurity No | PaymentMethod Bank transfer (automatic),-1.1477 | -0.6221 | -0.5789 | -0.4034 | 0.2148,Reduces churn risk | Reduces churn risk | Reduces churn risk | Reduces churn risk | Increases churn risk,Maintain regular engagement
9420-LOJKX,Female,0,No,No,15,Yes,No,Fiber optic,Yes,Yes,No,No,Yes,Yes,Month-to-month,Yes,Credit card (automatic),99.1,1426.4,Yes,0.5873959,1,Medium,1.0,Medium,Contract Month-to-month | MonthlyCharges | OnlineSecurity No | InternetService Fiber optic | PaymentMethod Electronic check,0.556 | 0.4749 | -0.3767 | 0.2207 | -0.1901,Increases churn risk | Increases churn risk | Reduces churn risk | Increases churn risk | Reduces churn risk,Proactive retention communication; Offer long-term contract incentive; Offer technical support; Review pricing
7061-OVMIM,Female,0,Yes,Yes,30,Yes,No,No,No internet service,No internet service,No internet service,No internet service,No internet service,No internet service,One year,No,Bank transfer (automatic),19.55,608.5,No,0.047103982,0,Low,1.0,Low,Contract Month-to-month | OnlineSecurity No | StreamingMovies Yes | tenure | PaymentMethod Bank transfer (automatic),-1.2902 | -0.3611 | -0.1988 | -0.1963 | 0.1788,Reduces churn risk | Reduces churn risk | Reduces churn risk | Reduces churn risk | Increases churn risk,Maintain regular engagement
5671-RQRLP,Female,1,Yes,No,70,Yes,Yes,Fiber optic,No,No,No,No,No,No,Two year,Yes,Credit card (automatic),75.65,5411.4,No,0.05129237,0,Low,0.0,Low,Contract Month-to-month | tenure | Contract Two year | MonthlyCharges | PaymentMethod Electronic check,-1.2787 | -0.5554 | -0.519 | -0.4491 | -0.2448,Reduces churn risk | Reduces churn risk | Reduces churn risk | Reduces churn risk | Reduces churn risk,Maintain regular engagement; Promote online security; Offer technical support
5129-JLPIS,Male,0,No,No,25,Yes,No,Fiber optic,Yes,No,Yes,Yes,Yes,Yes,Month-to-month,Yes,Electronic check,105.5,2686.05,No,0.5709802,1,Medium,0.0,Medium,MonthlyCharges | TechSupport No | OnlineSecurity No | Contract Month-to-month | InternetService Fiber optic,0.5732 | -0.4554 | -0.4423 | 0.3833 | 0.2432,Increases churn risk | Reduces churn risk | Reduces churn risk | Increases churn risk | Increases churn risk,Proactive retention communication; Offer long-term contract incentive; Review pricing
5170-PTRKA,Female,0,Yes,Yes,49,No,No phone service,DSL,Yes,No,No,Yes,No,No,One year,Yes,Credit card (automatic),35.8,1782.0,No,0.0089728525,0,Low,1.0,Low,Contract Month-to-month | tenure | MonthlyCharges | TotalCharges | StreamingMovies Yes,-0.9663 | -0.5153 | -0.5129 | -0.496 | -0.3829,Reduces churn risk | Reduces churn risk | Reduces churn risk | Reduces churn risk | Reduces churn risk,Maintain regular engagement
4819-HJPIW,Male,0,No,No,18,No,No phone service,DSL,No,No,No,No,No,No,Month-to-month,No,Mailed check,25.15,476.8,No,0.1447782,0,Low,1.0,Low,tenure | PaymentMethod Electronic check | Contract Month-to-month | MonthlyCharges | PaperlessBilling No,-0.5551 | -0.4623 | 0.4237 | -0.3891 | -0.2679,Reduces churn risk | Reduces churn risk | Increases churn risk | Reduces churn risk | Reduces churn risk,Maintain regular engagement; Offer long-term contract incentive; Promote online security; Offer technical support
8780-RSYYU,Female,0,No,No,25,Yes,No,No,No internet service,No internet service,No internet service,No internet service,No internet service,No internet service,Month-to-month,Yes,Credit card (automatic),19.2,532.1,No,0.054984797,0,Low,1.0,Low,MonthlyCharges | OnlineSecurity No | Contract Month-to-month | TechSupport No | PaymentMethod Electronic check,-0.969 | -0.5059 | 0.4687 | -0.4578 | -0.2438,Reduces churn risk | Reduces churn risk | Increases churn risk | Reduces churn risk | Reduces churn risk,Maintain regular engagement; Offer long-term contract incentive
2335-GSODA,Male,0,No,Yes,23,No,No phone service,DSL,Yes,No,Yes,Yes,No,No,Two year,No,Mailed check,40.1,857.75,No,0.008867243,0,Low,1.0,Low,Contract Month-to-month | Contract Two year | OnlineSecurity No | TechSupport No | tenure,-1.1602 | -0.6762 | -0.3794 | -0.3442 | -0.3281,Reduces churn risk | Reduces churn risk | Reduces churn risk | Reduces churn risk | Reduces churn risk,Maintain regular engagement
5696-CEIQJ,Male,0,Yes,Yes,67,Yes,No,Fiber optic,No,Yes,Yes,Yes,Yes,Yes,Two year,No,Bank transfer (automatic),103.15,6895.5,No,0.06493945,0,Low,0.0,Low,Contract Month-to-month | Contract Two year | MonthlyCharges | tenure | TechSupport No,-1.0044 | -0.7119 | 0.3868 | -0.3007 | -0.2893,Reduces churn risk | Reduces churn risk | Increases churn risk | Reduces churn risk | Reduces churn risk,Maintain regular engagement; Promote online security; Review pricing
6169-PPETC,Male,0,Yes,Yes,35,Yes,No,No,No internet service,No internet service,No internet service,No internet service,No internet service,No internet service,Two year,No,Bank transfer (automatic),20.5,759.35,No,0.004022826,0,Low,1.0,Low,Contract Month-to-month | Contract Two year | MonthlyCharges | tenure | OnlineSecurity No,-1.1121 | -0.7766 | -0.6144 | -0.6053 | -0.4073,Reduces churn risk | Reduces churn risk | Reduces churn risk | Reduces churn risk | Reduces churn risk,Maintain regular engagement
4237-RLAQD,Male,0,No,No,1,Yes,No,DSL,No,No,No,No,No,No,Month-to-month,Yes,Mailed check,45.85,45.85,Yes,0.76992536,1,High,1.0,Critical,tenure | Contract Month-to-month | PaymentMethod Electronic check | InternetService Fiber optic | TotalCharges,0.9501 | 0.6282 | -0.3637 | -0.2362 | 0.2315,Increases churn risk | Increases churn risk | Reduces churn risk | Reduces churn risk | Increases churn risk,Priority retention outreach; Offer long-term contract incentive; Provide new-customer support; Promote online security; Offer technical support
7359-WWYJV,Male,0,Yes,No,72,Yes,Yes,Fiber optic,Yes,Yes,Yes,Yes,Yes,Yes,Two year,No,Credit card (automatic),114.45,8375.05,No,0.008307057,0,Low,0.0,Low,tenure | Contract Month-to-month | Contract Two year | OnlineSecurity No | Contract One year,-1.5716 | -1.0711 | -0.9292 | -0.4459 | -0.3507,Reduces churn risk | Reduces churn risk | Reduces churn risk | Reduces churn risk | Reduces churn risk,Maintain regular engagement; Review pricing
8620-RJPZN,Female,0,No,No,1,Yes,No,No,No internet service,No internet service,No internet service,No internet service,No internet service,No internet service,Month-to-month,No,Electronic check,20.7,20.7,No,0.2729998,0,Low,1.0,Low,tenure | Contract Month-to-month | OnlineSecurity No | MonthlyCharges | TechSupport No,0.8647 | 0.5275 | -0.5073 | -0.4155 | -0.3906,Increases churn risk | Increases churn risk | Reduces churn risk | Reduces churn risk | Reduces churn risk,Maintain regular engagement; Offer long-term contract incentive; Provide new-customer support
7426-WEIJX,Male,1,Yes,Yes,60,Yes,Yes,Fiber optic,Yes,No,No,No,No,No,Month-to-month,Yes,Electronic check,80.95,4859.1,No,0.13087282,0,Low,0.0,Low,tenure | OnlineSecurity No | Contract Month-to-month | PaymentMethod Electronic check | MonthlyCharges,-1.5049 | -0.619 | 0.4501 | 0.2255 | -0.2049,Reduces churn risk | Reduces churn risk | Increases churn risk | Increases churn risk | Reduces churn risk,Maintain regular engagement; Offer long-term contract incentive; Offer technical support; Review pricing
7629-WIXZF,Female,0,No,No,7,Yes,No,DSL,Yes,No,No,No,No,Yes,One year,Yes,Electronic check,59.1,369.25,No,0.08253199,0,Low,1.0,Low,Contract Month-to-month | MonthlyCharges | OnlineSecurity No | InternetService Fiber optic | MultipleLines No,-1.2441 | -0.5033 | -0.3875 | -0.2094 | -0.1515,Reduces churn risk | Reduces churn risk | Reduces churn risk | Reduces churn risk | Reduces churn risk,Maintain regular engagement; Offer technical support
2616-FLVQC,Male,0,No,No,64,Yes,No,No,No internet service,No internet service,No internet service,No internet service,No internet service,No internet service,Two year,No,Mailed check,19.55,1240.15,No,0.019550323,0,Low,1.0,Low,Contract Month-to-month | Contract Two year | OnlineSecurity No | tenure | TechSupport No,-1.2785 | -0.5282 | -0.3935 | -0.3693 | -0.2066,Reduces churn risk | Reduces churn risk | Reduces churn risk | Reduces churn risk | Reduces churn risk,Maintain regular engagement
9163-GHAYE,Female,0,No,No,15,Yes,No,DSL,No,Yes,No,No,No,No,Month-to-month,No,Electronic check,48.85,736.8,No,0.15012199,0,Low,1.0,Low,Contract Month-to-month | PaperlessBilling No | OnlineBackup No | MonthlyCharges | PaperlessBilling Yes,0.4826 | -0.4553 | -0.426 | -0.2476 | -0.2294,Increases churn risk | Reduces churn risk | Reduces churn risk | Reduces churn risk | Reduces churn risk,Maintain regular engagement; Offer long-term contract incentive; Promote online security; Offer technical support
4464-JCOLN,Male,0,Yes,Yes,2,Yes,No,No,No internet service,No internet service,No internet service,No internet service,No internet service,No internet service,One year,No,Mailed check,19.85,35.9,Yes,0.013798648,0,Low,1.0,Low,Contract Month-to-month | OnlineSecurity No | TechSupport No | StreamingMovies Yes | PaperlessBilling No,-1.2678 | -0.5102 | -0.3202 | -0.2543 | -0.2081,Reduces churn risk | Reduces churn risk | Reduces churn risk | Reduces churn risk | Reduces churn risk,Maintain regular engagement; Provide new-customer support
2971-SGAFL,Female,0,No,No,13,Yes,Yes,DSL,Yes,No,Yes,No,Yes,Yes,Month-to-month,Yes,Electronic check,78.75,995.35,No,0.46075132,0,Medium,1.0,Medium,OnlineSecurity No | Contract Month-to-month | InternetService Fiber optic | MonthlyCharges | InternetService DSL,-0.5713 | 0.5353 | -0.3514 | -0.2205 | -0.203,Reduces churn risk | Increases churn risk | Reduces churn risk | Reduces churn risk | Reduces churn risk,Proactive retention communication; Offer long-term contract incentive; Offer technical support
4735-ASGMA,Male,0,No,No,26,Yes,Yes,Fiber optic,No,No,Yes,No,Yes,Yes,Month-to-month,Yes,Electronic check,98.35,2515.3,Yes,0.890909,1,High,1.0,Critical,Contract Month-to-month | MonthlyCharges | tenure | PaymentMethod Electronic check | OnlineSecurity No,0.5826 | 0.4746 | -0.3327 | 0.2361 | 0.2161,Increases churn risk | Increases churn risk | Reduces churn risk | Increases churn risk | Increases churn risk,Immediate personal outreach; Offer long-term contract incentive; Promote online security; Offer technical support; Review pricing
5245-VDBUR,Female,0,Yes,No,52,No,No phone service,DSL,Yes,No,Yes,No,No,No,One year,No,Mailed check,35.45,1958.95,No,0.020176357,0,Low,1.0,Low,Contract Month-to-month | tenure | OnlineSecurity No | TotalCharges | StreamingMovies Yes,-1.0824 | -0.5413 | -0.4214 | -0.3941 | -0.3438,Reduces churn risk | Reduces churn risk | Reduces churn risk | Reduces churn risk | Reduces churn risk,Maintain regular engagement; Offer technical support
1493-AMTIE,Male,0,No,No,1,Yes,No,No,No internet service,No internet service,No internet service,No internet service,No internet service,No internet service,Month-to-month,Yes,Bank transfer (automatic),20.2,20.2,Yes,0.14889377,0,Low,1.0,Low,tenure | OnlineSecurity No | Contract Month-to-month | TechSupport No | PaymentMethod Bank transfer (automatic),0.7977 | -0.5747 | 0.5454 | -0.4787 | -0.4671,Increases churn risk | Reduces churn risk | Increases churn risk | Reduces churn risk | Reduces churn risk,Maintain regular engagement; Offer long-term contract incentive; Provide new-customer support
1112-CUNAO,Female,1,No,No,15,Yes,Yes,Fiber optic,No,Yes,No,No,No,Yes,Month-to-month,No,Electronic check,89.85,1424.95,Yes,0.35014543,0,Low,1.0,Low,PaperlessBilling No | Contract Month-to-month | OnlineBackup No | PaperlessBilling Yes | tenure,-0.6228 | 0.5591 | -0.2852 | -0.2804 | -0.252,Reduces churn risk | Increases churn risk | Reduces churn risk | Reduces churn risk | Reduces churn risk,Maintain regular engagement; Offer long-term contract incentive; Promote online security; Offer technical support; Review pricing
7571-YXDAD,Female,0,No,No,2,Yes,Yes,Fiber optic,No,No,No,No,No,No,Month-to-month,No,Credit card (automatic),74.9,147.15,Yes,0.7860088,1,High,1.0,Critical,Contract Month-to-month | tenure | PaperlessBilling No | OnlineSecurity No | InternetService Fiber optic,0.6506 | 0.4294 | -0.3633 | 0.2672 | 0.2174,Increases churn risk | Increases churn risk | Reduces churn risk | Increases churn risk | Increases churn risk,Priority retention outreach; Offer long-term contract incentive; Provide new-customer support; Promote online security; Offer technical support
8714-EUHJO,Female,0,Yes,Yes,31,Yes,Yes,Fiber optic,No,Yes,No,No,No,Yes,Month-to-month,Yes,Electronic check,91.15,2995.45,Yes,0.42218047,0,Medium,0.0,Medium,tenure | Contract Month-to-month | OnlineBackup No | OnlineSecurity No | Dependents No,-0.5987 | 0.5545 | -0.2838 | 0.237 | -0.225,Reduces churn risk | Increases churn risk | Reduces churn risk | Increases churn risk | Reduces churn risk,Proactive retention communication; Offer long-term contract incentive; Promote online security; Offer technical support; Review pricing
9040-KZVWO,Male,0,No,No,26,Yes,No,Fiber optic,No,Yes,No,No,No,No,One year,No,Bank transfer (automatic),75.5,2018.1,No,0.038330346,0,Low,1.0,Low,Contract Month-to-month | MonthlyCharges | StreamingMovies Yes | tenure | PaperlessBilling No,-1.2111 | -0.368 | -0.3459 | -0.3188 | -0.2888,Reduces churn risk | Reduces churn risk | Reduces churn risk | Reduces churn risk | Reduces churn risk,Maintain regular engagement; Promote online security; Offer technical support
6713-OKOMC,Female,0,No,No,10,No,No phone service,DSL,Yes,No,No,No,No,No,Month-to-month,No,Mailed check,29.75,301.9,No,0.11274865,0,Low,1.0,Low,OnlineSecurity No | Contract Month-to-month | PaymentMethod Electronic check | PaymentMethod Mailed check | PaperlessBilling No,-0.576 | 0.4921 | -0.3087 | -0.2862 | -0.2433,Reduces churn risk | Increases churn risk | Reduces churn risk | Reduces churn risk | Reduces churn risk,Maintain regular engagement; Offer long-term contract incentive; Offer technical support
8749-CLJXC,Male,0,No,No,1,Yes,No,No,No internet service,No internet service,No internet service,No internet service,No internet service,No internet service,Month-to-month,No,Mailed check,20.05,20.05,No,0.6562619,1,Medium,1.0,Medium,tenure | Contract Month-to-month | TotalCharges | OnlineSecurity No | TechSupport No,1.1576 | 0.6209 | 0.3783 | -0.3169 | -0.2721,Increases churn risk | Increases churn risk | Increases churn risk | Reduces churn risk | Reduces churn risk,Proactive retention communication; Offer long-term contract incentive; Provide new-customer support
4713-LZDRV,Female,1,No,No,2,Yes,No,Fiber optic,No,No,No,No,No,Yes,Month-to-month,Yes,Electronic check,79.6,195.05,Yes,0.92214996,1,High,1.0,Critical,Contract Month-to-month | tenure | TotalCharges | MultipleLines No | OnlineSecurity No,0.6773 | 0.5556 | 0.2966 | -0.2514 | 0.2499,Increases churn risk | Increases churn risk | Increases churn risk | Reduces churn risk | Increases churn risk,Immediate personal outreach; Offer long-term contract incentive; Provide new-customer support; Promote online security; Offer technical support
6598-RFFVI,Male,0,No,No,2,Yes,No,No,No internet service,No internet service,No internet service,No internet service,No internet service,No internet service,One year,No,Credit card (automatic),19.3,28.3,Yes,0.010561142,0,Low,1.0,Low,Contract Month-to-month | MonthlyCharges | OnlineSecurity No | PaymentMethod Credit card (automatic) | TechSupport No,-1.2682 | -0.525 | -0.46 | -0.3363 | -0.2927,Reduces churn risk | Reduces churn risk | Reduces churn risk | Reduces churn risk | Reduces churn risk,Maintain regular engagement; Provide new-customer support
7470-MCQTK,Female,0,Yes,No,13,No,No phone service,DSL,No,No,Yes,No,Yes,Yes,Month-to-month,Yes,Bank transfer (automatic),48.75,633.4,Yes,0.42605257,0,Medium,1.0,Medium,PaymentMethod Electronic check | Contract Month-to-month | InternetService DSL | InternetService Fiber optic | tenure,-0.5329 | 0.4967 | -0.3572 | -0.2508 | -0.1962,Reduces churn risk | Increases churn risk | Reduces churn risk | Reduces churn risk | Reduces churn risk,Proactive retention communication; Offer long-term contract incentive; Promote online security; Offer technical support
5524-KHNJP,Male,0,Yes,Yes,33,Yes,No,DSL,Yes,No,Yes,No,Yes,Yes,One year,No,Credit card (automatic),74.75,2453.3,No,0.08704588,0,Low,1.0,Low,Contract Month-to-month | OnlineSecurity No | tenure | PaymentMethod Electronic check | PaperlessBilling No,-0.8152 | -0.3234 | -0.2717 | -0.2352 | -0.1909,Reduces churn risk | Reduces churn risk | Reduces churn risk | Reduces churn risk | Reduces churn risk,Maintain regular engagement; Offer technical support
1707-HABPF,Female,1,No,No,46,Yes,No,Fiber optic,No,Yes,Yes,No,Yes,No,One year,Yes,Bank transfer (automatic),91.3,4126.35,No,0.020706382,0,Low,0.0,Low,Contract Month-to-month | TotalCharges | tenure | StreamingMovies Yes | MonthlyCharges,-1.305 | -0.633 | -0.5039 | -0.3738 | -0.2304,Reduces churn risk | Reduces churn risk | Reduces churn risk | Reduces churn risk | Reduces churn risk,Maintain regular engagement; Promote online security; Offer technical support; Review pricing
4581-LNWUM,Female,0,No,No,13,No,No phone service,DSL,No,No,Yes,No,Yes,Yes,Month-to-month,No,Electronic check,49.15,649.4,No,0.3960758,0,Low,1.0,Low,Contract Month-to-month | PaperlessBilling No | PaperlessBilling Yes | MonthlyCharges | tenure,0.5425 | -0.446 | -0.2608 | -0.2487 | -0.2468,Increases churn risk | Reduces churn risk | Reduces churn risk | Reduces churn risk | Reduces churn risk,Maintain regular engagement; Offer long-term contract incentive; Promote online security; Offer technical support
9710-ZUSHQ,Female,1,No,No,37,Yes,Yes,Fiber optic,Yes,Yes,No,No,Yes,Yes,Month-to-month,Yes,Bank transfer (automatic),106.75,4056.75,Yes,0.2171924,0,Low,0.0,Low,OnlineSecurity No | tenure | Contract Month-to-month | TotalCharges | PaymentMethod Electronic check,-0.6223 | -0.583 | 0.4026 | -0.3436 | -0.2548,Reduces churn risk | Reduces churn risk | Increases churn risk | Reduces churn risk | Reduces churn risk,Maintain regular engagement; Offer long-term contract incentive; Offer technical support; Review pricing
1697-LYYYX,Female,0,Yes,Yes,61,Yes,No,No,No internet service,No internet service,No internet service,No internet service,No internet service,No internet service,One year,No,Credit card (automatic),19.1,1143.8,No,0.0029569622,0,Low,1.0,Low,MonthlyCharges | Contract Month-to-month | tenure | OnlineSecurity No | PaperlessBilling No,-1.325 | -1.2299 | -0.6946 | -0.3996 | -0.2689,Reduces churn risk | Reduces churn risk | Reduces churn risk | Reduces churn risk | Reduces churn risk,Maintain regular engagement
4013-GUXND,Male,0,No,No,1,Yes,No,No,No internet service,No internet service,No internet service,No internet service,No internet service,No internet service,Month-to-month,No,Mailed check,20.8,20.8,No,0.65673256,1,Medium,1.0,Medium,tenure | Contract Month-to-month | OnlineSecurity No | TechSupport No | TotalCharges,1.1394 | 0.6047 | -0.3233 | -0.3032 | 0.2777,Increases churn risk | Increases churn risk | Reduces churn risk | Reduces churn risk | Increases churn risk,Proactive retention communication; Offer long-term contract incentive; Provide new-customer support
5022-JNQEQ,Female,0,Yes,Yes,9,Yes,No,Fiber optic,No,No,No,Yes,No,No,Month-to-month,Yes,Electronic check,75.85,647.5,No,0.57932514,1,Medium,1.0,Medium,Contract Month-to-month | TechSupport No | MonthlyCharges | OnlineSecurity No | PaymentMethod Electronic check,0.6195 | -0.2866 | -0.2509 | 0.1787 | 0.1583,Increases churn risk | Reduces churn risk | Reduces churn risk | Increases churn risk | Increases churn risk,Proactive retention communication; Offer long-term contract incentive; Promote online security
4983-CCWMC,Male,0,No,No,3,Yes,No,Fiber optic,No,No,No,No,No,No,Month-to-month,Yes,Mailed check,69.6,207.4,No,0.55103666,1,Medium,1.0,Medium,Contract Month-to-month | MonthlyCharges | PaymentMethod Electronic check | OnlineSecurity No | tenure,0.6137 | -0.3806 | -0.3509 | 0.2545 | 0.2128,Increases churn risk | Reduces churn risk | Reduces churn risk | Increases churn risk | Increases churn risk,Proactive retention communication; Offer long-term contract incentive; Provide new-customer support; Promote online security; Offer technical support
6345-FZOQH,Male,0,Yes,No,69,Yes,No,No,No internet service,No internet service,No internet service,No internet service,No internet service,No internet service,Two year,No,Mailed check,19.9,1363.45,No,0.004349422,0,Low,1.0,Low,Contract Month-to-month | Contract Two year | tenure | OnlineSecurity No | TotalCharges,-1.1646 | -0.8308 | -0.7619 | -0.4322 | -0.2827,Reduces churn risk | Reduces churn risk | Reduces churn risk | Reduces churn risk | Reduces churn risk,Maintain regular engagement
0962-CQPWQ,Female,0,Yes,Yes,62,Yes,No,No,No internet service,No internet service,No internet service,No internet service,No internet service,No internet service,Two year,No,Bank transfer (automatic),20.3,1296.15,No,0.003171828,0,Low,1.0,Low,Contract Month-to-month | tenure | Contract Two year | MonthlyCharges | TotalCharges,-1.1876 | -0.8893 | -0.853 | -0.5086 | -0.457,Reduces churn risk | Reduces churn risk | Reduces churn risk | Reduces churn risk | Reduces churn risk,Maintain regular engagement
5495-GPSRW,Male,0,No,No,20,Yes,No,No,No internet service,No internet service,No internet service,No internet service,No internet service,No internet service,Two year,Yes,Mailed check,19.7,419.4,No,0.013666286,0,Low,1.0,Low,Contract Month-to-month | Contract Two year | OnlineSecurity No | TechSupport No | tenure,-1.3286 | -0.7226 | -0.467 | -0.2983 | -0.2572,Reduces churn risk | Reduces churn risk | Reduces churn risk | Reduces churn risk | Reduces churn risk,Maintain regular engagement
2252-JHJGE,Male,0,No,No,61,Yes,Yes,Fiber optic,Yes,No,Yes,No,Yes,Yes,One year,No,Electronic check,104.0,6363.45,No,0.17065294,0,Low,0.0,Low,Contract Month-to-month | tenure | OnlineSecurity No | MonthlyCharges | PaperlessBilling No,-0.8312 | -0.6522 | -0.5231 | 0.3532 | -0.3449,Reduces churn risk | Reduces churn risk | Reduces churn risk | Increases churn risk | Reduces churn risk,Maintain regular engagement; Offer technical support; Review pricing
7356-AYNJP,Female,0,No,No,4,Yes,Yes,No,No internet service,No internet service,No internet service,No internet service,No internet service,No internet service,One year,No,Electronic check,23.9,97.5,No,0.04166523,0,Low,1.0,Low,Contract Month-to-month | OnlineSecurity No | TechSupport No | MonthlyCharges | PaperlessBilling No,-1.1529 | -0.4948 | -0.2889 | -0.2551 | -0.187,Reduces churn risk | Reduces churn risk | Reduces churn risk | Reduces churn risk | Reduces churn risk,Maintain regular engagement; Provide new-customer support
2019-HDCZY,Male,0,Yes,No,63,Yes,Yes,Fiber optic,No,No,Yes,No,Yes,Yes,Two year,No,Electronic check,102.6,6296.75,No,0.09751685,0,Low,0.0,Low,Contract Month-to-month | tenure | Contract Two year | PaperlessBilling No | PaymentMethod Electronic check,-1.243 | -0.7711 | -0.7126 | -0.3611 | 0.2764,Reduces churn risk | Reduces churn risk | Reduces churn risk | Reduces churn risk | Increases churn risk,Maintain regular engagement; Promote online security; Offer technical support; Review pricing
8582-KRHPJ,Male,0,No,No,50,No,No phone service,DSL,Yes,Yes,No,No,No,No,Month-to-month,Yes,Mailed check,35.0,1782.4,No,0.062354073,0,Low,1.0,Low,tenure | OnlineSecurity No | Contract Month-to-month | PaymentMethod Electronic check | TotalCharges,-1.0004 | -0.6145 | 0.4264 | -0.3991 | -0.3625,Reduces churn risk | Reduces churn risk | Increases churn risk | Reduces churn risk | Reduces churn risk,Maintain regular engagement; Offer long-term contract incentive; Offer technical support
2867-UIMSS,Male,0,No,No,1,Yes,No,Fiber optic,No,No,No,No,No,Yes,Month-to-month,No,Electronic check,80.5,80.5,Yes,0.9326126,1,High,1.0,Critical,tenure | Contract Month-to-month | TotalCharges | OnlineSecurity No | PaperlessBilling No,1.1067 | 0.6882 | 0.3841 | 0.2947 | -0.2347,Increases churn risk | Increases churn risk | Increases churn risk | Increases churn risk | Reduces churn risk,Immediate personal outreach; Offer long-term contract incentive; Provide new-customer support; Promote online security; Offer technical support; Review pricing
3487-EARAT,Female,0,Yes,Yes,70,Yes,No,DSL,Yes,Yes,Yes,Yes,No,Yes,One year,No,Credit card (automatic),74.1,5222.3,No,0.12276619,0,Low,0.0,Low,Contract Month-to-month | tenure | TechSupport No | OnlineSecurity No | Contract One year,-0.74 | -0.4841 | -0.1521 | -0.1507 | 0.138,Reduces churn risk | Reduces churn risk | Reduces churn risk | Reduces churn risk | Increases churn risk,Maintain regular engagement
9926-PJHDQ,Female,0,Yes,Yes,72,Yes,Yes,DSL,No,No,Yes,No,Yes,Yes,Two year,Yes,Bank transfer (automatic),76.8,5468.45,No,0.03601926,0,Low,0.0,Low,tenure | Contract Month-to-month | Contract Two year | PaymentMethod Electronic check | OnlineSecurity No,-1.3993 | -1.0313 | -0.4255 | -0.3695 | 0.3212,Reduces churn risk | Reduces churn risk | Reduces churn risk | Reduces churn risk | Increases churn risk,Maintain regular engagement; Promote online security; Offer technical support
0289-IVARM,Female,0,No,No,35,Yes,No,DSL,Yes,Yes,Yes,No,No,No,Month-to-month,No,Electronic check,60.55,1982.6,No,0.12443487,0,Low,1.0,Low,tenure | Contract Month-to-month | PaperlessBilling No | OnlineSecurity No | InternetService Fiber optic,-0.6479 | 0.4266 | -0.3018 | -0.2976 | -0.2508,Reduces churn risk | Increases churn risk | Reduces churn risk | Reduces churn risk | Reduces churn risk,Maintain regular engagement; Offer long-term contract incentive; Offer technical support
4672-FOTSD,Male,0,No,No,12,Yes,Yes,DSL,Yes,Yes,No,Yes,No,No,Month-to-month,Yes,Electronic check,67.25,832.3,No,0.2281452,0,Low,1.0,Low,MonthlyCharges | OnlineSecurity No | Contract Month-to-month | TechSupport No | InternetService Fiber optic,-0.5644 | -0.4605 | 0.4307 | -0.4117 | -0.3725,Reduces churn risk | Reduces churn risk | Increases churn risk | Reduces churn risk | Reduces churn risk,Maintain regular engagement; Offer long-term contract incentive
6198-PNNSZ,Female,0,Yes,No,56,Yes,Yes,Fiber optic,Yes,Yes,Yes,No,Yes,Yes,One year,No,Bank transfer (automatic),109.8,6109.65,No,0.19719827,0,Low,0.0,Low,Contract Month-to-month | PaperlessBilling No | MonthlyCharges | tenure | PaymentMethod Electronic check,-0.6978 | -0.358 | 0.3252 | -0.2995 | -0.2877,Reduces churn risk | Reduces churn risk | Increases churn risk | Reduces churn risk | Reduces churn risk,Maintain regular engagement; Offer technical support; Review pricing
7603-USHJS,Male,0,No,Yes,12,Yes,Yes,Fiber optic,No,No,No,No,No,No,Month-to-month,Yes,Credit card (automatic),73.75,871.4,Yes,0.31727728,0,Low,1.0,Low,Contract Month-to-month | PaymentMethod Electronic check | Dependents No | PaymentMethod Credit card (automatic) | OnlineSecurity No,0.5487 | -0.4112 | -0.3256 | -0.3246 | 0.2222,Increases churn risk | Reduces churn risk | Reduces churn risk | Reduces churn risk | Increases churn risk,Maintain regular engagement; Offer long-term contract incentive; Promote online security; Offer technical support
6784-XYJAE,Female,0,No,No,36,Yes,Yes,DSL,No,No,Yes,No,No,No,One year,No,Electronic check,55.8,1941.5,No,0.021266911,0,Low,1.0,Low,Contract Month-to-month | tenure | TotalCharges | MonthlyCharges | PaperlessBilling No,-1.215 | -0.5971 | -0.3789 | -0.323 | -0.2583,Reduces churn risk | Reduces churn risk | Reduces churn risk | Reduces churn risk | Reduces churn risk,Maintain regular engagement; Promote online security; Offer technical support
3858-XHYJO,Female,0,Yes,No,40,Yes,Yes,Fiber optic,Yes,No,Yes,No,Yes,Yes,One year,No,Bank transfer (automatic),105.75,4228.55,No,0.14021212,0,Low,0.0,Low,Contract Month-to-month | MonthlyCharges | PaperlessBilling No | PaymentMethod Electronic check | OnlineSecurity No,-1.1993 | 0.5515 | -0.3336 | -0.2788 | -0.245,Reduces churn risk | Increases churn risk | Reduces churn risk | Reduces churn risk | Reduces churn risk,Maintain regular engagement; Offer technical support; Review pricing
1087-UDSIH,Female,0,No,No,3,Yes,No,No,No internet service,No internet service,No internet service,No internet service,No internet service,No internet service,Month-to-month,Yes,Mailed check,19.6,59.75,Yes,0.27884832,0,Low,1.0,Low,Contract Month-to-month | OnlineSecurity No | TechSupport No | TotalCharges | InternetService Fiber optic,0.5537 | -0.5372 | -0.3893 | 0.233 | -0.2204,Increases churn risk | Reduces churn risk | Reduces churn risk | Increases churn risk | Reduces churn risk,Maintain regular engagement; Offer long-term contract incentive; Provide new-customer support
7251-LJBQN,Female,1,No,No,40,Yes,Yes,Fiber optic,No,No,Yes,Yes,Yes,Yes,One year,Yes,Credit card (automatic),103.75,4188.4,No,0.25838166,0,Low,0.0,Low,Contract Month-to-month | MonthlyCharges | PaymentMethod Electronic check | tenure | TechSupport No,-1.1301 | 0.4701 | -0.3471 | -0.25 | -0.2495,Reduces churn risk | Increases churn risk | Reduces churn risk | Reduces churn risk | Reduces churn risk,Maintain regular engagement; Promote online security; Review pricing
3200-MNQTF,Male,0,Yes,No,67,Yes,Yes,DSL,Yes,Yes,Yes,Yes,No,No,Two year,No,Credit card (automatic),70.9,4677.1,No,0.0517137,0,Low,0.0,Low,Contract Month-to-month | Contract Two year | MonthlyCharges | TechSupport No | OnlineSecurity No,-0.8716 | -0.5919 | -0.2906 | -0.2419 | -0.2149,Reduces churn risk | Reduces churn risk | Reduces churn risk | Reduces churn risk | Reduces churn risk,Maintain regular engagement
9359-UGBTK,Female,0,No,No,67,Yes,No,DSL,Yes,No,Yes,Yes,No,Yes,One year,Yes,Bank transfer (automatic),72.35,4991.5,No,0.04145399,0,Low,0.0,Low,Contract Month-to-month | tenure | OnlineSecurity No | TechSupport No | MonthlyCharges,-0.6558 | -0.4772 | -0.3281 | -0.2396 | -0.2384,Reduces churn risk | Reduces churn risk | Reduces churn risk | Reduces churn risk | Reduces churn risk,Maintain regular engagement
8160-HOWOX,Female,0,No,No,7,Yes,No,DSL,No,No,No,No,Yes,Yes,Month-to-month,Yes,Electronic check,66.85,458.1,No,0.58361745,1,Medium,1.0,Medium,Contract Month-to-month | MonthlyCharges | InternetService Fiber optic | InternetService DSL | MultipleLines No,0.5696 | -0.4492 | -0.2744 | -0.2652 | -0.2355,Increases churn risk | Reduces churn risk | Reduces churn risk | Reduces churn risk | Reduces churn risk,Proactive retention communication; Offer long-term contract incentive; Promote online security; Offer technical support
0258-NOKBL,Male,0,No,No,3,Yes,No,Fiber optic,No,Yes,Yes,No,No,Yes,Month-to-month,No,Electronic check,90.4,268.45,No,0.2271547,0,Low,1.0,Low,Contract Month-to-month | PaperlessBilling No | OnlineBackup No | OnlineSecurity No | PaperlessBilling Yes,0.5522 | -0.5458 | -0.2874 | 0.2477 | -0.2455,Increases churn risk | Reduces churn risk | Reduces churn risk | Increases churn risk | Reduces churn risk,Maintain regular engagement; Offer long-term contract incentive; Provide new-customer support; Promote online security; Offer technical support; Review pricing
2800-QQUSO,Male,0,No,No,42,Yes,Yes,Fiber optic,No,No,No,Yes,Yes,Yes,Month-to-month,Yes,Electronic check,100.3,4222.95,No,0.8663918,1,High,0.0,Critical,Contract Month-to-month | MonthlyCharges | TechSupport No | PaymentMethod Electronic check | OnlineSecurity No,0.5067 | 0.4959 | -0.4173 | 0.2361 | 0.2331,Increases churn risk | Increases churn risk | Reduces churn risk | Increases churn risk | Increases churn risk,Immediate personal outreach; Offer long-term contract incentive; Promote online security; Review pricing
2129-ALKBS,Female,0,Yes,Yes,40,Yes,Yes,No,No internet service,No internet service,No internet service,No internet service,No internet service,No internet service,Month-to-month,Yes,Electronic check,26.2,1077.5,No,0.059679408,0,Low,1.0,Low,OnlineSecurity No | MonthlyCharges | TechSupport No | tenure | Contract Month-to-month,-0.6325 | -0.5278 | -0.4782 | -0.4699 | 0.4261,Reduces churn risk | Reduces churn risk | Reduces churn risk | Reduces churn risk | Increases churn risk,Maintain regular engagement; Offer long-term contract incentive
9972-VAFJJ,Female,1,Yes,No,53,Yes,No,Fiber optic,No,Yes,Yes,Yes,Yes,No,One year,Yes,Electronic check,94.0,4871.45,No,0.11291414,0,Low,0.0,Low,Contract Month-to-month | tenure | TechSupport No | MultipleLines No | PaymentMethod Electronic check,-0.8473 | -0.4909 | -0.2986 | -0.2916 | 0.2773,Reduces churn risk | Reduces churn risk | Reduces churn risk | Reduces churn risk | Increases churn risk,Maintain regular engagement; Promote online security; Review pricing
4693-VWVBO,Female,0,No,No,3,Yes,No,No,No internet service,No internet service,No internet service,No internet service,No internet service,No internet service,Month-to-month,No,Electronic check,19.55,61.05,No,0.29196477,0,Low,1.0,Low,Contract Month-to-month | OnlineSecurity No | TechSupport No | TotalCharges | PaperlessBilling No,0.5146 | -0.4747 | -0.3465 | 0.2649 | -0.2444,Increases churn risk | Reduces churn risk | Reduces churn risk | Increases churn risk | Reduces churn risk,Maintain regular engagement; Offer long-term contract incentive; Provide new-customer support
6969-MVBAI,Female,1,No,No,9,Yes,Yes,Fiber optic,No,No,Yes,No,Yes,No,Month-to-month,Yes,Electronic check,90.1,816.8,No,0.861372,1,High,1.0,Critical,Contract Month-to-month | OnlineSecurity No | TotalCharges | InternetService Fiber optic | MultipleLines No,0.6958 | 0.2264 | 0.1594 | 0.1487 | 0.147,Increases churn risk | Increases churn risk | Increases churn risk | Increases churn risk | Increases churn risk,Immediate personal outreach; Offer long-term contract incentive; Promote online security; Offer technical support; Review pricing
4821-WQOYN,Female,0,Yes,Yes,72,Yes,No,No,No internet service,No internet service,No internet service,No internet service,No internet service,No internet service,Two year,Yes,Credit card (automatic),20.1,1326.25,No,0.001803399,0,Low,1.0,Low,tenure | Contract Month-to-month | Contract Two year | OnlineSecurity No | TechSupport No,-1.6542 | -1.3131 | -0.8671 | -0.424 | -0.3351,Reduces churn risk | Reduces churn risk | Reduces churn risk | Reduces churn risk | Reduces churn risk,Maintain regular engagement
6769-DYBQN,Male,1,No,No,46,Yes,No,Fiber optic,Yes,No,No,No,No,Yes,Month-to-month,No,Electronic check,85.0,3969.4,Yes,0.5750397,1,Medium,0.0,Medium,OnlineSecurity No | Contract Month-to-month | tenure | TechSupport No | MonthlyCharges,-0.5182 | 0.4648 | -0.2413 | 0.1726 | 0.1698,Reduces churn risk | Increases churn risk | Reduces churn risk | Increases churn risk | Increases churn risk,Proactive retention communication; Offer long-term contract incentive; Offer technical support; Review pricing
4018-PPNDW,Female,0,Yes,Yes,61,Yes,Yes,No,No internet service,No internet service,No internet service,No internet service,No internet service,No internet service,Two year,Yes,Mailed check,24.1,1551.6,No,0.0065858117,0,Low,1.0,Low,Contract Month-to-month | tenure | Contract Two year | OnlineSecurity No | TotalCharges,-1.2074 | -0.7858 | -0.7568 | -0.4705 | -0.4394,Reduces churn risk | Reduces churn risk | Reduces churn risk | Reduces churn risk | Reduces churn risk,Maintain regular engagement
6288-CHQJB,Female,0,Yes,Yes,54,Yes,No,DSL,Yes,No,Yes,Yes,No,Yes,Two year,No,Bank transfer (automatic),69.95,3871.85,No,0.0062404047,0,Low,0.0,Low,Contract Month-to-month | TotalCharges | Contract Two year | MonthlyCharges | tenure,-0.9412 | -0.7053 | -0.6039 | -0.4637 | -0.4523,Reduces churn risk | Reduces churn risk | Reduces churn risk | Reduces churn risk | Reduces churn risk,Maintain regular engagement
4905-JEFDW,Male,0,No,No,11,No,No phone service,DSL,No,No,Yes,No,Yes,No,One year,Yes,Electronic check,41.6,470.6,Yes,0.32416585,0,Low,1.0,Low,Contract Month-to-month | StreamingMovies Yes | PaymentMethod Electronic check | OnlineSecurity No | InternetService Fiber optic,-1.4326 | -0.3375 | 0.3213 | 0.2636 | -0.1429,Reduces churn risk | Reduces churn risk | Increases churn risk | Increases churn risk | Reduces churn risk,Maintain regular engagement; Promote online security; Offer technical support
0559-CKHUS,Female,0,Yes,No,29,Yes,No,No,No internet service,No internet service,No internet service,No internet service,No internet service,No internet service,Two year,Yes,Mailed check,19.55,521.8,No,0.011719666,0,Low,1.0,Low,Contract Month-to-month | Contract Two year | OnlineSecurity No | tenure | TechSupport No,-1.4599 | -0.87 | -0.3944 | -0.2743 | -0.266,Reduces churn risk | Reduces churn risk | Reduces churn risk | Reduces churn risk | Reduces churn risk,Maintain regular engagement
2659-VXMWZ,Male,0,Yes,Yes,67,Yes,Yes,Fiber optic,Yes,Yes,Yes,No,Yes,Yes,One year,Yes,Electronic check,111.3,7482.1,Yes,0.07761009,0,Low,0.0,Low,Contract Month-to-month | OnlineSecurity No | tenure | MonthlyCharges | Dependents No,-0.9775 | -0.5539 | -0.4756 | -0.356 | -0.3357,Reduces churn risk | Reduces churn risk | Reduces churn risk | Reduces churn risk | Reduces churn risk,Maintain regular engagement; Offer technical support; Review pricing
6559-RAKOZ,Male,0,Yes,Yes,49,Yes,Yes,Fiber optic,No,No,No,Yes,Yes,Yes,One year,Yes,Electronic check,97.95,4917.9,No,0.4304209,0,Medium,0.0,Medium,Contract Month-to-month | tenure | TechSupport No | MonthlyCharges | OnlineSecurity No,-0.9629 | -0.3732 | -0.3221 | 0.2795 | 0.2478,Reduces churn risk | Reduces churn risk | Reduces churn risk | Increases churn risk | Increases churn risk,Proactive retention communication; Promote online security; Review pricing
8809-XKHMD,Male,0,Yes,No,72,Yes,Yes,Fiber optic,Yes,Yes,No,Yes,No,Yes,Two year,Yes,Bank transfer (automatic),100.55,7325.1,No,0.0056781643,0,Low,0.0,Low,tenure | Contract Month-to-month | Contract Two year | OnlineSecurity No | TechSupport No,-1.6687 | -1.0115 | -0.7996 | -0.5126 | -0.2521,Reduces churn risk | Reduces churn risk | Reduces churn risk | Reduces churn risk | Reduces churn risk,Maintain regular engagement; Review pricing
6365-HITVU,Female,0,Yes,Yes,71,Yes,No,DSL,Yes,Yes,Yes,Yes,Yes,Yes,Two year,No,Credit card (automatic),87.25,6328.7,No,0.0028132175,0,Low,0.0,Low,tenure | Contract Month-to-month | Contract Two year | MonthlyCharges | OnlineSecurity No,-1.2791 | -1.0243 | -0.8395 | -0.3312 | -0.3244,Reduces churn risk | Reduces churn risk | Reduces churn risk | Reduces churn risk | Reduces churn risk,Maintain regular engagement; Review pricing
0134-XWXCE,Female,1,No,No,44,Yes,No,DSL,No,No,Yes,Yes,Yes,Yes,One year,No,Bank transfer (automatic),74.85,3268.05,No,0.031107996,0,Low,0.0,Low,Contract Month-to-month | tenure | MonthlyCharges | TotalCharges | TechSupport No,-0.8965 | -0.5278 | -0.3687 | -0.2298 | -0.221,Reduces churn risk | Reduces churn risk | Reduces churn risk | Reduces churn risk | Reduces churn risk,Maintain regular engagement; Promote online security
9720-JJJOR,Male,0,Yes,Yes,41,Yes,No,DSL,Yes,Yes,Yes,No,No,No,One year,Yes,Bank transfer (automatic),60.3,2511.3,No,0.04822259,0,Low,1.0,Low,Contract Month-to-month | OnlineSecurity No | StreamingMovies Yes | PaymentMethod Electronic check | tenure,-0.9965 | -0.4323 | -0.4 | -0.2467 | -0.2248,Reduces churn risk | Reduces churn risk | Reduces churn risk | Reduces churn risk | Reduces churn risk,Maintain regular engagement; Offer technical support
2782-LFZVW,Female,0,No,No,11,Yes,Yes,DSL,No,No,No,No,No,Yes,Month-to-month,Yes,Mailed check,58.95,601.6,No,0.33302274,0,Low,1.0,Low,Contract Month-to-month | MonthlyCharges | PaymentMethod Electronic check | InternetService Fiber optic | InternetService DSL,0.49 | -0.4257 | -0.4097 | -0.3188 | -0.2833,Increases churn risk | Reduces churn risk | Reduces churn risk | Reduces churn risk | Reduces churn risk,Maintain regular engagement; Offer long-term contract incentive; Promote online security; Offer technical support
6112-KTHFQ,Female,0,No,No,13,Yes,No,No,No internet service,No internet service,No internet service,No internet service,No internet service,No internet service,Month-to-month,Yes,Mailed check,19.3,279.3,No,0.09059946,0,Low,1.0,Low,OnlineSecurity No | Contract Month-to-month | tenure | TechSupport No | MonthlyCharges,-0.577 | 0.4963 | -0.4082 | -0.3346 | -0.2651,Reduces churn risk | Increases churn risk | Reduces churn risk | Reduces churn risk | Reduces churn risk,Maintain regular engagement; Offer long-term contract incentive
9220-ZNKJI,Female,1,Yes,No,55,Yes,No,Fiber optic,No,No,Yes,Yes,Yes,No,Two year,No,Credit card (automatic),88.8,4805.3,No,0.018429354,0,Low,0.0,Low,Contract Month-to-month | tenure | Contract Two year | TechSupport No | MonthlyCharges,-1.0723 | -0.5909 | -0.4421 | -0.3027 | -0.2685,Reduces churn risk | Reduces churn risk | Reduces churn risk | Reduces churn risk | Reduces churn risk,Maintain regular engagement; Promote online security; Review pricing
9820-RMCQV,Female,0,No,No,11,Yes,No,DSL,Yes,No,No,No,No,No,Month-to-month,No,Credit card (automatic),48.55,501.0,Yes,0.23221682,0,Low,1.0,Low,Contract Month-to-month | PaymentMethod Electronic check | PaperlessBilling No | OnlineSecurity No | InternetService Fiber optic,0.4844 | -0.3522 | -0.3185 | -0.3058 | -0.1805,Increases churn risk | Reduces churn risk | Reduces churn risk | Reduces churn risk | Reduces churn risk,Maintain regular engagement; Offer long-term contract incentive; Offer technical support
9013-AQORL,Female,0,No,Yes,48,No,No phone service,DSL,No,Yes,Yes,No,No,Yes,Month-to-month,No,Credit card (automatic),45.55,2108.35,No,0.22631463,0,Low,1.0,Low,Contract Month-to-month | tenure | MonthlyCharges | TotalCharges | PaperlessBilling No,0.4537 | -0.3856 | -0.3142 | -0.2541 | -0.2213,Increases churn risk | Reduces churn risk | Reduces churn risk | Reduces churn risk | Reduces churn risk,Maintain regular engagement; Offer long-term contract incentive; Promote online security; Offer technical support
2040-OBMLJ,Male,0,No,No,31,Yes,Yes,Fiber optic,No,No,No,Yes,No,No,One year,No,Credit card (automatic),81.7,2548.65,No,0.057347182,0,Low,1.0,Low,Contract Month-to-month | tenure | StreamingMovies Yes | PaymentMethod Electronic check | TechSupport No,-1.1693 | -0.4242 | -0.339 | -0.2517 | -0.2344,Reduces churn risk | Reduces churn risk | Reduces churn risk | Reduces churn risk | Reduces churn risk,Maintain regular engagement; Promote online security; Review pricing
5574-NXZIU,Male,0,No,No,63,Yes,No,Fiber optic,Yes,Yes,Yes,Yes,Yes,Yes,Two year,No,Credit card (automatic),109.2,7049.75,No,0.13369225,0,Low,0.0,Low,MonthlyCharges | Contract Month-to-month | Contract Two year | tenure | OnlineSecurity No,0.6965 | -0.6357 | -0.5378 | -0.5242 | -0.3169,Increases churn risk | Reduces churn risk | Reduces churn risk | Reduces churn risk | Reduces churn risk,Maintain regular engagement; Review pricing
5446-DKWYW,Female,1,Yes,Yes,61,Yes,Yes,DSL,No,No,Yes,No,Yes,No,One year,Yes,Electronic check,65.2,3965.05,No,0.06363964,0,Low,0.0,Low,Contract Month-to-month | tenure | TotalCharges | PaymentMethod Electronic check | MonthlyCharges,-1.0245 | -0.7533 | -0.4862 | 0.3448 | -0.3315,Reduces churn risk | Reduces churn risk | Reduces churn risk | Increases churn risk | Reduces churn risk,Maintain regular engagement; Promote online security; Offer technical support
0480-KYJVA,Female,0,Yes,Yes,72,Yes,Yes,No,No internet service,No internet service,No internet service,No internet service,No internet service,No internet service,Two year,No,Credit card (automatic),24.25,1784.5,No,0.00131981,0,Low,1.0,Low,tenure | Contract Month-to-month | Contract Two year | TotalCharges | OnlineSecurity No,-1.6225 | -1.263 | -0.8061 | -0.5242 | -0.4378,Reduces churn risk | Reduces churn risk | Reduces churn risk | Reduces churn risk | Reduces churn risk,Maintain regular engagement
1074-AMIOH,Female,0,Yes,Yes,53,Yes,No,Fiber optic,No,Yes,Yes,Yes,Yes,Yes,Month-to-month,Yes,Bank transfer (automatic),108.25,5935.1,No,0.10588261,0,Low,0.0,Low,tenure | TechSupport No | TotalCharges | Dependents No | Contract Month-to-month,-0.7855 | -0.5789 | -0.4144 | -0.2788 | 0.2454,Reduces churn risk | Reduces churn risk | Reduces churn risk | Reduces churn risk | Increases churn risk,Maintain regular engagement; Offer long-term contract incentive; Promote online security; Review pricing
0015-UOCOJ,Female,1,No,No,7,Yes,No,DSL,Yes,No,No,No,No,No,Month-to-month,Yes,Electronic check,48.2,340.35,No,0.4864997,0,Medium,1.0,Medium,Contract Month-to-month | OnlineSecurity No | PaymentMethod Electronic check | InternetService Fiber optic | InternetService DSL,0.5442 | -0.499 | 0.2081 | -0.1893 | -0.1113,Increases churn risk | Reduces churn risk | Increases churn risk | Reduces churn risk | Reduces churn risk,Proactive retention communication; Offer long-term contract incentive; Offer technical support
0256-LTHVJ,Female,0,Yes,Yes,28,Yes,No,Fiber optic,No,No,No,No,No,Yes,Month-to-month,Yes,Electronic check,81.05,2227.1,Yes,0.4442622,0,Medium,1.0,Medium,Contract Month-to-month | tenure | MultipleLines No | OnlineSecurity No | InternetService Fiber optic,0.564 | -0.5599 | -0.2051 | 0.1711 | 0.1514,Increases churn risk | Reduces churn risk | Reduces churn risk | Increases churn risk | Increases churn risk,Proactive retention communication; Offer long-term contract incentive; Promote online security; Offer technical support; Review pricing
4547-LYTDD,Female,0,No,No,16,Yes,Yes,Fiber optic,No,No,No,No,No,No,Month-to-month,No,Electronic check,72.65,1194.3,Yes,0.26646355,0,Low,1.0,Low,Contract Month-to-month | PaperlessBilling No | TotalCharges | MonthlyCharges | PaperlessBilling Yes,0.6096 | -0.4654 | -0.4476 | -0.3021 | -0.2406,Increases churn risk | Reduces churn risk | Reduces churn risk | Reduces churn risk | Reduces churn risk,Maintain regular engagement; Offer long-term contract incentive; Promote online security; Offer technical support
1077-HUUJM,Female,0,No,Yes,7,Yes,No,Fiber optic,No,No,No,No,No,No,Month-to-month,Yes,Electronic check,71.05,472.65,No,0.82395583,1,High,1.0,Critical,Contract Month-to-month | tenure | TotalCharges | OnlineSecurity No | PaymentMethod Electronic check,0.6687 | 0.2472 | 0.2238 | 0.2123 | 0.1694,Increases churn risk | Increases churn risk | Increases churn risk | Increases churn risk | Increases churn risk,Immediate personal outreach; Offer long-term contract incentive; Promote online security; Offer technical support
2041-JIJCI,Female,0,No,No,5,Yes,Yes,DSL,No,Yes,No,No,No,Yes,Month-to-month,Yes,Electronic check,64.0,370.25,No,0.38745606,0,Low,1.0,Low,MonthlyCharges | Contract Month-to-month | OnlineBackup No | InternetService Fiber optic | InternetService DSL,-0.5963 | 0.5572 | -0.4269 | -0.379 | -0.3663,Reduces churn risk | Increases churn risk | Reduces churn risk | Reduces churn risk | Reduces churn risk,Maintain regular engagement; Offer long-term contract incentive; Provide new-customer support; Promote online security; Offer technical support
1555-HAPSU,Female,0,Yes,Yes,71,Yes,Yes,No,No internet service,No internet service,No internet service,No internet service,No internet service,No internet service,Two year,No,Credit card (automatic),23.9,1663.5,No,0.0019526222,0,Low,1.0,Low,Contract Month-to-month | tenure | Contract Two year | TotalCharges | OnlineSecurity No,-1.2572 | -1.2085 | -0.7502 | -0.5583 | -0.4364,Reduces churn risk | Reduces churn risk | Reduces churn risk | Reduces churn risk | Reduces churn risk,Maintain regular engagement
4323-SADQS,Male,0,Yes,Yes,7,No,No phone service,DSL,Yes,No,No,Yes,No,No,Month-to-month,Yes,Electronic check,34.5,279.25,Yes,0.20333105,0,Low,1.0,Low,OnlineSecurity No | Contract Month-to-month | TechSupport No | Dependents No | MonthlyCharges,-0.4823 | 0.4185 | -0.4133 | -0.352 | -0.3258,Reduces churn risk | Increases churn risk | Reduces churn risk | Reduces churn risk | Reduces churn risk,Maintain regular engagement; Offer long-term contract incentive
3292-PBZEJ,Male,1,No,No,11,Yes,Yes,Fiber optic,No,Yes,Yes,Yes,Yes,Yes,Month-to-month,Yes,Electronic check,111.4,1183.05,No,0.76208544,1,High,1.0,Critical,TechSupport No | Contract Month-to-month | TotalCharges | OnlineBackup No | InternetService Fiber optic,-0.5492 | 0.5073 | 0.3461 | -0.2762 | 0.2325,Reduces churn risk | Increases churn risk | Increases churn risk | Reduces churn risk | Increases churn risk,Priority retention outreach; Offer long-term contract incentive; Promote online security; Review pricing
6203-HBZPA,Male,0,No,No,52,No,No phone service,DSL,Yes,Yes,Yes,Yes,Yes,Yes,Two year,No,Credit card (automatic),63.9,3334.95,No,0.008148761,0,Low,0.0,Low,Contract Month-to-month | Contract Two year | MonthlyCharges | TotalCharges | tenure,-0.969 | -0.777 | -0.5169 | -0.3138 | -0.2991,Reduces churn risk | Reduces churn risk | Reduces churn risk | Reduces churn risk | Reduces churn risk,Maintain regular engagement
9755-JHNMN,Female,0,No,No,49,Yes,No,DSL,Yes,Yes,Yes,Yes,No,No,Two year,No,Bank transfer (automatic),67.4,3306.85,No,0.010729553,0,Low,0.0,Low,Contract Month-to-month | Contract Two year | tenure | MonthlyCharges | TotalCharges,-1.0303 | -0.7637 | -0.4096 | -0.3484 | -0.3359,Reduces churn risk | Reduces churn risk | Reduces churn risk | Reduces churn risk | Reduces churn risk,Maintain regular engagement
7369-TRPFD,Male,0,No,No,19,Yes,No,No,No internet service,No internet service,No internet service,No internet service,No internet service,No internet service,One year,No,Mailed check,18.8,279.2,No,0.0035581547,0,Low,1.0,Low,MonthlyCharges | Contract Month-to-month | OnlineSecurity No | PaperlessBilling No | TechSupport No,-1.3683 | -1.1597 | -0.4985 | -0.3328 | -0.2861,Reduces churn risk | Reduces churn risk | Reduces churn risk | Reduces churn risk | Reduces churn risk,Maintain regular engagement
9878-TNQGW,Male,0,No,No,2,Yes,No,Fiber optic,No,No,No,No,No,Yes,Month-to-month,Yes,Electronic check,80.95,171.15,Yes,0.84569323,1,High,1.0,Critical,Contract Month-to-month | tenure | OnlineSecurity No | MultipleLines No | PaymentMethod Electronic check,0.6339 | 0.4141 | 0.2969 | -0.2896 | 0.2092,Increases churn risk | Increases churn risk | Increases churn risk | Reduces churn risk | Increases churn risk,Immediate personal outreach; Offer long-term contract incentive; Provide new-customer support; Promote online security; Offer technical support; Review pricing
2279-AXJJK,Male,0,Yes,No,52,Yes,Yes,Fiber optic,No,Yes,No,Yes,No,Yes,Month-to-month,Yes,Credit card (automatic),95.65,5088.4,No,0.15417144,0,Low,0.0,Low,tenure | TechSupport No | PaymentMethod Electronic check | Contract Month-to-month | TechSupport Yes,-0.8303 | -0.54 | -0.4887 | 0.332 | -0.2095,Reduces churn risk | Reduces churn risk | Reduces churn risk | Increases churn risk | Reduces churn risk,Maintain regular engagement; Offer long-term contract incentive; Promote online security; Review pricing
5016-IBERQ,Male,0,Yes,No,23,Yes,Yes,Fiber optic,No,Yes,Yes,No,No,No,Month-to-month,No,Electronic check,84.25,1968.1,No,0.41518036,0,Medium,1.0,Medium,PaperlessBilling No | Contract Month-to-month | tenure | PaperlessBilling Yes | PaymentMethod Electronic check,-0.6062 | 0.5157 | -0.3574 | -0.2615 | 0.2005,Reduces churn risk | Increases churn risk | Reduces churn risk | Reduces churn risk | Increases churn risk,Proactive retention communication; Offer long-term contract incentive; Promote online security; Offer technical support; Review pricing
1016-DJTSV,Male,1,No,No,8,Yes,No,Fiber optic,No,No,No,No,No,No,Month-to-month,Yes,Electronic check,69.7,572.85,No,0.6484348,1,Medium,1.0,Medium,Contract Month-to-month | MonthlyCharges | PaymentMethod Electronic check | MultipleLines No | OnlineSecurity No,0.6502 | -0.3694 | 0.2501 | -0.2153 | 0.1776,Increases churn risk | Reduces churn risk | Increases churn risk | Reduces churn risk | Increases churn risk,Proactive retention communication; Offer long-term contract incentive; Promote online security; Offer technical support
8433-WPJTV,Female,1,Yes,Yes,65,Yes,Yes,Fiber optic,No,No,Yes,Yes,Yes,Yes,One year,Yes,Bank transfer (automatic),103.9,6767.1,No,0.081571355,0,Low,0.0,Low,Contract Month-to-month | tenure | TotalCharges | TechSupport No | PaymentMethod Electronic check,-1.0456 | -0.6975 | -0.358 | -0.3469 | -0.2967,Reduces churn risk | Reduces churn risk | Reduces churn risk | Reduces churn risk | Reduces churn risk,Maintain regular engagement; Promote online security; Review pricing
8903-XEBGX,Male,0,No,Yes,2,Yes,No,DSL,No,No,No,No,No,Yes,Month-to-month,Yes,Electronic check,55.3,108.65,No,0.61209476,1,Medium,1.0,Medium,Contract Month-to-month | tenure | MonthlyCharges | MultipleLines No | Dependents No,0.5356 | 0.4002 | -0.258 | -0.2483 | -0.2318,Increases churn risk | Increases churn risk | Reduces churn risk | Reduces churn risk | Reduces churn risk,Proactive retention communication; Offer long-term contract incentive; Provide new-customer support; Promote online security; Offer technical support
2632-TACXW,Female,0,Yes,No,62,Yes,Yes,No,No internet service,No internet service,No internet service,No internet service,No internet service,No internet service,Two year,No,Bank transfer (automatic),23.65,1416.75,No,0.0047194376,0,Low,1.0,Low,Contract Month-to-month | tenure | Contract Two year | TotalCharges | OnlineSecurity No,-1.2157 | -0.9061 | -0.7796 | -0.4557 | -0.3831,Reduces churn risk | Reduces churn risk | Reduces churn risk | Reduces churn risk | Reduces churn risk,Maintain regular engagement
7952-OBOYL,Male,0,No,No,3,Yes,No,Fiber optic,No,No,Yes,Yes,Yes,No,Month-to-month,Yes,Mailed check,89.85,244.45,No,0.84551543,1,High,1.0,Critical,Contract Month-to-month | tenure | MonthlyCharges | TechSupport No | OnlineSecurity No,0.6069 | 0.5315 | 0.2928 | -0.2891 | 0.2709,Increases churn risk | Increases churn risk | Increases churn risk | Reduces churn risk | Increases churn risk,Immediate personal outreach; Offer long-term contract incentive; Provide new-customer support; Promote online security; Review pricing
1470-PSXNM,Male,0,Yes,Yes,49,Yes,Yes,Fiber optic,No,Yes,Yes,No,Yes,No,One year,Yes,Electronic check,93.65,4520.15,No,0.29050115,0,Low,0.0,Low,Contract Month-to-month | tenure | PaymentMethod Electronic check | StreamingMovies Yes | OnlineSecurity No,-1.2246 | -0.3671 | 0.3619 | -0.2678 | 0.2193,Reduces churn risk | Reduces churn risk | Increases churn risk | Reduces churn risk | Increases churn risk,Maintain regular engagement; Promote online security; Offer technical support; Review pricing
6227-HWPWX,Female,0,No,Yes,15,Yes,No,Fiber optic,No,No,No,No,No,No,Month-to-month,No,Bank transfer (automatic),69.0,994.8,Yes,0.3070253,0,Low,1.0,Low,Contract Month-to-month | PaperlessBilling No | PaymentMethod Electronic check | MonthlyCharges | OnlineSecurity No,0.5661 | -0.4107 | -0.259 | -0.232 | 0.1569,Increases churn risk | Reduces churn risk | Reduces churn risk | Reduces churn risk | Increases churn risk,Maintain regular engagement; Offer long-term contract incentive; Promote online security; Offer technical support
5924-SNGKP,Female,0,No,Yes,41,Yes,No,No,No internet service,No internet service,No internet service,No internet service,No internet service,No internet service,One year,Yes,Credit card (automatic),20.25,865.0,No,0.0070345146,0,Low,1.0,Low,Contract Month-to-month | MonthlyCharges | OnlineSecurity No | tenure | TechSupport No,-1.1742 | -0.7216 | -0.4775 | -0.4412 | -0.2794,Reduces churn risk | Reduces churn risk | Reduces churn risk | Reduces churn risk | Reduces churn risk,Maintain regular engagement
8818-DOPVL,Female,1,No,No,46,Yes,Yes,Fiber optic,No,Yes,Yes,No,Yes,Yes,Month-to-month,Yes,Electronic check,104.45,4863.85,No,0.72810864,1,High,0.0,Critical,Contract Month-to-month | tenure | OnlineSecurity No | MultipleLines No | InternetService Fiber optic,0.5395 | -0.5229 | 0.2263 | 0.2068 | 0.1817,Increases churn risk | Reduces churn risk | Increases churn risk | Increases churn risk | Increases churn risk,Priority retention outreach; Offer long-term contract incentive; Promote online security; Offer technical support; Review pricing
4521-WFJAI,Male,0,No,No,56,Yes,Yes,No,No internet service,No internet service,No internet service,No internet service,No internet service,No internet service,Two year,Yes,Bank transfer (automatic),25.95,1444.05,No,0.016355034,0,Low,1.0,Low,Contract Month-to-month | Contract Two year | OnlineSecurity No | TotalCharges | TechSupport No,-1.1109 | -0.6252 | -0.4557 | -0.428 | -0.3562,Reduces churn risk | Reduces churn risk | Reduces churn risk | Reduces churn risk | Reduces churn risk,Maintain regular engagement
4724-WXVWF,Male,0,No,No,48,Yes,Yes,Fiber optic,Yes,No,No,Yes,No,Yes,Month-to-month,Yes,Electronic check,95.4,4445.3,No,0.29675806,0,Low,0.0,Low,tenure | OnlineSecurity No | TechSupport No | Contract Month-to-month | PaymentMethod Electronic check,-0.6174 | -0.6081 | -0.4941 | 0.3262 | 0.3119,Reduces churn risk | Reduces churn risk | Reduces churn risk | Increases churn risk | Increases churn risk,Maintain regular engagement; Offer long-term contract incentive; Review pricing
3717-OEAUQ,Male,0,No,No,2,Yes,No,Fiber optic,No,No,No,No,No,No,Month-to-month,No,Mailed check,70.7,129.2,No,0.6872173,1,Medium,1.0,Medium,Contract Month-to-month | OnlineSecurity No | tenure | PaymentMethod Electronic check | TotalCharges,0.6226 | 0.2779 | 0.2692 | -0.2199 | 0.2158,Increases churn risk | Increases churn risk | Increases churn risk | Reduces churn risk | Increases churn risk,Proactive retention communication; Offer long-term contract incentive; Provide new-customer support; Promote online security; Offer technical support
8165-ZJRNM,Female,0,Yes,Yes,72,Yes,Yes,No,No internet service,No internet service,No internet service,No internet service,No internet service,No internet service,Two year,No,Bank transfer (automatic),23.75,1679.25,No,0.0013558187,0,Low,1.0,Low,tenure | Contract Month-to-month | Contract Two year | TotalCharges | OnlineSecurity No,-1.6669 | -1.2452 | -0.8137 | -0.6003 | -0.4502,Reduces churn risk | Reduces churn risk | Reduces churn risk | Reduces churn risk | Reduces churn risk,Maintain regular engagement
7838-LAZFO,Male,0,Yes,No,45,Yes,No,DSL,Yes,Yes,Yes,No,Yes,Yes,One year,No,Bank transfer (automatic),78.8,3597.5,No,0.063883856,0,Low,0.0,Low,Contract Month-to-month | tenure | OnlineSecurity No | MonthlyCharges | TotalCharges,-0.7283 | -0.4386 | -0.3035 | -0.2619 | -0.2471,Reduces churn risk | Reduces churn risk | Reduces churn risk | Reduces churn risk | Reduces churn risk,Maintain regular engagement; Offer technical support
0513-RBGPE,Male,0,Yes,Yes,37,Yes,Yes,DSL,Yes,No,Yes,Yes,No,No,Two year,Yes,Credit card (automatic),62.8,2278.75,No,0.008596345,0,Low,1.0,Low,Contract Month-to-month | Contract Two year | OnlineSecurity No | MonthlyCharges | TotalCharges,-1.0103 | -0.6985 | -0.3862 | -0.3546 | -0.3162,Reduces churn risk | Reduces churn risk | Reduces churn risk | Reduces churn risk | Reduces churn risk,Maintain regular engagement
7251-XFOIL,Female,0,No,No,61,Yes,Yes,Fiber optic,No,No,Yes,No,No,Yes,Month-to-month,No,Mailed check,89.2,5500.6,No,0.041714095,0,Low,0.0,Low,tenure | TotalCharges | Contract Month-to-month | PaymentMethod Electronic check | PaperlessBilling No,-1.6663 | -0.6819 | 0.4133 | -0.3433 | -0.2693,Reduces churn risk | Reduces churn risk | Increases churn risk | Reduces churn risk | Reduces churn risk,Maintain regular engagement; Offer long-term contract incentive; Promote online security; Offer technical support; Review pricing
2525-GVKQU,Female,0,No,No,60,Yes,No,No,No internet service,No internet service,No internet service,No internet service,No internet service,No internet service,Two year,No,Mailed check,20.6,1093.0,No,0.015787154,0,Low,1.0,Low,Contract Month-to-month | tenure | MonthlyCharges | Contract Two year | TotalCharges,-1.077 | -0.599 | -0.5205 | -0.5046 | 0.402,Reduces churn risk | Reduces churn risk | Reduces churn risk | Reduces churn risk | Increases churn risk,Maintain regular engagement
7579-OOPEC,Female,1,Yes,No,2,Yes,No,DSL,No,Yes,No,No,No,No,Month-to-month,No,Credit card (automatic),50.15,115.1,Yes,0.3108038,0,Low,1.0,Low,Contract Month-to-month | SeniorCitizen | OnlineBackup No | MonthlyCharges | PaperlessBilling No,0.4854 | 0.3066 | -0.2967 | -0.28 | -0.2641,Increases churn risk | Increases churn risk | Reduces churn risk | Reduces churn risk | Reduces churn risk,Maintain regular engagement; Offer long-term contract incentive; Provide new-customer support; Promote online security; Offer technical support
3795-GWTRD,Female,0,Yes,Yes,63,Yes,No,DSL,Yes,Yes,Yes,Yes,Yes,No,Two year,No,Credit card (automatic),75.55,4707.85,No,0.014071762,0,Low,0.0,Low,Contract Month-to-month | tenure | Contract Two year | MonthlyCharges | TechSupport No,-0.9823 | -0.6924 | -0.6847 | -0.311 | -0.2231,Reduces churn risk | Reduces churn risk | Reduces churn risk | Reduces churn risk | Reduces churn risk,Maintain regular engagement
4750-ZRXIU,Female,1,No,No,4,Yes,Yes,Fiber optic,No,No,No,No,No,Yes,Month-to-month,Yes,Electronic check,84.6,360.1,Yes,0.92742294,1,High,1.0,Critical,Contract Month-to-month | OnlineSecurity No | tenure | MultipleLines No | TotalCharges,0.7165 | 0.3199 | 0.2847 | 0.2049 | 0.1497,Increases churn risk | Increases churn risk | Increases churn risk | Increases churn risk | Increases churn risk,Immediate personal outreach; Offer long-term contract incentive; Provide new-customer support; Promote online security; Offer technical support; Review pricing
5445-PZWGX,Male,0,No,No,62,Yes,Yes,Fiber optic,Yes,Yes,No,Yes,No,Yes,One year,No,Electronic check,102.0,6529.25,Yes,0.07567894,0,Low,0.0,Low,tenure | Contract Month-to-month | OnlineSecurity No | PaperlessBilling No | TotalCharges,-0.7755 | -0.5936 | -0.4044 | -0.3069 | -0.2577,Reduces churn risk | Reduces churn risk | Reduces churn risk | Reduces churn risk | Reduces churn risk,Maintain regular engagement; Review pricing
0516-UXRMT,Female,0,No,No,62,Yes,Yes,Fiber optic,Yes,Yes,Yes,No,No,No,One year,Yes,Electronic check,92.05,5755.8,No,0.0573432,0,Low,0.0,Low,tenure | Contract Month-to-month | OnlineSecurity No | PaymentMethod Electronic check | TotalCharges,-1.0309 | -1.0158 | -0.4229 | 0.3617 | -0.2788,Reduces churn risk | Reduces churn risk | Reduces churn risk | Increases churn risk | Reduces churn risk,Maintain regular engagement; Offer technical support; Review pricing
0727-BNRLG,Male,0,No,No,69,Yes,Yes,Fiber optic,No,Yes,Yes,Yes,Yes,No,Two year,Yes,Credit card (automatic),97.65,6743.55,No,0.0429866,0,Low,0.0,Low,Contract Month-to-month | Contract Two year | tenure | TotalCharges | TechSupport No,-1.1739 | -0.6544 | -0.5002 | -0.3158 | -0.2822,Reduces churn risk | Reduces churn risk | Reduces churn risk | Reduces churn risk | Reduces churn risk,Maintain regular engagement; Promote online security; Review pricing
3932-CMDTD,Female,0,No,No,4,Yes,No,Fiber optic,No,Yes,Yes,Yes,Yes,Yes,One year,Yes,Electronic check,105.65,443.9,Yes,0.39116868,0,Low,1.0,Low,Contract Month-to-month | MonthlyCharges | TechSupport No | tenure | OnlineBackup No,-1.1236 | 0.4299 | -0.2885 | 0.25 | -0.18,Reduces churn risk | Increases churn risk | Reduces churn risk | Increases churn risk | Reduces churn risk,Maintain regular engagement; Provide new-customer support; Promote online security; Review pricing
1264-FUHCX,Female,0,Yes,No,49,No,No phone service,DSL,No,Yes,No,Yes,Yes,Yes,One year,Yes,Credit card (automatic),56.3,2780.6,No,0.09938313,0,Low,1.0,Low,Contract Month-to-month | tenure | TechSupport No | PaymentMethod Electronic check | InternetService Fiber optic,-0.8501 | -0.4098 | -0.3776 | -0.2489 | -0.1982,Reduces churn risk | Reduces churn risk | Reduces churn risk | Reduces churn risk | Reduces churn risk,Maintain regular engagement; Promote online security
6194-HBGQN,Male,0,No,No,51,Yes,Yes,DSL,Yes,Yes,Yes,Yes,Yes,No,One year,Yes,Credit card (automatic),81.15,4126.2,No,0.032300968,0,Low,0.0,Low,Contract Month-to-month | tenure | OnlineSecurity No | StreamingMovies Yes | TotalCharges,-0.8282 | -0.4902 | -0.3915 | -0.3718 | -0.3193,Reduces churn risk | Reduces churn risk | Reduces churn risk | Reduces churn risk | Reduces churn risk,Maintain regular engagement; Review pricing
4524-QCSSM,Male,0,No,No,26,No,No phone service,DSL,Yes,Yes,No,No,No,Yes,Month-to-month,Yes,Bank transfer (automatic),44.65,1156.55,No,0.308651,0,Low,1.0,Low,OnlineSecurity No | Contract Month-to-month | PaymentMethod Electronic check | tenure | InternetService Fiber optic,-0.5078 | 0.4407 | -0.3964 | -0.2703 | -0.2358,Reduces churn risk | Increases churn risk | Reduces churn risk | Reduces churn risk | Reduces churn risk,Maintain regular engagement; Offer long-term contract incentive; Offer technical support
4570-QHXHL,Female,0,No,No,9,Yes,No,DSL,No,No,No,No,No,No,Month-to-month,Yes,Electronic check,43.75,405.7,No,0.6202954,1,Medium,1.0,Medium,Contract Month-to-month | MonthlyCharges | PaymentMethod Electronic check | InternetService Fiber optic | OnlineSecurity No,0.6159 | -0.4332 | 0.2511 | -0.1688 | 0.1635,Increases churn risk | Reduces churn risk | Increases churn risk | Reduces churn risk | Increases churn risk,Proactive retention communication; Offer long-term contract incentive; Promote online security; Offer technical support
2972-YDYUW,Female,0,No,No,57,Yes,Yes,Fiber optic,No,Yes,No,Yes,No,Yes,One year,No,Electronic check,94.7,5468.95,No,0.13666268,0,Low,0.0,Low,Contract Month-to-month | tenure | PaperlessBilling No | MonthlyCharges | TechSupport No,-0.778 | -0.5202 | -0.3457 | 0.2597 | -0.2191,Reduces churn risk | Reduces churn risk | Reduces churn risk | Increases churn risk | Reduces churn risk,Maintain regular engagement; Promote online security; Review pricing
2061-VVFST,Female,0,Yes,No,37,Yes,No,No,No internet service,No internet service,No internet service,No internet service,No internet service,No internet service,Month-to-month,No,Bank transfer (automatic),19.5,805.2,No,0.3773505,0,Low,1.0,Low,Contract Month-to-month | tenure | OnlineSecurity No | InternetService Fiber optic | MonthlyCharges,0.5095 | -0.3727 | -0.3499 | -0.1876 | 0.1829,Increases churn risk | Reduces churn risk | Reduces churn risk | Reduces churn risk | Increases churn risk,Maintain regular engagement; Offer long-term contract incentive
6874-SGLHU,Male,0,No,No,30,Yes,No,Fiber optic,No,Yes,No,No,Yes,Yes,One year,Yes,Bank transfer (automatic),97.0,3021.3,No,0.29674533,0,Low,0.0,Low,Contract Month-to-month | tenure | OnlineSecurity No | MultipleLines No | PaymentMethod Electronic check,-0.8942 | -0.4202 | 0.2881 | -0.2127 | -0.2018,Reduces churn risk | Reduces churn risk | Increases churn risk | Reduces churn risk | Reduces churn risk,Maintain regular engagement; Promote online security; Offer technical support; Review pricing
9844-FELAJ,Female,1,Yes,Yes,70,Yes,Yes,Fiber optic,No,Yes,Yes,Yes,Yes,Yes,One year,Yes,Electronic check,107.9,7475.85,No,0.102709636,0,Low,0.0,Low,Contract Month-to-month | tenure | Dependents No | OnlineSecurity No | TechSupport No,-0.9247 | -0.5332 | -0.4814 | 0.2435 | -0.2127,Reduces churn risk | Reduces churn risk | Reduces churn risk | Increases churn risk | Reduces churn risk,Maintain regular engagement; Promote online security; Review pricing
1902-XBTFB,Male,0,No,Yes,22,Yes,No,Fiber optic,No,Yes,Yes,No,Yes,No,Month-to-month,Yes,Electronic check,89.4,2001.5,Yes,0.6605068,1,Medium,1.0,Medium,Contract Month-to-month | PaymentMethod Electronic check | MonthlyCharges | OnlineSecurity No | InternetService Fiber optic,0.5621 | 0.2134 | -0.1948 | 0.1857 | 0.1839,Increases churn risk | Increases churn risk | Reduces churn risk | Increases churn risk | Increases churn risk,Proactive retention communication; Offer long-term contract incentive; Promote online security; Offer technical support; Review pricing
9039-RBEEE,Male,0,No,No,39,No,No phone service,DSL,Yes,Yes,No,Yes,Yes,No,Month-to-month,Yes,Credit card (automatic),48.95,1880.85,Yes,0.06897883,0,Low,1.0,Low,tenure | TotalCharges | TechSupport No | OnlineSecurity No | Contract Month-to-month,-0.4965 | -0.4694 | -0.4391 | -0.4338 | 0.3803,Reduces churn risk | Reduces churn risk | Reduces churn risk | Reduces churn risk | Increases churn risk,Maintain regular engagement; Offer long-term contract incentive
9369-XFEHK,Female,1,Yes,No,33,Yes,Yes,Fiber optic,No,Yes,No,No,No,No,Month-to-month,Yes,Bank transfer (automatic),80.6,2656.5,Yes,0.431416,0,Medium,1.0,Medium,Contract Month-to-month | tenure | PaymentMethod Electronic check | InternetService Fiber optic | TotalCharges,0.5958 | -0.5598 | -0.404 | 0.1935 | -0.1579,Increases churn risk | Reduces churn risk | Reduces churn risk | Increases churn risk | Reduces churn risk,Proactive retention communication; Offer long-term contract incentive; Promote online security; Offer technical support; Review pricing
3680-CTHUH,Male,0,No,No,60,Yes,Yes,Fiber optic,Yes,Yes,Yes,Yes,Yes,Yes,One year,Yes,Credit card (automatic),116.6,7049.5,No,0.17727064,0,Low,0.0,Low,tenure | Contract Month-to-month | OnlineSecurity No | MonthlyCharges | PaymentMethod Electronic check,-0.7481 | -0.5176 | -0.4843 | 0.304 | -0.2233,Reduces churn risk | Reduces churn risk | Reduces churn risk | Increases churn risk | Reduces churn risk,Maintain regular engagement; Review pricing
3679-XASPY,Female,0,Yes,Yes,1,Yes,No,No,No internet service,No internet service,No internet service,No internet service,No internet service,No internet service,Month-to-month,No,Electronic check,19.45,19.45,No,0.5344765,1,Medium,1.0,Medium,tenure | Contract Month-to-month | OnlineSecurity No | TechSupport No | TotalCharges,0.7885 | 0.5812 | -0.4045 | -0.2672 | 0.2537,Increases churn risk | Increases churn risk | Reduces churn risk | Reduces churn risk | Increases churn risk,Proactive retention communication; Offer long-term contract incentive; Provide new-customer support
9089-UOWJG,Female,0,Yes,Yes,12,Yes,No,DSL,No,No,Yes,No,Yes,No,Month-to-month,Yes,Credit card (automatic),58.35,740.55,No,0.15654849,0,Low,1.0,Low,Contract Month-to-month | PaymentMethod Electronic check | InternetService DSL | MonthlyCharges | InternetService Fiber optic,0.4513 | -0.4476 | -0.3212 | -0.2932 | -0.2694,Increases churn risk | Reduces churn risk | Reduces churn risk | Reduces churn risk | Reduces churn risk,Maintain regular engagement; Offer long-term contract incentive; Promote online security; Offer technical support
1574-DYCWE,Female,0,Yes,Yes,51,Yes,No,No,No internet service,No internet service,No internet service,No internet service,No internet service,No internet service,Two year,No,Mailed check,19.95,1028.75,No,0.0051781503,0,Low,1.0,Low,Contract Month-to-month | Contract Two year | tenure | OnlineSecurity No | TechSupport No,-1.2276 | -0.8127 | -0.7265 | -0.4031 | -0.2809,Reduces churn risk | Reduces churn risk | Reduces churn risk | Reduces churn risk | Reduces churn risk,Maintain regular engagement
9779-DPNEJ,Female,0,Yes,Yes,22,Yes,No,Fiber optic,No,No,No,No,No,Yes,Month-to-month,Yes,Electronic check,80.15,1790.65,No,0.58868486,1,Medium,1.0,Medium,Contract Month-to-month | TotalCharges | OnlineSecurity No | MultipleLines No | InternetService Fiber optic,0.5934 | -0.2352 | 0.1914 | -0.1597 | 0.1387,Increases churn risk | Reduces churn risk | Increases churn risk | Reduces churn risk | Increases churn risk,Proactive retention communication; Offer long-term contract incentive; Promote online security; Offer technical support; Review pricing
2967-MXRAV,Male,0,Yes,Yes,1,Yes,No,No,No internet service,No internet service,No internet service,No internet service,No internet service,No internet service,One year,No,Mailed check,18.8,18.8,No,0.017131103,0,Low,1.0,Low,Contract Month-to-month | MonthlyCharges | tenure | OnlineSecurity No | TotalCharges,-1.3847 | -1.1966 | 0.6763 | -0.4475 | 0.3003,Reduces churn risk | Reduces churn risk | Increases churn risk | Reduces churn risk | Increases churn risk,Maintain regular engagement; Provide new-customer support
0327-WFZSY,Male,0,Yes,Yes,39,Yes,Yes,Fiber optic,No,No,Yes,No,Yes,Yes,One year,No,Electronic check,100.0,3835.55,No,0.3958074,0,Low,0.0,Low,Contract Month-to-month | MonthlyCharges | PaperlessBilling No | TotalCharges | PaymentMethod Electronic check,-1.1653 | 0.537 | -0.4267 | -0.3382 | 0.2427,Reduces churn risk | Increases churn risk | Reduces churn risk | Reduces churn risk | Increases churn risk,Maintain regular engagement; Promote online security; Offer technical support; Review pricing
1731-TVIUK,Female,0,No,No,4,Yes,Yes,Fiber optic,No,Yes,No,Yes,No,Yes,Month-to-month,Yes,Electronic check,93.5,362.2,Yes,0.87165743,1,High,1.0,Critical,Contract Month-to-month | tenure | TechSupport No | MonthlyCharges | OnlineSecurity No,0.6881 | 0.5209 | -0.5204 | 0.3032 | 0.2536,Increases churn risk | Increases churn risk | Reduces churn risk | Increases churn risk | Increases churn risk,Immediate personal outreach; Offer long-term contract incentive; Provide new-customer support; Promote online security; Review pricing
7666-WKRON,Female,0,No,No,39,Yes,No,Fiber optic,No,No,Yes,Yes,No,No,Two year,Yes,Electronic check,80.45,3201.55,Yes,0.052224543,0,Low,0.0,Low,Contract Month-to-month | Contract Two year | MonthlyCharges | PaymentMethod Electronic check | TechSupport No,-1.3352 | -0.6796 | -0.3376 | 0.2752 | -0.2105,Reduces churn risk | Reduces churn risk | Reduces churn risk | Increases churn risk | Reduces churn risk,Maintain regular engagement; Promote online security; Review pricing
3865-ZYKAD,Male,1,Yes,No,69,Yes,Yes,Fiber optic,Yes,Yes,No,No,No,No,Month-to-month,Yes,Credit card (automatic),84.9,5785.65,No,0.08637632,0,Low,0.0,Low,tenure | OnlineSecurity No | Contract Month-to-month | TotalCharges | PaymentMethod Electronic check,-1.1401 | -0.564 | 0.3952 | -0.3754 | -0.373,Reduces churn risk | Reduces churn risk | Increases churn risk | Reduces churn risk | Reduces churn risk,Maintain regular engagement; Offer long-term contract incentive; Offer technical support; Review pricing
1465-LNTLJ,Male,1,Yes,No,8,Yes,No,DSL,No,No,Yes,Yes,No,Yes,Month-to-month,Yes,Credit card (automatic),64.4,581.7,No,0.042811632,0,Low,1.0,Low,MonthlyCharges | PaymentMethod Electronic check | Contract Month-to-month | TechSupport No | InternetService DSL,-0.6647 | -0.3914 | 0.3464 | -0.3257 | -0.2809,Reduces churn risk | Reduces churn risk | Increases churn risk | Reduces churn risk | Reduces churn risk,Maintain regular engagement; Offer long-term contract incentive; Promote online security
2696-RZVZW,Male,0,Yes,No,68,Yes,Yes,No,No internet service,No internet service,No internet service,No internet service,No internet service,No internet service,Two year,No,Credit card (automatic),25.05,1629.2,No,0.009084956,0,Low,1.0,Low,Contract Month-to-month | Contract Two year | TotalCharges | tenure | OnlineSecurity No,-1.1007 | -0.6682 | -0.6079 | -0.5524 | -0.3673,Reduces churn risk | Reduces churn risk | Reduces churn risk | Reduces churn risk | Reduces churn risk,Maintain regular engagement
0685-MLYYM,Female,1,No,No,2,Yes,No,Fiber optic,No,No,No,No,No,No,Month-to-month,No,Electronic check,70.75,154.85,Yes,0.7027623,1,High,1.0,Critical,Contract Month-to-month | PaperlessBilling No | OnlineSecurity No | tenure | TotalCharges,0.6425 | -0.2646 | 0.2055 | 0.1468 | 0.1364,Increases churn risk | Reduces churn risk | Increases churn risk | Increases churn risk | Increases churn risk,Priority retention outreach; Offer long-term contract incentive; Provide new-customer support; Promote online security; Offer technical support
2778-OCLGR,Male,1,Yes,No,24,No,No phone service,DSL,Yes,No,No,No,No,Yes,Month-to-month,No,Bank transfer (automatic),39.1,971.3,Yes,0.71388,1,High,1.0,Critical,Contract Month-to-month | OnlineSecurity No | SeniorCitizen | PaymentMethod Electronic check | TotalCharges,0.4662 | -0.3547 | 0.2531 | -0.2235 | 0.2068,Increases churn risk | Reduces churn risk | Increases churn risk | Reduces churn risk | Increases churn risk,Priority retention outreach; Offer long-term contract incentive; Offer technical support
3982-XWFZQ,Female,0,Yes,No,42,Yes,Yes,DSL,No,No,No,No,No,No,Month-to-month,Yes,Electronic check,50.25,2203.65,Yes,0.18583651,0,Low,1.0,Low,tenure | Contract Month-to-month | MonthlyCharges | InternetService Fiber optic | InternetService DSL,-0.5601 | 0.5186 | -0.3838 | -0.3713 | -0.3026,Reduces churn risk | Increases churn risk | Reduces churn risk | Reduces churn risk | Reduces churn risk,Maintain regular engagement; Offer long-term contract incentive; Promote online security; Offer technical support
4759-PXTAN,Female,0,Yes,No,59,Yes,Yes,DSL,No,Yes,No,Yes,Yes,Yes,One year,Yes,Electronic check,80.1,4693.2,No,0.07429385,0,Low,0.0,Low,Contract Month-to-month | tenure | TotalCharges | TechSupport No | InternetService Fiber optic,-0.8647 | -0.5101 | -0.3693 | -0.315 | -0.2397,Reduces churn risk | Reduces churn risk | Reduces churn risk | Reduces churn risk | Reduces churn risk,Maintain regular engagement; Promote online security; Review pricing
1448-PWKYE,Male,0,Yes,Yes,1,Yes,No,Fiber optic,No,No,No,No,No,Yes,Month-to-month,No,Electronic check,80.0,80.0,Yes,0.86199963,1,High,1.0,Critical,tenure | Contract Month-to-month | Dependents No | TotalCharges | OnlineSecurity No,0.8924 | 0.656 | -0.3261 | 0.2785 | 0.2751,Increases churn risk | Increases churn risk | Reduces churn risk | Increases churn risk | Increases churn risk,Immediate personal outreach; Offer long-term contract incentive; Provide new-customer support; Promote online security; Offer technical support; Review pricing
8741-LQOBK,Female,0,Yes,Yes,46,No,No phone service,DSL,Yes,Yes,No,No,No,No,Month-to-month,No,Bank transfer (automatic),35.05,1620.25,No,0.1500168,0,Low,1.0,Low,tenure | Contract Month-to-month | OnlineSecurity No | Dependents No | InternetService Fiber optic,-0.4597 | 0.4213 | -0.4117 | -0.2067 | -0.2016,Reduces churn risk | Increases churn risk | Reduces churn risk | Reduces churn risk | Reduces churn risk,Maintain regular engagement; Offer long-term contract incentive; Offer technical support
8650-RHRKE,Male,0,No,No,4,No,No phone service,DSL,No,No,Yes,No,No,No,Month-to-month,Yes,Electronic check,29.65,118.5,Yes,0.72161514,1,High,1.0,Critical,Contract Month-to-month | OnlineSecurity No | PaymentMethod Electronic check | TechSupport No | InternetService Fiber optic,0.6441 | 0.2817 | 0.19 | 0.1792 | -0.1604,Increases churn risk | Increases churn risk | Increases churn risk | Increases churn risk | Reduces churn risk,Priority retention outreach; Offer long-term contract incentive; Provide new-customer support; Promote online security; Offer technical support
7266-GSSJX,Male,0,Yes,Yes,11,Yes,No,No,No internet service,No internet service,No internet service,No internet service,No internet service,No internet service,Month-to-month,Yes,Electronic check,20.45,250.8,No,0.030566815,0,Low,1.0,Low,MonthlyCharges | OnlineSecurity No | TechSupport No | Contract Month-to-month | InternetService Fiber optic,-0.7423 | -0.6402 | -0.6321 | 0.4119 | -0.2883,Reduces churn risk | Reduces churn risk | Reduces churn risk | Increases churn risk | Reduces churn risk,Maintain regular engagement; Offer long-term contract incentive
1265-HVPZB,Male,0,Yes,No,59,Yes,No,DSL,Yes,Yes,Yes,No,Yes,No,One year,No,Credit card (automatic),66.4,3958.2,No,0.07419466,0,Low,0.0,Low,Contract Month-to-month | TotalCharges | StreamingMovies Yes | MonthlyCharges | tenure,-0.8021 | -0.3712 | -0.3389 | -0.3329 | -0.2984,Reduces churn risk | Reduces churn risk | Reduces churn risk | Reduces churn risk | Reduces churn risk,Maintain regular engagement; Offer technical support
9640-ZSLDC,Female,0,Yes,Yes,53,Yes,No,DSL,No,No,Yes,No,No,Yes,One year,No,Credit card (automatic),60.6,3297.0,No,0.045841012,0,Low,0.0,Low,Contract Month-to-month | tenure | MonthlyCharges | PaymentMethod Electronic check | PaperlessBilling No,-0.8999 | -0.4987 | -0.2583 | -0.2484 | -0.1589,Reduces churn risk | Reduces churn risk | Reduces churn risk | Reduces churn risk | Reduces churn risk,Maintain regular engagement; Promote online security; Offer technical support
0988-JRWWP,Female,0,No,No,3,Yes,No,DSL,No,No,No,No,Yes,No,Month-to-month,Yes,Electronic check,54.2,140.4,No,0.73268765,1,High,1.0,Critical,Contract Month-to-month | TotalCharges | tenure | InternetService Fiber optic | OnlineSecurity No,0.6152 | 0.2575 | 0.2537 | -0.2251 | 0.1863,Increases churn risk | Increases churn risk | Increases churn risk | Reduces churn risk | Increases churn risk,Priority retention outreach; Offer long-term contract incentive; Provide new-customer support; Promote online security; Offer technical support
1926-QUZNN,Female,0,Yes,No,72,Yes,Yes,No,No internet service,No internet service,No internet service,No internet service,No internet service,No internet service,Two year,Yes,Bank transfer (automatic),25.25,1841.2,No,0.0014709508,0,Low,1.0,Low,tenure | Contract Month-to-month | Contract Two year | TotalCharges | OnlineSecurity No,-1.6477 | -1.2614 | -0.7458 | -0.5595 | -0.5116,Reduces churn risk | Reduces churn risk | Reduces churn risk | Reduces churn risk | Reduces churn risk,Maintain regular engagement
9025-ZRPVR,Male,0,No,No,9,Yes,No,No,No internet service,No internet service,No internet service,No internet service,No internet service,No internet service,Month-to-month,Yes,Mailed check,18.95,185.6,Yes,0.05425034,0,Low,1.0,Low,MonthlyCharges | OnlineSecurity No | Contract Month-to-month | TechSupport No | tenure,-0.9195 | -0.6121 | 0.4579 | -0.438 | -0.3023,Reduces churn risk | Reduces churn risk | Increases churn risk | Reduces churn risk | Reduces churn risk,Maintain regular engagement; Offer long-term contract incentive
6527-PZFPV,Male,0,Yes,Yes,24,Yes,No,No,No internet service,No internet service,No internet service,No internet service,No internet service,No internet service,One year,Yes,Credit card (automatic),20.8,469.65,No,0.006857212,0,Low,1.0,Low,Contract Month-to-month | MonthlyCharges | OnlineSecurity No | TechSupport No | tenure,-1.0596 | -0.5375 | -0.4606 | -0.3718 | -0.2857,Reduces churn risk | Reduces churn risk | Reduces churn risk | Reduces churn risk | Reduces churn risk,Maintain regular engagement
7460-ITWWP,Female,1,Yes,No,45,Yes,No,Fiber optic,No,No,Yes,No,No,Yes,Month-to-month,Yes,Electronic check,86.1,3861.45,No,0.29262906,0,Low,0.0,Low,tenure | Contract Month-to-month | MultipleLines No | TotalCharges | OnlineSecurity No,-0.8278 | 0.5287 | -0.4687 | -0.3932 | 0.1461,Reduces churn risk | Increases churn risk | Reduces churn risk | Reduces churn risk | Increases churn risk,Maintain regular engagement; Offer long-term contract incentive; Promote online security; Offer technical support; Review pricing
1530-ZTDOZ,Female,0,Yes,No,49,No,No phone service,DSL,Yes,No,No,No,Yes,No,Month-to-month,No,Bank transfer (automatic),40.65,2070.75,No,0.08376571,0,Low,1.0,Low,tenure | Contract Month-to-month | OnlineSecurity No | TotalCharges | PaymentMethod Electronic check,-0.631 | 0.4535 | -0.4482 | -0.4095 | -0.3562,Reduces churn risk | Increases churn risk | Reduces churn risk | Reduces churn risk | Reduces churn risk,Maintain regular engagement; Offer long-term contract incentive; Offer technical support
4785-FCIFB,Female,0,Yes,No,61,Yes,Yes,No,No internet service,No internet service,No internet service,No internet service,No internet service,No internet service,Two year,No,Mailed check,24.4,1417.9,No,0.005394882,0,Low,1.0,Low,Contract Month-to-month | tenure | Contract Two year | OnlineSecurity No | TechSupport No,-1.1693 | -0.8123 | -0.7739 | -0.4337 | -0.2571,Reduces churn risk | Reduces churn risk | Reduces churn risk | Reduces churn risk | Reduces churn risk,Maintain regular engagement
9717-QEBGU,Male,0,No,No,2,Yes,No,Fiber optic,No,No,No,No,No,No,Month-to-month,Yes,Electronic check,70.3,144.0,No,0.6889081,1,Medium,1.0,Medium,Contract Month-to-month | MonthlyCharges | OnlineSecurity No | MultipleLines No | PaymentMethod Electronic check,0.6593 | -0.2677 | 0.2231 | -0.171 | 0.157,Increases churn risk | Reduces churn risk | Increases churn risk | Reduces churn risk | Increases churn risk,Proactive retention communication; Offer long-term contract incentive; Provide new-customer support; Promote online security; Offer technical support
0876-WDUUZ,Female,0,No,No,5,Yes,No,Fiber optic,No,No,No,Yes,No,Yes,Month-to-month,Yes,Credit card (automatic),85.4,425.9,Yes,0.6297613,1,Medium,1.0,Medium,Contract Month-to-month | tenure | TechSupport No | PaymentMethod Electronic check | MultipleLines No,0.6178 | 0.4951 | -0.3511 | -0.3043 | -0.2525,Increases churn risk | Increases churn risk | Reduces churn risk | Reduces churn risk | Reduces churn risk,Proactive retention communication; Offer long-term contract incentive; Provide new-customer support; Promote online security; Review pricing
7881-EVUAD,Female,0,No,No,2,No,No phone service,DSL,Yes,Yes,No,No,No,Yes,Month-to-month,Yes,Electronic check,42.6,72.4,Yes,0.69227535,1,Medium,1.0,Medium,Contract Month-to-month | OnlineSecurity No | tenure | TotalCharges | OnlineBackup No,0.5605 | -0.4924 | 0.3977 | 0.2342 | -0.21,Increases churn risk | Reduces churn risk | Increases churn risk | Increases churn risk | Reduces churn risk,Proactive retention communication; Offer long-term contract incentive; Provide new-customer support; Offer technical support
4002-BQWPQ,Male,0,No,No,25,Yes,Yes,DSL,Yes,Yes,Yes,Yes,No,Yes,Month-to-month,No,Bank transfer (automatic),81.75,2028.8,No,0.043825,0,Low,1.0,Low,OnlineSecurity No | TechSupport No | Contract Month-to-month | MonthlyCharges | PaymentMethod Electronic check,-0.38 | -0.3659 | 0.3184 | -0.2979 | -0.269,Reduces churn risk | Reduces churn risk | Increases churn risk | Reduces churn risk | Reduces churn risk,Maintain regular engagement; Offer long-term contract incentive; Review pricing
6377-WHAOX,Female,0,Yes,No,60,Yes,Yes,Fiber optic,No,Yes,Yes,No,Yes,Yes,Month-to-month,Yes,Electronic check,106.15,6411.25,No,0.6191783,1,Medium,0.0,Medium,tenure | Contract Month-to-month | OnlineSecurity No | TotalCharges | PaymentMethod Electronic check,-1.0697 | 0.4621 | 0.261 | -0.2605 | 0.2136,Reduces churn risk | Increases churn risk | Increases churn risk | Reduces churn risk | Increases churn risk,Proactive retention communication; Offer long-term contract incentive; Promote online security; Offer technical support; Review pricing
5027-YOCXN,Male,0,Yes,Yes,51,Yes,Yes,Fiber optic,Yes,Yes,No,Yes,Yes,Yes,One year,No,Credit card (automatic),110.05,5686.4,No,0.14035599,0,Low,0.0,Low,Contract Month-to-month | Dependents No | OnlineSecurity No | tenure | TechSupport No,-0.7052 | -0.4511 | -0.3221 | -0.3055 | -0.2643,Reduces churn risk | Reduces churn risk | Reduces churn risk | Reduces churn risk | Reduces churn risk,Maintain regular engagement; Review pricing
8450-JOVAH,Male,0,Yes,Yes,2,Yes,Yes,DSL,Yes,No,No,No,No,No,Month-to-month,No,Mailed check,56.7,113.55,Yes,0.2154775,0,Low,1.0,Low,OnlineSecurity No | Contract Month-to-month | tenure | PaperlessBilling No | PaymentMethod Electronic check,-0.592 | 0.5006 | 0.3274 | -0.2455 | -0.2217,Reduces churn risk | Increases churn risk | Increases churn risk | Reduces churn risk | Reduces churn risk,Maintain regular engagement; Offer long-term contract incentive; Provide new-customer support; Offer technical support
6646-QVXLR,Male,1,Yes,No,62,Yes,Yes,Fiber optic,No,Yes,Yes,No,Yes,Yes,One year,Yes,Electronic check,103.75,6383.35,Yes,0.3291955,0,Low,0.0,Low,Contract Month-to-month | tenure | TotalCharges | OnlineSecurity No | MonthlyCharges,-1.0306 | -0.7396 | -0.3028 | 0.2422 | 0.2257,Reduces churn risk | Reduces churn risk | Reduces churn risk | Increases churn risk | Increases churn risk,Maintain regular engagement; Promote online security; Offer technical support; Review pricing
0254-KCJGT,Male,0,Yes,No,52,Yes,Yes,DSL,Yes,Yes,Yes,Yes,No,Yes,One year,Yes,Credit card (automatic),81.4,4354.45,No,0.097868934,0,Low,0.0,Low,Contract Month-to-month | tenure | OnlineSecurity No | PaymentMethod Electronic check | TechSupport No,-0.6481 | -0.4292 | -0.279 | -0.2764 | -0.23,Reduces churn risk | Reduces churn risk | Reduces churn risk | Reduces churn risk | Reduces churn risk,Maintain regular engagement; Review pricing
3442-ZHHCC,Male,0,No,No,68,Yes,Yes,DSL,Yes,Yes,Yes,No,No,Yes,One year,Yes,Credit card (automatic),76.9,5023.0,No,0.23992118,0,Low,0.0,Low,Contract Month-to-month | OnlineSecurity No | tenure | Contract One year | StreamingMovies Yes,-0.583 | -0.4224 | -0.3231 | 0.2104 | 0.2094,Reduces churn risk | Reduces churn risk | Reduces churn risk | Increases churn risk | Increases churn risk,Maintain regular engagement; Offer technical support
9167-APMXZ,Female,0,No,No,22,Yes,Yes,Fiber optic,No,No,No,No,Yes,No,Month-to-month,Yes,Bank transfer (automatic),84.15,1821.95,No,0.50935376,1,Medium,1.0,Medium,Contract Month-to-month | PaymentMethod Electronic check | TotalCharges | tenure | InternetService Fiber optic,0.6221 | -0.46 | -0.3065 | -0.2157 | 0.2066,Increases churn risk | Reduces churn risk | Reduces churn risk | Reduces churn risk | Increases churn risk,Proactive retention communication; Offer long-term contract incentive; Promote online security; Offer technical support; Review pricing
0616-ATFGB,Male,1,Yes,No,1,No,No phone service,DSL,No,No,No,No,No,No,Month-to-month,No,Electronic check,25.05,25.05,Yes,0.8637947,1,High,1.0,Critical,tenure | Contract Month-to-month | SeniorCitizen | MonthlyCharges | InternetService Fiber optic,0.8615 | 0.5857 | 0.3879 | -0.2563 | -0.226,Increases churn risk | Increases churn risk | Increases churn risk | Reduces churn risk | Reduces churn risk,Immediate personal outreach; Offer long-term contract incentive; Provide new-customer support; Promote online security; Offer technical support
7273-TEFQD,Male,1,No,No,3,No,No phone service,DSL,No,No,Yes,No,No,Yes,Month-to-month,Yes,Electronic check,41.15,132.2,Yes,0.90571886,1,High,1.0,Critical,Contract Month-to-month | tenure | OnlineSecurity No | MultipleLines No | PaymentMethod Electronic check,0.5971 | 0.2658 | 0.2339 | 0.2336 | 0.2215,Increases churn risk | Increases churn risk | Increases churn risk | Increases churn risk | Increases churn risk,Immediate personal outreach; Offer long-term contract incentive; Provide new-customer support; Promote online security; Offer technical support
8245-UMPYT,Female,1,No,No,16,Yes,Yes,Fiber optic,No,No,No,No,Yes,Yes,Month-to-month,Yes,Electronic check,96.4,1581.2,Yes,0.8582232,1,High,1.0,Critical,Contract Month-to-month | TotalCharges | MonthlyCharges | OnlineSecurity No | InternetService Fiber optic,0.6001 | -0.3519 | 0.3007 | 0.166 | 0.1437,Increases churn risk | Reduces churn risk | Increases churn risk | Increases churn risk | Increases churn risk,Immediate personal outreach; Offer long-term contract incentive; Promote online security; Offer technical support; Review pricing
6022-UGGSO,Female,1,No,No,32,Yes,No,Fiber optic,No,Yes,No,No,No,No,Month-to-month,Yes,Electronic check,74.4,2276.95,Yes,0.64508873,1,Medium,1.0,Medium,Contract Month-to-month | tenure | MultipleLines No | OnlineSecurity No | InternetService Fiber optic,0.6267 | -0.4958 | -0.2137 | 0.1703 | 0.158,Increases churn risk | Reduces churn risk | Reduces churn risk | Increases churn risk | Increases churn risk,Proactive retention communication; Offer long-term contract incentive; Promote online security; Offer technical support
6292-TOSSS,Male,0,No,No,50,Yes,Yes,No,No internet service,No internet service,No internet service,No internet service,No internet service,No internet service,Two year,No,Bank transfer (automatic),24.9,1195.25,No,0.024074662,0,Low,1.0,Low,Contract Month-to-month | Contract Two year | tenure | OnlineSecurity No | TechSupport No,-1.073 | -0.6637 | -0.4611 | -0.3843 | -0.2317,Reduces churn risk | Reduces churn risk | Reduces churn risk | Reduces churn risk | Reduces churn risk,Maintain regular engagement
5207-PLSTK,Male,0,Yes,Yes,1,Yes,No,DSL,Yes,No,No,No,No,No,Month-to-month,Yes,Mailed check,48.75,48.75,No,0.61094517,1,Medium,1.0,Medium,tenure | Contract Month-to-month | OnlineSecurity No | TotalCharges | PaymentMethod Electronic check,0.9373 | 0.5781 | -0.5028 | 0.2705 | -0.2378,Increases churn risk | Increases churn risk | Reduces churn risk | Increases churn risk | Reduces churn risk,Proactive retention communication; Offer long-term contract incentive; Provide new-customer support; Offer technical support
3908-BLSYF,Female,0,No,No,6,Yes,No,Fiber optic,No,No,Yes,No,No,Yes,Month-to-month,No,Electronic check,83.9,497.55,Yes,0.69470817,1,Medium,1.0,Medium,Contract Month-to-month | PaperlessBilling No | tenure | MonthlyCharges | OnlineSecurity No,0.6454 | -0.3262 | 0.2919 | 0.2501 | 0.2395,Increases churn risk | Reduces churn risk | Increases churn risk | Increases churn risk | Increases churn risk,Proactive retention communication; Offer long-term contract incentive; Provide new-customer support; Promote online security; Offer technical support; Review pricing
4317-VTEOA,Male,0,No,No,1,Yes,No,DSL,No,Yes,No,No,No,No,Month-to-month,Yes,Electronic check,50.75,50.75,Yes,0.6676048,1,Medium,1.0,Medium,tenure | Contract Month-to-month | TotalCharges | OnlineBackup No | InternetService Fiber optic,0.7585 | 0.5983 | 0.4328 | -0.3881 | -0.3507,Increases churn risk | Increases churn risk | Increases churn risk | Reduces churn risk | Reduces churn risk,Proactive retention communication; Offer long-term contract incentive; Provide new-customer support; Promote online security; Offer technical support
0625-AFOHS,Female,0,Yes,Yes,29,Yes,No,No,No internet service,No internet service,No internet service,No internet service,No internet service,No internet service,Two year,No,Mailed check,20.2,558.8,No,0.0038887907,0,Low,1.0,Low,Contract Month-to-month | Contract Two year | tenure | MonthlyCharges | OnlineSecurity No,-1.2496 | -0.8687 | -0.4603 | -0.4415 | -0.3984,Reduces churn risk | Reduces churn risk | Reduces churn risk | Reduces churn risk | Reduces churn risk,Maintain regular engagement
4667-OHGKG,Male,0,No,No,1,Yes,No,No,No internet service,No internet service,No internet service,No internet service,No internet service,No internet service,Month-to-month,Yes,Mailed check,19.3,19.3,Yes,0.68261075,1,Medium,1.0,Medium,tenure | Contract Month-to-month | OnlineSecurity No | TechSupport No | TotalCharges,1.0685 | 0.6172 | -0.3954 | -0.3562 | 0.3079,Increases churn risk | Increases churn risk | Reduces churn risk | Reduces churn risk | Increases churn risk,Proactive retention communication; Offer long-term contract incentive; Provide new-customer support
2386-OWURY,Female,0,No,No,58,Yes,No,Fiber optic,No,No,No,Yes,Yes,Yes,Month-to-month,Yes,Electronic check,95.3,5817.7,No,0.17589834,0,Low,0.0,Low,tenure | TechSupport No | TotalCharges | MultipleLines No | Contract Month-to-month,-1.0397 | -0.5536 | -0.3791 | -0.3414 | 0.3121,Reduces churn risk | Reduces churn risk | Reduces churn risk | Reduces churn risk | Increases churn risk,Maintain regular engagement; Offer long-term contract incentive; Promote online security; Review pricing
3780-DDGSE,Male,1,Yes,Yes,35,Yes,No,DSL,No,Yes,No,Yes,Yes,Yes,Month-to-month,Yes,Electronic check,76.05,2747.2,No,0.057477057,0,Low,1.0,Low,tenure | TechSupport No | InternetService Fiber optic | InternetService DSL | Contract Month-to-month,-0.5944 | -0.4913 | -0.3599 | -0.3575 | 0.3219,Reduces churn risk | Reduces churn risk | Reduces churn risk | Reduces churn risk | Increases churn risk,Maintain regular engagement; Offer long-term contract incentive; Promote online security
1047-RNXZV,Male,0,No,No,43,Yes,No,No,No internet service,No internet service,No internet service,No internet service,No internet service,No internet service,Two year,No,Mailed check,19.55,876.15,No,0.010962193,0,Low,1.0,Low,Contract Month-to-month | Contract Two year | OnlineSecurity No | tenure | TechSupport No,-1.3802 | -0.6701 | -0.418 | -0.334 | -0.208,Reduces churn risk | Reduces churn risk | Reduces churn risk | Reduces churn risk | Reduces churn risk,Maintain regular engagement
3926-YZVVX,Female,0,No,No,41,Yes,No,DSL,No,No,No,Yes,No,No,One year,No,Bank transfer (automatic),50.05,2029.05,No,0.02524428,0,Low,1.0,Low,Contract Month-to-month | MonthlyCharges | StreamingMovies Yes | TotalCharges | tenure,-1.0841 | -0.4894 | -0.3051 | -0.2797 | -0.269,Reduces churn risk | Reduces churn risk | Reduces churn risk | Reduces churn risk | Reduces churn risk,Maintain regular engagement; Promote online security
4742-TXUEX,Female,0,Yes,Yes,47,Yes,No,No,No internet service,No internet service,No internet service,No internet service,No internet service,No internet service,Two year,No,Bank transfer (automatic),19.3,890.5,No,0.010772502,0,Low,1.0,Low,Contract Month-to-month | Contract Two year | tenure | OnlineSecurity No | TechSupport No,-1.2927 | -0.7799 | -0.4132 | -0.374 | -0.2337,Reduces churn risk | Reduces churn risk | Reduces churn risk | Reduces churn risk | Reduces churn risk,Maintain regular engagement
8709-KRDVL,Female,0,No,No,33,Yes,Yes,Fiber optic,No,Yes,No,No,Yes,Yes,Month-to-month,Yes,Electronic check,100.0,3320.6,No,0.6339343,1,Medium,0.0,Medium,tenure | Contract Month-to-month | TotalCharges | MonthlyCharges | OnlineSecurity No,-0.5766 | 0.5638 | -0.4888 | 0.4053 | 0.2427,Reduces churn risk | Increases churn risk | Reduces churn risk | Increases churn risk | Increases churn risk,Proactive retention communication; Offer long-term contract incentive; Promote online security; Offer technical support; Review pricing
0397-ZXWQF,Male,0,No,No,67,Yes,No,No,No internet service,No internet service,No internet service,No internet service,No internet service,No internet service,Two year,No,Bank transfer (automatic),20.5,1430.95,No,0.004769377,0,Low,1.0,Low,Contract Month-to-month | Contract Two year | MonthlyCharges | tenure | TotalCharges,-1.1033 | -0.7399 | -0.6622 | -0.5976 | -0.5423,Reduces churn risk | Reduces churn risk | Reduces churn risk | Reduces churn risk | Reduces churn risk,Maintain regular engagement
3910-MRQOY,Female,0,Yes,No,72,Yes,No,No,No internet service,No internet service,No internet service,No internet service,No internet service,No internet service,Two year,No,Bank transfer (automatic),19.4,1496.45,No,0.002121072,0,Low,1.0,Low,tenure | Contract Month-to-month | Contract Two year | OnlineSecurity No | TotalCharges,-1.5674 | -1.3763 | -0.831 | -0.4417 | -0.2979,Reduces churn risk | Reduces churn risk | Reduces churn risk | Reduces churn risk | Reduces churn risk,Maintain regular engagement
2511-MORQY,Male,0,Yes,Yes,50,Yes,Yes,DSL,No,No,Yes,No,No,No,One year,No,Bank transfer (automatic),54.9,2614.1,No,0.025351504,0,Low,1.0,Low,Contract Month-to-month | tenure | TotalCharges | PaymentMethod Electronic check | StreamingMovies Yes,-1.0499 | -0.556 | -0.3599 | -0.3314 | -0.3245,Reduces churn risk | Reduces churn risk | Reduces churn risk | Reduces churn risk | Reduces churn risk,Maintain regular engagement; Promote online security; Offer technical support
4039-PIMHX,Male,1,Yes,No,49,Yes,No,DSL,No,Yes,No,No,No,No,Two year,No,Mailed check,49.8,2398.4,No,0.032302577,0,Low,1.0,Low,Contract Month-to-month | Contract Two year | tenure | SeniorCitizen | MonthlyCharges,-1.0542 | -0.7688 | -0.343 | 0.319 | -0.2745,Reduces churn risk | Reduces churn risk | Reduces churn risk | Increases churn risk | Reduces churn risk,Maintain regular engagement; Promote online security; Offer technical support
8083-YTZES,Male,0,No,No,4,Yes,Yes,Fiber optic,No,No,No,No,No,No,Month-to-month,Yes,Electronic check,74.35,265.35,Yes,0.8514951,1,High,1.0,Critical,Contract Month-to-month | OnlineSecurity No | InternetService Fiber optic | PaymentMethod Electronic check | MonthlyCharges,0.7005 | 0.309 | 0.1692 | 0.1656 | -0.1306,Increases churn risk | Increases churn risk | Increases churn risk | Increases churn risk | Reduces churn risk,Immediate personal outreach; Offer long-term contract incentive; Provide new-customer support; Promote online security; Offer technical support
1346-PJWTK,Male,0,Yes,No,61,Yes,No,Fiber optic,No,Yes,Yes,Yes,No,Yes,Month-to-month,No,Credit card (automatic),94.15,5731.85,No,0.015816402,0,Low,0.0,Low,tenure | TotalCharges | TechSupport No | PaymentMethod Electronic check | Contract Month-to-month,-1.3496 | -0.5603 | -0.4652 | -0.3425 | 0.2597,Reduces churn risk | Reduces churn risk | Reduces churn risk | Reduces churn risk | Increases churn risk,Maintain regular engagement; Offer long-term contract incentive; Promote online security; Review pricing
3750-YHRYO,Male,0,Yes,Yes,7,Yes,No,No,No internet service,No internet service,No internet service,No internet service,No internet service,No internet service,One year,No,Mailed check,20.65,150.0,No,0.011421838,0,Low,1.0,Low,Contract Month-to-month | MonthlyCharges | OnlineSecurity No | TechSupport No | StreamingMovies Yes,-1.1753 | -0.6749 | -0.4722 | -0.3135 | -0.2466,Reduces churn risk | Reduces churn risk | Reduces churn risk | Reduces churn risk | Reduces churn risk,Maintain regular engagement
1236-WFCDV,Male,1,No,No,14,Yes,No,Fiber optic,No,No,No,No,Yes,Yes,Month-to-month,No,Credit card (automatic),90.45,1266.1,Yes,0.6099275,1,Medium,1.0,Medium,Contract Month-to-month | MonthlyCharges | PaymentMethod Credit card (automatic) | InternetService Fiber optic | PaperlessBilling No,0.5158 | 0.2856 | -0.237 | 0.215 | -0.2136,Increases churn risk | Increases churn risk | Reduces churn risk | Increases churn risk | Reduces churn risk,Proactive retention communication; Offer long-term contract incentive; Promote online security; Offer technical support; Review pricing
5949-HGVJL,Female,0,Yes,No,26,Yes,No,DSL,No,Yes,No,Yes,Yes,Yes,Month-to-month,Yes,Electronic check,73.05,1959.5,No,0.10336793,0,Low,1.0,Low,InternetService Fiber optic | Contract Month-to-month | TechSupport No | tenure | InternetService DSL,-0.4298 | 0.4149 | -0.3968 | -0.3953 | -0.3703,Reduces churn risk | Increases churn risk | Reduces churn risk | Reduces churn risk | Reduces churn risk,Maintain regular engagement; Offer long-term contract incentive; Promote online security
9112-WSNPU,Female,1,No,No,35,Yes,No,Fiber optic,No,No,No,No,No,No,Month-to-month,No,Electronic check,70.55,2419.0,No,0.62722003,1,Medium,1.0,Medium,Contract Month-to-month | tenure | PaperlessBilling No | TotalCharges | OnlineSecurity No,0.5773 | -0.5049 | -0.3135 | 0.2122 | 0.196,Increases churn risk | Reduces churn risk | Reduces churn risk | Increases churn risk | Increases churn risk,Proactive retention communication; Offer long-term contract incentive; Promote online security; Offer technical support
1360-JYXKQ,Female,1,Yes,No,54,Yes,No,Fiber optic,No,No,Yes,Yes,Yes,Yes,One year,Yes,Electronic check,99.1,5437.1,No,0.23238604,0,Low,0.0,Low,Contract Month-to-month | tenure | MultipleLines No | MonthlyCharges | TechSupport No,-0.7304 | -0.5518 | -0.3648 | 0.3124 | -0.3123,Reduces churn risk | Reduces churn risk | Reduces churn risk | Increases churn risk | Reduces churn risk,Maintain regular engagement; Promote online security; Review pricing
3585-ISXZP,Female,0,No,No,8,Yes,Yes,Fiber optic,No,No,No,No,Yes,Yes,Month-to-month,No,Bank transfer (automatic),95.65,778.1,Yes,0.86331326,1,High,1.0,Critical,Contract Month-to-month | PaperlessBilling No | tenure | MonthlyCharges | InternetService Fiber optic,0.617 | -0.3914 | 0.3484 | 0.3194 | 0.2569,Increases churn risk | Reduces churn risk | Increases churn risk | Increases churn risk | Increases churn risk,Immediate personal outreach; Offer long-term contract incentive; Promote online security; Offer technical support; Review pricing
8380-PEFPE,Male,0,No,Yes,1,Yes,No,Fiber optic,No,No,No,No,No,No,Month-to-month,Yes,Electronic check,71.65,71.65,Yes,0.880878,1,High,1.0,Critical,tenure | Contract Month-to-month | OnlineSecurity No | Dependents No | TechSupport No,0.8694 | 0.7055 | 0.2273 | -0.21 | 0.1859,Increases churn risk | Increases churn risk | Increases churn risk | Reduces churn risk | Increases churn risk,Immediate personal outreach; Offer long-term contract incentive; Provide new-customer support; Promote online security; Offer technical support
9402-ROUMJ,Female,0,Yes,Yes,67,Yes,Yes,Fiber optic,Yes,No,Yes,Yes,No,Yes,One year,Yes,Bank transfer (automatic),100.25,6689.0,No,0.22017662,0,Low,0.0,Low,Contract Month-to-month | MonthlyCharges | tenure | OnlineSecurity No | TechSupport No,-0.7691 | 0.587 | -0.5103 | -0.3692 | -0.2331,Reduces churn risk | Increases churn risk | Reduces churn risk | Reduces churn risk | Reduces churn risk,Maintain regular engagement; Review pricing
4335-UPJSI,Female,0,No,Yes,24,Yes,No,No,No internet service,No internet service,No internet service,No internet service,No internet service,No internet service,Two year,No,Mailed check,19.75,498.1,No,0.008068915,0,Low,1.0,Low,Contract Month-to-month | Contract Two year | tenure | OnlineSecurity No | PaperlessBilling No,-1.2548 | -0.7589 | -0.4178 | -0.4037 | -0.3042,Reduces churn risk | Reduces churn risk | Reduces churn risk | Reduces churn risk | Reduces churn risk,Maintain regular engagement
6096-EGVTU,Female,0,Yes,Yes,64,Yes,Yes,No,No internet service,No internet service,No internet service,No internet service,No internet service,No internet service,One year,No,Mailed check,24.9,1595.5,No,0.009981775,0,Low,1.0,Low,Contract Month-to-month | tenure | OnlineSecurity No | MonthlyCharges | TechSupport No,-1.0845 | -0.8102 | -0.4617 | -0.382 | -0.2575,Reduces churn risk | Reduces churn risk | Reduces churn risk | Reduces churn risk | Reduces churn risk,Maintain regular engagement
8988-ECPJR,Female,1,Yes,Yes,34,Yes,Yes,Fiber optic,No,Yes,No,No,No,No,Month-to-month,Yes,Mailed check,79.6,2718.3,Yes,0.269051,0,Low,1.0,Low,tenure | Contract Month-to-month | PaymentMethod Electronic check | PaymentMethod Mailed check | Dependents No,-0.661 | 0.5169 | -0.3762 | -0.2292 | -0.2157,Reduces churn risk | Increases churn risk | Reduces churn risk | Reduces churn risk | Reduces churn risk,Maintain regular engagement; Offer long-term contract incentive; Promote online security; Offer technical support
7677-SJJJK,Male,0,Yes,Yes,8,Yes,No,No,No internet service,No internet service,No internet service,No internet service,No internet service,No internet service,One year,No,Credit card (automatic),19.9,153.95,No,0.01528811,0,Low,1.0,Low,Contract Month-to-month | PaymentMethod Credit card (automatic) | OnlineSecurity No | TechSupport No | MonthlyCharges,-1.1394 | -0.3793 | -0.3761 | -0.3018 | -0.2753,Reduces churn risk | Reduces churn risk | Reduces churn risk | Reduces churn risk | Reduces churn risk,Maintain regular engagement
5850-BDWCY,Female,0,No,No,6,Yes,No,No,No internet service,No internet service,No internet service,No internet service,No internet service,No internet service,Month-to-month,No,Mailed check,20.2,123.65,No,0.17835283,0,Low,1.0,Low,Contract Month-to-month | OnlineSecurity No | MonthlyCharges | TechSupport No | InternetService Fiber optic,0.5055 | -0.505 | -0.2832 | -0.2635 | -0.1894,Increases churn risk | Reduces churn risk | Reduces churn risk | Reduces churn risk | Reduces churn risk,Maintain regular engagement; Offer long-term contract incentive; Provide new-customer support
2025-JKFWI,Male,0,No,No,13,Yes,Yes,Fiber optic,No,No,No,Yes,Yes,Yes,Month-to-month,Yes,Mailed check,99.0,1301.7,Yes,0.8531694,1,High,1.0,Critical,MonthlyCharges | Contract Month-to-month | TechSupport No | tenure | InternetService Fiber optic,0.7232 | 0.5089 | -0.3862 | 0.3346 | 0.3214,Increases churn risk | Increases churn risk | Reduces churn risk | Increases churn risk | Increases churn risk,Immediate personal outreach; Offer long-term contract incentive; Promote online security; Review pricing
8028-PNXHQ,Male,0,Yes,Yes,62,Yes,Yes,No,No internet service,No internet service,No internet service,No internet service,No internet service,No internet service,Two year,Yes,Bank transfer (automatic),24.25,1424.6,No,0.0047831987,0,Low,1.0,Low,Contract Month-to-month | tenure | Contract Two year | OnlineSecurity No | TotalCharges,-1.1631 | -0.8388 | -0.6615 | -0.4433 | -0.4101,Reduces churn risk | Reduces churn risk | Reduces churn risk | Reduces churn risk | Reduces churn risk,Maintain regular engagement
8397-MVTAZ,Male,0,Yes,No,34,Yes,Yes,Fiber optic,No,No,Yes,No,Yes,Yes,Month-to-month,Yes,Electronic check,100.05,3480.0,Yes,0.8663236,1,High,0.0,Critical,tenure | MonthlyCharges | Contract Month-to-month | TotalCharges | OnlineSecurity No,-0.637 | 0.5721 | 0.5547 | -0.3259 | 0.2383,Reduces churn risk | Increases churn risk | Increases churn risk | Reduces churn risk | Increases churn risk,Immediate personal outreach; Offer long-term contract incentive; Promote online security; Offer technical support; Review pricing
4445-ZJNMU,Male,0,No,No,9,Yes,Yes,Fiber optic,No,Yes,No,No,Yes,Yes,Month-to-month,Yes,Credit card (automatic),99.3,918.75,No,0.91206336,1,High,1.0,Critical,MonthlyCharges | Contract Month-to-month | TotalCharges | PaymentMethod Electronic check | InternetService Fiber optic,0.7734 | 0.5747 | 0.2901 | -0.2714 | 0.2425,Increases churn risk | Increases churn risk | Increases churn risk | Reduces churn risk | Increases churn risk,Immediate personal outreach; Offer long-term contract incentive; Promote online security; Offer technical support; Review pricing
3125-RAHBV,Male,0,No,No,22,Yes,No,No,No internet service,No internet service,No internet service,No internet service,No internet service,No internet service,One year,No,Credit card (automatic),20.3,467.15,No,0.008905687,0,Low,1.0,Low,Contract Month-to-month | MonthlyCharges | OnlineSecurity No | TechSupport No | StreamingMovies Yes,-1.108 | -0.6205 | -0.4089 | -0.2999 | -0.2386,Reduces churn risk | Reduces churn risk | Reduces churn risk | Reduces churn risk | Reduces churn risk,Maintain regular engagement
6682-QJDGB,Male,0,No,Yes,40,Yes,No,DSL,Yes,Yes,No,No,No,No,Month-to-month,Yes,Mailed check,55.25,2139.2,Yes,0.06673911,0,Low,1.0,Low,tenure | OnlineSecurity No | Contract Month-to-month | PaymentMethod Mailed check | PaymentMethod Electronic check,-0.6656 | -0.5116 | 0.4105 | -0.3463 | -0.3138,Reduces churn risk | Reduces churn risk | Increases churn risk | Reduces churn risk | Reduces churn risk,Maintain regular engagement; Offer long-term contract incentive; Offer technical support
8840-DQLGN,Female,1,Yes,No,35,Yes,Yes,Fiber optic,Yes,Yes,No,Yes,Yes,No,Month-to-month,Yes,Bank transfer (automatic),100.5,3653.35,Yes,0.08739192,0,Low,0.0,Low,tenure | TotalCharges | OnlineSecurity No | Contract Month-to-month | TechSupport No,-0.8453 | -0.5758 | -0.4524 | 0.4461 | -0.3501,Reduces churn risk | Reduces churn risk | Reduces churn risk | Increases churn risk | Reduces churn risk,Maintain regular engagement; Offer long-term contract incentive; Review pricing
6258-NGCNG,Male,0,No,No,7,Yes,Yes,No,No internet service,No internet service,No internet service,No internet service,No internet service,No internet service,Month-to-month,No,Mailed check,23.5,173.0,No,0.12734276,0,Low,1.0,Low,OnlineSecurity No | Contract Month-to-month | TechSupport No | InternetService Fiber optic | MonthlyCharges,-0.6197 | 0.4361 | -0.3479 | -0.2091 | -0.1955,Reduces churn risk | Increases churn risk | Reduces churn risk | Reduces churn risk | Reduces churn risk,Maintain regular engagement; Offer long-term contract incentive
5917-RYRMG,Male,1,No,No,32,Yes,No,No,No internet service,No internet service,No internet service,No internet service,No internet service,No internet service,One year,No,Credit card (automatic),19.8,587.7,No,0.0046805516,0,Low,1.0,Low,Contract Month-to-month | tenure | MonthlyCharges | OnlineSecurity No | PaymentMethod Credit card (automatic),-1.1264 | -0.6567 | -0.4999 | -0.4217 | -0.3381,Reduces churn risk | Reduces churn risk | Reduces churn risk | Reduces churn risk | Reduces churn risk,Maintain regular engagement
7157-SMCFK,Male,0,No,Yes,61,Yes,No,No,No internet service,No internet service,No internet service,No internet service,No internet service,No internet service,Two year,No,Mailed check,19.75,1124.2,No,0.021662557,0,Low,1.0,Low,Contract Month-to-month | Contract Two year | tenure | OnlineSecurity No | TechSupport No,-1.0611 | -0.5417 | -0.5176 | -0.3921 | -0.279,Reduces churn risk | Reduces churn risk | Reduces churn risk | Reduces churn risk | Reduces churn risk,Maintain regular engagement
0816-TSPHQ,Male,0,No,No,2,Yes,No,No,No internet service,No internet service,No internet service,No internet service,No internet service,No internet service,Month-to-month,No,Mailed check,20.75,44.2,No,0.11049152,0,Low,1.0,Low,OnlineSecurity No | Contract Month-to-month | TechSupport No | MonthlyCharges | TotalCharges,-0.598 | 0.4871 | -0.3704 | -0.3431 | -0.2216,Reduces churn risk | Increases churn risk | Reduces churn risk | Reduces churn risk | Reduces churn risk,Maintain regular engagement; Offer long-term contract incentive; Provide new-customer support
6766-HFKLA,Female,0,Yes,No,56,Yes,Yes,Fiber optic,No,No,Yes,Yes,Yes,Yes,Two year,No,Bank transfer (automatic),103.2,5744.35,No,0.06193885,0,Low,0.0,Low,Contract Month-to-month | Contract Two year | TechSupport No | PaperlessBilling No | tenure,-1.1859 | -0.566 | -0.3018 | -0.284 | -0.2677,Reduces churn risk | Reduces churn risk | Reduces churn risk | Reduces churn risk | Reduces churn risk,Maintain regular engagement; Promote online security; Review pricing
7067-KSAZT,Female,1,Yes,No,65,Yes,Yes,Fiber optic,No,Yes,Yes,No,Yes,Yes,One year,Yes,Electronic check,106.25,6979.8,Yes,0.18443356,0,Low,0.0,Low,Contract Month-to-month | tenure | TotalCharges | MonthlyCharges | OnlineSecurity No,-1.0676 | -0.744 | -0.4867 | 0.3165 | 0.267,Reduces churn risk | Reduces churn risk | Reduces churn risk | Increases churn risk | Increases churn risk,Maintain regular engagement; Promote online security; Offer technical support; Review pricing
5155-AZQPB,Female,0,Yes,Yes,28,Yes,Yes,DSL,No,No,No,No,No,No,Month-to-month,No,Mailed check,49.9,1410.25,No,0.039057042,0,Low,1.0,Low,tenure | MonthlyCharges | Contract Month-to-month | TotalCharges | PaymentMethod Electronic check,-0.717 | -0.5534 | 0.3616 | -0.3358 | -0.33,Reduces churn risk | Reduces churn risk | Increases churn risk | Reduces churn risk | Reduces churn risk,Maintain regular engagement; Offer long-term contract incentive; Promote online security; Offer technical support
6890-PFRQX,Male,0,No,No,18,Yes,Yes,DSL,Yes,No,Yes,No,Yes,No,Month-to-month,No,Mailed check,69.5,1199.4,No,0.03609042,0,Low,1.0,Low,MonthlyCharges | OnlineSecurity No | tenure | Contract Month-to-month | PaymentMethod Electronic check,-0.7483 | -0.4678 | -0.4249 | 0.3993 | -0.3837,Reduces churn risk | Reduces churn risk | Reduces churn risk | Increases churn risk | Reduces churn risk,Maintain regular engagement; Offer long-term contract incentive; Offer technical support
3508-VLHCZ,Female,0,Yes,Yes,71,Yes,Yes,DSL,Yes,Yes,Yes,Yes,Yes,Yes,Two year,Yes,Credit card (automatic),90.55,6239.05,No,0.004190804,0,Low,0.0,Low,tenure | Contract Month-to-month | Contract Two year | OnlineSecurity No | MonthlyCharges,-1.1552 | -1.073 | -0.7353 | -0.4 | -0.3562,Reduces churn risk | Reduces churn risk | Reduces churn risk | Reduces churn risk | Reduces churn risk,Maintain regular engagement; Review pricing
3649-JPUGY,Male,0,No,No,72,Yes,Yes,DSL,No,Yes,Yes,Yes,Yes,Yes,Two year,Yes,Bank transfer (automatic),88.6,6201.95,No,0.003791157,0,Low,0.0,Low,tenure | Contract Month-to-month | Contract Two year | MonthlyCharges | TechSupport No,-1.6059 | -0.9201 | -0.7784 | -0.5098 | -0.4884,Reduces churn risk | Reduces churn risk | Reduces churn risk | Reduces churn risk | Reduces churn risk,Maintain regular engagement; Promote online security; Review pricing
9248-OJYKK,Male,1,No,No,1,Yes,Yes,Fiber optic,No,No,No,No,No,No,Month-to-month,Yes,Electronic check,76.45,76.45,Yes,0.9688899,1,High,1.0,Critical,tenure | Contract Month-to-month | TotalCharges | OnlineSecurity No | InternetService Fiber optic,1.0628 | 0.7482 | 0.5062 | 0.2509 | 0.2041,Increases churn risk | Increases churn risk | Increases churn risk | Increases churn risk | Increases churn risk,Immediate personal outreach; Offer long-term contract incentive; Provide new-customer support; Promote online security; Offer technical support
7239-HZZCX,Male,0,No,No,1,Yes,No,No,No internet service,No internet service,No internet service,No internet service,No internet service,No internet service,Month-to-month,No,Mailed check,19.75,19.75,Yes,0.7378334,1,High,1.0,Critical,tenure | Contract Month-to-month | TotalCharges | OnlineSecurity No | PaperlessBilling No,1.1154 | 0.6306 | 0.3098 | -0.3021 | -0.2584,Increases churn risk | Increases churn risk | Increases churn risk | Reduces churn risk | Reduces churn risk,Priority retention outreach; Offer long-term contract incentive; Provide new-customer support
9860-LISIZ,Female,0,No,No,34,Yes,No,No,No internet service,No internet service,No internet service,No internet service,No internet service,No internet service,Month-to-month,No,Mailed check,20.35,673.2,No,0.032746177,0,Low,1.0,Low,tenure | MonthlyCharges | OnlineSecurity No | Contract Month-to-month | TechSupport No,-0.9572 | -0.668 | -0.5017 | 0.4156 | -0.344,Reduces churn risk | Reduces churn risk | Reduces churn risk | Increases churn risk | Reduces churn risk,Maintain regular engagement; Offer long-term contract incentive
6979-ZNSFF,Female,0,No,No,8,Yes,Yes,Fiber optic,No,No,No,No,Yes,No,Month-to-month,Yes,Electronic check,87.05,762.1,Yes,0.8523088,1,High,1.0,Critical,Contract Month-to-month | OnlineSecurity No | InternetService Fiber optic | PaymentMethod Electronic check | MonthlyCharges,0.7182 | 0.2357 | 0.1788 | 0.1778 | -0.1434,Increases churn risk | Increases churn risk | Increases churn risk | Increases churn risk | Reduces churn risk,Immediate personal outreach; Offer long-term contract incentive; Promote online security; Offer technical support; Review pricing
8938-UMKPI,Female,0,No,No,47,Yes,Yes,Fiber optic,No,Yes,Yes,No,Yes,Yes,Month-to-month,Yes,Electronic check,106.4,5127.95,Yes,0.74381244,1,High,0.0,Critical,tenure | Contract Month-to-month | MonthlyCharges | OnlineSecurity No | InternetService Fiber optic,-0.5134 | 0.4955 | 0.3145 | 0.2355 | 0.1844,Reduces churn risk | Increases churn risk | Increases churn risk | Increases churn risk | Increases churn risk,Priority retention outreach; Offer long-term contract incentive; Promote online security; Offer technical support; Review pricing
1820-DJFPH,Female,0,Yes,Yes,72,Yes,Yes,No,No internet service,No internet service,No internet service,No internet service,No internet service,No internet service,Two year,Yes,Bank transfer (automatic),24.05,1709.15,No,0.0014438797,0,Low,1.0,Low,tenure | Contract Month-to-month | Contract Two year | TotalCharges | OnlineSecurity No,-1.6466 | -1.2698 | -0.7741 | -0.6007 | -0.4919,Reduces churn risk | Reduces churn risk | Reduces churn risk | Reduces churn risk | Reduces churn risk,Maintain regular engagement
0732-OCQOC,Female,0,Yes,Yes,52,Yes,Yes,No,No internet service,No internet service,No internet service,No internet service,No internet service,No internet service,Two year,Yes,Bank transfer (automatic),25.05,1270.25,No,0.008694633,0,Low,1.0,Low,Contract Month-to-month | Contract Two year | tenure | MonthlyCharges | TotalCharges,-1.1923 | -0.6217 | -0.4339 | -0.4319 | -0.3965,Reduces churn risk | Reduces churn risk | Reduces churn risk | Reduces churn risk | Reduces churn risk,Maintain regular engagement
6776-TLWOI,Male,0,No,No,3,Yes,No,No,No internet service,No internet service,No internet service,No internet service,No internet service,No internet service,Month-to-month,No,Mailed check,19.85,64.55,Yes,0.2569099,0,Low,1.0,Low,OnlineSecurity No | Contract Month-to-month | TechSupport No | TotalCharges | PaperlessBilling No,-0.5165 | 0.5026 | -0.3608 | 0.2191 | -0.1927,Reduces churn risk | Increases churn risk | Reduces churn risk | Increases churn risk | Reduces churn risk,Maintain regular engagement; Offer long-term contract incentive; Provide new-customer support
4940-KHCWD,Female,0,Yes,No,60,No,No phone service,DSL,Yes,Yes,No,Yes,No,No,Two year,No,Bank transfer (automatic),37.7,2288.7,No,0.006982543,0,Low,1.0,Low,Contract Month-to-month | Contract Two year | tenure | OnlineSecurity No | TotalCharges,-1.0912 | -0.8169 | -0.7773 | -0.3656 | -0.3277,Reduces churn risk | Reduces churn risk | Reduces churn risk | Reduces churn risk | Reduces churn risk,Maintain regular engagement
9057-SIHCH,Female,0,No,No,3,Yes,Yes,Fiber optic,No,No,No,No,Yes,Yes,Month-to-month,Yes,Electronic check,96.6,291.9,Yes,0.9315761,1,High,1.0,Critical,Contract Month-to-month | MonthlyCharges | OnlineSecurity No | tenure | MultipleLines No,0.6495 | 0.2399 | 0.2334 | 0.2171 | 0.1657,Increases churn risk | Increases churn risk | Increases churn risk | Increases churn risk | Increases churn risk,Immediate personal outreach; Offer long-term contract incentive; Provide new-customer support; Promote online security; Offer technical support; Review pricing
9866-QEVEE,Male,0,No,No,19,Yes,Yes,Fiber optic,No,No,No,No,No,Yes,Month-to-month,Yes,Bank transfer (automatic),86.0,1532.45,Yes,0.41193482,0,Medium,1.0,Medium,Contract Month-to-month | PaymentMethod Electronic check | TotalCharges | MonthlyCharges | tenure,0.5055 | -0.469 | -0.3507 | -0.311 | -0.2559,Increases churn risk | Reduces churn risk | Reduces churn risk | Reduces churn risk | Reduces churn risk,Proactive retention communication; Offer long-term contract incentive; Promote online security; Offer technical support; Review pricing
5542-TBBWB,Male,0,No,No,1,Yes,No,Fiber optic,No,No,No,No,No,No,Month-to-month,Yes,Electronic check,69.9,69.9,No,0.9739698,1,High,1.0,Critical,tenure | TotalCharges | Contract Month-to-month | OnlineSecurity No | InternetService Fiber optic,1.0701 | 0.8158 | 0.7377 | 0.2651 | 0.2416,Increases churn risk | Increases churn risk | Increases churn risk | Increases churn risk | Increases churn risk,Immediate personal outreach; Offer long-term contract incentive; Provide new-customer support; Promote online security; Offer technical support
4587-VVTOX,Female,0,Yes,No,6,Yes,Yes,Fiber optic,No,Yes,Yes,No,Yes,Yes,Month-to-month,Yes,Electronic check,105.3,545.2,Yes,0.9346493,1,High,1.0,Critical,Contract Month-to-month | tenure | OnlineBackup No | InternetService Fiber optic | OnlineSecurity No,0.6307 | 0.393 | -0.2361 | 0.215 | 0.1924,Increases churn risk | Increases churn risk | Reduces churn risk | Increases churn risk | Increases churn risk,Immediate personal outreach; Offer long-term contract incentive; Provide new-customer support; Promote online security; Offer technical support; Review pricing
6322-HRPFA,Male,0,Yes,Yes,49,Yes,No,DSL,Yes,Yes,No,Yes,No,No,Month-to-month,No,Credit card (automatic),59.6,2970.3,No,0.06320388,0,Low,0.0,Low,tenure | TechSupport No | OnlineSecurity No | Contract Month-to-month | PaymentMethod Electronic check,-0.4822 | -0.3732 | -0.2994 | 0.2834 | -0.269,Reduces churn risk | Reduces churn risk | Reduces churn risk | Increases churn risk | Reduces churn risk,Maintain regular engagement; Offer long-term contract incentive
6284-AHOOQ,Male,1,No,No,22,Yes,Yes,Fiber optic,No,No,No,Yes,Yes,No,Month-to-month,Yes,Bank transfer (automatic),90.5,1910.6,Yes,0.19105431,0,Low,1.0,Low,TechSupport No | PaymentMethod Electronic check | Contract Month-to-month | tenure | TotalCharges,-0.5891 | -0.572 | 0.4964 | -0.3627 | -0.3262,Reduces churn risk | Reduces churn risk | Increases churn risk | Reduces churn risk | Reduces churn risk,Maintain regular engagement; Offer long-term contract incentive; Promote online security; Review pricing
4530-NDRKU,Female,0,Yes,Yes,42,Yes,No,No,No internet service,No internet service,No internet service,No internet service,No internet service,No internet service,One year,Yes,Electronic check,19.05,761.85,No,0.012222402,0,Low,1.0,Low,Contract Month-to-month | MonthlyCharges | OnlineSecurity No | tenure | TechSupport No,-1.2757 | -0.9366 | -0.441 | -0.3934 | -0.29,Reduces churn risk | Reduces churn risk | Reduces churn risk | Reduces churn risk | Reduces churn risk,Maintain regular engagement
1751-NCDLI,Male,1,Yes,No,46,Yes,Yes,Fiber optic,No,No,Yes,No,Yes,Yes,Month-to-month,Yes,Electronic check,98.85,4564.9,No,0.8785122,1,High,0.0,Critical,Contract Month-to-month | tenure | MonthlyCharges | MultipleLines No | OnlineSecurity No,0.5994 | -0.5622 | 0.3578 | 0.226 | 0.2128,Increases churn risk | Reduces churn risk | Increases churn risk | Increases churn risk | Increases churn risk,Immediate personal outreach; Offer long-term contract incentive; Promote online security; Offer technical support; Review pricing
3893-JRNFS,Male,0,No,No,68,No,No phone service,DSL,No,No,Yes,No,No,Yes,Month-to-month,Yes,Bank transfer (automatic),39.9,2796.35,No,0.13177031,0,Low,0.0,Low,tenure | PaymentMethod Electronic check | TotalCharges | Contract Month-to-month | OnlineSecurity No,-1.2926 | -0.5128 | -0.4262 | 0.3766 | 0.2274,Reduces churn risk | Reduces churn risk | Reduces churn risk | Increases churn risk | Increases churn risk,Maintain regular engagement; Offer long-term contract incentive; Promote online security; Offer technical support
5857-XRECV,Female,0,No,Yes,2,Yes,No,No,No internet service,No internet service,No internet service,No internet service,No internet service,No internet service,One year,No,Bank transfer (automatic),20.5,38.25,No,0.027382845,0,Low,1.0,Low,Contract Month-to-month | OnlineSecurity No | MonthlyCharges | TechSupport No | TotalCharges,-1.2342 | -0.4815 | -0.3908 | -0.265 | -0.2013,Reduces churn risk | Reduces churn risk | Reduces churn risk | Reduces churn risk | Reduces churn risk,Maintain regular engagement; Provide new-customer support
3115-CZMZD,Male,0,No,Yes,0,Yes,No,No,No internet service,No internet service,No internet service,No internet service,No internet service,No internet service,Two year,No,Mailed check,20.25,,No,0.006521641,0,Low,,Low,Contract Month-to-month | Contract Two year | tenure | MonthlyCharges | OnlineSecurity No,-1.4198 | -0.9919 | 0.5399 | -0.4654 | -0.4502,Reduces churn risk | Reduces churn risk | Increases churn risk | Reduces churn risk | Reduces churn risk,Maintain regular engagement; Provide new-customer support
4489-SNOJF,Female,0,Yes,Yes,35,Yes,Yes,DSL,Yes,No,Yes,Yes,Yes,No,Month-to-month,No,Electronic check,72.25,2568.55,Yes,0.23248479,0,Low,1.0,Low,tenure | Contract Month-to-month | OnlineSecurity No | MonthlyCharges | InternetService Fiber optic,-0.5401 | 0.4443 | -0.3446 | -0.2868 | -0.2864,Reduces churn risk | Increases churn risk | Reduces churn risk | Reduces churn risk | Reduces churn risk,Maintain regular engagement; Offer long-term contract incentive
1051-GEJLJ,Female,0,No,No,2,Yes,No,No,No internet service,No internet service,No internet service,No internet service,No internet service,No internet service,Month-to-month,No,Mailed check,19.5,27.55,No,0.25547522,0,Low,1.0,Low,Contract Month-to-month | OnlineSecurity No | TechSupport No | MonthlyCharges | TotalCharges,0.5484 | -0.4624 | -0.2624 | -0.2259 | 0.2232,Increases churn risk | Reduces churn risk | Reduces churn risk | Reduces churn risk | Increases churn risk,Maintain regular engagement; Offer long-term contract incentive; Provide new-customer support
3563-SVYLG,Male,0,Yes,Yes,68,Yes,No,DSL,Yes,Yes,Yes,Yes,No,No,Two year,No,Credit card (automatic),62.65,4375.8,No,0.0079892,0,Low,0.0,Low,Contract Month-to-month | Contract Two year | tenure | MonthlyCharges | TotalCharges,-0.8741 | -0.7947 | -0.538 | -0.3422 | -0.2942,Reduces churn risk | Reduces churn risk | Reduces churn risk | Reduces churn risk | Reduces churn risk,Maintain regular engagement
4301-VVZKA,Male,0,Yes,No,16,Yes,Yes,Fiber optic,No,No,No,No,No,No,Month-to-month,Yes,Electronic check,75.4,1189.4,No,0.74896467,1,High,1.0,Critical,Contract Month-to-month | TotalCharges | MonthlyCharges | OnlineSecurity No | PaymentMethod Electronic check,0.6715 | -0.2976 | -0.2094 | 0.2045 | 0.198,Increases churn risk | Reduces churn risk | Reduces churn risk | Increases churn risk | Increases churn risk,Priority retention outreach; Offer long-term contract incentive; Promote online security; Offer technical support
9351-HXDMR,Male,0,Yes,No,72,Yes,Yes,Fiber optic,Yes,No,Yes,Yes,Yes,Yes,Two year,Yes,Credit card (automatic),110.9,8240.85,No,0.014941393,0,Low,0.0,Low,tenure | Contract Month-to-month | Contract Two year | OnlineSecurity No | Contract One year,-1.7459 | -1.0359 | -0.7332 | -0.4713 | -0.2912,Reduces churn risk | Reduces churn risk | Reduces churn risk | Reduces churn risk | Reduces churn risk,Maintain regular engagement; Review pricing
5161-XEUVX,Male,0,Yes,No,37,Yes,Yes,Fiber optic,No,No,Yes,Yes,Yes,No,Two year,No,Mailed check,94.3,3460.95,No,0.0179206,0,Low,0.0,Low,Contract Month-to-month | Contract Two year | tenure | TotalCharges | TechSupport No,-1.1341 | -0.7192 | -0.5806 | -0.5544 | -0.2986,Reduces churn risk | Reduces churn risk | Reduces churn risk | Reduces churn risk | Reduces churn risk,Maintain regular engagement; Promote online security; Review pricing
3088-FVYWK,Male,0,Yes,Yes,53,Yes,Yes,No,No internet service,No internet service,No internet service,No internet service,No internet service,No internet service,Two year,No,Credit card (automatic),25.55,1336.1,No,0.022977365,0,Low,1.0,Low,Contract Month-to-month | Contract Two year | TechSupport No | OnlineSecurity No | MonthlyCharges,-1.0417 | -0.7238 | -0.3338 | -0.3282 | -0.3218,Reduces churn risk | Reduces churn risk | Reduces churn risk | Reduces churn risk | Reduces churn risk,Maintain regular engagement
9812-GHVRI,Female,0,No,No,40,Yes,Yes,Fiber optic,No,No,No,No,No,Yes,Month-to-month,No,Bank transfer (automatic),83.85,3532.25,No,0.31203496,0,Low,0.0,Low,tenure | Contract Month-to-month | TotalCharges | PaperlessBilling No | PaymentMethod Electronic check,-0.6043 | 0.5284 | -0.3949 | -0.3292 | -0.2979,Reduces churn risk | Increases churn risk | Reduces churn risk | Reduces churn risk | Reduces churn risk,Maintain regular engagement; Offer long-term contract incentive; Promote online security; Offer technical support; Review pricing
1370-GGAWX,Female,0,No,No,46,Yes,Yes,Fiber optic,No,Yes,Yes,No,No,Yes,One year,Yes,Electronic check,94.15,4408.45,No,0.14097792,0,Low,0.0,Low,Contract Month-to-month | tenure | TotalCharges | OnlineSecurity No | OnlineBackup No,-1.2351 | -0.4333 | -0.2336 | 0.1728 | -0.1578,Reduces churn risk | Reduces churn risk | Reduces churn risk | Increases churn risk | Reduces churn risk,Maintain regular engagement; Promote online security; Offer technical support; Review pricing
6023-YEBUP,Male,0,No,No,3,Yes,Yes,Fiber optic,No,No,Yes,No,Yes,Yes,Month-to-month,Yes,Electronic check,100.95,329.95,Yes,0.9322907,1,High,1.0,Critical,Contract Month-to-month | OnlineSecurity No | MonthlyCharges | MultipleLines No | InternetService Fiber optic,0.6396 | 0.2447 | 0.2337 | 0.2274 | 0.1864,Increases churn risk | Increases churn risk | Increases churn risk | Increases churn risk | Increases churn risk,Immediate personal outreach; Offer long-term contract incentive; Provide new-customer support; Promote online security; Offer technical support; Review pricing
9940-RHLFB,Female,0,No,No,1,Yes,No,Fiber optic,No,No,Yes,No,No,No,Month-to-month,No,Electronic check,75.3,75.3,Yes,0.6963476,1,Medium,1.0,Medium,tenure | Contract Month-to-month | PaperlessBilling No | MonthlyCharges | OnlineSecurity No,0.992 | 0.6709 | -0.4686 | -0.3301 | 0.254,Increases churn risk | Increases churn risk | Reduces churn risk | Reduces churn risk | Increases churn risk,Proactive retention communication; Offer long-term contract incentive; Provide new-customer support; Promote online security; Offer technical support
4541-RMRLG,Male,0,No,No,7,Yes,No,No,No internet service,No internet service,No internet service,No internet service,No internet service,No internet service,Month-to-month,No,Electronic check,19.25,112.3,Yes,0.03159128,0,Low,1.0,Low,MonthlyCharges | TechSupport No | OnlineSecurity No | Contract Month-to-month | PaperlessBilling No,-1.2824 | -0.5602 | -0.545 | 0.425 | -0.3176,Reduces churn risk | Reduces churn risk | Reduces churn risk | Increases churn risk | Reduces churn risk,Maintain regular engagement; Offer long-term contract incentive
2606-RMDHZ,Male,0,No,No,6,No,No phone service,DSL,No,Yes,No,No,No,No,Month-to-month,Yes,Credit card (automatic),30.5,208.7,Yes,0.37116566,0,Low,1.0,Low,Contract Month-to-month | PaymentMethod Electronic check | PaymentMethod Credit card (automatic) | InternetService Fiber optic | OnlineBackup No,0.5016 | -0.4457 | -0.3294 | -0.2263 | -0.1726,Increases churn risk | Reduces churn risk | Reduces churn risk | Reduces churn risk | Reduces churn risk,Maintain regular engagement; Offer long-term contract incentive; Provide new-customer support; Promote online security; Offer technical support
5575-TPIZQ,Male,0,No,No,46,Yes,Yes,Fiber optic,Yes,No,No,No,Yes,No,Month-to-month,Yes,Credit card (automatic),89.15,4245.55,No,0.18880634,0,Low,0.0,Low,OnlineSecurity No | Contract Month-to-month | tenure | PaymentMethod Electronic check | MonthlyCharges,-0.6655 | 0.5031 | -0.4913 | -0.4054 | -0.342,Reduces churn risk | Increases churn risk | Reduces churn risk | Reduces churn risk | Reduces churn risk,Maintain regular engagement; Offer long-term contract incentive; Offer technical support; Review pricing
9378-FXTIZ,Female,0,Yes,No,54,Yes,Yes,DSL,No,No,No,No,Yes,Yes,One year,Yes,Credit card (automatic),70.15,3715.65,Yes,0.056150716,0,Low,0.0,Low,Contract Month-to-month | TotalCharges | tenure | MonthlyCharges | PaymentMethod Electronic check,-0.8865 | -0.6384 | -0.3947 | -0.3769 | -0.3254,Reduces churn risk | Reduces churn risk | Reduces churn risk | Reduces churn risk | Reduces churn risk,Maintain regular engagement; Promote online security; Offer technical support
4631-OACRM,Male,1,No,No,15,Yes,No,Fiber optic,No,No,No,No,No,Yes,Month-to-month,Yes,Electronic check,79.4,1156.1,Yes,0.7454398,1,High,1.0,Critical,Contract Month-to-month | MultipleLines No | TotalCharges | OnlineSecurity No | PaymentMethod Electronic check,0.5973 | -0.3553 | 0.3052 | 0.2 | 0.1552,Increases churn risk | Reduces churn risk | Increases churn risk | Increases churn risk | Increases churn risk,Priority retention outreach; Offer long-term contract incentive; Promote online security; Offer technical support
8593-WHYHV,Male,0,No,No,3,Yes,Yes,Fiber optic,No,No,No,No,No,Yes,Month-to-month,Yes,Electronic check,85.3,264.8,Yes,0.9035024,1,High,1.0,Critical,Contract Month-to-month | OnlineSecurity No | MultipleLines No | tenure | InternetService Fiber optic,0.6757 | 0.3187 | 0.2709 | 0.1915 | 0.1706,Increases churn risk | Increases churn risk | Increases churn risk | Increases churn risk | Increases churn risk,Immediate personal outreach; Offer long-term contract incentive; Provide new-customer support; Promote online security; Offer technical support; Review pricing
1403-GYAFU,Male,0,Yes,Yes,70,Yes,No,No,No internet service,No internet service,No internet service,No internet service,No internet service,No internet service,Two year,No,Credit card (automatic),20.05,1360.25,No,0.001593554,0,Low,1.0,Low,Contract Month-to-month | Contract Two year | tenure | MonthlyCharges | OnlineSecurity No,-1.1039 | -0.7693 | -0.6823 | -0.6358 | -0.3618,Reduces churn risk | Reduces churn risk | Reduces churn risk | Reduces churn risk | Reduces churn risk,Maintain regular engagement
7641-TQFHN,Male,0,No,Yes,39,Yes,Yes,Fiber optic,No,No,No,Yes,Yes,Yes,Two year,No,Mailed check,100.55,3895.35,No,0.040897,0,Low,0.0,Low,Contract Month-to-month | Contract Two year | TotalCharges | PaperlessBilling No | TechSupport No,-1.2578 | -0.8333 | -0.4146 | -0.3218 | -0.2824,Reduces churn risk | Reduces churn risk | Reduces churn risk | Reduces churn risk | Reduces churn risk,Maintain regular engagement; Promote online security; Review pricing
4237-CLSMM,Male,0,Yes,No,2,Yes,No,No,No internet service,No internet service,No internet service,No internet service,No internet service,No internet service,Month-to-month,No,Mailed check,20.0,38.0,No,0.120142296,0,Low,1.0,Low,OnlineSecurity No | Contract Month-to-month | TechSupport No | TotalCharges | PaperlessBilling No,-0.5555 | 0.4982 | -0.3195 | -0.2384 | -0.2108,Reduces churn risk | Increases churn risk | Reduces churn risk | Reduces churn risk | Reduces churn risk,Maintain regular engagement; Offer long-term contract incentive; Provide new-customer support
4360-PNRQB,Male,0,No,No,18,Yes,Yes,Fiber optic,No,No,No,No,No,No,Month-to-month,Yes,Bank transfer (automatic),75.6,1395.05,No,0.36566213,0,Low,1.0,Low,Contract Month-to-month | PaymentMethod Electronic check | tenure | MonthlyCharges | TotalCharges,0.5773 | -0.4889 | -0.4237 | -0.3087 | -0.2582,Increases churn risk | Reduces churn risk | Reduces churn risk | Reduces churn risk | Reduces churn risk,Maintain regular engagement; Offer long-term contract incentive; Promote online security; Offer technical support
5334-AFQJB,Male,1,No,No,72,Yes,Yes,No,No internet service,No internet service,No internet service,No internet service,No internet service,No internet service,Two year,Yes,Credit card (automatic),25.1,1789.9,No,0.0038877549,0,Low,1.0,Low,tenure | Contract Month-to-month | Contract Two year | TotalCharges | OnlineSecurity No,-1.6607 | -1.1264 | -0.6316 | -0.6137 | -0.4997,Reduces churn risk | Reduces churn risk | Reduces churn risk | Reduces churn risk | Reduces churn risk,Maintain regular engagement
9308-ANMVE,Male,0,No,Yes,47,Yes,No,DSL,Yes,Yes,No,No,No,No,Month-to-month,Yes,Electronic check,55.3,2654.05,No,0.1749753,0,Low,1.0,Low,tenure | OnlineSecurity No | Contract Month-to-month | InternetService Fiber optic | OnlineBackup No,-0.6238 | -0.4427 | 0.4327 | -0.2961 | -0.2067,Reduces churn risk | Reduces churn risk | Increases churn risk | Reduces churn risk | Reduces churn risk,Maintain regular engagement; Offer long-term contract incentive; Offer technical support
3530-VWVGU,Female,0,Yes,Yes,22,Yes,No,No,No internet service,No internet service,No internet service,No internet service,No internet service,No internet service,Month-to-month,No,Mailed check,19.9,400.3,No,0.100129314,0,Low,1.0,Low,Contract Month-to-month | OnlineSecurity No | tenure | TechSupport No | PaperlessBilling No,0.445 | -0.4433 | -0.4242 | -0.332 | -0.3259,Increases churn risk | Reduces churn risk | Reduces churn risk | Reduces churn risk | Reduces churn risk,Maintain regular engagement; Offer long-term contract incentive
4674-HGNUA,Male,0,Yes,Yes,71,Yes,Yes,DSL,Yes,Yes,Yes,Yes,Yes,Yes,Two year,No,Credit card (automatic),89.9,6457.15,No,0.003977193,0,Low,0.0,Low,tenure | Contract Month-to-month | Contract Two year | OnlineSecurity No | TechSupport No,-1.0521 | -1.0093 | -0.7745 | -0.3631 | -0.3422,Reduces churn risk | Reduces churn risk | Reduces churn risk | Reduces churn risk | Reduces churn risk,Maintain regular engagement; Review pricing
3030-YDNRM,Male,0,No,No,8,Yes,Yes,Fiber optic,No,No,No,No,No,No,Month-to-month,Yes,Electronic check,74.85,572.45,No,0.8264388,1,High,1.0,Critical,Contract Month-to-month | PaymentMethod Electronic check | OnlineSecurity No | InternetService Fiber optic | MonthlyCharges,0.6989 | 0.2534 | 0.2382 | 0.1857 | -0.1611,Increases churn risk | Increases churn risk | Increases churn risk | Increases churn risk | Reduces churn risk,Immediate personal outreach; Offer long-term contract incentive; Promote online security; Offer technical support
3642-BYHDO,Female,0,Yes,Yes,71,Yes,No,No,No internet service,No internet service,No internet service,No internet service,No internet service,No internet service,Two year,No,Bank transfer (automatic),19.9,1389.35,No,0.00218717,0,Low,1.0,Low,tenure | Contract Month-to-month | Contract Two year | TotalCharges | OnlineSecurity No,-1.3531 | -1.2401 | -0.8514 | -0.4551 | -0.4255,Reduces churn risk | Reduces churn risk | Reduces churn risk | Reduces churn risk | Reduces churn risk,Maintain regular engagement
0440-UEDAI,Female,0,No,No,53,Yes,No,Fiber optic,No,Yes,Yes,Yes,No,Yes,One year,Yes,Credit card (automatic),94.45,5042.75,No,0.04490228,0,Low,0.0,Low,Contract Month-to-month | tenure | TotalCharges | TechSupport No | PaymentMethod Electronic check,-0.7398 | -0.5404 | -0.4567 | -0.332 | -0.2433,Reduces churn risk | Reduces churn risk | Reduces churn risk | Reduces churn risk | Reduces churn risk,Maintain regular engagement; Promote online security; Review pricing
9819-FBNSV,Male,1,Yes,No,37,Yes,No,Fiber optic,No,No,No,No,No,No,Month-to-month,Yes,Bank transfer (automatic),72.25,2575.45,No,0.47860754,0,Medium,1.0,Medium,Contract Month-to-month | PaymentMethod Electronic check | tenure | InternetService Fiber optic | TechSupport No,0.5716 | -0.4209 | -0.419 | 0.2054 | 0.1723,Increases churn risk | Reduces churn risk | Reduces churn risk | Increases churn risk | Increases churn risk,Proactive retention communication; Offer long-term contract incentive; Promote online security; Offer technical support
9289-LBQVU,Male,0,Yes,No,64,Yes,Yes,DSL,No,Yes,No,Yes,No,Yes,One year,Yes,Mailed check,70.15,4480.7,No,0.100049466,0,Low,0.0,Low,tenure | Contract Month-to-month | TechSupport No | OnlineSecurity No | TotalCharges,-0.8391 | -0.394 | -0.3165 | 0.3148 | -0.3148,Reduces churn risk | Reduces churn risk | Reduces churn risk | Increases churn risk | Reduces churn risk,Maintain regular engagement; Promote online security
4468-YDOVK,Male,0,No,Yes,5,Yes,No,DSL,No,No,No,Yes,No,No,Month-to-month,Yes,Bank transfer (automatic),48.65,235.2,No,0.3611297,0,Low,1.0,Low,TechSupport No | Contract Month-to-month | tenure | PaymentMethod Electronic check | InternetService Fiber optic,-0.4965 | 0.4859 | 0.4823 | -0.3432 | -0.2183,Reduces churn risk | Increases churn risk | Increases churn risk | Reduces churn risk | Reduces churn risk,Maintain regular engagement; Offer long-term contract incentive; Provide new-customer support; Promote online security
2001-EWBQU,Female,0,No,No,60,Yes,Yes,Fiber optic,No,Yes,Yes,No,Yes,Yes,Two year,No,Electronic check,104.7,6333.8,No,0.0629,0,Low,0.0,Low,Contract Month-to-month | tenure | Contract Two year | PaperlessBilling No | MonthlyCharges,-1.1833 | -0.6474 | -0.6276 | -0.4363 | 0.3171,Reduces churn risk | Reduces churn risk | Reduces churn risk | Reduces churn risk | Increases churn risk,Maintain regular engagement; Promote online security; Offer technical support; Review pricing
9992-UJOEL,Male,0,No,No,2,Yes,No,DSL,No,Yes,No,No,No,No,Month-to-month,Yes,Mailed check,50.3,92.75,No,0.67394143,1,Medium,1.0,Medium,Contract Month-to-month | tenure | TotalCharges | OnlineBackup No | MonthlyCharges,0.5852 | 0.4893 | 0.4853 | -0.2744 | -0.2257,Increases churn risk | Increases churn risk | Increases churn risk | Reduces churn risk | Reduces churn risk,Proactive retention communication; Offer long-term contract incentive; Provide new-customer support; Promote online security; Offer technical support
8409-WQJUX,Female,0,No,No,25,No,No phone service,DSL,No,No,Yes,Yes,Yes,Yes,One year,No,Electronic check,54.2,1423.15,No,0.033010315,0,Low,1.0,Low,Contract Month-to-month | MonthlyCharges | TotalCharges | PaperlessBilling No | TechSupport No,-1.1564 | -0.4636 | -0.3601 | -0.3322 | -0.3128,Reduces churn risk | Reduces churn risk | Reduces churn risk | Reduces churn risk | Reduces churn risk,Maintain regular engagement; Promote online security
3077-RSNTJ,Female,0,Yes,Yes,6,Yes,No,No,No internet service,No internet service,No internet service,No internet service,No internet service,No internet service,Month-to-month,No,Mailed check,19.7,113.5,No,0.15316367,0,Low,1.0,Low,Contract Month-to-month | OnlineSecurity No | TechSupport No | MonthlyCharges | InternetService Fiber optic,0.4975 | -0.4791 | -0.2674 | -0.259 | -0.2124,Increases churn risk | Reduces churn risk | Reduces churn risk | Reduces churn risk | Reduces churn risk,Maintain regular engagement; Offer long-term contract incentive; Provide new-customer support
6993-YCOBK,Male,0,Yes,Yes,60,Yes,Yes,Fiber optic,Yes,No,Yes,Yes,Yes,Yes,Two year,Yes,Electronic check,110.6,6586.85,No,0.09375457,0,Low,0.0,Low,Contract Month-to-month | tenure | OnlineSecurity No | Contract Two year | TechSupport No,-0.7804 | -0.5338 | -0.3962 | -0.3798 | -0.3284,Reduces churn risk | Reduces churn risk | Reduces churn risk | Reduces churn risk | Reduces churn risk,Maintain regular engagement; Review pricing
4817-VYYWS,Female,0,No,No,30,Yes,Yes,Fiber optic,No,Yes,No,No,Yes,Yes,Month-to-month,Yes,Electronic check,100.2,2983.8,Yes,0.73400176,1,High,0.0,Critical,Contract Month-to-month | tenure | MonthlyCharges | OnlineSecurity No | OnlineBackup No,0.5752 | -0.5718 | 0.3676 | 0.2253 | -0.2195,Increases churn risk | Reduces churn risk | Increases churn risk | Increases churn risk | Reduces churn risk,Priority retention outreach; Offer long-term contract incentive; Promote online security; Offer technical support; Review pricing
4702-HDRKD,Male,0,No,No,67,No,No phone service,DSL,Yes,No,Yes,Yes,Yes,No,One year,Yes,Bank transfer (automatic),49.35,3321.35,No,0.0071415855,0,Low,0.0,Low,Contract Month-to-month | tenure | TotalCharges | StreamingMovies Yes | OnlineSecurity No,-0.9508 | -0.6558 | -0.5571 | -0.4544 | -0.3919,Reduces churn risk | Reduces churn risk | Reduces churn risk | Reduces churn risk | Reduces churn risk,Maintain regular engagement
3251-YMVWZ,Male,0,No,No,53,Yes,Yes,No,No internet service,No internet service,No internet service,No internet service,No internet service,No internet service,One year,No,Bank transfer (automatic),24.05,1301.9,No,0.14600952,0,Low,1.0,Low,Contract Month-to-month | OnlineSecurity No | TechSupport No | PaymentMethod Electronic check | StreamingMovies Yes,-0.9045 | -0.3719 | -0.2228 | -0.2037 | -0.1607,Reduces churn risk | Reduces churn risk | Reduces churn risk | Reduces churn risk | Reduces churn risk,Maintain regular engagement
4190-MFLUW,Female,0,Yes,Yes,10,Yes,No,DSL,No,No,Yes,Yes,No,No,Month-to-month,No,Credit card (automatic),55.2,528.35,Yes,0.17216156,0,Low,1.0,Low,Contract Month-to-month | PaymentMethod Electronic check | TechSupport No | InternetService Fiber optic | DeviceProtection No,0.4339 | -0.3642 | -0.2158 | -0.1979 | -0.1651,Increases churn risk | Reduces churn risk | Reduces churn risk | Reduces churn risk | Reduces churn risk,Maintain regular engagement; Offer long-term contract incentive; Promote online security
4678-DVQEO,Female,0,No,No,1,Yes,No,DSL,No,No,No,Yes,No,No,Month-to-month,Yes,Electronic check,52.2,52.2,Yes,0.8083983,1,High,1.0,Critical,tenure | Contract Month-to-month | TotalCharges | TechSupport No | PaymentMethod Electronic check,0.7179 | 0.6308 | 0.3763 | -0.3443 | 0.2129,Increases churn risk | Increases churn risk | Increases churn risk | Reduces churn risk | Increases churn risk,Immediate personal outreach; Offer long-term contract incentive; Provide new-customer support; Promote online security
4701-AHWMW,Male,0,Yes,No,55,No,No phone service,DSL,No,No,Yes,Yes,Yes,Yes,Month-to-month,Yes,Bank transfer (automatic),54.55,2978.3,Yes,0.03157819,0,Low,0.0,Low,tenure | TechSupport No | TotalCharges | PaymentMethod Electronic check | MonthlyCharges,-0.8694 | -0.6674 | -0.5367 | -0.5233 | -0.3697,Reduces churn risk | Reduces churn risk | Reduces churn risk | Reduces churn risk | Reduces churn risk,Maintain regular engagement; Offer long-term contract incentive; Promote online security
2987-BJXIK,Female,0,No,No,70,Yes,Yes,DSL,Yes,Yes,Yes,No,Yes,Yes,Two year,No,Mailed check,84.7,5991.05,No,0.0046452465,0,Low,0.0,Low,Contract Month-to-month | tenure | Contract Two year | OnlineSecurity No | MonthlyCharges,-1.0673 | -0.8075 | -0.6843 | -0.4594 | -0.3636,Reduces churn risk | Reduces churn risk | Reduces churn risk | Reduces churn risk | Reduces churn risk,Maintain regular engagement; Offer technical support; Review pricing
1730-VFMWO,Female,0,Yes,No,34,Yes,No,DSL,No,No,No,Yes,No,No,Month-to-month,No,Bank transfer (automatic),50.2,1815.3,No,0.042702008,0,Low,1.0,Low,tenure | TotalCharges | MonthlyCharges | PaymentMethod Electronic check | Contract Month-to-month,-0.753 | -0.5007 | -0.4124 | -0.3997 | 0.3686,Reduces churn risk | Reduces churn risk | Reduces churn risk | Reduces churn risk | Increases churn risk,Maintain regular engagement; Offer long-term contract incentive; Promote online security
1936-UAFEH,Female,0,No,No,68,Yes,Yes,Fiber optic,Yes,Yes,No,Yes,Yes,Yes,Two year,No,Credit card (automatic),110.25,7279.35,No,0.091932364,0,Low,0.0,Low,Contract Month-to-month | Contract Two year | MonthlyCharges | tenure | OnlineSecurity No,-0.8229 | -0.6246 | 0.4396 | -0.3451 | -0.3022,Reduces churn risk | Reduces churn risk | Increases churn risk | Reduces churn risk | Reduces churn risk,Maintain regular engagement; Review pricing
5140-FOMCQ,Female,0,Yes,No,59,Yes,Yes,Fiber optic,Yes,Yes,Yes,No,Yes,Yes,One year,Yes,Credit card (automatic),109.15,6557.75,No,0.19780582,0,Low,0.0,Low,Contract Month-to-month | OnlineSecurity No | tenure | PaymentMethod Electronic check | MonthlyCharges,-0.7236 | -0.3715 | -0.3265 | -0.2861 | 0.2784,Reduces churn risk | Reduces churn risk | Reduces churn risk | Reduces churn risk | Increases churn risk,Maintain regular engagement; Offer technical support; Review pricing
8778-LMWTJ,Female,0,No,No,9,Yes,No,Fiber optic,Yes,No,No,No,No,No,Month-to-month,Yes,Electronic check,74.85,708.2,No,0.60347104,1,Medium,1.0,Medium,Contract Month-to-month | OnlineSecurity No | PaymentMethod Electronic check | MonthlyCharges | InternetService Fiber optic,0.5933 | -0.5254 | 0.1807 | -0.1378 | 0.1311,Increases churn risk | Reduces churn risk | Increases churn risk | Reduces churn risk | Increases churn risk,Proactive retention communication; Offer long-term contract incentive; Offer technical support
9840-DVNDC,Male,0,No,No,6,Yes,No,Fiber optic,No,No,No,No,Yes,No,Month-to-month,Yes,Credit card (automatic),80.5,463.05,Yes,0.5596378,1,Medium,1.0,Medium,Contract Month-to-month | PaymentMethod Electronic check | PaymentMethod Credit card (automatic) | InternetService Fiber optic | OnlineSecurity No,0.5992 | -0.4103 | -0.3648 | 0.2435 | 0.2309,Increases churn risk | Reduces churn risk | Reduces churn risk | Increases churn risk | Increases churn risk,Proactive retention communication; Offer long-term contract incentive; Provide new-customer support; Promote online security; Offer technical support; Review pricing
8033-VCZGH,Male,0,Yes,No,50,Yes,Yes,Fiber optic,Yes,No,Yes,No,Yes,Yes,One year,Yes,Electronic check,103.95,5231.3,No,0.47508153,0,Medium,0.0,Medium,Contract Month-to-month | tenure | MonthlyCharges | OnlineSecurity No | PaymentMethod Electronic check,-0.9695 | -0.4998 | 0.4243 | -0.4219 | 0.267,Reduces churn risk | Reduces churn risk | Increases churn risk | Reduces churn risk | Increases churn risk,Proactive retention communication; Offer technical support; Review pricing
8580-QVLOC,Female,1,Yes,Yes,72,Yes,Yes,DSL,Yes,Yes,Yes,Yes,Yes,Yes,Two year,No,Credit card (automatic),92.45,6440.25,Yes,0.0032765202,0,Low,0.0,Low,tenure | Contract Month-to-month | Contract Two year | TechSupport No | OnlineSecurity No,-1.6799 | -1.1123 | -0.7895 | -0.3123 | -0.308,Reduces churn risk | Reduces churn risk | Reduces churn risk | Reduces churn risk | Reduces churn risk,Maintain regular engagement; Review pricing
6128-AQBMT,Male,1,Yes,No,41,No,No phone service,DSL,No,Yes,Yes,No,Yes,Yes,Month-to-month,Yes,Electronic check,53.95,2215.4,No,0.7545649,1,High,1.0,Critical,Contract Month-to-month | PhoneService No | InternetService DSL | InternetService Fiber optic | tenure,0.478 | 0.2523 | -0.2486 | -0.2423 | -0.2195,Increases churn risk | Increases churn risk | Reduces churn risk | Reduces churn risk | Reduces churn risk,Priority retention outreach; Offer long-term contract incentive; Promote online security; Offer technical support
6257-RJOHI,Male,0,No,No,4,Yes,No,DSL,No,No,No,Yes,No,No,Month-to-month,Yes,Mailed check,50.8,202.3,No,0.31293255,0,Low,1.0,Low,TechSupport No | Contract Month-to-month | PaymentMethod Electronic check | tenure | OnlineSecurity No,-0.5099 | 0.4978 | -0.3395 | 0.2445 | 0.2163,Reduces churn risk | Increases churn risk | Reduces churn risk | Increases churn risk | Increases churn risk,Maintain regular engagement; Offer long-term contract incentive; Provide new-customer support; Promote online security
1929-ZCBHE,Male,0,Yes,Yes,47,No,No phone service,DSL,Yes,No,Yes,Yes,No,No,One year,No,Electronic check,40.3,1794.8,No,0.041160673,0,Low,1.0,Low,Contract Month-to-month | TotalCharges | TechSupport No | MonthlyCharges | PaymentMethod Electronic check,-0.9152 | -0.5069 | -0.3786 | -0.3747 | 0.3232,Reduces churn risk | Reduces churn risk | Reduces churn risk | Reduces churn risk | Increases churn risk,Maintain regular engagement
6242-SGYTS,Male,0,Yes,Yes,62,Yes,Yes,Fiber optic,Yes,Yes,No,No,Yes,No,One year,Yes,Credit card (automatic),94.95,5791.85,No,0.035713267,0,Low,0.0,Low,Contract Month-to-month | tenure | OnlineSecurity No | StreamingMovies Yes | PaymentMethod Electronic check,-1.0282 | -0.8742 | -0.4242 | -0.3721 | -0.334,Reduces churn risk | Reduces churn risk | Reduces churn risk | Reduces churn risk | Reduces churn risk,Maintain regular engagement; Offer technical support; Review pricing
7010-ZMVBF,Female,0,Yes,Yes,18,Yes,No,No,No internet service,No internet service,No internet service,No internet service,No internet service,No internet service,Month-to-month,No,Mailed check,20.45,357.0,No,0.064547166,0,Low,1.0,Low,MonthlyCharges | tenure | OnlineSecurity No | Contract Month-to-month | TechSupport No,-0.5931 | -0.4747 | -0.4595 | 0.4317 | -0.3356,Reduces churn risk | Reduces churn risk | Reduces churn risk | Increases churn risk | Reduces churn risk,Maintain regular engagement; Offer long-term contract incentive
3519-ZKXGG,Female,0,Yes,No,3,Yes,Yes,Fiber optic,No,No,No,No,No,No,Month-to-month,Yes,Electronic check,75.85,256.6,Yes,0.83764255,1,High,1.0,Critical,Contract Month-to-month | tenure | OnlineSecurity No | InternetService Fiber optic | MonthlyCharges,0.7371 | 0.3116 | 0.2707 | 0.1733 | -0.17,Increases churn risk | Increases churn risk | Increases churn risk | Increases churn risk | Reduces churn risk,Immediate personal outreach; Offer long-term contract incentive; Provide new-customer support; Promote online security; Offer technical support
5666-MBJPT,Male,0,No,No,65,Yes,Yes,No,No internet service,No internet service,No internet service,No internet service,No internet service,No internet service,Two year,Yes,Bank transfer (automatic),25.1,1725.0,No,0.0054421653,0,Low,1.0,Low,Contract Month-to-month | TotalCharges | tenure | Contract Two year | OnlineSecurity No,-1.112 | -0.6805 | -0.6529 | -0.5547 | -0.4759,Reduces churn risk | Reduces churn risk | Reduces churn risk | Reduces churn risk | Reduces churn risk,Maintain regular engagement
3313-QKNKB,Male,0,Yes,No,59,Yes,Yes,Fiber optic,No,No,No,No,No,Yes,One year,No,Electronic check,85.55,5084.65,Yes,0.14194004,0,Low,0.0,Low,Contract Month-to-month | tenure | PaperlessBilling No | PaymentMethod Electronic check | TotalCharges,-1.0902 | -0.6478 | -0.3324 | 0.2118 | -0.1847,Reduces churn risk | Reduces churn risk | Reduces churn risk | Increases churn risk | Reduces churn risk,Maintain regular engagement; Promote online security; Offer technical support; Review pricing
7581-EBBOU,Female,0,No,No,60,Yes,No,DSL,No,Yes,Yes,Yes,Yes,No,One year,Yes,Credit card (automatic),70.15,4224.7,No,0.03367033,0,Low,0.0,Low,tenure | Contract Month-to-month | TotalCharges | PaymentMethod Electronic check | TechSupport No,-0.815 | -0.8113 | -0.4682 | -0.2889 | -0.2782,Reduces churn risk | Reduces churn risk | Reduces churn risk | Reduces churn risk | Reduces churn risk,Maintain regular engagement; Promote online security
1784-BXEFA,Female,0,No,No,10,Yes,No,No,No internet service,No internet service,No internet service,No internet service,No internet service,No internet service,Month-to-month,Yes,Mailed check,20.55,187.35,No,0.07051856,0,Low,1.0,Low,OnlineSecurity No | MonthlyCharges | Contract Month-to-month | TechSupport No | InternetService Fiber optic,-0.603 | -0.5985 | 0.4897 | -0.4213 | -0.212,Reduces churn risk | Reduces churn risk | Increases churn risk | Reduces churn risk | Reduces churn risk,Maintain regular engagement; Offer long-term contract incentive
7492-TAFJD,Male,0,Yes,Yes,7,No,No phone service,DSL,Yes,Yes,Yes,No,No,No,Two year,No,Mailed check,38.55,280.0,No,0.022610161,0,Low,1.0,Low,Contract Month-to-month | Contract Two year | OnlineSecurity No | MonthlyCharges | PaymentMethod Electronic check,-1.3244 | -0.9593 | -0.4585 | -0.2058 | -0.1883,Reduces churn risk | Reduces churn risk | Reduces churn risk | Reduces churn risk | Reduces churn risk,Maintain regular engagement; Offer technical support
5213-TWWJU,Male,0,No,No,28,Yes,No,Fiber optic,No,No,Yes,Yes,No,Yes,Month-to-month,No,Electronic check,91.0,2626.15,No,0.044360023,0,Low,1.0,Low,tenure | TechSupport No | Contract Month-to-month | PaperlessBilling No | MonthlyCharges,-0.7118 | -0.5719 | 0.4193 | -0.3957 | -0.2948,Reduces churn risk | Reduces churn risk | Increases churn risk | Reduces churn risk | Reduces churn risk,Maintain regular engagement; Offer long-term contract incentive; Promote online security; Review pricing
3312-ZWLGF,Male,1,Yes,No,29,Yes,Yes,Fiber optic,No,No,No,Yes,No,No,Month-to-month,Yes,Electronic check,79.3,2414.55,No,0.70084035,1,High,1.0,Critical,Contract Month-to-month | tenure | PaymentMethod Electronic check | TechSupport No | InternetService Fiber optic,0.6135 | -0.5161 | 0.3933 | -0.3563 | 0.2049,Increases churn risk | Reduces churn risk | Increases churn risk | Reduces churn risk | Increases churn risk,Priority retention outreach; Offer long-term contract incentive; Promote online security
2923-ARZLG,Male,0,Yes,Yes,0,Yes,No,No,No internet service,No internet service,No internet service,No internet service,No internet service,No internet service,One year,Yes,Mailed check,19.7,,No,0.06013521,0,Low,,Low,Contract Month-to-month | tenure | OnlineSecurity No | TechSupport No | StreamingMovies Yes,-1.4791 | 0.6839 | -0.4438 | -0.3301 | -0.2845,Reduces churn risk | Increases churn risk | Reduces churn risk | Reduces churn risk | Reduces churn risk,Maintain regular engagement; Provide new-customer support
7032-LMBHI,Female,0,No,No,37,Yes,Yes,DSL,Yes,No,No,No,Yes,No,One year,No,Bank transfer (automatic),64.65,2347.85,No,0.01512969,0,Low,1.0,Low,Contract Month-to-month | OnlineSecurity No | StreamingMovies Yes | tenure | PaymentMethod Electronic check,-1.2138 | -0.4613 | -0.3595 | -0.3264 | -0.2681,Reduces churn risk | Reduces churn risk | Reduces churn risk | Reduces churn risk | Reduces churn risk,Maintain regular engagement; Offer technical support
8292-ITGYJ,Female,0,Yes,Yes,45,Yes,Yes,No,No internet service,No internet service,No internet service,No internet service,No internet service,No internet service,Two year,Yes,Bank transfer (automatic),24.65,1138.8,No,0.011478731,0,Low,1.0,Low,Contract Month-to-month | Contract Two year | OnlineSecurity No | tenure | TechSupport No,-1.2059 | -0.6938 | -0.4349 | -0.4079 | -0.3583,Reduces churn risk | Reduces churn risk | Reduces churn risk | Reduces churn risk | Reduces churn risk,Maintain regular engagement
9107-UKCKY,Male,0,Yes,No,61,Yes,Yes,DSL,No,Yes,Yes,No,Yes,Yes,One year,Yes,Electronic check,79.8,4914.8,No,0.22342543,0,Low,0.0,Low,Contract Month-to-month | tenure | TotalCharges | OnlineSecurity No | InternetService Fiber optic,-0.7837 | -0.7098 | -0.3728 | 0.2847 | -0.2561,Reduces churn risk | Reduces churn risk | Reduces churn risk | Increases churn risk | Reduces churn risk,Maintain regular engagement; Promote online security; Offer technical support
6848-HJTXY,Female,0,Yes,No,64,Yes,No,No,No internet service,No internet service,No internet service,No internet service,No internet service,No internet service,Two year,No,Credit card (automatic),19.45,1208.6,No,0.004009143,0,Low,1.0,Low,Contract Month-to-month | Contract Two year | tenure | MonthlyCharges | OnlineSecurity No,-1.3628 | -0.6499 | -0.4913 | -0.4575 | -0.3469,Reduces churn risk | Reduces churn risk | Reduces churn risk | Reduces churn risk | Reduces churn risk,Maintain regular engagement
4184-VODJZ,Male,0,Yes,Yes,63,Yes,Yes,Fiber optic,No,Yes,No,No,No,Yes,One year,Yes,Electronic check,91.35,5764.7,No,0.10280994,0,Low,0.0,Low,tenure | Contract Month-to-month | OnlineSecurity No | TotalCharges | StreamingTV Yes,-1.0769 | -0.9145 | 0.2813 | -0.2748 | -0.2343,Reduces churn risk | Reduces churn risk | Increases churn risk | Reduces churn risk | Reduces churn risk,Maintain regular engagement; Promote online security; Offer technical support; Review pricing
4846-WHAFZ,Female,1,Yes,No,37,Yes,Yes,Fiber optic,No,No,No,No,No,No,Month-to-month,Yes,Electronic check,76.5,2868.15,Yes,0.67942405,1,Medium,0.0,Medium,Contract Month-to-month | tenure | PaymentMethod Electronic check | MonthlyCharges | OnlineSecurity No,0.6595 | -0.4989 | 0.254 | -0.2495 | 0.1797,Increases churn risk | Reduces churn risk | Increases churn risk | Reduces churn risk | Increases churn risk,Proactive retention communication; Offer long-term contract incentive; Promote online security; Offer technical support
8735-SDUFN,Female,1,Yes,No,72,Yes,Yes,No,No internet service,No internet service,No internet service,No internet service,No internet service,No internet service,Two year,No,Bank transfer (automatic),24.3,1778.7,No,0.0019442617,0,Low,1.0,Low,tenure | Contract Month-to-month | Contract Two year | TotalCharges | OnlineSecurity No,-1.7059 | -1.2386 | -0.7607 | -0.6167 | -0.4604,Reduces churn risk | Reduces churn risk | Reduces churn risk | Reduces churn risk | Reduces churn risk,Maintain regular engagement
0839-JTCUD,Female,0,Yes,Yes,66,Yes,Yes,DSL,Yes,Yes,Yes,Yes,Yes,Yes,Two year,No,Credit card (automatic),89.9,5958.85,No,0.016961116,0,Low,0.0,Low,Contract Month-to-month | Contract Two year | OnlineSecurity No | TechSupport No | MonthlyCharges,-1.064 | -0.7502 | -0.2632 | -0.2632 | -0.2547,Reduces churn risk | Reduces churn risk | Reduces churn risk | Reduces churn risk | Reduces churn risk,Maintain regular engagement; Review pricing
6857-VWJDT,Female,0,No,No,1,Yes,Yes,Fiber optic,No,No,No,No,Yes,Yes,Month-to-month,No,Mailed check,95.65,95.65,Yes,0.9224997,1,High,1.0,Critical,tenure | Contract Month-to-month | PaperlessBilling No | OnlineSecurity No | TotalCharges,1.1126 | 0.6629 | -0.3958 | 0.2467 | 0.2463,Increases churn risk | Increases churn risk | Reduces churn risk | Increases churn risk | Increases churn risk,Immediate personal outreach; Offer long-term contract incentive; Provide new-customer support; Promote online security; Offer technical support; Review pricing
7363-QTBIW,Female,0,Yes,No,9,Yes,No,Fiber optic,No,No,No,No,No,Yes,Month-to-month,Yes,Electronic check,79.75,769.1,No,0.7592472,1,High,1.0,Critical,Contract Month-to-month | MultipleLines No | OnlineSecurity No | PaymentMethod Electronic check | MonthlyCharges,0.6552 | -0.2576 | 0.196 | 0.169 | 0.1399,Increases churn risk | Reduces churn risk | Increases churn risk | Increases churn risk | Increases churn risk,Priority retention outreach; Offer long-term contract incentive; Promote online security; Offer technical support
6158-HDPXZ,Male,0,No,No,1,No,No phone service,DSL,No,No,No,No,No,No,Month-to-month,No,Mailed check,25.35,25.35,No,0.6873182,1,Medium,1.0,Medium,tenure | Contract Month-to-month | MonthlyCharges | PaymentMethod Electronic check | PaperlessBilling No,0.9398 | 0.584 | -0.3197 | -0.3015 | -0.24,Increases churn risk | Increases churn risk | Reduces churn risk | Reduces churn risk | Reduces churn risk,Proactive retention communication; Offer long-term contract incentive; Provide new-customer support; Promote online security; Offer technical support
5419-CONWX,Female,1,No,No,4,Yes,No,Fiber optic,No,Yes,Yes,No,Yes,Yes,Month-to-month,Yes,Credit card (automatic),99.8,442.85,Yes,0.909331,1,High,1.0,Critical,MonthlyCharges | Contract Month-to-month | tenure | InternetService Fiber optic | MultipleLines No,0.8564 | 0.6347 | 0.4161 | 0.226 | -0.2208,Increases churn risk | Increases churn risk | Increases churn risk | Increases churn risk | Reduces churn risk,Immediate personal outreach; Offer long-term contract incentive; Provide new-customer support; Promote online security; Offer technical support; Review pricing
9286-DOJGF,Female,1,Yes,No,38,Yes,Yes,Fiber optic,No,No,No,No,No,No,Month-to-month,Yes,Bank transfer (automatic),74.95,2869.85,Yes,0.47546455,0,Medium,0.0,Medium,Contract Month-to-month | tenure | PaymentMethod Electronic check | InternetService Fiber optic | MonthlyCharges,0.598 | -0.4993 | -0.4456 | 0.2145 | -0.1636,Increases churn risk | Reduces churn risk | Reduces churn risk | Increases churn risk | Reduces churn risk,Proactive retention communication; Offer long-term contract incentive; Promote online security; Offer technical support
2408-PSJVE,Male,0,Yes,Yes,44,Yes,No,DSL,No,Yes,Yes,Yes,No,No,Month-to-month,Yes,Mailed check,61.9,2924.05,No,0.02686804,0,Low,1.0,Low,tenure | TechSupport No | MonthlyCharges | PaymentMethod Electronic check | TotalCharges,-0.6444 | -0.4396 | -0.371 | -0.3539 | -0.3405,Reduces churn risk | Reduces churn risk | Reduces churn risk | Reduces churn risk | Reduces churn risk,Maintain regular engagement; Offer long-term contract incentive; Promote online security
2087-QAREY,Female,0,Yes,No,22,Yes,No,DSL,No,Yes,Yes,No,No,No,Month-to-month,Yes,Mailed check,54.7,1178.75,No,0.1985003,0,Low,1.0,Low,Contract Month-to-month | PaymentMethod Electronic check | InternetService DSL | InternetService Fiber optic | tenure,0.4166 | -0.3149 | -0.3101 | -0.2816 | -0.2487,Increases churn risk | Reduces churn risk | Reduces churn risk | Reduces churn risk | Reduces churn risk,Maintain regular engagement; Offer long-term contract incentive; Promote online security; Offer technical support
6777-TGHTM,Female,0,No,No,53,Yes,Yes,Fiber optic,Yes,No,Yes,No,Yes,Yes,One year,Yes,Credit card (automatic),106.95,5785.5,Yes,0.29896274,0,Low,0.0,Low,Contract Month-to-month | OnlineSecurity No | MonthlyCharges | PaymentMethod Electronic check | tenure,-0.7373 | -0.4138 | 0.3948 | -0.2608 | -0.2236,Reduces churn risk | Reduces churn risk | Increases churn risk | Reduces churn risk | Reduces churn risk,Maintain regular engagement; Offer technical support; Review pricing
6507-ZJSUR,Male,1,Yes,No,23,Yes,No,Fiber optic,No,No,No,No,Yes,Yes,Month-to-month,Yes,Electronic check,90.45,2117.25,No,0.6232685,1,Medium,1.0,Medium,Contract Month-to-month | tenure | MultipleLines No | OnlineSecurity No | InternetService Fiber optic,0.5675 | -0.4122 | -0.3032 | 0.1867 | 0.1743,Increases churn risk | Reduces churn risk | Reduces churn risk | Increases churn risk | Increases churn risk,Proactive retention communication; Offer long-term contract incentive; Promote online security; Offer technical support; Review pricing
5025-GOOKI,Female,0,No,No,20,Yes,No,No,No internet service,No internet service,No internet service,No internet service,No internet service,No internet service,Month-to-month,Yes,Credit card (automatic),18.9,347.65,No,0.0849003,0,Low,1.0,Low,MonthlyCharges | OnlineSecurity No | Contract Month-to-month | TechSupport No | PaymentMethod Electronic check,-0.8753 | -0.5028 | 0.4826 | -0.4437 | -0.2614,Reduces churn risk | Reduces churn risk | Increases churn risk | Reduces churn risk | Reduces churn risk,Maintain regular engagement; Offer long-term contract incentive
6080-LNESI,Male,0,No,No,51,Yes,Yes,No,No internet service,No internet service,No internet service,No internet service,No internet service,No internet service,Two year,No,Mailed check,24.75,1234.6,No,0.0115259765,0,Low,1.0,Low,Contract Month-to-month | Contract Two year | tenure | OnlineSecurity No | PaymentMethod Mailed check,-1.0429 | -0.6424 | -0.5256 | -0.4354 | -0.3036,Reduces churn risk | Reduces churn risk | Reduces churn risk | Reduces churn risk | Reduces churn risk,Maintain regular engagement
2236-HILPA,Male,0,Yes,Yes,62,Yes,No,No,No internet service,No internet service,No internet service,No internet service,No internet service,No internet service,Two year,No,Credit card (automatic),20.65,1218.45,No,0.0019753238,0,Low,1.0,Low,Contract Month-to-month | Contract Two year | MonthlyCharges | tenure | OnlineSecurity No,-1.0765 | -0.737 | -0.7233 | -0.6295 | -0.3609,Reduces churn risk | Reduces churn risk | Reduces churn risk | Reduces churn risk | Reduces churn risk,Maintain regular engagement
1386-ZIKUV,Male,0,No,No,7,Yes,No,No,No internet service,No internet service,No internet service,No internet service,No internet service,No internet service,Month-to-month,Yes,Mailed check,18.95,130.55,No,0.061229642,0,Low,1.0,Low,MonthlyCharges | OnlineSecurity No | TechSupport No | Contract Month-to-month | PaymentMethod Electronic check,-0.9507 | -0.657 | -0.4628 | 0.4571 | -0.2544,Reduces churn risk | Reduces churn risk | Reduces churn risk | Increases churn risk | Reduces churn risk,Maintain regular engagement; Offer long-term contract incentive
3365-SAIGS,Female,0,No,No,17,Yes,No,Fiber optic,No,Yes,No,No,Yes,No,Month-to-month,Yes,Electronic check,83.55,1329.15,No,0.6016029,1,Medium,1.0,Medium,Contract Month-to-month | tenure | MultipleLines No | PaymentMethod Electronic check | TotalCharges,0.6282 | -0.2271 | -0.2267 | 0.1803 | -0.1745,Increases churn risk | Reduces churn risk | Reduces churn risk | Increases churn risk | Reduces churn risk,Proactive retention communication; Offer long-term contract incentive; Promote online security; Offer technical support; Review pricing
6061-GWWAV,Male,0,No,Yes,41,Yes,No,DSL,Yes,Yes,Yes,No,Yes,No,One year,No,Mailed check,70.2,2894.55,No,0.031738687,0,Low,0.0,Low,Contract Month-to-month | OnlineSecurity No | tenure | StreamingMovies Yes | PaymentMethod Electronic check,-0.9048 | -0.4022 | -0.3837 | -0.3455 | -0.2001,Reduces churn risk | Reduces churn risk | Reduces churn risk | Reduces churn risk | Reduces churn risk,Maintain regular engagement; Offer technical support
9979-RGMZT,Female,0,No,No,7,Yes,No,Fiber optic,No,Yes,No,No,Yes,Yes,One year,Yes,Mailed check,94.05,633.45,No,0.3921041,0,Low,1.0,Low,Contract Month-to-month | MonthlyCharges | tenure | StreamingMovies Yes | MultipleLines No,-1.3262 | 0.4363 | 0.3081 | 0.1986 | -0.1924,Reduces churn risk | Increases churn risk | Increases churn risk | Increases churn risk | Reduces churn risk,Maintain regular engagement; Promote online security; Offer technical support; Review pricing
8445-DNBAE,Male,0,No,Yes,1,Yes,Yes,DSL,No,No,No,No,No,No,Month-to-month,Yes,Electronic check,50.05,50.05,No,0.43182063,0,Medium,1.0,Medium,MonthlyCharges | Contract Month-to-month | tenure | InternetService Fiber optic | InternetService DSL,-0.6676 | 0.6057 | 0.5752 | -0.2874 | -0.2696,Reduces churn risk | Increases churn risk | Increases churn risk | Reduces churn risk | Reduces churn risk,Proactive retention communication; Offer long-term contract incentive; Provide new-customer support; Promote online security; Offer technical support
6872-HXFNF,Female,0,Yes,No,64,Yes,Yes,DSL,No,No,Yes,Yes,No,No,One year,No,Bank transfer (automatic),58.35,3756.45,No,0.009286636,0,Low,0.0,Low,tenure | Contract Month-to-month | TotalCharges | MonthlyCharges | PaymentMethod Electronic check,-0.9945 | -0.9051 | -0.5393 | -0.4543 | -0.3781,Reduces churn risk | Reduces churn risk | Reduces churn risk | Reduces churn risk | Reduces churn risk,Maintain regular engagement; Promote online security
1320-HTRDR,Female,0,No,No,3,Yes,Yes,Fiber optic,No,No,No,No,No,No,Month-to-month,Yes,Electronic check,75.5,220.6,Yes,0.8455261,1,High,1.0,Critical,Contract Month-to-month | MonthlyCharges | OnlineSecurity No | tenure | TotalCharges,0.7274 | -0.3472 | 0.2592 | 0.2376 | 0.2309,Increases churn risk | Reduces churn risk | Increases churn risk | Increases churn risk | Increases churn risk,Immediate personal outreach; Offer long-term contract incentive; Provide new-customer support; Promote online security; Offer technical support
3923-CSIHK,Female,1,Yes,No,50,Yes,No,Fiber optic,No,No,No,No,No,No,Month-to-month,Yes,Electronic check,71.05,3444.85,Yes,0.45046607,0,Medium,0.0,Medium,tenure | Contract Month-to-month | TotalCharges | MultipleLines No | PaymentMethod Electronic check,-0.7863 | 0.592 | -0.3727 | -0.2762 | 0.2341,Reduces churn risk | Increases churn risk | Reduces churn risk | Reduces churn risk | Increases churn risk,Proactive retention communication; Offer long-term contract incentive; Promote online security; Offer technical support
2446-ZKVAF,Male,0,Yes,No,18,Yes,Yes,DSL,No,Yes,No,No,No,No,Month-to-month,No,Credit card (automatic),56.8,1074.65,No,0.13422078,0,Low,1.0,Low,tenure | Contract Month-to-month | PaymentMethod Electronic check | PaperlessBilling No | InternetService Fiber optic,-0.4568 | 0.3492 | -0.3357 | -0.2876 | -0.2406,Reduces churn risk | Increases churn risk | Reduces churn risk | Reduces churn risk | Reduces churn risk,Maintain regular engagement; Offer long-term contract incentive; Promote online security; Offer technical support
4640-UHDOS,Female,0,Yes,Yes,13,Yes,No,DSL,No,No,No,No,No,Yes,Month-to-month,No,Electronic check,55.95,734.35,Yes,0.29388407,0,Low,1.0,Low,Contract Month-to-month | InternetService DSL | tenure | InternetService Fiber optic | PaperlessBilling No,0.4925 | -0.2796 | -0.2559 | -0.219 | -0.1853,Increases churn risk | Reduces churn risk | Reduces churn risk | Reduces churn risk | Reduces churn risk,Maintain regular engagement; Offer long-term contract incentive; Promote online security; Offer technical support
5457-COLHT,Male,0,Yes,Yes,69,Yes,No,DSL,Yes,Yes,No,Yes,Yes,Yes,Two year,No,Bank transfer (automatic),80.65,5542.55,No,0.0062599843,0,Low,0.0,Low,Contract Month-to-month | Contract Two year | tenure | MonthlyCharges | OnlineSecurity No,-0.799 | -0.7711 | -0.5901 | -0.4292 | -0.3365,Reduces churn risk | Reduces churn risk | Reduces churn risk | Reduces churn risk | Reduces churn risk,Maintain regular engagement; Review pricing
2254-DLXRI,Female,0,No,No,1,Yes,Yes,Fiber optic,No,Yes,No,No,No,No,Month-to-month,Yes,Mailed check,79.15,79.15,No,0.93234384,1,High,1.0,Critical,tenure | Contract Month-to-month | TotalCharges | PaymentMethod Electronic check | OnlineSecurity No,1.15 | 0.7402 | 0.5793 | -0.3056 | 0.2763,Increases churn risk | Increases churn risk | Increases churn risk | Reduces churn risk | Increases churn risk,Immediate personal outreach; Offer long-term contract incentive; Provide new-customer support; Promote online security; Offer technical support
5339-PXDVH,Male,0,No,No,4,Yes,Yes,Fiber optic,Yes,No,No,No,Yes,No,Month-to-month,No,Electronic check,90.65,367.95,No,0.45428416,0,Medium,1.0,Medium,OnlineSecurity No | Contract Month-to-month | PaperlessBilling No | OnlineSecurity Yes | InternetService Fiber optic,-0.8369 | 0.5334 | -0.4034 | -0.1841 | 0.1474,Reduces churn risk | Increases churn risk | Reduces churn risk | Reduces churn risk | Increases churn risk,Proactive retention communication; Offer long-term contract incentive; Provide new-customer support; Offer technical support; Review pricing
2386-LAHRK,Male,0,No,No,1,Yes,No,DSL,No,No,No,No,Yes,No,Month-to-month,Yes,Mailed check,53.5,53.5,Yes,0.7661958,1,High,1.0,Critical,tenure | Contract Month-to-month | PaymentMethod Electronic check | TotalCharges | OnlineSecurity No,0.8486 | 0.617 | -0.3172 | 0.3018 | 0.2527,Increases churn risk | Increases churn risk | Reduces churn risk | Increases churn risk | Increases churn risk,Priority retention outreach; Offer long-term contract incentive; Provide new-customer support; Promote online security; Offer technical support
5062-CJJKH,Male,0,Yes,Yes,25,Yes,No,DSL,No,Yes,Yes,No,No,No,One year,No,Mailed check,53.65,1355.45,No,0.107843414,0,Low,1.0,Low,Contract Month-to-month | StreamingMovies Yes | tenure | OnlineSecurity No | PaymentMethod Electronic check,-0.9317 | -0.3087 | -0.2046 | 0.2033 | -0.185,Reduces churn risk | Reduces churn risk | Reduces churn risk | Increases churn risk | Reduces churn risk,Maintain regular engagement; Promote online security; Offer technical support
8930-XOTDP,Female,0,Yes,Yes,18,Yes,No,DSL,No,No,No,No,Yes,No,Month-to-month,No,Mailed check,55.95,1082.8,No,0.23218268,0,Low,1.0,Low,Contract Month-to-month | tenure | PaymentMethod Electronic check | InternetService DSL | InternetService Fiber optic,0.4141 | -0.413 | -0.3445 | -0.2556 | -0.234,Increases churn risk | Reduces churn risk | Reduces churn risk | Reduces churn risk | Reduces churn risk,Maintain regular engagement; Offer long-term contract incentive; Promote online security; Offer technical support
4779-ZGICK,Male,0,Yes,Yes,48,Yes,Yes,No,No internet service,No internet service,No internet service,No internet service,No internet service,No internet service,Two year,No,Mailed check,23.55,1173.35,No,0.007492979,0,Low,1.0,Low,Contract Month-to-month | Contract Two year | OnlineSecurity No | tenure | TechSupport No,-1.1199 | -0.7865 | -0.4448 | -0.3993 | -0.357,Reduces churn risk | Reduces churn risk | Reduces churn risk | Reduces churn risk | Reduces churn risk,Maintain regular engagement
9534-NSXEM,Male,0,No,No,26,Yes,No,No,No internet service,No internet service,No internet service,No internet service,No internet service,No internet service,One year,Yes,Credit card (automatic),20.65,595.5,No,0.0051644277,0,Low,1.0,Low,Contract Month-to-month | MonthlyCharges | OnlineSecurity No | tenure | TechSupport No,-1.091 | -0.811 | -0.4675 | -0.4346 | -0.3112,Reduces churn risk | Reduces churn risk | Reduces churn risk | Reduces churn risk | Reduces churn risk,Maintain regular engagement
3716-BDVDB,Male,0,No,No,1,Yes,No,Fiber optic,No,No,No,No,No,No,Month-to-month,Yes,Electronic check,69.1,69.1,Yes,0.97408175,1,High,1.0,Critical,tenure | TotalCharges | Contract Month-to-month | OnlineSecurity No | InternetService Fiber optic,1.1183 | 0.8447 | 0.738 | 0.2655 | 0.2465,Increases churn risk | Increases churn risk | Increases churn risk | Increases churn risk | Increases churn risk,Immediate personal outreach; Offer long-term contract incentive; Provide new-customer support; Promote online security; Offer technical support
9842-EFSYY,Female,0,No,Yes,4,No,No phone service,DSL,Yes,Yes,Yes,No,Yes,Yes,Month-to-month,Yes,Mailed check,57.2,223.75,No,0.38510776,0,Low,1.0,Low,OnlineSecurity No | Contract Month-to-month | MonthlyCharges | DeviceProtection Yes | PaymentMethod Electronic check,-0.5585 | 0.4978 | -0.3441 | 0.2481 | -0.2135,Reduces churn risk | Increases churn risk | Reduces churn risk | Increases churn risk | Reduces churn risk,Maintain regular engagement; Offer long-term contract incentive; Provide new-customer support; Offer technical support
9122-UMROB,Male,0,No,No,1,Yes,No,No,No internet service,No internet service,No internet service,No internet service,No internet service,No internet service,Month-to-month,No,Mailed check,20.3,20.3,No,0.6157503,1,Medium,1.0,Medium,tenure | Contract Month-to-month | OnlineSecurity No | TechSupport No | MonthlyCharges,1.1282 | 0.6101 | -0.3427 | -0.3215 | -0.2315,Increases churn risk | Increases churn risk | Reduces churn risk | Reduces churn risk | Reduces churn risk,Proactive retention communication; Offer long-term contract incentive; Provide new-customer support
1867-BDVFH,Male,0,Yes,Yes,11,Yes,Yes,Fiber optic,No,No,No,No,No,No,Month-to-month,Yes,Electronic check,74.35,834.2,Yes,0.7447263,1,High,1.0,Critical,Contract Month-to-month | Dependents No | PaymentMethod Electronic check | OnlineSecurity No | InternetService Fiber optic,0.6564 | -0.2915 | 0.2346 | 0.2143 | 0.1964,Increases churn risk | Reduces churn risk | Increases churn risk | Increases churn risk | Increases churn risk,Priority retention outreach; Offer long-term contract incentive; Promote online security; Offer technical support
5949-EBSQK,Male,0,Yes,Yes,4,Yes,No,DSL,No,No,No,Yes,No,Yes,Month-to-month,No,Credit card (automatic),61.45,229.55,Yes,0.06854615,0,Low,1.0,Low,MonthlyCharges | TechSupport No | gender Female | Contract Month-to-month | PaymentMethod Electronic check,-0.6788 | -0.4751 | -0.3644 | 0.3469 | -0.2488,Reduces churn risk | Reduces churn risk | Reduces churn risk | Increases churn risk | Reduces churn risk,Maintain regular engagement; Offer long-term contract incentive; Provide new-customer support; Promote online security
4160-AMJTL,Female,1,No,No,8,Yes,No,No,No internet service,No internet service,No internet service,No internet service,No internet service,No internet service,Month-to-month,No,Electronic check,19.65,164.3,Yes,0.2690282,0,Low,1.0,Low,Contract Month-to-month | OnlineSecurity No | TechSupport No | OnlineBackup No | InternetService Fiber optic,0.4894 | -0.4003 | -0.3788 | -0.2431 | -0.1788,Increases churn risk | Reduces churn risk | Reduces churn risk | Reduces churn risk | Reduces churn risk,Maintain regular engagement; Offer long-term contract incentive
8622-ZLFKO,Female,0,Yes,No,6,Yes,Yes,Fiber optic,No,Yes,No,No,No,Yes,Month-to-month,Yes,Electronic check,90.75,512.25,No,0.93970937,1,High,1.0,Critical,Contract Month-to-month | tenure | TotalCharges | OnlineSecurity No | InternetService Fiber optic,0.7185 | 0.5598 | 0.289 | 0.2795 | 0.2052,Increases churn risk | Increases churn risk | Increases churn risk | Increases churn risk | Increases churn risk,Immediate personal outreach; Offer long-term contract incentive; Provide new-customer support; Promote online security; Offer technical support; Review pricing
2990-IAJSV,Male,0,No,No,72,Yes,Yes,DSL,Yes,Yes,Yes,Yes,Yes,Yes,Two year,No,Bank transfer (automatic),92.0,6632.75,No,0.0015740539,0,Low,0.0,Low,tenure | Contract Month-to-month | Contract Two year | TotalCharges | OnlineSecurity No,-1.6497 | -0.9553 | -0.8094 | -0.4292 | -0.391,Reduces churn risk | Reduces churn risk | Reduces churn risk | Reduces churn risk | Reduces churn risk,Maintain regular engagement; Review pricing
6064-ZATLR,Female,0,No,No,27,Yes,No,DSL,Yes,Yes,No,No,No,No,Two year,No,Bank transfer (automatic),52.85,1498.65,No,0.00422621,0,Low,1.0,Low,Contract Month-to-month | Contract Two year | MonthlyCharges | TotalCharges | OnlineSecurity No,-1.2993 | -0.8609 | -0.4479 | -0.4094 | -0.3686,Reduces churn risk | Reduces churn risk | Reduces churn risk | Reduces churn risk | Reduces churn risk,Maintain regular engagement; Offer technical support
7409-KIUTL,Female,1,No,Yes,1,Yes,No,Fiber optic,No,No,No,No,No,No,Month-to-month,Yes,Electronic check,71.0,71.0,Yes,0.85471463,1,High,1.0,Critical,tenure | Contract Month-to-month | Dependents No | OnlineSecurity No | TechSupport No,0.9334 | 0.7201 | -0.2117 | 0.1861 | 0.1285,Increases churn risk | Increases churn risk | Reduces churn risk | Increases churn risk | Increases churn risk,Immediate personal outreach; Offer long-term contract incentive; Provide new-customer support; Promote online security; Offer technical support
5505-OVWQW,Female,0,No,No,17,Yes,No,No,No internet service,No internet service,No internet service,No internet service,No internet service,No internet service,One year,No,Mailed check,20.15,353.65,No,0.015954316,0,Low,1.0,Low,Contract Month-to-month | OnlineSecurity No | TechSupport No | MonthlyCharges | StreamingMovies Yes,-1.3144 | -0.4209 | -0.2159 | -0.2062 | -0.2053,Reduces churn risk | Reduces churn risk | Reduces churn risk | Reduces churn risk | Reduces churn risk,Maintain regular engagement
3948-KXDUF,Male,0,No,No,66,Yes,Yes,DSL,Yes,Yes,Yes,Yes,No,No,Two year,No,Bank transfer (automatic),68.75,4447.55,No,0.0042956234,0,Low,0.0,Low,Contract Month-to-month | MonthlyCharges | Contract Two year | tenure | TotalCharges,-0.8853 | -0.7007 | -0.6342 | -0.4393 | -0.3802,Reduces churn risk | Reduces churn risk | Reduces churn risk | Reduces churn risk | Reduces churn risk,Maintain regular engagement
9814-AOUDH,Male,0,No,No,53,Yes,No,No,No internet service,No internet service,No internet service,No internet service,No internet service,No internet service,Two year,No,Credit card (automatic),19.5,1050.5,No,0.09707043,0,Low,1.0,Low,Contract Month-to-month | TotalCharges | PaymentMethod Credit card (automatic) | tenure | OnlineSecurity No,-1.0795 | 0.721 | -0.36 | 0.3379 | -0.2885,Reduces churn risk | Increases churn risk | Reduces churn risk | Increases churn risk | Reduces churn risk,Maintain regular engagement
7398-LXGYX,Male,0,Yes,No,44,Yes,Yes,Fiber optic,Yes,No,Yes,No,No,No,Month-to-month,Yes,Credit card (automatic),84.8,3626.35,No,0.20625661,0,Low,0.0,Low,tenure | OnlineSecurity No | Contract Month-to-month | PaymentMethod Electronic check | TotalCharges,-0.5527 | -0.505 | 0.4689 | -0.4557 | -0.2425,Reduces churn risk | Reduces churn risk | Increases churn risk | Reduces churn risk | Reduces churn risk,Maintain regular engagement; Offer long-term contract incentive; Offer technical support; Review pricing
5266-PFRQK,Male,0,Yes,Yes,52,Yes,No,No,No internet service,No internet service,No internet service,No internet service,No internet service,No internet service,One year,Yes,Credit card (automatic),20.85,1071.6,No,0.011938218,0,Low,1.0,Low,Contract Month-to-month | MonthlyCharges | tenure | OnlineSecurity No | TechSupport No,-0.9995 | -0.5476 | -0.5083 | -0.4204 | -0.3398,Reduces churn risk | Reduces churn risk | Reduces churn risk | Reduces churn risk | Reduces churn risk,Maintain regular engagement
1568-BEKZM,Male,1,Yes,No,70,Yes,Yes,DSL,Yes,Yes,Yes,Yes,Yes,Yes,Two year,No,Credit card (automatic),90.05,6333.4,No,0.018658973,0,Low,0.0,Low,Contract Month-to-month | Contract Two year | tenure | MonthlyCharges | SeniorCitizen,-0.9568 | -0.6966 | -0.3968 | -0.3306 | 0.2583,Reduces churn risk | Reduces churn risk | Reduces churn risk | Reduces churn risk | Increases churn risk,Maintain regular engagement; Review pricing
2692-PFYTJ,Female,0,No,No,1,Yes,Yes,No,No internet service,No internet service,No internet service,No internet service,No internet service,No internet service,Month-to-month,Yes,Mailed check,25.75,25.75,No,0.26630127,0,Low,1.0,Low,tenure | Contract Month-to-month | OnlineSecurity No | TechSupport No | MonthlyCharges,0.917 | 0.5823 | -0.5816 | -0.4181 | -0.4124,Increases churn risk | Increases churn risk | Reduces churn risk | Reduces churn risk | Reduces churn risk,Maintain regular engagement; Offer long-term contract incentive; Provide new-customer support
2533-QVMSK,Male,0,Yes,No,61,Yes,Yes,Fiber optic,No,Yes,No,Yes,Yes,No,Two year,Yes,Electronic check,94.1,5638.3,Yes,0.038236562,0,Low,0.0,Low,Contract Month-to-month | tenure | Contract Two year | TechSupport No | PaymentMethod Electronic check,-1.1581 | -0.8585 | -0.8062 | -0.416 | 0.3238,Reduces churn risk | Reduces churn risk | Reduces churn risk | Reduces churn risk | Increases churn risk,Maintain regular engagement; Promote online security; Review pricing
5828-AVIPD,Male,0,Yes,Yes,19,Yes,Yes,Fiber optic,No,No,No,Yes,Yes,Yes,One year,Yes,Electronic check,100.95,1875.55,Yes,0.42517158,0,Medium,1.0,Medium,Contract Month-to-month | MonthlyCharges | tenure | TechSupport No | TotalCharges,-1.105 | 0.3271 | 0.3092 | -0.2969 | -0.2617,Reduces churn risk | Increases churn risk | Increases churn risk | Reduces churn risk | Reduces churn risk,Proactive retention communication; Promote online security; Review pricing
2907-ILJBN,Female,0,Yes,Yes,11,Yes,No,No,No internet service,No internet service,No internet service,No internet service,No internet service,No internet service,One year,No,Mailed check,20.6,233.9,No,0.024035472,0,Low,1.0,Low,Contract Month-to-month | MonthlyCharges | OnlineSecurity No | StreamingMovies Yes | TechSupport No,-1.2927 | -0.4625 | -0.4528 | -0.201 | -0.1856,Reduces churn risk | Reduces churn risk | Reduces churn risk | Reduces churn risk | Reduces churn risk,Maintain regular engagement
5226-NOZFC,Male,0,No,No,26,Yes,No,Fiber optic,No,Yes,No,No,Yes,No,Month-to-month,Yes,Electronic check,85.75,2146.5,No,0.6720395,1,Medium,1.0,Medium,Contract Month-to-month | tenure | PaymentMethod Electronic check | MultipleLines No | InternetService Fiber optic,0.6107 | -0.3837 | 0.2773 | -0.2661 | 0.1892,Increases churn risk | Reduces churn risk | Increases churn risk | Reduces churn risk | Increases churn risk,Proactive retention communication; Offer long-term contract incentive; Promote online security; Offer technical support; Review pricing
7114-AEOZE,Female,0,No,No,60,Yes,No,No,No internet service,No internet service,No internet service,No internet service,No internet service,No internet service,Two year,No,Bank transfer (automatic),19.85,1128.1,No,0.011279291,0,Low,1.0,Low,Contract Month-to-month | tenure | Contract Two year | OnlineSecurity No | TechSupport No,-1.216 | -0.7635 | -0.757 | -0.3559 | -0.2218,Reduces churn risk | Reduces churn risk | Reduces churn risk | Reduces churn risk | Reduces churn risk,Maintain regular engagement
2202-CUYXZ,Male,0,No,No,1,Yes,No,Fiber optic,No,No,Yes,No,Yes,No,Month-to-month,Yes,Electronic check,84.85,84.85,Yes,0.92950225,1,High,1.0,Critical,tenure | Contract Month-to-month | OnlineSecurity No | PaymentMethod Electronic check | MultipleLines No,1.1077 | 0.7134 | 0.2462 | 0.1967 | -0.1937,Increases churn risk | Increases churn risk | Increases churn risk | Increases churn risk | Reduces churn risk,Immediate personal outreach; Offer long-term contract incentive; Provide new-customer support; Promote online security; Offer technical support; Review pricing
3466-RITXD,Male,0,No,No,26,Yes,Yes,Fiber optic,Yes,Yes,No,No,Yes,No,Month-to-month,Yes,Credit card (automatic),92.4,2349.8,No,0.4959457,0,Medium,1.0,Medium,Contract Month-to-month | OnlineSecurity No | PaymentMethod Electronic check | tenure | InternetService Fiber optic,0.5499 | -0.5063 | -0.4503 | -0.2591 | 0.2447,Increases churn risk | Reduces churn risk | Reduces churn risk | Reduces churn risk | Increases churn risk,Proactive retention communication; Offer long-term contract incentive; Offer technical support; Review pricing
7278-CKDNC,Male,1,No,No,24,Yes,Yes,Fiber optic,No,Yes,No,No,No,No,Month-to-month,Yes,Electronic check,80.5,2088.45,No,0.82197475,1,High,1.0,Critical,Contract Month-to-month | PaymentMethod Electronic check | OnlineSecurity No | InternetService Fiber optic | tenure,0.6724 | 0.3539 | 0.2235 | 0.1984 | -0.1776,Increases churn risk | Increases churn risk | Increases churn risk | Increases churn risk | Reduces churn risk,Immediate personal outreach; Offer long-term contract incentive; Promote online security; Offer technical support; Review pricing
1956-YIFGE,Male,0,Yes,Yes,22,Yes,No,Fiber optic,No,Yes,Yes,No,Yes,Yes,One year,Yes,Mailed check,100.05,2090.25,No,0.5151753,1,Medium,1.0,Medium,Contract Month-to-month | MonthlyCharges | OnlineSecurity No | PaymentMethod Electronic check | OnlineBackup No,-1.0461 | 0.5034 | 0.2555 | -0.2119 | -0.1814,Reduces churn risk | Increases churn risk | Increases churn risk | Reduces churn risk | Reduces churn risk,Proactive retention communication; Promote online security; Offer technical support; Review pricing
0422-UXFAP,Female,0,Yes,No,51,Yes,Yes,Fiber optic,No,No,Yes,No,Yes,Yes,One year,Yes,Electronic check,98.85,4947.55,No,0.27194005,0,Low,0.0,Low,Contract Month-to-month | tenure | TotalCharges | MonthlyCharges | PaymentMethod Electronic check,-1.2648 | -0.7241 | -0.354 | 0.3149 | 0.2508,Reduces churn risk | Reduces churn risk | Reduces churn risk | Increases churn risk | Increases churn risk,Maintain regular engagement; Promote online security; Offer technical support; Review pricing
3733-UOCWF,Male,1,Yes,No,61,Yes,Yes,Fiber optic,No,Yes,No,Yes,No,No,One year,Yes,Bank transfer (automatic),85.55,5251.75,No,0.017239045,0,Low,0.0,Low,tenure | Contract Month-to-month | StreamingMovies Yes | PaymentMethod Electronic check | TechSupport No,-1.2663 | -0.9971 | -0.4364 | -0.3315 | -0.2903,Reduces churn risk | Reduces churn risk | Reduces churn risk | Reduces churn risk | Reduces churn risk,Maintain regular engagement; Promote online security; Review pricing
7191-ADRGF,Male,0,Yes,No,44,No,No phone service,DSL,No,Yes,Yes,No,Yes,Yes,Two year,No,Bank transfer (automatic),54.3,2390.45,No,0.06560947,0,Low,1.0,Low,Contract Month-to-month | Contract Two year | PaperlessBilling No | PaymentMethod Electronic check | OnlineSecurity No,-1.2368 | -0.7543 | -0.2602 | -0.2548 | 0.2441,Reduces churn risk | Reduces churn risk | Reduces churn risk | Reduces churn risk | Increases churn risk,Maintain regular engagement; Promote online security; Offer technical support
5709-LVOEQ,Female,0,Yes,Yes,0,Yes,No,DSL,Yes,Yes,Yes,No,Yes,Yes,Two year,No,Mailed check,80.85,,No,0.015852092,0,Low,,Low,Contract Month-to-month | Contract Two year | tenure | OnlineSecurity No | MonthlyCharges,-1.3914 | -1.162 | 0.4626 | -0.4275 | -0.3274,Reduces churn risk | Reduces churn risk | Increases churn risk | Reduces churn risk | Reduces churn risk,Maintain regular engagement; Provide new-customer support; Offer technical support; Review pricing
6034-YMTOB,Female,0,No,No,5,Yes,No,Fiber optic,No,No,No,Yes,No,No,Month-to-month,Yes,Mailed check,75.65,399.45,No,0.47043326,0,Medium,1.0,Medium,Contract Month-to-month | MonthlyCharges | tenure | TechSupport No | PaymentMethod Electronic check,0.6428 | -0.4794 | 0.447 | -0.3219 | -0.301,Increases churn risk | Reduces churn risk | Increases churn risk | Reduces churn risk | Reduces churn risk,Proactive retention communication; Offer long-term contract incentive; Provide new-customer support; Promote online security
6372-RFVNS,Female,0,Yes,No,1,Yes,No,Fiber optic,No,No,No,No,Yes,No,Month-to-month,No,Electronic check,78.8,78.8,Yes,0.95619935,1,High,1.0,Critical,tenure | Contract Month-to-month | TotalCharges | MonthlyCharges | OnlineSecurity No,1.1293 | 0.7113 | 0.4565 | 0.3344 | 0.2672,Increases churn risk | Increases churn risk | Increases churn risk | Increases churn risk | Increases churn risk,Immediate personal outreach; Offer long-term contract incentive; Provide new-customer support; Promote online security; Offer technical support
9052-DHNKM,Male,0,No,No,26,Yes,Yes,DSL,Yes,Yes,No,No,No,No,One year,No,Electronic check,61.55,1581.95,No,0.047164053,0,Low,1.0,Low,Contract Month-to-month | TotalCharges | MonthlyCharges | OnlineSecurity No | PaymentMethod Electronic check,-1.0502 | -0.3342 | -0.3242 | -0.2882 | 0.2795,Reduces churn risk | Reduces churn risk | Reduces churn risk | Reduces churn risk | Increases churn risk,Maintain regular engagement; Offer technical support
5609-IMCGG,Female,0,No,No,15,Yes,Yes,Fiber optic,Yes,No,Yes,No,No,No,Month-to-month,Yes,Credit card (automatic),84.35,1302.65,No,0.27801767,0,Low,1.0,Low,OnlineSecurity No | Contract Month-to-month | TotalCharges | PaymentMethod Electronic check | InternetService Fiber optic,-0.5922 | 0.5801 | -0.4762 | -0.3106 | 0.1892,Reduces churn risk | Increases churn risk | Reduces churn risk | Reduces churn risk | Increases churn risk,Maintain regular engagement; Offer long-term contract incentive; Offer technical support; Review pricing
2959-MJHIC,Male,0,Yes,No,4,Yes,No,Fiber optic,No,No,No,No,Yes,No,Month-to-month,Yes,Electronic check,80.35,307.4,Yes,0.8038036,1,High,1.0,Critical,Contract Month-to-month | OnlineSecurity No | PaymentMethod Electronic check | InternetService Fiber optic | MultipleLines No,0.6702 | 0.2729 | 0.2189 | 0.1837 | -0.1684,Increases churn risk | Increases churn risk | Increases churn risk | Increases churn risk | Reduces churn risk,Immediate personal outreach; Offer long-term contract incentive; Provide new-customer support; Promote online security; Offer technical support; Review pricing
1319-YLZJG,Male,0,Yes,No,12,Yes,No,Fiber optic,Yes,Yes,Yes,No,No,No,Month-to-month,Yes,Electronic check,84.6,959.9,No,0.7146836,1,High,1.0,Critical,Contract Month-to-month | OnlineSecurity No | InternetService Fiber optic | TotalCharges | PaymentMethod Electronic check,0.5892 | -0.5468 | 0.2367 | 0.2032 | 0.1932,Increases churn risk | Reduces churn risk | Increases churn risk | Increases churn risk | Increases churn risk,Priority retention outreach; Offer long-term contract incentive; Offer technical support; Review pricing
7623-TRNQN,Male,0,No,Yes,1,Yes,No,DSL,No,No,No,Yes,No,No,Month-to-month,Yes,Mailed check,49.9,49.9,Yes,0.09831899,0,Low,1.0,Low,TechSupport No | MonthlyCharges | Contract Month-to-month | tenure | TechSupport Yes,-0.6547 | -0.583 | 0.5077 | 0.499 | -0.3346,Reduces churn risk | Reduces churn risk | Increases churn risk | Increases churn risk | Reduces churn risk,Maintain regular engagement; Offer long-term contract incentive; Provide new-customer support; Promote online security
0377-JBKKT,Male,0,Yes,Yes,22,Yes,No,DSL,Yes,Yes,No,Yes,No,No,Month-to-month,Yes,Mailed check,57.95,1271.8,No,0.046057917,0,Low,1.0,Low,TechSupport No | PaymentMethod Electronic check | OnlineSecurity No | Contract Month-to-month | PaymentMethod Mailed check,-0.4404 | -0.4067 | -0.3753 | 0.3274 | -0.2736,Reduces churn risk | Reduces churn risk | Reduces churn risk | Increases churn risk | Reduces churn risk,Maintain regular engagement; Offer long-term contract incentive
1936-CZAKF,Male,0,Yes,No,49,No,No phone service,DSL,No,Yes,No,No,Yes,Yes,Two year,No,Credit card (automatic),49.65,2409.9,No,0.044566825,0,Low,1.0,Low,Contract Month-to-month | Contract Two year | PaymentMethod Credit card (automatic) | PaymentMethod Electronic check | OnlineSecurity No,-1.1423 | -0.8044 | -0.2682 | -0.2463 | 0.2279,Reduces churn risk | Reduces churn risk | Reduces churn risk | Reduces churn risk | Increases churn risk,Maintain regular engagement; Promote online security; Offer technical support
5063-IUOKK,Male,0,No,No,13,Yes,No,No,No internet service,No internet service,No internet service,No internet service,No internet service,No internet service,Two year,No,Mailed check,19.75,265.75,No,0.008144711,0,Low,1.0,Low,Contract Month-to-month | Contract Two year | OnlineSecurity No | tenure | TotalCharges,-1.3405 | -0.7322 | -0.4346 | -0.3143 | -0.2189,Reduces churn risk | Reduces churn risk | Reduces churn risk | Reduces churn risk | Reduces churn risk,Maintain regular engagement
8646-JCOMS,Female,0,Yes,No,66,Yes,Yes,Fiber optic,No,Yes,Yes,Yes,No,No,One year,Yes,Bank transfer (automatic),90.55,6130.95,No,0.03170405,0,Low,0.0,Low,Contract Month-to-month | tenure | StreamingMovies Yes | TechSupport No | PaymentMethod Electronic check,-1.0299 | -0.6162 | -0.4159 | -0.3369 | -0.3159,Reduces churn risk | Reduces churn risk | Reduces churn risk | Reduces churn risk | Reduces churn risk,Maintain regular engagement; Promote online security; Review pricing
0979-MOZQI,Male,0,Yes,No,62,No,No phone service,DSL,No,No,No,Yes,Yes,No,Two year,Yes,Bank transfer (automatic),39.0,2337.45,No,0.016631348,0,Low,1.0,Low,Contract Month-to-month | tenure | Contract Two year | TechSupport No | PaymentMethod Electronic check,-1.0987 | -0.8076 | -0.6677 | -0.4088 | -0.3306,Reduces churn risk | Reduces churn risk | Reduces churn risk | Reduces churn risk | Reduces churn risk,Maintain regular engagement; Promote online security
1525-LNLOJ,Male,0,Yes,Yes,66,Yes,Yes,DSL,No,No,Yes,No,Yes,No,Two year,Yes,Bank transfer (automatic),63.3,4189.7,No,0.014869013,0,Low,0.0,Low,Contract Month-to-month | MonthlyCharges | TotalCharges | Contract Two year | tenure,-1.0891 | -0.5959 | -0.5503 | -0.5072 | -0.4375,Reduces churn risk | Reduces churn risk | Reduces churn risk | Reduces churn risk | Reduces churn risk,Maintain regular engagement; Promote online security; Offer technical support
5759-RCVCB,Female,0,No,No,3,No,No phone service,DSL,No,No,No,No,Yes,No,Month-to-month,No,Credit card (automatic),35.2,108.95,Yes,0.31013486,0,Low,1.0,Low,Contract Month-to-month | PaperlessBilling No | PaymentMethod Electronic check | InternetService Fiber optic | MonthlyCharges,0.5648 | -0.3655 | -0.3159 | -0.1965 | -0.1732,Increases churn risk | Reduces churn risk | Reduces churn risk | Reduces churn risk | Reduces churn risk,Maintain regular engagement; Offer long-term contract incentive; Provide new-customer support; Promote online security; Offer technical support
9968-FFVVH,Male,0,No,No,63,Yes,Yes,DSL,Yes,Yes,Yes,Yes,No,No,One year,No,Bank transfer (automatic),68.8,4111.35,No,0.006048755,0,Low,0.0,Low,tenure | Contract Month-to-month | MonthlyCharges | TotalCharges | StreamingMovies Yes,-0.9535 | -0.7403 | -0.5509 | -0.4557 | -0.3703,Reduces churn risk | Reduces churn risk | Reduces churn risk | Reduces churn risk | Reduces churn risk,Maintain regular engagement
2266-FUBDZ,Male,0,Yes,Yes,15,Yes,No,No,No internet service,No internet service,No internet service,No internet service,No internet service,No internet service,Two year,No,Mailed check,19.35,278.85,No,0.004710889,0,Low,1.0,Low,Contract Month-to-month | Contract Two year | OnlineSecurity No | TechSupport No | Dependents No,-1.2802 | -0.8045 | -0.4362 | -0.2782 | -0.2382,Reduces churn risk | Reduces churn risk | Reduces churn risk | Reduces churn risk | Reduces churn risk,Maintain regular engagement
4760-THGOT,Female,0,Yes,No,43,Yes,Yes,Fiber optic,Yes,Yes,No,No,No,Yes,Month-to-month,Yes,Electronic check,94.1,4107.3,No,0.3329941,0,Low,0.0,Low,OnlineSecurity No | tenure | Contract Month-to-month | TotalCharges | OnlineBackup No,-0.6222 | -0.5507 | 0.4611 | -0.2685 | -0.1885,Reduces churn risk | Reduces churn risk | Increases churn risk | Reduces churn risk | Reduces churn risk,Maintain regular engagement; Offer long-term contract incentive; Offer technical support; Review pricing
2307-FYNNL,Male,1,No,No,65,Yes,Yes,Fiber optic,Yes,No,Yes,Yes,Yes,Yes,Two year,Yes,Electronic check,109.05,7108.2,No,0.74511826,1,High,0.0,Critical,MonthlyCharges | Contract Month-to-month | OnlineBackup No | OnlineSecurity No | tenure,0.8834 | -0.522 | 0.482 | -0.4227 | -0.1955,Increases churn risk | Reduces churn risk | Increases churn risk | Reduces churn risk | Reduces churn risk,Priority retention outreach; Review pricing
1143-NMNQJ,Female,0,No,No,2,Yes,Yes,Fiber optic,No,No,No,No,No,Yes,Month-to-month,Yes,Electronic check,85.7,169.8,Yes,0.9676257,1,High,1.0,Critical,tenure | Contract Month-to-month | OnlineSecurity No | TotalCharges | StreamingMovies Yes,0.7206 | 0.7179 | 0.3478 | 0.2192 | 0.1954,Increases churn risk | Increases churn risk | Increases churn risk | Increases churn risk | Increases churn risk,Immediate personal outreach; Offer long-term contract incentive; Provide new-customer support; Promote online security; Offer technical support; Review pricing
1629-DQQVB,Female,0,No,No,14,Yes,No,DSL,Yes,No,No,No,No,No,Month-to-month,No,Bank transfer (automatic),50.1,709.5,No,0.13671663,0,Low,1.0,Low,Contract Month-to-month | MonthlyCharges | OnlineSecurity No | PaymentMethod Electronic check | PaperlessBilling No,0.4841 | -0.3635 | -0.356 | -0.3105 | -0.3059,Increases churn risk | Reduces churn risk | Reduces churn risk | Reduces churn risk | Reduces churn risk,Maintain regular engagement; Offer long-term contract incentive; Offer technical support
3766-EJLFL,Female,0,Yes,Yes,68,Yes,Yes,Fiber optic,Yes,No,Yes,Yes,Yes,Yes,Two year,Yes,Bank transfer (automatic),109.05,7508.55,No,0.23280871,0,Low,0.0,Low,Contract Month-to-month | MonthlyCharges | OnlineSecurity No | tenure | Dependents No,-0.8523 | 0.6619 | -0.3719 | -0.3068 | -0.211,Reduces churn risk | Increases churn risk | Reduces churn risk | Reduces churn risk | Reduces churn risk,Maintain regular engagement; Review pricing
8457-XIGKN,Male,0,No,No,20,Yes,No,No,No internet service,No internet service,No internet service,No internet service,No internet service,No internet service,Month-to-month,Yes,Credit card (automatic),19.6,356.15,No,0.054805644,0,Low,1.0,Low,OnlineSecurity No | TechSupport No | Contract Month-to-month | PaymentMethod Credit card (automatic) | PaymentMethod Electronic check,-0.5155 | -0.4442 | 0.4419 | -0.4323 | -0.3128,Reduces churn risk | Reduces churn risk | Increases churn risk | Reduces churn risk | Reduces churn risk,Maintain regular engagement; Offer long-term contract incentive
4981-FLTMF,Female,0,Yes,Yes,57,Yes,Yes,DSL,Yes,Yes,No,Yes,No,No,Month-to-month,No,Bank transfer (automatic),65.2,3687.85,No,0.024020497,0,Low,0.0,Low,tenure | TotalCharges | PaymentMethod Electronic check | Contract Month-to-month | MonthlyCharges,-1.1111 | -0.6272 | -0.3454 | 0.3242 | -0.2986,Reduces churn risk | Reduces churn risk | Reduces churn risk | Increases churn risk | Reduces churn risk,Maintain regular engagement; Offer long-term contract incentive
7606-BPHHN,Male,0,No,No,72,Yes,No,No,No internet service,No internet service,No internet service,No internet service,No internet service,No internet service,Two year,Yes,Credit card (automatic),19.8,1468.75,No,0.0016750124,0,Low,1.0,Low,tenure | Contract Month-to-month | Contract Two year | OnlineSecurity No | TotalCharges,-1.6096 | -1.1674 | -0.6882 | -0.4629 | -0.3728,Reduces churn risk | Reduces churn risk | Reduces churn risk | Reduces churn risk | Reduces churn risk,Maintain regular engagement
7005-CCBKV,Male,0,No,No,6,Yes,No,Fiber optic,No,Yes,No,No,No,Yes,Month-to-month,Yes,Electronic check,84.4,556.35,Yes,0.79364574,1,High,1.0,Critical,Contract Month-to-month | tenure | MultipleLines No | OnlineSecurity No | InternetService Fiber optic,0.6414 | 0.3448 | -0.3211 | 0.2559 | 0.2001,Increases churn risk | Increases churn risk | Reduces churn risk | Increases churn risk | Increases churn risk,Priority retention outreach; Offer long-term contract incentive; Provide new-customer support; Promote online security; Offer technical support; Review pricing
4648-YPBTM,Male,0,No,No,53,Yes,Yes,DSL,No,Yes,Yes,Yes,No,Yes,Two year,Yes,Bank transfer (automatic),73.9,3958.25,No,0.008725722,0,Low,0.0,Low,Contract Month-to-month | Contract Two year | TotalCharges | MonthlyCharges | TechSupport No,-0.8805 | -0.7791 | -0.6093 | -0.4955 | -0.3758,Reduces churn risk | Reduces churn risk | Reduces churn risk | Reduces churn risk | Reduces churn risk,Maintain regular engagement; Promote online security
2325-ZUSFD,Female,0,Yes,Yes,57,Yes,No,DSL,Yes,No,No,No,Yes,Yes,One year,Yes,Bank transfer (automatic),70.1,3913.3,Yes,0.015370478,0,Low,0.0,Low,Contract Month-to-month | TotalCharges | tenure | OnlineSecurity No | MonthlyCharges,-0.8658 | -0.7674 | -0.7551 | -0.3829 | -0.2869,Reduces churn risk | Reduces churn risk | Reduces churn risk | Reduces churn risk | Reduces churn risk,Maintain regular engagement; Offer technical support
1240-KNSEZ,Male,0,No,No,1,Yes,No,No,No internet service,No internet service,No internet service,No internet service,No internet service,No internet service,Month-to-month,Yes,Mailed check,20.1,20.1,Yes,0.8883426,1,High,1.0,Critical,tenure | Contract Month-to-month | MonthlyCharges | TotalCharges | OnlineSecurity No,1.2522 | 0.6622 | 0.5577 | 0.4693 | -0.317,Increases churn risk | Increases churn risk | Increases churn risk | Increases churn risk | Reduces churn risk,Immediate personal outreach; Offer long-term contract incentive; Provide new-customer support
0430-IHCDJ,Male,0,No,No,15,Yes,Yes,DSL,No,No,No,No,No,No,Month-to-month,Yes,Electronic check,49.0,749.25,No,0.8194492,1,High,1.0,Critical,Contract Month-to-month | tenure | PaymentMethod Electronic check | InternetService Fiber optic | OnlineSecurity No,0.6095 | 0.2336 | 0.2249 | -0.2087 | 0.1939,Increases churn risk | Increases churn risk | Increases churn risk | Reduces churn risk | Increases churn risk,Immediate personal outreach; Offer long-term contract incentive; Promote online security; Offer technical support
7957-RYHQD,Female,1,No,No,40,Yes,No,Fiber optic,Yes,Yes,No,No,No,No,Month-to-month,Yes,Credit card (automatic),79.2,3233.85,Yes,0.70232505,1,High,0.0,Critical,Contract Month-to-month | OnlineSecurity No | tenure | PaymentMethod Electronic check | PaymentMethod Credit card (automatic),0.5336 | -0.3632 | -0.2347 | -0.2233 | 0.1948,Increases churn risk | Reduces churn risk | Reduces churn risk | Reduces churn risk | Increases churn risk,Priority retention outreach; Offer long-term contract incentive; Offer technical support
6164-HAQTX,Male,0,No,No,71,No,No phone service,DSL,Yes,Yes,Yes,Yes,Yes,No,Two year,No,Bank transfer (automatic),53.95,3888.65,No,0.0031933878,0,Low,0.0,Low,Contract Month-to-month | tenure | Contract Two year | TotalCharges | OnlineSecurity No,-1.1097 | -0.9964 | -0.6644 | -0.5284 | -0.403,Reduces churn risk | Reduces churn risk | Reduces churn risk | Reduces churn risk | Reduces churn risk,Maintain regular engagement
0749-IRGQE,Female,1,Yes,No,13,No,No phone service,DSL,No,No,No,No,Yes,Yes,Month-to-month,No,Electronic check,45.3,528.45,No,0.66692704,1,Medium,1.0,Medium,Contract Month-to-month | PaperlessBilling No | PaymentMethod Electronic check | SeniorCitizen | gender Female,0.5391 | -0.3265 | 0.2505 | 0.2268 | -0.2003,Increases churn risk | Reduces churn risk | Increases churn risk | Increases churn risk | Reduces churn risk,Proactive retention communication; Offer long-term contract incentive; Promote online security; Offer technical support
1227-UDMZR,Female,0,Yes,No,72,Yes,Yes,DSL,Yes,Yes,Yes,Yes,Yes,Yes,Two year,Yes,Bank transfer (automatic),91.15,6637.9,No,0.0022536768,0,Low,0.0,Low,tenure | Contract Month-to-month | Contract Two year | OnlineSecurity No | TechSupport No,-1.67 | -1.0453 | -0.7746 | -0.4427 | -0.3475,Reduces churn risk | Reduces churn risk | Reduces churn risk | Reduces churn risk | Reduces churn risk,Maintain regular engagement; Review pricing
5473-KHBPS,Female,0,Yes,Yes,52,Yes,Yes,Fiber optic,No,Yes,Yes,No,Yes,No,One year,Yes,Credit card (automatic),95.7,4976.15,No,0.034897603,0,Low,0.0,Low,Contract Month-to-month | tenure | TotalCharges | StreamingMovies Yes | PaymentMethod Electronic check,-1.3577 | -0.4621 | -0.4235 | -0.3338 | -0.3208,Reduces churn risk | Reduces churn risk | Reduces churn risk | Reduces churn risk | Reduces churn risk,Maintain regular engagement; Promote online security; Offer technical support; Review pricing
5297-MDOIR,Female,0,Yes,No,63,Yes,No,Fiber optic,Yes,No,Yes,No,No,No,One year,Yes,Credit card (automatic),81.15,5224.5,No,0.01259661,0,Low,0.0,Low,tenure | Contract Month-to-month | StreamingMovies Yes | MonthlyCharges | OnlineSecurity No,-1.1081 | -1.0832 | -0.3506 | -0.3473 | -0.3129,Reduces churn risk | Reduces churn risk | Reduces churn risk | Reduces churn risk | Reduces churn risk,Maintain regular engagement; Offer technical support; Review pricing
8873-TMKGR,Male,0,No,No,29,Yes,No,No,No internet service,No internet service,No internet service,No internet service,No internet service,No internet service,One year,No,Mailed check,19.1,529.5,No,0.0024690174,0,Low,1.0,Low,MonthlyCharges | Contract Month-to-month | tenure | OnlineSecurity No | PaperlessBilling No,-1.2685 | -1.1674 | -0.58 | -0.4844 | -0.3037,Reduces churn risk | Reduces churn risk | Reduces churn risk | Reduces churn risk | Reduces churn risk,Maintain regular engagement
6481-ESCNL,Female,0,No,No,29,Yes,Yes,Fiber optic,No,No,Yes,No,Yes,Yes,Month-to-month,No,Bank transfer (automatic),100.55,2878.75,No,0.3854295,0,Low,0.0,Low,tenure | Contract Month-to-month | PaperlessBilling No | PaymentMethod Electronic check | InternetService Fiber optic,-0.6969 | 0.5672 | -0.476 | -0.2247 | 0.2174,Reduces churn risk | Increases churn risk | Reduces churn risk | Reduces churn risk | Increases churn risk,Maintain regular engagement; Offer long-term contract incentive; Promote online security; Offer technical support; Review pricing
0463-WZZKO,Male,0,No,No,3,Yes,No,No,No internet service,No internet service,No internet service,No internet service,No internet service,No internet service,Month-to-month,Yes,Credit card (automatic),20.75,67.1,No,0.09634985,0,Low,1.0,Low,OnlineSecurity No | MonthlyCharges | TechSupport No | Contract Month-to-month | tenure,-0.5905 | -0.5159 | -0.4973 | 0.4852 | 0.3329,Reduces churn risk | Reduces churn risk | Reduces churn risk | Increases churn risk | Increases churn risk,Maintain regular engagement; Offer long-term contract incentive; Provide new-customer support
1038-RQOST,Male,0,Yes,Yes,19,Yes,No,No,No internet service,No internet service,No internet service,No internet service,No internet service,No internet service,Month-to-month,No,Mailed check,20.6,414.95,No,0.020938449,0,Low,1.0,Low,MonthlyCharges | OnlineSecurity No | TechSupport No | tenure | Contract Month-to-month,-0.5888 | -0.5207 | -0.4673 | -0.4495 | 0.385,Reduces churn risk | Reduces churn risk | Reduces churn risk | Reduces churn risk | Increases churn risk,Maintain regular engagement; Offer long-term contract incentive
4937-QPZPO,Male,0,Yes,Yes,61,Yes,Yes,Fiber optic,No,No,Yes,No,Yes,Yes,One year,Yes,Electronic check,99.9,6241.35,No,0.5794763,1,Medium,0.0,Medium,Contract Month-to-month | tenure | MonthlyCharges | OnlineSecurity No | PaymentMethod Electronic check,-1.0856 | -0.7669 | 0.4472 | 0.2787 | 0.2664,Reduces churn risk | Reduces churn risk | Increases churn risk | Increases churn risk | Increases churn risk,Proactive retention communication; Promote online security; Offer technical support; Review pricing
3604-WLABM,Female,0,No,No,10,Yes,No,DSL,No,No,Yes,Yes,No,No,Month-to-month,No,Electronic check,54.25,583.0,No,0.2572537,0,Low,1.0,Low,Contract Month-to-month | TechSupport No | PaperlessBilling No | DeviceProtection No | InternetService Fiber optic,0.4914 | -0.3391 | -0.2348 | -0.2342 | -0.1947,Increases churn risk | Reduces churn risk | Reduces churn risk | Reduces churn risk | Reduces churn risk,Maintain regular engagement; Offer long-term contract incentive; Promote online security
1360-XFJMR,Female,0,Yes,No,67,Yes,Yes,Fiber optic,No,Yes,Yes,Yes,Yes,Yes,One year,Yes,Credit card (automatic),109.7,7344.45,No,0.15554325,0,Low,0.0,Low,Contract Month-to-month | PaymentMethod Electronic check | TotalCharges | tenure | MonthlyCharges,-0.8029 | -0.3802 | -0.3227 | -0.3117 | 0.3066,Reduces churn risk | Reduces churn risk | Reduces churn risk | Reduces churn risk | Increases churn risk,Maintain regular engagement; Promote online security; Review pricing
8717-VCTXJ,Male,0,No,No,42,Yes,No,No,No internet service,No internet service,No internet service,No internet service,No internet service,No internet service,One year,Yes,Mailed check,19.55,839.4,No,0.013856062,0,Low,1.0,Low,Contract Month-to-month | OnlineSecurity No | tenure | StreamingMovies Yes | MonthlyCharges,-1.3408 | -0.5251 | -0.3918 | -0.3248 | -0.2485,Reduces churn risk | Reduces churn risk | Reduces churn risk | Reduces churn risk | Reduces churn risk,Maintain regular engagement
5196-SGOAK,Female,0,No,No,1,Yes,No,Fiber optic,No,Yes,No,No,No,No,Month-to-month,Yes,Electronic check,75.7,75.7,Yes,0.91877645,1,High,1.0,Critical,tenure | Contract Month-to-month | TotalCharges | MonthlyCharges | OnlineSecurity No,1.0657 | 0.7486 | 0.304 | -0.2637 | 0.2067,Increases churn risk | Increases churn risk | Increases churn risk | Reduces churn risk | Increases churn risk,Immediate personal outreach; Offer long-term contract incentive; Provide new-customer support; Promote online security; Offer technical support
8739-XNIKG,Female,0,No,No,5,Yes,Yes,Fiber optic,No,No,No,No,Yes,No,Month-to-month,Yes,Electronic check,84.0,424.75,No,0.8622874,1,High,1.0,Critical,Contract Month-to-month | tenure | OnlineSecurity No | InternetService Fiber optic | PaymentMethod Electronic check,0.7293 | 0.3385 | 0.2658 | 0.1816 | 0.1748,Increases churn risk | Increases churn risk | Increases churn risk | Increases churn risk | Increases churn risk,Immediate personal outreach; Offer long-term contract incentive; Provide new-customer support; Promote online security; Offer technical support; Review pricing
2320-TZRRH,Female,0,No,No,20,Yes,No,No,No internet service,No internet service,No internet service,No internet service,No internet service,No internet service,One year,No,Mailed check,19.5,403.15,No,0.010637145,0,Low,1.0,Low,Contract Month-to-month | OnlineSecurity No | MonthlyCharges | tenure | TechSupport No,-1.3281 | -0.4316 | -0.3771 | -0.2432 | -0.2161,Reduces churn risk | Reduces churn risk | Reduces churn risk | Reduces churn risk | Reduces churn risk,Maintain regular engagement
5186-SAMNZ,Male,1,No,No,1,Yes,No,Fiber optic,No,No,No,No,No,No,Month-to-month,Yes,Bank transfer (automatic),69.5,69.5,Yes,0.9404329,1,High,1.0,Critical,tenure | TotalCharges | Contract Month-to-month | PaymentMethod Electronic check | OnlineSecurity No,1.1129 | 0.8711 | 0.6832 | -0.358 | 0.2746,Increases churn risk | Increases churn risk | Increases churn risk | Reduces churn risk | Increases churn risk,Immediate personal outreach; Offer long-term contract incentive; Provide new-customer support; Promote online security; Offer technical support
5760-FXFVO,Male,0,No,No,6,Yes,No,Fiber optic,Yes,Yes,No,No,No,No,Month-to-month,Yes,Electronic check,78.95,494.95,No,0.68206334,1,Medium,1.0,Medium,OnlineSecurity No | Contract Month-to-month | PaymentMethod Electronic check | tenure | InternetService Fiber optic,-0.6516 | 0.6077 | 0.2643 | 0.2415 | 0.2034,Reduces churn risk | Increases churn risk | Increases churn risk | Increases churn risk | Increases churn risk,Proactive retention communication; Offer long-term contract incentive; Provide new-customer support; Offer technical support
5380-WJKOV,Male,0,No,No,34,Yes,Yes,Fiber optic,No,Yes,Yes,No,Yes,Yes,Month-to-month,Yes,Electronic check,106.35,3549.25,Yes,0.7578313,1,High,0.0,Critical,tenure | Contract Month-to-month | OnlineSecurity No | TotalCharges | MonthlyCharges,-0.5711 | 0.4917 | 0.2878 | -0.2631 | 0.2441,Reduces churn risk | Increases churn risk | Increases churn risk | Reduces churn risk | Increases churn risk,Priority retention outreach; Offer long-term contract incentive; Promote online security; Offer technical support; Review pricing
4703-MQYKT,Male,0,No,No,21,Yes,No,No,No internet service,No internet service,No internet service,No internet service,No internet service,No internet service,Two year,No,Mailed check,19.6,390.4,No,0.009367384,0,Low,1.0,Low,Contract Month-to-month | Contract Two year | OnlineSecurity No | tenure | TechSupport No,-1.3246 | -0.7008 | -0.4128 | -0.2951 | -0.236,Reduces churn risk | Reduces churn risk | Reduces churn risk | Reduces churn risk | Reduces churn risk,Maintain regular engagement
2001-MCUUW,Male,0,No,No,46,Yes,Yes,Fiber optic,No,Yes,Yes,Yes,Yes,Yes,Two year,No,Electronic check,108.65,4903.2,No,0.16916175,0,Low,0.0,Low,Contract Month-to-month | MonthlyCharges | Contract Two year | PaperlessBilling No | TechSupport No,-0.9402 | 0.7285 | -0.5263 | -0.2928 | -0.2778,Reduces churn risk | Increases churn risk | Reduces churn risk | Reduces churn risk | Reduces churn risk,Maintain regular engagement; Promote online security; Review pricing
4947-DSMXK,Male,0,Yes,Yes,34,Yes,Yes,Fiber optic,No,Yes,No,No,Yes,Yes,Month-to-month,Yes,Bank transfer (automatic),97.7,3410.0,No,0.50529736,1,Medium,0.0,Medium,tenure | TotalCharges | Contract Month-to-month | MonthlyCharges | OnlineSecurity No,-0.6204 | -0.5285 | 0.4866 | 0.3535 | 0.2484,Reduces churn risk | Reduces churn risk | Increases churn risk | Increases churn risk | Increases churn risk,Proactive retention communication; Offer long-term contract incentive; Promote online security; Offer technical support; Review pricing
0076-LVEPS,Male,0,No,Yes,29,No,No phone service,DSL,Yes,Yes,Yes,Yes,No,No,Month-to-month,Yes,Mailed check,45.0,1242.45,No,0.029377908,0,Low,1.0,Low,tenure | TechSupport No | OnlineSecurity No | Contract Month-to-month | MonthlyCharges,-0.7808 | -0.5132 | -0.4175 | 0.3639 | -0.3041,Reduces churn risk | Reduces churn risk | Reduces churn risk | Increases churn risk | Reduces churn risk,Maintain regular engagement; Offer long-term contract incentive
5566-SOEZD,Male,0,Yes,Yes,27,Yes,No,Fiber optic,Yes,Yes,No,No,No,No,One year,Yes,Credit card (automatic),80.65,2209.75,No,0.03441466,0,Low,1.0,Low,Contract Month-to-month | StreamingMovies Yes | OnlineSecurity No | tenure | PaymentMethod Electronic check,-1.2101 | -0.3812 | -0.3721 | -0.3224 | -0.2768,Reduces churn risk | Reduces churn risk | Reduces churn risk | Reduces churn risk | Reduces churn risk,Maintain regular engagement; Offer technical support; Review pricing
7408-OFWXJ,Female,0,Yes,Yes,72,Yes,Yes,DSL,Yes,Yes,Yes,Yes,Yes,Yes,Two year,No,Credit card (automatic),89.8,6510.45,No,0.002514221,0,Low,0.0,Low,tenure | Contract Month-to-month | Contract Two year | OnlineSecurity No | TechSupport No,-1.6235 | -1.1165 | -0.8574 | -0.3467 | -0.3078,Reduces churn risk | Reduces churn risk | Reduces churn risk | Reduces churn risk | Reduces churn risk,Maintain regular engagement; Review pricing
1097-FSPVW,Female,0,No,No,42,Yes,No,DSL,Yes,No,Yes,No,No,No,Month-to-month,No,Credit card (automatic),54.55,2455.05,No,0.19729936,0,Low,1.0,Low,OnlineSecurity No | Contract Month-to-month | PaymentMethod Electronic check | InternetService Fiber optic | tenure,-0.5068 | 0.4117 | -0.2624 | -0.2622 | -0.2547,Reduces churn risk | Increases churn risk | Reduces churn risk | Reduces churn risk | Reduces churn risk,Maintain regular engagement; Offer long-term contract incentive; Offer technical support
4412-YLTKF,Female,1,No,No,27,Yes,Yes,Fiber optic,No,No,Yes,No,No,No,Month-to-month,Yes,Electronic check,78.05,2135.5,Yes,0.5292636,1,Medium,1.0,Medium,Contract Month-to-month | tenure | PaymentMethod Electronic check | TotalCharges | DeviceProtection No,0.6649 | -0.6371 | 0.2967 | -0.2496 | -0.2076,Increases churn risk | Reduces churn risk | Increases churn risk | Reduces churn risk | Reduces churn risk,Proactive retention communication; Offer long-term contract incentive; Promote online security; Offer technical support
0420-TXVSG,Male,0,Yes,No,66,Yes,Yes,DSL,Yes,Yes,Yes,No,No,No,Two year,Yes,Credit card (automatic),66.1,4428.45,No,0.010950056,0,Low,0.0,Low,Contract Month-to-month | Contract Two year | MonthlyCharges | TotalCharges | OnlineSecurity No,-1.0335 | -0.6978 | -0.5042 | -0.3555 | -0.3539,Reduces churn risk | Reduces churn risk | Reduces churn risk | Reduces churn risk | Reduces churn risk,Maintain regular engagement; Offer technical support
7817-BOQPW,Female,0,No,No,2,Yes,Yes,Fiber optic,No,No,No,No,No,No,Month-to-month,Yes,Electronic check,75.55,166.3,Yes,0.8279167,1,High,1.0,Critical,Contract Month-to-month | MonthlyCharges | tenure | OnlineSecurity No | InternetService Fiber optic,0.7282 | -0.325 | 0.3075 | 0.2747 | 0.1605,Increases churn risk | Reduces churn risk | Increases churn risk | Increases churn risk | Increases churn risk,Immediate personal outreach; Offer long-term contract incentive; Provide new-customer support; Promote online security; Offer technical support
0963-ZBDRN,Male,0,No,No,32,Yes,No,Fiber optic,No,No,No,Yes,Yes,Yes,Month-to-month,Yes,Electronic check,96.2,3183.4,Yes,0.43028477,0,Medium,0.0,Medium,tenure | TechSupport No | Contract Month-to-month | MultipleLines No | PaymentMethod Electronic check,-0.5955 | -0.4685 | 0.393 | -0.3891 | 0.229,Reduces churn risk | Reduces churn risk | Increases churn risk | Reduces churn risk | Increases churn risk,Proactive retention communication; Offer long-term contract incentive; Promote online security; Review pricing
9685-WKZGT,Male,1,No,No,14,Yes,Yes,Fiber optic,No,No,No,No,No,No,Month-to-month,Yes,Electronic check,74.95,1036.75,Yes,0.85931206,1,High,1.0,Critical,Contract Month-to-month | TotalCharges | OnlineSecurity No | PaymentMethod Electronic check | InternetService Fiber optic,0.6798 | 0.2518 | 0.2301 | 0.205 | 0.1725,Increases churn risk | Increases churn risk | Increases churn risk | Increases churn risk | Increases churn risk,Immediate personal outreach; Offer long-term contract incentive; Promote online security; Offer technical support
2139-FQHLM,Male,0,No,No,19,Yes,No,Fiber optic,No,No,Yes,Yes,Yes,No,Month-to-month,No,Mailed check,89.95,1682.4,No,0.26375484,0,Low,1.0,Low,tenure | Contract Month-to-month | TechSupport No | PaymentMethod Electronic check | TotalCharges,-0.4362 | 0.4325 | -0.3822 | -0.269 | -0.2448,Reduces churn risk | Increases churn risk | Reduces churn risk | Reduces churn risk | Reduces churn risk,Maintain regular engagement; Offer long-term contract incentive; Promote online security; Review pricing
5825-XJOCM,Male,0,No,Yes,48,Yes,Yes,DSL,Yes,Yes,Yes,No,No,No,One year,Yes,Bank transfer (automatic),64.4,3035.35,No,0.02926718,0,Low,0.0,Low,Contract Month-to-month | OnlineSecurity No | tenure | StreamingMovies Yes | MonthlyCharges,-0.9807 | -0.444 | -0.3868 | -0.3783 | -0.3101,Reduces churn risk | Reduces churn risk | Reduces churn risk | Reduces churn risk | Reduces churn risk,Maintain regular engagement; Offer technical support
0004-TLHLJ,Male,0,No,No,4,Yes,No,Fiber optic,No,No,Yes,No,No,No,Month-to-month,Yes,Electronic check,73.9,280.85,Yes,0.6228967,1,Medium,1.0,Medium,Contract Month-to-month | OnlineSecurity No | MonthlyCharges | MultipleLines No | DeviceProtection No,0.6689 | 0.2699 | -0.2054 | -0.1946 | -0.1638,Increases churn risk | Increases churn risk | Reduces churn risk | Reduces churn risk | Reduces churn risk,Proactive retention communication; Offer long-term contract incentive; Provide new-customer support; Promote online security; Offer technical support
7529-ZDFXI,Male,1,Yes,No,57,Yes,Yes,Fiber optic,No,Yes,No,No,No,Yes,Month-to-month,Yes,Electronic check,89.85,4925.35,No,0.50242794,1,Medium,0.0,Medium,tenure | Contract Month-to-month | TotalCharges | MonthlyCharges | OnlineSecurity No,-0.8376 | 0.5229 | -0.3835 | -0.2838 | 0.2594,Reduces churn risk | Increases churn risk | Reduces churn risk | Reduces churn risk | Increases churn risk,Proactive retention communication; Offer long-term contract incentive; Promote online security; Offer technical support; Review pricing
6848-YLDFR,Male,0,Yes,Yes,58,Yes,No,DSL,No,Yes,No,Yes,Yes,Yes,One year,Yes,Credit card (automatic),75.2,4300.8,No,0.04637248,0,Low,0.0,Low,tenure | TotalCharges | Contract Month-to-month | TechSupport No | Dependents No,-0.5711 | -0.5087 | -0.4577 | -0.3276 | -0.2844,Reduces churn risk | Reduces churn risk | Reduces churn risk | Reduces churn risk | Reduces churn risk,Maintain regular engagement; Promote online security
5820-PTRYM,Female,1,Yes,No,56,Yes,Yes,DSL,Yes,Yes,Yes,Yes,No,No,One year,Yes,Credit card (automatic),68.45,4014.0,No,0.01679129,0,Low,0.0,Low,Contract Month-to-month | tenure | TotalCharges | MonthlyCharges | StreamingMovies Yes,-0.8308 | -0.6752 | -0.4899 | -0.425 | -0.3179,Reduces churn risk | Reduces churn risk | Reduces churn risk | Reduces churn risk | Reduces churn risk,Maintain regular engagement
2984-RGEYA,Female,0,Yes,Yes,69,Yes,No,No,No internet service,No internet service,No internet service,No internet service,No internet service,No internet service,Two year,No,Bank transfer (automatic),19.75,1375.4,No,0.0047766864,0,Low,1.0,Low,Contract Month-to-month | tenure | Contract Two year | TotalCharges | OnlineSecurity No,-1.2227 | -0.8749 | -0.8156 | -0.408 | -0.358,Reduces churn risk | Reduces churn risk | Reduces churn risk | Reduces churn risk | Reduces churn risk,Maintain regular engagement
6434-TTGJP,Male,0,Yes,Yes,10,No,No phone service,DSL,Yes,Yes,Yes,Yes,No,Yes,Two year,No,Credit card (automatic),53.7,521.0,No,0.008422837,0,Low,1.0,Low,Contract Month-to-month | Contract Two year | TechSupport No | OnlineSecurity No | Contract One year,-1.2048 | -0.8961 | -0.3208 | -0.3064 | -0.2104,Reduces churn risk | Reduces churn risk | Reduces churn risk | Reduces churn risk | Reduces churn risk,Maintain regular engagement
9643-AVVWI,Female,0,Yes,Yes,3,Yes,No,Fiber optic,No,Yes,No,Yes,No,No,Month-to-month,Yes,Electronic check,80.0,241.3,No,0.7570193,1,High,1.0,Critical,Contract Month-to-month | tenure | TechSupport No | OnlineSecurity No | InternetService Fiber optic,0.6451 | 0.3287 | -0.2585 | 0.2389 | 0.1857,Increases churn risk | Increases churn risk | Reduces churn risk | Increases churn risk | Increases churn risk,Priority retention outreach; Offer long-term contract incentive; Provide new-customer support; Promote online security; Review pricing
3506-OVLKD,Male,0,No,No,35,Yes,Yes,No,No internet service,No internet service,No internet service,No internet service,No internet service,No internet service,One year,No,Bank transfer (automatic),26.2,954.9,No,0.038610525,0,Low,1.0,Low,Contract Month-to-month | tenure | OnlineSecurity No | TechSupport No | StreamingMovies Yes,-0.9869 | -0.673 | -0.5214 | -0.2795 | -0.1722,Reduces churn risk | Reduces churn risk | Reduces churn risk | Reduces churn risk | Reduces churn risk,Maintain regular engagement
4946-EDSEW,Female,0,Yes,Yes,11,Yes,No,No,No internet service,No internet service,No internet service,No internet service,No internet service,No internet service,Month-to-month,Yes,Mailed check,19.25,180.3,Yes,0.060819622,0,Low,1.0,Low,MonthlyCharges | OnlineSecurity No | Contract Month-to-month | TechSupport No | tenure,-1.1346 | -0.5847 | 0.4659 | -0.3557 | -0.3293,Reduces churn risk | Reduces churn risk | Increases churn risk | Reduces churn risk | Reduces churn risk,Maintain regular engagement; Offer long-term contract incentive
2924-KHUVI,Male,0,Yes,No,56,Yes,Yes,Fiber optic,Yes,No,No,No,Yes,Yes,One year,Yes,Electronic check,100.55,5514.95,No,0.47520524,0,Medium,0.0,Medium,Contract Month-to-month | OnlineSecurity No | tenure | MonthlyCharges | PaymentMethod Electronic check,-0.8224 | -0.4508 | -0.2719 | 0.2283 | 0.2045,Reduces churn risk | Reduces churn risk | Reduces churn risk | Increases churn risk | Increases churn risk,Proactive retention communication; Offer technical support; Review pricing
2263-SFSQZ,Male,0,Yes,Yes,51,Yes,Yes,No,No internet service,No internet service,No internet service,No internet service,No internet service,No internet service,Two year,Yes,Mailed check,24.95,1222.25,No,0.008890604,0,Low,1.0,Low,Contract Month-to-month | Contract Two year | tenure | OnlineSecurity No | MonthlyCharges,-1.0942 | -0.6164 | -0.4991 | -0.4741 | -0.3965,Reduces churn risk | Reduces churn risk | Reduces churn risk | Reduces churn risk | Reduces churn risk,Maintain regular engagement
5281-BUZGT,Male,1,No,No,36,Yes,Yes,Fiber optic,Yes,No,No,No,Yes,No,Month-to-month,Yes,Electronic check,90.85,3186.7,Yes,0.35339952,0,Low,0.0,Low,OnlineSecurity No | tenure | Contract Month-to-month | PaymentMethod Electronic check | MonthlyCharges,-0.7866 | -0.7764 | 0.4898 | 0.2747 | -0.2544,Reduces churn risk | Reduces churn risk | Increases churn risk | Increases churn risk | Reduces churn risk,Maintain regular engagement; Offer long-term contract incentive; Offer technical support; Review pricing
3717-FDJFU,Male,0,No,Yes,5,Yes,No,No,No internet service,No internet service,No internet service,No internet service,No internet service,No internet service,Two year,No,Mailed check,20.45,106.9,No,0.0047216485,0,Low,1.0,Low,Contract Month-to-month | Contract Two year | MonthlyCharges | OnlineSecurity No | TechSupport No,-1.2676 | -0.8879 | -0.608 | -0.4731 | -0.3272,Reduces churn risk | Reduces churn risk | Reduces churn risk | Reduces churn risk | Reduces churn risk,Maintain regular engagement; Provide new-customer support
2239-CFOUJ,Male,0,Yes,Yes,1,Yes,No,No,No internet service,No internet service,No internet service,No internet service,No internet service,No internet service,One year,No,Mailed check,20.4,20.4,No,0.03512328,0,Low,1.0,Low,Contract Month-to-month | tenure | MonthlyCharges | OnlineSecurity No | TechSupport No,-1.4843 | 0.7746 | -0.515 | -0.4343 | -0.3381,Reduces churn risk | Increases churn risk | Reduces churn risk | Reduces churn risk | Reduces churn risk,Maintain regular engagement; Provide new-customer support
8699-ASUFO,Male,1,Yes,No,7,Yes,Yes,Fiber optic,No,No,No,No,No,No,Month-to-month,Yes,Mailed check,74.4,527.9,Yes,0.8677528,1,High,1.0,Critical,Contract Month-to-month | tenure | PaymentMethod Electronic check | InternetService Fiber optic | OnlineSecurity No,0.647 | 0.4291 | -0.4002 | 0.2617 | 0.2401,Increases churn risk | Increases churn risk | Reduces churn risk | Increases churn risk | Increases churn risk,Immediate personal outreach; Offer long-term contract incentive; Promote online security; Offer technical support
1122-YJBCS,Male,0,Yes,No,69,Yes,No,DSL,Yes,Yes,No,No,No,No,One year,Yes,Credit card (automatic),53.65,3804.4,No,0.019841343,0,Low,0.0,Low,Contract Month-to-month | tenure | TotalCharges | StreamingMovies Yes | OnlineSecurity No,-0.9014 | -0.747 | -0.562 | -0.3898 | -0.3367,Reduces churn risk | Reduces churn risk | Reduces churn risk | Reduces churn risk | Reduces churn risk,Maintain regular engagement; Offer technical support
0628-CNQRM,Male,0,Yes,Yes,22,Yes,No,DSL,Yes,No,Yes,Yes,Yes,No,One year,Yes,Bank transfer (automatic),67.5,1544.05,Yes,0.023848852,0,Low,1.0,Low,Contract Month-to-month | StreamingMovies Yes | MonthlyCharges | TechSupport No | OnlineSecurity No,-0.972 | -0.3851 | -0.3796 | -0.3266 | -0.3204,Reduces churn risk | Reduces churn risk | Reduces churn risk | Reduces churn risk | Reduces churn risk,Maintain regular engagement
1705-GUHPV,Female,0,No,No,63,Yes,Yes,No,No internet service,No internet service,No internet service,No internet service,No internet service,No internet service,Two year,No,Mailed check,24.2,1618.2,No,0.0038506088,0,Low,1.0,Low,Contract Month-to-month | tenure | Contract Two year | TotalCharges | OnlineSecurity No,-1.1554 | -0.8291 | -0.7128 | -0.4971 | -0.4542,Reduces churn risk | Reduces churn risk | Reduces churn risk | Reduces churn risk | Reduces churn risk,Maintain regular engagement
4877-TSOFF,Female,0,Yes,Yes,55,Yes,Yes,DSL,Yes,Yes,No,Yes,No,Yes,One year,Yes,Bank transfer (automatic),75.75,4264.25,No,0.024205131,0,Low,0.0,Low,Contract Month-to-month | tenure | TotalCharges | MonthlyCharges | OnlineSecurity No,-0.7747 | -0.6253 | -0.4311 | -0.4039 | -0.365,Reduces churn risk | Reduces churn risk | Reduces churn risk | Reduces churn risk | Reduces churn risk,Maintain regular engagement
7404-JLKQG,Female,0,No,No,3,Yes,No,DSL,No,No,Yes,No,Yes,No,Month-to-month,No,Electronic check,57.55,161.45,No,0.4179038,0,Medium,1.0,Medium,Contract Month-to-month | MonthlyCharges | PaperlessBilling No | TotalCharges | InternetService Fiber optic,0.5724 | -0.4236 | -0.3045 | 0.2024 | -0.1702,Increases churn risk | Reduces churn risk | Reduces churn risk | Increases churn risk | Reduces churn risk,Proactive retention communication; Offer long-term contract incentive; Provide new-customer support; Promote online security; Offer technical support
0379-DJQHR,Male,0,Yes,Yes,67,Yes,No,DSL,Yes,Yes,Yes,No,Yes,Yes,Two year,No,Credit card (automatic),81.35,5398.6,No,0.021398509,0,Low,0.0,Low,Contract Month-to-month | Contract Two year | OnlineSecurity No | MonthlyCharges | Contract One year,-0.9433 | -0.7763 | -0.2863 | -0.265 | -0.2384,Reduces churn risk | Reduces churn risk | Reduces churn risk | Reduces churn risk | Reduces churn risk,Maintain regular engagement; Offer technical support; Review pricing
8993-PHFWD,Female,0,No,No,3,No,No phone service,DSL,No,No,No,No,No,No,Month-to-month,No,Electronic check,25.25,58.9,Yes,0.45659047,0,Medium,1.0,Medium,Contract Month-to-month | TotalCharges | MonthlyCharges | PaperlessBilling No | PaperlessBilling Yes,0.5879 | 0.5284 | -0.4437 | -0.4425 | -0.2276,Increases churn risk | Increases churn risk | Reduces churn risk | Reduces churn risk | Reduces churn risk,Proactive retention communication; Offer long-term contract incentive; Provide new-customer support; Promote online security; Offer technical support
3930-ZGWVE,Male,0,No,No,1,Yes,No,No,No internet service,No internet service,No internet service,No internet service,No internet service,No internet service,Month-to-month,No,Mailed check,19.75,19.75,No,0.7378334,1,High,1.0,Critical,tenure | Contract Month-to-month | TotalCharges | OnlineSecurity No | PaperlessBilling No,1.1154 | 0.6306 | 0.3098 | -0.3021 | -0.2584,Increases churn risk | Increases churn risk | Increases churn risk | Reduces churn risk | Reduces churn risk,Priority retention outreach; Offer long-term contract incentive; Provide new-customer support
1965-DDBWU,Male,0,No,No,16,Yes,Yes,Fiber optic,No,No,No,Yes,No,Yes,Month-to-month,Yes,Credit card (automatic),89.05,1448.6,Yes,0.3690515,0,Low,1.0,Low,Contract Month-to-month | TechSupport No | PaymentMethod Electronic check | MonthlyCharges | OnlineSecurity No,0.4851 | -0.4247 | -0.3517 | -0.3261 | 0.2243,Increases churn risk | Reduces churn risk | Reduces churn risk | Reduces churn risk | Increases churn risk,Maintain regular engagement; Offer long-term contract incentive; Promote online security; Review pricing
7572-KPVKK,Male,0,No,Yes,62,Yes,Yes,Fiber optic,No,No,Yes,Yes,Yes,Yes,Two year,Yes,Electronic check,104.05,6590.5,No,0.24287142,0,Low,0.0,Low,Contract Month-to-month | tenure | Contract Two year | TechSupport No | OnlineBackup No,-0.9583 | -0.52 | -0.4863 | -0.3674 | 0.348,Reduces churn risk | Reduces churn risk | Reduces churn risk | Reduces churn risk | Increases churn risk,Maintain regular engagement; Promote online security; Review pricing
6854-EXGSF,Female,0,No,No,8,Yes,Yes,DSL,Yes,Yes,Yes,No,No,No,Month-to-month,Yes,Bank transfer (automatic),65.5,573.15,No,0.0980583,0,Low,1.0,Low,Contract Month-to-month | MonthlyCharges | OnlineSecurity No | TotalCharges | InternetService Fiber optic,0.4959 | -0.4569 | -0.3692 | -0.3335 | -0.3283,Increases churn risk | Reduces churn risk | Reduces churn risk | Reduces churn risk | Reduces churn risk,Maintain regular engagement; Offer long-term contract incentive; Offer technical support
9483-GCPWE,Male,0,No,Yes,9,Yes,No,No,No internet service,No internet service,No internet service,No internet service,No internet service,No internet service,One year,No,Mailed check,20.1,190.25,No,0.02479933,0,Low,1.0,Low,Contract Month-to-month | OnlineSecurity No | TechSupport No | StreamingMovies Yes | Dependents No,-1.2566 | -0.4749 | -0.3029 | -0.2303 | -0.1672,Reduces churn risk | Reduces churn risk | Reduces churn risk | Reduces churn risk | Reduces churn risk,Maintain regular engagement
8053-WWDRO,Female,0,Yes,No,6,Yes,No,No,No internet service,No internet service,No internet service,No internet service,No internet service,No internet service,Month-to-month,No,Bank transfer (automatic),19.5,146.3,Yes,0.40332037,0,Medium,1.0,Medium,Contract Month-to-month | OnlineSecurity No | MonthlyCharges | TotalCharges | PaymentMethod Bank transfer (automatic),0.5025 | -0.4485 | -0.358 | 0.2299 | 0.2183,Increases churn risk | Reduces churn risk | Reduces churn risk | Increases churn risk | Increases churn risk,Proactive retention communication; Offer long-term contract incentive; Provide new-customer support
9473-CBZOP,Female,0,No,No,28,Yes,Yes,DSL,Yes,No,Yes,No,No,No,One year,No,Mailed check,59.0,1654.45,No,0.0066077383,0,Low,1.0,Low,Contract Month-to-month | tenure | TotalCharges | OnlineSecurity No | MonthlyCharges,-1.0794 | -0.5773 | -0.4692 | -0.4649 | -0.3286,Reduces churn risk | Reduces churn risk | Reduces churn risk | Reduces churn risk | Reduces churn risk,Maintain regular engagement; Offer technical support
3985-HOYPM,Male,0,No,No,26,Yes,No,No,No internet service,No internet service,No internet service,No internet service,No internet service,No internet service,One year,No,Mailed check,19.4,525.55,No,0.008333189,0,Low,1.0,Low,Contract Month-to-month | OnlineSecurity No | tenure | MonthlyCharges | TechSupport No,-1.2039 | -0.459 | -0.4232 | -0.3884 | -0.2479,Reduces churn risk | Reduces churn risk | Reduces churn risk | Reduces churn risk | Reduces churn risk,Maintain regular engagement
8378-LKJAF,Male,0,Yes,Yes,38,Yes,Yes,Fiber optic,No,No,Yes,No,Yes,Yes,Month-to-month,Yes,Credit card (automatic),101.15,3956.7,No,0.6055488,1,Medium,0.0,Medium,Contract Month-to-month | TotalCharges | MonthlyCharges | PaymentMethod Electronic check | PaymentMethod Credit card (automatic),0.53 | -0.4739 | 0.4462 | -0.3617 | -0.2979,Increases churn risk | Reduces churn risk | Increases churn risk | Reduces churn risk | Reduces churn risk,Proactive retention communication; Offer long-term contract incentive; Promote online security; Offer technical support; Review pricing
1310-QRITU,Female,0,No,No,18,Yes,Yes,DSL,No,No,No,No,No,No,Month-to-month,Yes,Electronic check,50.3,913.3,No,0.32439202,0,Low,1.0,Low,Contract Month-to-month | MonthlyCharges | tenure | InternetService Fiber optic | InternetService DSL,0.5402 | -0.4395 | -0.3271 | -0.3251 | -0.2891,Increases churn risk | Reduces churn risk | Reduces churn risk | Reduces churn risk | Reduces churn risk,Maintain regular engagement; Offer long-term contract incentive; Promote online security; Offer technical support
3237-AJGEH,Female,0,Yes,Yes,3,No,No phone service,DSL,No,No,No,Yes,No,No,Month-to-month,Yes,Mailed check,31.0,95.05,Yes,0.21574222,0,Low,1.0,Low,Contract Month-to-month | TechSupport No | tenure | PaymentMethod Electronic check | MonthlyCharges,0.5158 | -0.4916 | 0.401 | -0.2935 | -0.243,Increases churn risk | Reduces churn risk | Increases churn risk | Reduces churn risk | Reduces churn risk,Maintain regular engagement; Offer long-term contract incentive; Provide new-customer support; Promote online security
6542-LWGXJ,Male,0,Yes,No,3,No,No phone service,DSL,No,No,No,No,No,No,Month-to-month,No,Mailed check,25.0,78.25,No,0.46273306,0,Medium,1.0,Medium,Contract Month-to-month | MonthlyCharges | TotalCharges | PaperlessBilling No | PaymentMethod Electronic check,0.5283 | -0.4492 | 0.4308 | -0.2908 | -0.2546,Increases churn risk | Reduces churn risk | Increases churn risk | Reduces churn risk | Reduces churn risk,Proactive retention communication; Offer long-term contract incentive; Provide new-customer support; Promote online security; Offer technical support
6953-PBDIN,Male,0,Yes,No,70,Yes,Yes,DSL,No,Yes,Yes,Yes,Yes,No,Two year,No,Bank transfer (automatic),72.95,5265.55,No,0.017888369,0,Low,0.0,Low,Contract Month-to-month | MonthlyCharges | Contract Two year | tenure | TechSupport No,-0.9557 | -0.5743 | -0.4919 | -0.3268 | -0.3047,Reduces churn risk | Reduces churn risk | Reduces churn risk | Reduces churn risk | Reduces churn risk,Maintain regular engagement; Promote online security
6332-FBZRI,Male,0,Yes,Yes,67,Yes,Yes,DSL,Yes,Yes,Yes,Yes,No,No,One year,Yes,Credit card (automatic),69.35,4653.25,No,0.058692116,0,Low,0.0,Low,Contract Month-to-month | MonthlyCharges | StreamingMovies Yes | OnlineSecurity No | TechSupport No,-0.7216 | -0.4053 | -0.3847 | -0.2876 | -0.2854,Reduces churn risk | Reduces churn risk | Reduces churn risk | Reduces churn risk | Reduces churn risk,Maintain regular engagement
9365-CSLBQ,Male,0,No,Yes,71,Yes,Yes,No,No internet service,No internet service,No internet service,No internet service,No internet service,No internet service,Two year,No,Mailed check,24.35,1654.6,No,0.0015162815,0,Low,1.0,Low,tenure | Contract Month-to-month | Contract Two year | TotalCharges | OnlineSecurity No,-1.1834 | -1.0805 | -0.659 | -0.5699 | -0.5079,Reduces churn risk | Reduces churn risk | Reduces churn risk | Reduces churn risk | Reduces churn risk,Maintain regular engagement
3466-WAESX,Male,0,No,Yes,16,Yes,Yes,DSL,Yes,Yes,No,No,No,Yes,Month-to-month,Yes,Electronic check,69.1,1083.7,No,0.24148871,0,Low,1.0,Low,MonthlyCharges | OnlineSecurity No | Contract Month-to-month | InternetService Fiber optic | TotalCharges,-0.5326 | -0.5088 | 0.4379 | -0.3272 | 0.2832,Reduces churn risk | Reduces churn risk | Increases churn risk | Reduces churn risk | Increases churn risk,Maintain regular engagement; Offer long-term contract incentive; Offer technical support
9700-ISPUP,Female,0,Yes,Yes,10,Yes,No,DSL,No,Yes,No,Yes,No,Yes,Month-to-month,Yes,Electronic check,65.5,616.9,No,0.2535026,0,Low,1.0,Low,Contract Month-to-month | InternetService DSL | InternetService Fiber optic | OnlineBackup No | TechSupport No,0.4629 | -0.3616 | -0.348 | -0.3201 | -0.3068,Increases churn risk | Reduces churn risk | Reduces churn risk | Reduces churn risk | Reduces churn risk,Maintain regular engagement; Offer long-term contract incentive; Promote online security
5167-ZFFMM,Male,0,No,No,1,Yes,Yes,Fiber optic,No,Yes,No,No,No,Yes,Month-to-month,Yes,Credit card (automatic),90.85,90.85,Yes,0.93534154,1,High,1.0,Critical,tenure | Contract Month-to-month | OnlineSecurity No | PaymentMethod Electronic check | MonthlyCharges,1.0398 | 0.634 | 0.2944 | -0.2896 | 0.2802,Increases churn risk | Increases churn risk | Increases churn risk | Reduces churn risk | Increases churn risk,Immediate personal outreach; Offer long-term contract incentive; Provide new-customer support; Promote online security; Offer technical support; Review pricing
7669-LCRSD,Male,0,Yes,Yes,12,Yes,No,DSL,No,No,No,No,Yes,No,Month-to-month,Yes,Mailed check,56.3,628.65,No,0.16226433,0,Low,1.0,Low,Contract Month-to-month | PaymentMethod Electronic check | InternetService DSL | InternetService Fiber optic | MonthlyCharges,0.4376 | -0.4072 | -0.3647 | -0.3068 | -0.2675,Increases churn risk | Reduces churn risk | Reduces churn risk | Reduces churn risk | Reduces churn risk,Maintain regular engagement; Offer long-term contract incentive; Promote online security; Offer technical support
0870-VEMYL,Female,0,No,No,5,Yes,No,DSL,Yes,No,No,Yes,No,No,Month-to-month,No,Credit card (automatic),53.85,259.8,Yes,0.3346752,0,Low,1.0,Low,Contract Month-to-month | OnlineSecurity No | tenure | PaymentMethod Electronic check | PaperlessBilling No,0.4867 | -0.4763 | 0.2773 | -0.275 | -0.16,Increases churn risk | Reduces churn risk | Increases churn risk | Reduces churn risk | Reduces churn risk,Maintain regular engagement; Offer long-term contract incentive; Provide new-customer support
2995-UPRYS,Female,1,Yes,No,40,Yes,No,Fiber optic,No,Yes,No,Yes,Yes,Yes,One year,Yes,Credit card (automatic),99.2,4062.2,Yes,0.13826412,0,Low,0.0,Low,Contract Month-to-month | TotalCharges | tenure | TechSupport No | MonthlyCharges,-0.9639 | -0.4208 | -0.3162 | -0.3033 | 0.283,Reduces churn risk | Reduces churn risk | Reduces churn risk | Reduces churn risk | Increases churn risk,Maintain regular engagement; Promote online security; Review pricing
3179-GBRWV,Male,1,Yes,No,21,Yes,No,DSL,Yes,Yes,No,No,No,Yes,Month-to-month,Yes,Bank transfer (automatic),64.95,1339.8,No,0.14001463,0,Low,1.0,Low,MonthlyCharges | Contract Month-to-month | OnlineSecurity No | InternetService Fiber optic | PaymentMethod Electronic check,-0.4608 | 0.383 | -0.3398 | -0.3375 | -0.3165,Reduces churn risk | Increases churn risk | Reduces churn risk | Reduces churn risk | Reduces churn risk,Maintain regular engagement; Offer long-term contract incentive; Offer technical support
0701-TJSEF,Male,0,No,No,9,Yes,No,DSL,Yes,No,Yes,Yes,No,Yes,Month-to-month,Yes,Bank transfer (automatic),68.25,576.95,No,0.040547945,0,Low,1.0,Low,MonthlyCharges | OnlineSecurity No | Contract Month-to-month | TechSupport No | PaymentMethod Electronic check,-0.6641 | -0.4508 | 0.3749 | -0.3537 | -0.3001,Reduces churn risk | Reduces churn risk | Increases churn risk | Reduces churn risk | Reduces churn risk,Maintain regular engagement; Offer long-term contract incentive
1848-LBZHY,Female,0,Yes,No,7,Yes,No,DSL,Yes,No,No,No,No,No,Month-to-month,Yes,Bank transfer (automatic),50.3,355.1,No,0.19261205,0,Low,1.0,Low,Contract Month-to-month | OnlineSecurity No | PaymentMethod Electronic check | MonthlyCharges | InternetService Fiber optic,0.4949 | -0.432 | -0.3669 | -0.3176 | -0.2713,Increases churn risk | Reduces churn risk | Reduces churn risk | Reduces churn risk | Reduces churn risk,Maintain regular engagement; Offer long-term contract incentive; Offer technical support
5380-XPJNZ,Female,0,No,No,38,Yes,No,No,No internet service,No internet service,No internet service,No internet service,No internet service,No internet service,One year,No,Mailed check,20.05,678.2,No,0.0078544915,0,Low,1.0,Low,Contract Month-to-month | MonthlyCharges | tenure | OnlineSecurity No | StreamingMovies Yes,-1.2343 | -0.5459 | -0.5133 | -0.4515 | -0.2236,Reduces churn risk | Reduces churn risk | Reduces churn risk | Reduces churn risk | Reduces churn risk,Maintain regular engagement
6608-QQLVK,Male,0,No,No,1,Yes,No,DSL,No,No,Yes,No,No,No,Month-to-month,Yes,Electronic check,50.5,50.5,Yes,0.7671215,1,High,1.0,Critical,tenure | Contract Month-to-month | MonthlyCharges | InternetService Fiber optic | InternetService DSL,0.88 | 0.6532 | -0.2896 | -0.2471 | -0.235,Increases churn risk | Increases churn risk | Reduces churn risk | Reduces churn risk | Reduces churn risk,Priority retention outreach; Offer long-term contract incentive; Provide new-customer support; Promote online security; Offer technical support
1475-VWVDO,Male,0,No,No,7,Yes,No,Fiber optic,No,No,Yes,No,No,No,Month-to-month,Yes,Electronic check,74.9,490.55,No,0.66604966,1,Medium,1.0,Medium,Contract Month-to-month | MultipleLines No | PaymentMethod Electronic check | OnlineSecurity No | DeviceProtection No,0.6616 | -0.2428 | 0.236 | 0.2248 | -0.2159,Increases churn risk | Reduces churn risk | Increases churn risk | Increases churn risk | Reduces churn risk,Proactive retention communication; Offer long-term contract incentive; Promote online security; Offer technical support
3721-CNEYS,Female,0,No,No,2,Yes,No,Fiber optic,No,No,No,No,No,No,Month-to-month,Yes,Electronic check,70.95,137.95,Yes,0.7716516,1,High,1.0,Critical,Contract Month-to-month | OnlineSecurity No | TotalCharges | MultipleLines No | InternetService Fiber optic,0.6851 | 0.2199 | 0.1958 | -0.1494 | 0.1309,Increases churn risk | Increases churn risk | Increases churn risk | Reduces churn risk | Increases churn risk,Priority retention outreach; Offer long-term contract incentive; Provide new-customer support; Promote online security; Offer technical support
4299-OPXEJ,Female,0,No,No,56,Yes,No,No,No internet service,No internet service,No internet service,No internet service,No internet service,No internet service,Two year,Yes,Bank transfer (automatic),19.55,1080.55,No,0.07177418,0,Low,1.0,Low,Contract Month-to-month | TotalCharges | OnlineSecurity No | Contract Two year | TechSupport No,-1.2502 | 0.555 | -0.3542 | -0.3478 | -0.2814,Reduces churn risk | Increases churn risk | Reduces churn risk | Reduces churn risk | Reduces churn risk,Maintain regular engagement
0096-BXERS,Female,0,Yes,No,6,Yes,Yes,DSL,No,No,No,No,No,No,Month-to-month,No,Electronic check,50.35,314.55,No,0.39266008,0,Low,1.0,Low,Contract Month-to-month | PaperlessBilling No | MonthlyCharges | InternetService Fiber optic | InternetService DSL,0.5655 | -0.3224 | -0.2831 | -0.2301 | -0.2195,Increases churn risk | Reduces churn risk | Reduces churn risk | Reduces churn risk | Reduces churn risk,Maintain regular engagement; Offer long-term contract incentive; Provide new-customer support; Promote online security; Offer technical support
3055-VTCGS,Female,0,No,No,63,Yes,No,DSL,No,No,Yes,No,No,Yes,One year,No,Credit card (automatic),58.55,3503.5,No,0.017471723,0,Low,0.0,Low,tenure | Contract Month-to-month | TotalCharges | MonthlyCharges | PaymentMethod Electronic check,-0.9921 | -0.9116 | -0.4298 | -0.3481 | -0.2495,Reduces churn risk | Reduces churn risk | Reduces churn risk | Reduces churn risk | Reduces churn risk,Maintain regular engagement; Promote online security; Offer technical support
9405-GPBBG,Female,0,No,No,64,Yes,Yes,Fiber optic,No,Yes,Yes,Yes,Yes,Yes,Two year,Yes,Credit card (automatic),110.5,7069.25,No,0.040892866,0,Low,0.0,Low,Contract Month-to-month | tenure | Contract Two year | TotalCharges | TechSupport No,-1.028 | -0.6291 | -0.5629 | -0.3658 | -0.2893,Reduces churn risk | Reduces churn risk | Reduces churn risk | Reduces churn risk | Reduces churn risk,Maintain regular engagement; Promote online security; Review pricing
6704-UTUKK,Male,0,Yes,No,29,No,No phone service,DSL,No,No,No,No,Yes,Yes,Month-to-month,Yes,Electronic check,45.9,1332.4,No,0.51077974,1,Medium,1.0,Medium,tenure | Contract Month-to-month | TotalCharges | InternetService Fiber optic | InternetService DSL,-0.6366 | 0.4923 | -0.4605 | -0.2744 | -0.2568,Reduces churn risk | Increases churn risk | Reduces churn risk | Reduces churn risk | Reduces churn risk,Proactive retention communication; Offer long-term contract incentive; Promote online security; Offer technical support
9944-AEXBM,Male,0,No,No,32,Yes,Yes,Fiber optic,No,No,No,No,No,Yes,Month-to-month,Yes,Bank transfer (automatic),85.65,2664.3,No,0.35883757,0,Low,1.0,Low,tenure | Contract Month-to-month | PaymentMethod Electronic check | OnlineSecurity No | TotalCharges,-0.6536 | 0.4946 | -0.4769 | 0.2825 | -0.2741,Reduces churn risk | Increases churn risk | Reduces churn risk | Increases churn risk | Reduces churn risk,Maintain regular engagement; Offer long-term contract incentive; Promote online security; Offer technical support; Review pricing
2545-EBUPK,Female,1,No,No,2,Yes,Yes,Fiber optic,No,No,No,No,No,Yes,Month-to-month,Yes,Electronic check,84.05,186.05,No,0.967856,1,High,1.0,Critical,Contract Month-to-month | tenure | OnlineSecurity No | TotalCharges | MultipleLines No,0.7169 | 0.6098 | 0.3067 | 0.2534 | 0.1991,Increases churn risk | Increases churn risk | Increases churn risk | Increases churn risk | Increases churn risk,Immediate personal outreach; Offer long-term contract incentive; Provide new-customer support; Promote online security; Offer technical support; Review pricing
6270-OMFIW,Male,0,Yes,No,60,Yes,No,Fiber optic,No,Yes,No,No,Yes,Yes,One year,Yes,Electronic check,94.4,5610.25,Yes,0.22011524,0,Low,0.0,Low,tenure | Contract Month-to-month | MultipleLines No | OnlineSecurity No | TotalCharges,-0.835 | -0.8183 | -0.3071 | 0.2462 | -0.2394,Reduces churn risk | Reduces churn risk | Reduces churn risk | Increases churn risk | Reduces churn risk,Maintain regular engagement; Promote online security; Offer technical support; Review pricing
1852-XEMDW,Male,0,No,No,22,Yes,Yes,DSL,Yes,Yes,Yes,No,No,No,Month-to-month,No,Mailed check,65.05,1427.55,No,0.05998248,0,Low,1.0,Low,MonthlyCharges | OnlineSecurity No | Contract Month-to-month | PaymentMethod Electronic check | InternetService Fiber optic,-0.5327 | -0.4067 | 0.3705 | -0.3354 | -0.2673,Reduces churn risk | Reduces churn risk | Increases churn risk | Reduces churn risk | Reduces churn risk,Maintain regular engagement; Offer long-term contract incentive; Offer technical support
8158-WPEZG,Male,0,No,No,11,No,No phone service,DSL,No,Yes,No,Yes,No,No,Month-to-month,Yes,Electronic check,35.65,425.1,No,0.33360583,0,Low,1.0,Low,TechSupport No | Contract Month-to-month | OnlineBackup No | InternetService Fiber optic | InternetService DSL,-0.6069 | 0.4853 | -0.3398 | -0.2829 | -0.236,Reduces churn risk | Increases churn risk | Reduces churn risk | Reduces churn risk | Reduces churn risk,Maintain regular engagement; Offer long-term contract incentive; Promote online security
5198-EFNBM,Male,1,Yes,No,57,Yes,No,Fiber optic,No,Yes,Yes,No,Yes,No,One year,Yes,Electronic check,90.65,5199.8,No,0.104708634,0,Low,0.0,Low,Contract Month-to-month | tenure | TotalCharges | StreamingMovies Yes | PaymentMethod Electronic check,-1.0879 | -0.6052 | -0.3438 | -0.2942 | 0.274,Reduces churn risk | Reduces churn risk | Reduces churn risk | Reduces churn risk | Increases churn risk,Maintain regular engagement; Promote online security; Offer technical support; Review pricing
7663-RGWBC,Male,0,No,No,1,Yes,No,DSL,No,No,No,No,No,No,Month-to-month,Yes,Mailed check,44.15,44.15,Yes,0.45936212,0,Medium,1.0,Medium,tenure | Contract Month-to-month | MonthlyCharges | PaymentMethod Electronic check | InternetService Fiber optic,0.8383 | 0.6201 | -0.502 | -0.358 | -0.2386,Increases churn risk | Increases churn risk | Reduces churn risk | Reduces churn risk | Reduces churn risk,Proactive retention communication; Offer long-term contract incentive; Provide new-customer support; Promote online security; Offer technical support
3970-XGJDU,Female,0,No,No,62,Yes,No,No,No internet service,No internet service,No internet service,No internet service,No internet service,No internet service,Two year,Yes,Credit card (automatic),19.2,1123.65,No,0.013112895,0,Low,1.0,Low,Contract Month-to-month | MonthlyCharges | tenure | Contract Two year | OnlineSecurity No,-1.3009 | -0.704 | -0.5313 | -0.4659 | -0.3926,Reduces churn risk | Reduces churn risk | Reduces churn risk | Reduces churn risk | Reduces churn risk,Maintain regular engagement
6845-RGTYS,Female,0,Yes,No,47,Yes,Yes,Fiber optic,Yes,Yes,Yes,No,Yes,No,Month-to-month,Yes,Electronic check,98.75,4533.7,Yes,0.45038277,0,Medium,0.0,Medium,tenure | OnlineSecurity No | Contract Month-to-month | MonthlyCharges | OnlineBackup No,-0.7456 | -0.6034 | 0.516 | 0.2426 | -0.2129,Reduces churn risk | Reduces churn risk | Increases churn risk | Increases churn risk | Reduces churn risk,Proactive retention communication; Offer long-term contract incentive; Offer technical support; Review pricing
0123-CRBRT,Female,0,Yes,Yes,61,Yes,Yes,DSL,Yes,Yes,Yes,Yes,Yes,Yes,Two year,No,Mailed check,88.1,5526.75,No,0.0029616896,0,Low,0.0,Low,Contract Month-to-month | tenure | Contract Two year | TotalCharges | OnlineSecurity No,-1.0343 | -1.0021 | -0.7868 | -0.4432 | -0.3518,Reduces churn risk | Reduces churn risk | Reduces churn risk | Reduces churn risk | Reduces churn risk,Maintain regular engagement; Review pricing
6077-BDPXA,Female,0,No,No,3,Yes,No,Fiber optic,No,No,No,No,No,No,Month-to-month,Yes,Electronic check,70.15,194.2,No,0.76989186,1,High,1.0,Critical,Contract Month-to-month | OnlineSecurity No | MonthlyCharges | PaymentMethod Electronic check | TotalCharges,0.6894 | 0.2101 | -0.2072 | 0.1568 | 0.1491,Increases churn risk | Increases churn risk | Reduces churn risk | Increases churn risk | Increases churn risk,Priority retention outreach; Offer long-term contract incentive; Provide new-customer support; Promote online security; Offer technical support
2250-IVBWA,Male,0,Yes,Yes,64,Yes,No,Fiber optic,Yes,Yes,No,No,No,No,Month-to-month,No,Electronic check,81.05,5135.35,No,0.082554646,0,Low,0.0,Low,tenure | OnlineSecurity No | Contract Month-to-month | OnlineBackup No | TotalCharges,-1.1013 | -0.4929 | 0.392 | -0.2644 | -0.2415,Reduces churn risk | Reduces churn risk | Increases churn risk | Reduces churn risk | Reduces churn risk,Maintain regular engagement; Offer long-term contract incentive; Offer technical support; Review pricing
6137-NICCO,Female,0,Yes,Yes,6,Yes,Yes,Fiber optic,No,Yes,Yes,No,Yes,No,Month-to-month,Yes,Mailed check,94.05,518.75,No,0.9358248,1,High,1.0,Critical,tenure | Contract Month-to-month | MonthlyCharges | TotalCharges | PaymentMethod Electronic check,0.6772 | 0.6528 | 0.6012 | 0.3348 | -0.2732,Increases churn risk | Increases churn risk | Increases churn risk | Increases churn risk | Reduces churn risk,Immediate personal outreach; Offer long-term contract incentive; Provide new-customer support; Promote online security; Offer technical support; Review pricing
8129-GMVGI,Female,0,Yes,Yes,56,Yes,No,No,No internet service,No internet service,No internet service,No internet service,No internet service,No internet service,Two year,No,Mailed check,20.05,1090.1,No,0.011926541,0,Low,1.0,Low,Contract Month-to-month | Contract Two year | TotalCharges | OnlineSecurity No | TechSupport No,-1.1608 | -0.6818 | 0.4063 | -0.3809 | -0.3021,Reduces churn risk | Reduces churn risk | Increases churn risk | Reduces churn risk | Reduces churn risk,Maintain regular engagement
4353-HYOJD,Female,0,Yes,Yes,27,Yes,No,DSL,No,Yes,No,No,No,No,Month-to-month,No,Mailed check,49.85,1336.15,No,0.053596545,0,Low,1.0,Low,tenure | MonthlyCharges | Contract Month-to-month | InternetService Fiber optic | PaperlessBilling No,-0.6036 | -0.5068 | 0.3606 | -0.2754 | -0.2383,Reduces churn risk | Reduces churn risk | Increases churn risk | Reduces churn risk | Reduces churn risk,Maintain regular engagement; Offer long-term contract incentive; Promote online security; Offer technical support
8671-KKKOS,Female,0,Yes,No,46,No,No phone service,DSL,Yes,Yes,No,No,Yes,No,Month-to-month,No,Electronic check,45.55,2062.15,No,0.10975708,0,Low,1.0,Low,tenure | OnlineSecurity No | Contract Month-to-month | MonthlyCharges | TotalCharges,-0.5433 | -0.4187 | 0.4175 | -0.3266 | -0.3149,Reduces churn risk | Reduces churn risk | Increases churn risk | Reduces churn risk | Reduces churn risk,Maintain regular engagement; Offer long-term contract incentive; Offer technical support
8080-DDEMJ,Male,1,No,No,1,Yes,No,DSL,No,No,No,No,No,No,Month-to-month,No,Electronic check,45.1,45.1,Yes,0.6704743,1,Medium,1.0,Medium,tenure | Contract Month-to-month | PaperlessBilling No | InternetService Fiber optic | OnlineSecurity No,0.7944 | 0.6257 | -0.2657 | -0.2112 | 0.1943,Increases churn risk | Increases churn risk | Reduces churn risk | Reduces churn risk | Increases churn risk,Proactive retention communication; Offer long-term contract incentive; Provide new-customer support; Promote online security; Offer technical support
6698-OXETB,Male,0,No,No,11,Yes,No,No,No internet service,No internet service,No internet service,No internet service,No internet service,No internet service,Two year,No,Mailed check,20.4,231.45,No,0.005638614,0,Low,1.0,Low,Contract Month-to-month | Contract Two year | MonthlyCharges | OnlineSecurity No | TotalCharges,-1.2975 | -0.7986 | -0.5831 | -0.4414 | -0.2178,Reduces churn risk | Reduces churn risk | Reduces churn risk | Reduces churn risk | Reduces churn risk,Maintain regular engagement
3312-UUMZW,Male,0,Yes,No,32,Yes,Yes,Fiber optic,No,Yes,No,No,Yes,Yes,Month-to-month,Yes,Credit card (automatic),98.85,3145.9,No,0.7102042,1,High,0.0,Critical,Contract Month-to-month | tenure | MonthlyCharges | PaymentMethod Electronic check | TotalCharges,0.5218 | -0.4999 | 0.4087 | -0.3376 | -0.2407,Increases churn risk | Reduces churn risk | Increases churn risk | Reduces churn risk | Reduces churn risk,Priority retention outreach; Offer long-term contract incentive; Promote online security; Offer technical support; Review pricing
6376-GAHQE,Male,0,No,No,4,Yes,No,Fiber optic,No,No,No,No,Yes,No,Month-to-month,No,Electronic check,77.85,299.2,Yes,0.7489154,1,High,1.0,Critical,Contract Month-to-month | PaperlessBilling No | OnlineSecurity No | PaymentMethod Electronic check | InternetService Fiber optic,0.6258 | -0.3622 | 0.2862 | 0.1629 | 0.1421,Increases churn risk | Reduces churn risk | Increases churn risk | Increases churn risk | Increases churn risk,Priority retention outreach; Offer long-term contract incentive; Provide new-customer support; Promote online security; Offer technical support
0733-VUNUW,Male,0,No,No,24,Yes,Yes,DSL,Yes,No,No,No,No,No,Month-to-month,Yes,Bank transfer (automatic),55.65,1400.55,Yes,0.10080328,0,Low,1.0,Low,OnlineSecurity No | Contract Month-to-month | PaymentMethod Electronic check | TotalCharges | MonthlyCharges,-0.4889 | 0.4555 | -0.4404 | -0.354 | -0.3264,Reduces churn risk | Increases churn risk | Reduces churn risk | Reduces churn risk | Reduces churn risk,Maintain regular engagement; Offer long-term contract incentive; Offer technical support
6733-LRIZX,Male,0,No,No,35,Yes,Yes,Fiber optic,Yes,No,Yes,Yes,Yes,Yes,Two year,Yes,Electronic check,108.95,4025.5,No,0.24127842,0,Low,0.0,Low,Contract Month-to-month | MonthlyCharges | Contract Two year | OnlineSecurity No | tenure,-0.7802 | 0.6669 | -0.526 | -0.4866 | -0.4728,Reduces churn risk | Increases churn risk | Reduces churn risk | Reduces churn risk | Reduces churn risk,Maintain regular engagement; Review pricing
2165-VOEGB,Female,0,No,Yes,46,Yes,No,Fiber optic,Yes,Yes,No,Yes,Yes,Yes,One year,Yes,Bank transfer (automatic),105.2,4822.85,Yes,0.13304628,0,Low,0.0,Low,Contract Month-to-month | Dependents No | tenure | OnlineSecurity No | MonthlyCharges,-0.6838 | -0.4209 | -0.3753 | -0.2911 | 0.2541,Reduces churn risk | Reduces churn risk | Reduces churn risk | Reduces churn risk | Increases churn risk,Maintain regular engagement; Review pricing
1853-UDXBW,Male,0,Yes,Yes,1,Yes,No,Fiber optic,No,No,No,No,No,No,Month-to-month,Yes,Electronic check,70.0,70.0,Yes,0.8687862,1,High,1.0,Critical,tenure | Contract Month-to-month | OnlineSecurity No | Dependents No | TechSupport No,0.8281 | 0.6998 | 0.2297 | -0.2218 | 0.1866,Increases churn risk | Increases churn risk | Increases churn risk | Reduces churn risk | Increases churn risk,Immediate personal outreach; Offer long-term contract incentive; Provide new-customer support; Promote online security; Offer technical support
9070-BCKQP,Female,0,Yes,No,72,Yes,Yes,Fiber optic,Yes,No,Yes,Yes,Yes,Yes,Two year,Yes,Credit card (automatic),110.15,7881.2,No,0.0075147087,0,Low,0.0,Low,tenure | Contract Month-to-month | Contract Two year | OnlineSecurity No | PaymentMethod Electronic check,-1.9945 | -1.1108 | -0.7322 | -0.4481 | -0.2445,Reduces churn risk | Reduces churn risk | Reduces churn risk | Reduces churn risk | Reduces churn risk,Maintain regular engagement; Review pricing
1035-IPQPU,Female,1,Yes,No,63,Yes,Yes,Fiber optic,No,Yes,Yes,No,Yes,Yes,Month-to-month,Yes,Electronic check,103.5,6479.4,No,0.58856034,1,Medium,0.0,Medium,tenure | Contract Month-to-month | TotalCharges | OnlineSecurity No | MonthlyCharges,-1.1129 | 0.5156 | -0.3709 | 0.2464 | 0.2321,Reduces churn risk | Increases churn risk | Reduces churn risk | Increases churn risk | Increases churn risk,Proactive retention communication; Offer long-term contract incentive; Promote online security; Offer technical support; Review pricing
2057-ZBLPD,Female,0,Yes,No,21,Yes,Yes,Fiber optic,No,No,No,No,No,Yes,Month-to-month,Yes,Electronic check,86.5,1808.7,Yes,0.7306695,1,High,1.0,Critical,Contract Month-to-month | TotalCharges | OnlineSecurity No | PaymentMethod Electronic check | InternetService Fiber optic,0.6475 | -0.3088 | 0.2131 | 0.2024 | 0.1603,Increases churn risk | Reduces churn risk | Increases churn risk | Increases churn risk | Increases churn risk,Priority retention outreach; Offer long-term contract incentive; Promote online security; Offer technical support; Review pricing
6967-PEJLL,Male,0,Yes,Yes,37,No,No phone service,DSL,Yes,No,Yes,Yes,No,No,One year,Yes,Electronic check,40.2,1525.35,No,0.03977891,0,Low,1.0,Low,Contract Month-to-month | PaymentMethod Electronic check | MonthlyCharges | TotalCharges | tenure,-0.926 | 0.4077 | -0.4014 | -0.3802 | -0.3759,Reduces churn risk | Increases churn risk | Reduces churn risk | Reduces churn risk | Reduces churn risk,Maintain regular engagement
7879-CGSFV,Male,0,No,No,55,Yes,No,Fiber optic,Yes,Yes,No,No,Yes,Yes,One year,Yes,Mailed check,100.9,5552.05,No,0.17005448,0,Low,0.0,Low,Contract Month-to-month | OnlineSecurity No | tenure | PaymentMethod Mailed check | StreamingMovies Yes,-0.6743 | -0.4834 | -0.3842 | -0.29 | 0.2259,Reduces churn risk | Reduces churn risk | Reduces churn risk | Reduces churn risk | Increases churn risk,Maintain regular engagement; Offer technical support; Review pricing
2257-BOVXD,Male,0,Yes,No,14,Yes,Yes,DSL,No,No,No,Yes,Yes,No,Month-to-month,Yes,Credit card (automatic),66.6,979.5,No,0.112515435,0,Low,1.0,Low,MonthlyCharges | PaymentMethod Electronic check | Contract Month-to-month | InternetService Fiber optic | InternetService DSL,-0.6324 | -0.4488 | 0.3877 | -0.3477 | -0.3324,Reduces churn risk | Reduces churn risk | Increases churn risk | Reduces churn risk | Reduces churn risk,Maintain regular engagement; Offer long-term contract incentive; Promote online security
9822-BIIGN,Male,0,Yes,Yes,53,Yes,Yes,DSL,Yes,No,No,Yes,No,Yes,Month-to-month,No,Electronic check,71.85,3827.9,No,0.072875604,0,Low,0.0,Low,TechSupport No | MonthlyCharges | TotalCharges | tenure | OnlineSecurity No,-0.4589 | -0.4545 | -0.379 | -0.3403 | -0.3392,Reduces churn risk | Reduces churn risk | Reduces churn risk | Reduces churn risk | Reduces churn risk,Maintain regular engagement; Offer long-term contract incentive
1136-XGEQU,Female,0,Yes,Yes,50,Yes,Yes,DSL,No,Yes,Yes,Yes,Yes,Yes,One year,Yes,Credit card (automatic),84.15,4164.4,No,0.03998131,0,Low,0.0,Low,Contract Month-to-month | tenure | TotalCharges | TechSupport No | PaymentMethod Electronic check,-0.827 | -0.4857 | -0.3617 | -0.3224 | -0.2837,Reduces churn risk | Reduces churn risk | Reduces churn risk | Reduces churn risk | Reduces churn risk,Maintain regular engagement; Promote online security; Review pricing
2439-LYPMQ,Male,1,Yes,No,38,Yes,Yes,Fiber optic,No,Yes,Yes,No,Yes,Yes,Month-to-month,Yes,Electronic check,102.6,4009.2,No,0.8166863,1,High,0.0,Critical,Contract Month-to-month | TotalCharges | tenure | MonthlyCharges | OnlineSecurity No,0.5498 | -0.3495 | -0.3214 | 0.3084 | 0.2334,Increases churn risk | Reduces churn risk | Reduces churn risk | Increases churn risk | Increases churn risk,Immediate personal outreach; Offer long-term contract incentive; Promote online security; Offer technical support; Review pricing
6543-XRMYR,Female,1,No,No,30,Yes,Yes,Fiber optic,No,Yes,No,No,Yes,Yes,Month-to-month,Yes,Electronic check,99.7,2967.35,Yes,0.7221145,1,High,0.0,Critical,Contract Month-to-month | tenure | MonthlyCharges | OnlineBackup No | OnlineSecurity No,0.5827 | -0.5618 | 0.3726 | -0.248 | 0.2231,Increases churn risk | Reduces churn risk | Increases churn risk | Reduces churn risk | Increases churn risk,Priority retention outreach; Offer long-term contract incentive; Promote online security; Offer technical support; Review pricing
5753-QQWPW,Female,0,No,No,28,Yes,No,DSL,Yes,Yes,No,Yes,No,No,One year,Yes,Electronic check,59.9,1654.7,No,0.03556536,0,Low,1.0,Low,Contract Month-to-month | tenure | TotalCharges | OnlineSecurity No | MonthlyCharges,-1.1406 | -0.3882 | -0.3684 | -0.3191 | -0.2867,Reduces churn risk | Reduces churn risk | Reduces churn risk | Reduces churn risk | Reduces churn risk,Maintain regular engagement
4785-QRJHC,Male,1,Yes,No,46,No,No phone service,DSL,No,Yes,Yes,Yes,Yes,Yes,One year,Yes,Bank transfer (automatic),59.9,2816.65,Yes,0.1460512,0,Low,1.0,Low,Contract Month-to-month | TechSupport No | MonthlyCharges | PaymentMethod Electronic check | PaymentMethod Bank transfer (automatic),-0.6551 | -0.4506 | -0.3083 | -0.2791 | -0.2261,Reduces churn risk | Reduces churn risk | Reduces churn risk | Reduces churn risk | Reduces churn risk,Maintain regular engagement; Promote online security
0052-YNYOT,Female,0,No,No,67,Yes,No,No,No internet service,No internet service,No internet service,No internet service,No internet service,No internet service,One year,No,Electronic check,20.55,1343.4,No,0.012544206,0,Low,1.0,Low,Contract Month-to-month | MonthlyCharges | tenure | OnlineSecurity No | TechSupport No,-1.0086 | -0.731 | -0.6214 | -0.4228 | -0.2494,Reduces churn risk | Reduces churn risk | Reduces churn risk | Reduces churn risk | Reduces churn risk,Maintain regular engagement
7054-LGEQW,Female,0,No,No,1,Yes,No,DSL,No,No,No,No,No,No,Month-to-month,No,Mailed check,45.95,45.95,Yes,0.663169,1,Medium,1.0,Medium,tenure | Contract Month-to-month | PaymentMethod Electronic check | PaperlessBilling No | InternetService Fiber optic,1.0091 | 0.6142 | -0.288 | -0.2373 | -0.2363,Increases churn risk | Increases churn risk | Reduces churn risk | Reduces churn risk | Reduces churn risk,Proactive retention communication; Offer long-term contract incentive; Provide new-customer support; Promote online security; Offer technical support
0608-JDVEC,Male,0,Yes,No,50,Yes,No,No,No internet service,No internet service,No internet service,No internet service,No internet service,No internet service,Two year,No,Electronic check,19.8,1013.2,No,0.008431534,0,Low,1.0,Low,Contract Month-to-month | Contract Two year | tenure | OnlineSecurity No | TechSupport No,-1.1485 | -0.7368 | -0.6413 | -0.3598 | -0.3149,Reduces churn risk | Reduces churn risk | Reduces churn risk | Reduces churn risk | Reduces churn risk,Maintain regular engagement
6284-KMNUF,Female,0,Yes,No,56,Yes,Yes,Fiber optic,Yes,No,No,No,Yes,Yes,One year,Yes,Electronic check,98.0,5270.6,No,0.25510338,0,Low,0.0,Low,Contract Month-to-month | tenure | OnlineSecurity No | MonthlyCharges | TotalCharges,-0.9045 | -0.5233 | -0.4924 | 0.3697 | -0.2071,Reduces churn risk | Reduces churn risk | Reduces churn risk | Increases churn risk | Reduces churn risk,Maintain regular engagement; Offer technical support; Review pricing
6286-SUUWT,Male,0,No,No,1,Yes,No,No,No internet service,No internet service,No internet service,No internet service,No internet service,No internet service,Month-to-month,No,Mailed check,19.95,19.95,No,0.76275504,1,High,1.0,Critical,tenure | Contract Month-to-month | TotalCharges | OnlineSecurity No | TechSupport No,1.1808 | 0.6302 | 0.4164 | -0.3069 | -0.2482,Increases churn risk | Increases churn risk | Increases churn risk | Reduces churn risk | Reduces churn risk,Priority retention outreach; Offer long-term contract incentive; Provide new-customer support
3594-KADLU,Male,0,Yes,No,3,No,No phone service,DSL,Yes,No,No,Yes,No,No,Month-to-month,No,Mailed check,35.1,101.1,No,0.3206449,0,Low,1.0,Low,Contract Month-to-month | TechSupport No | OnlineSecurity No | tenure | InternetService Fiber optic,0.4983 | -0.3689 | -0.3574 | 0.2729 | -0.175,Increases churn risk | Reduces churn risk | Reduces churn risk | Increases churn risk | Reduces churn risk,Maintain regular engagement; Offer long-term contract incentive; Provide new-customer support
0536-ACXIP,Female,0,Yes,No,72,Yes,Yes,Fiber optic,Yes,Yes,Yes,No,Yes,Yes,Two year,Yes,Electronic check,109.55,8165.1,No,0.015435433,0,Low,0.0,Low,tenure | Contract Month-to-month | Contract Two year | OnlineSecurity No | Contract One year,-1.6335 | -1.2703 | -0.7189 | -0.7003 | -0.2925,Reduces churn risk | Reduces churn risk | Reduces churn risk | Reduces churn risk | Reduces churn risk,Maintain regular engagement; Offer technical support; Review pricing
8869-TORSS,Female,0,No,No,48,Yes,No,DSL,Yes,No,Yes,Yes,No,No,One year,Yes,Credit card (automatic),60.35,2896.4,Yes,0.02958478,0,Low,0.0,Low,Contract Month-to-month | tenure | OnlineSecurity No | StreamingMovies Yes | MonthlyCharges,-0.9244 | -0.5096 | -0.3277 | -0.3221 | -0.2642,Reduces churn risk | Reduces churn risk | Reduces churn risk | Reduces churn risk | Reduces churn risk,Maintain regular engagement
0373-AIVNJ,Male,0,No,No,9,No,No phone service,DSL,Yes,Yes,Yes,No,No,No,One year,No,Mailed check,39.55,373.0,No,0.07039831,0,Low,1.0,Low,Contract Month-to-month | OnlineSecurity No | StreamingMovies Yes | PaymentMethod Electronic check | PaperlessBilling No,-1.1948 | -0.4272 | -0.3347 | -0.2048 | -0.1879,Reduces churn risk | Reduces churn risk | Reduces churn risk | Reduces churn risk | Reduces churn risk,Maintain regular engagement; Offer technical support
6429-SHBCB,Male,0,No,No,19,Yes,Yes,DSL,No,No,No,No,Yes,Yes,Month-to-month,No,Mailed check,69.6,1394.55,No,0.097260326,0,Low,1.0,Low,MonthlyCharges | PaymentMethod Electronic check | Contract Month-to-month | PaperlessBilling No | InternetService Fiber optic,-0.5642 | -0.3782 | 0.3719 | -0.3549 | -0.3423,Reduces churn risk | Reduces churn risk | Increases churn risk | Reduces churn risk | Reduces churn risk,Maintain regular engagement; Offer long-term contract incentive; Promote online security; Offer technical support
5751-USDBL,Male,0,Yes,Yes,46,Yes,No,DSL,Yes,No,Yes,Yes,Yes,Yes,Two year,No,Mailed check,81.0,3846.35,No,0.007906012,0,Low,0.0,Low,Contract Month-to-month | Contract Two year | TotalCharges | tenure | OnlineSecurity No,-0.8823 | -0.799 | -0.452 | -0.3834 | -0.3422,Reduces churn risk | Reduces churn risk | Reduces churn risk | Reduces churn risk | Reduces churn risk,Maintain regular engagement; Review pricing
6815-ABQFQ,Male,0,Yes,No,56,Yes,Yes,Fiber optic,No,Yes,No,Yes,Yes,Yes,One year,Yes,Electronic check,107.25,6033.3,No,0.44224447,0,Medium,0.0,Medium,Contract Month-to-month | tenure | TechSupport No | PaymentMethod Electronic check | OnlineSecurity No,-0.5609 | -0.3483 | -0.3297 | 0.1807 | 0.1724,Reduces churn risk | Reduces churn risk | Reduces churn risk | Increases churn risk | Increases churn risk,Proactive retention communication; Promote online security; Review pricing
9450-TRJUU,Male,0,No,No,35,Yes,Yes,Fiber optic,No,No,No,No,Yes,No,Month-to-month,No,Electronic check,83.15,2848.45,No,0.51608604,1,Medium,0.0,Medium,tenure | Contract Month-to-month | PaperlessBilling No | PaymentMethod Electronic check | PaperlessBilling Yes,-0.6196 | 0.538 | -0.439 | 0.2224 | -0.2134,Reduces churn risk | Increases churn risk | Reduces churn risk | Increases churn risk | Reduces churn risk,Proactive retention communication; Offer long-term contract incentive; Promote online security; Offer technical support; Review pricing
2805-AUFQN,Female,0,No,No,25,Yes,No,No,No internet service,No internet service,No internet service,No internet service,No internet service,No internet service,Two year,No,Credit card (automatic),19.8,475.2,No,0.009323273,0,Low,1.0,Low,Contract Month-to-month | Contract Two year | MonthlyCharges | OnlineSecurity No | PaymentMethod Credit card (automatic),-1.2813 | -0.6771 | -0.3805 | -0.3564 | -0.283,Reduces churn risk | Reduces churn risk | Reduces churn risk | Reduces churn risk | Reduces churn risk,Maintain regular engagement
7855-DIWPO,Female,0,No,No,21,Yes,No,Fiber optic,No,No,No,No,No,No,Month-to-month,Yes,Electronic check,68.65,1493.2,No,0.6552953,1,Medium,1.0,Medium,Contract Month-to-month | PaymentMethod Electronic check | MonthlyCharges | OnlineSecurity No | InternetService Fiber optic,0.6488 | 0.1874 | -0.1857 | 0.1699 | 0.1481,Increases churn risk | Increases churn risk | Reduces churn risk | Increases churn risk | Increases churn risk,Proactive retention communication; Offer long-term contract incentive; Promote online security; Offer technical support
0174-QRVVY,Male,0,Yes,Yes,71,Yes,Yes,No,No internet service,No internet service,No internet service,No internet service,No internet service,No internet service,Two year,No,Credit card (automatic),25.35,1847.55,No,0.0019095616,0,Low,1.0,Low,tenure | Contract Month-to-month | Contract Two year | TotalCharges | OnlineSecurity No,-1.1485 | -1.1459 | -0.7115 | -0.578 | -0.4394,Reduces churn risk | Reduces churn risk | Reduces churn risk | Reduces churn risk | Reduces churn risk,Maintain regular engagement
9507-EXLTT,Female,0,Yes,No,1,Yes,No,Fiber optic,No,No,No,No,Yes,No,Month-to-month,Yes,Bank transfer (automatic),79.35,79.35,Yes,0.9274301,1,High,1.0,Critical,tenure | Contract Month-to-month | TotalCharges | PaymentMethod Electronic check | MonthlyCharges,0.9976 | 0.7112 | 0.474 | -0.3177 | 0.2886,Increases churn risk | Increases churn risk | Increases churn risk | Reduces churn risk | Increases churn risk,Immediate personal outreach; Offer long-term contract incentive; Provide new-customer support; Promote online security; Offer technical support
8390-FESFV,Female,0,No,No,62,Yes,Yes,DSL,No,Yes,Yes,Yes,Yes,Yes,Two year,No,Bank transfer (automatic),84.5,5193.2,No,0.006315385,0,Low,0.0,Low,Contract Month-to-month | tenure | Contract Two year | MonthlyCharges | TechSupport No,-1.0333 | -0.9026 | -0.6605 | -0.3244 | -0.3058,Reduces churn risk | Reduces churn risk | Reduces churn risk | Reduces churn risk | Reduces churn risk,Maintain regular engagement; Promote online security; Review pricing
0661-KBKPA,Male,0,Yes,Yes,53,Yes,Yes,DSL,No,No,Yes,Yes,Yes,Yes,One year,Yes,Mailed check,78.75,3942.45,No,0.12844336,0,Low,0.0,Low,TotalCharges | Contract Month-to-month | tenure | PaymentMethod Electronic check | TechSupport No,-0.5416 | -0.5377 | -0.4648 | -0.3417 | -0.3379,Reduces churn risk | Reduces churn risk | Reduces churn risk | Reduces churn risk | Reduces churn risk,Maintain regular engagement; Promote online security
6856-RAURS,Female,0,No,No,2,Yes,Yes,Fiber optic,No,No,No,No,No,No,Month-to-month,Yes,Mailed check,74.9,136.05,No,0.81400007,1,High,1.0,Critical,Contract Month-to-month | tenure | OnlineSecurity No | PaymentMethod Electronic check | InternetService Fiber optic,0.6995 | 0.4018 | 0.2968 | -0.2467 | 0.2299,Increases churn risk | Increases churn risk | Increases churn risk | Reduces churn risk | Increases churn risk,Immediate personal outreach; Offer long-term contract incentive; Provide new-customer support; Promote online security; Offer technical support
7322-OCWHC,Male,1,Yes,No,72,Yes,Yes,Fiber optic,Yes,Yes,Yes,Yes,No,No,Two year,Yes,Bank transfer (automatic),93.05,6735.05,No,0.0035817963,0,Low,0.0,Low,tenure | Contract Month-to-month | Contract Two year | OnlineSecurity No | TotalCharges,-1.7709 | -1.0941 | -0.6669 | -0.4433 | -0.3963,Reduces churn risk | Reduces churn risk | Reduces churn risk | Reduces churn risk | Reduces churn risk,Maintain regular engagement; Review pricing
2203-GHNWN,Female,0,Yes,No,24,Yes,Yes,Fiber optic,No,No,Yes,No,No,No,Month-to-month,Yes,Mailed check,79.65,1928.7,No,0.23971763,0,Low,1.0,Low,PaymentMethod Electronic check | Contract Month-to-month | tenure | TotalCharges | PaymentMethod Mailed check,-0.58 | 0.5539 | -0.4874 | -0.3565 | -0.3046,Reduces churn risk | Increases churn risk | Reduces churn risk | Reduces churn risk | Reduces churn risk,Maintain regular engagement; Offer long-term contract incentive; Promote online security; Offer technical support
3413-CSSTH,Male,0,No,No,41,Yes,Yes,DSL,No,No,Yes,No,No,No,Month-to-month,Yes,Bank transfer (automatic),55.7,2237.55,No,0.10502513,0,Low,1.0,Low,tenure | PaymentMethod Electronic check | Contract Month-to-month | InternetService Fiber optic | TotalCharges,-0.5264 | -0.4619 | 0.4528 | -0.3073 | -0.2495,Reduces churn risk | Reduces churn risk | Increases churn risk | Reduces churn risk | Reduces churn risk,Maintain regular engagement; Offer long-term contract incentive; Promote online security; Offer technical support
3006-XIMLN,Female,0,No,Yes,2,Yes,Yes,Fiber optic,No,No,No,No,Yes,Yes,Month-to-month,Yes,Bank transfer (automatic),94.2,193.8,Yes,0.9735078,1,High,1.0,Critical,tenure | MonthlyCharges | Contract Month-to-month | TotalCharges | OnlineSecurity No,0.8302 | 0.6737 | 0.6012 | 0.3107 | 0.2959,Increases churn risk | Increases churn risk | Increases churn risk | Increases churn risk | Increases churn risk,Immediate personal outreach; Offer long-term contract incentive; Provide new-customer support; Promote online security; Offer technical support; Review pricing
3750-CKVKH,Male,0,No,No,2,Yes,No,Fiber optic,No,No,No,No,No,No,Month-to-month,Yes,Electronic check,67.75,116.65,Yes,0.7045558,1,High,1.0,Critical,Contract Month-to-month | MonthlyCharges | OnlineSecurity No | MultipleLines No | InternetService Fiber optic,0.6556 | -0.3564 | 0.2182 | -0.1942 | 0.1537,Increases churn risk | Reduces churn risk | Increases churn risk | Reduces churn risk | Increases churn risk,Priority retention outreach; Offer long-term contract incentive; Provide new-customer support; Promote online security; Offer technical support
0576-WNXXC,Male,1,Yes,No,27,Yes,Yes,Fiber optic,No,Yes,Yes,No,No,Yes,Month-to-month,Yes,Electronic check,95.55,2510.2,Yes,0.53058493,1,Medium,1.0,Medium,Contract Month-to-month | tenure | MonthlyCharges | PaymentMethod Electronic check | InternetService Fiber optic,0.5613 | -0.5274 | -0.3115 | 0.2284 | 0.1809,Increases churn risk | Reduces churn risk | Reduces churn risk | Increases churn risk | Increases churn risk,Proactive retention communication; Offer long-term contract incentive; Promote online security; Offer technical support; Review pricing
7056-IMHCC,Male,1,Yes,No,53,Yes,Yes,Fiber optic,No,Yes,No,No,Yes,Yes,Month-to-month,Yes,Electronic check,101.9,5549.4,Yes,0.8702401,1,High,0.0,Critical,Contract Month-to-month | MonthlyCharges | OnlineSecurity No | TechSupport No | MultipleLines No,0.5118 | 0.2591 | 0.2381 | 0.2024 | 0.1965,Increases churn risk | Increases churn risk | Increases churn risk | Increases churn risk | Increases churn risk,Immediate personal outreach; Offer long-term contract incentive; Promote online security; Offer technical support; Review pricing
0866-QLSIR,Female,0,No,No,34,Yes,Yes,DSL,Yes,Yes,No,Yes,No,No,One year,Yes,Mailed check,64.4,2088.75,Yes,0.011499419,0,Low,1.0,Low,Contract Month-to-month | tenure | OnlineSecurity No | StreamingMovies Yes | MonthlyCharges,-1.016 | -0.4904 | -0.465 | -0.3717 | -0.2977,Reduces churn risk | Reduces churn risk | Reduces churn risk | Reduces churn risk | Reduces churn risk,Maintain regular engagement
1628-BIZYP,Male,0,No,No,1,Yes,No,Fiber optic,No,Yes,No,No,No,Yes,Month-to-month,Yes,Electronic check,85.0,85.0,No,0.9057921,1,High,1.0,Critical,tenure | Contract Month-to-month | MultipleLines No | OnlineSecurity No | InternetService Fiber optic,1.1171 | 0.6882 | -0.2919 | 0.2447 | 0.2047,Increases churn risk | Increases churn risk | Reduces churn risk | Increases churn risk | Increases churn risk,Immediate personal outreach; Offer long-term contract incentive; Provide new-customer support; Promote online security; Offer technical support; Review pricing
2230-XTUWL,Female,0,Yes,Yes,48,Yes,No,No,No internet service,No internet service,No internet service,No internet service,No internet service,No internet service,Two year,No,Mailed check,19.55,883.35,No,0.0057923547,0,Low,1.0,Low,Contract Month-to-month | Contract Two year | tenure | OnlineSecurity No | TechSupport No,-1.4159 | -0.8962 | -0.4505 | -0.4053 | -0.2483,Reduces churn risk | Reduces churn risk | Reduces churn risk | Reduces churn risk | Reduces churn risk,Maintain regular engagement
1980-KXVPM,Female,1,No,No,3,Yes,Yes,Fiber optic,No,No,No,No,No,No,Month-to-month,Yes,Credit card (automatic),75.05,256.25,Yes,0.8678079,1,High,1.0,Critical,Contract Month-to-month | tenure | PaymentMethod Electronic check | OnlineSecurity No | InternetService Fiber optic,0.6922 | 0.4478 | -0.2799 | 0.2256 | 0.2119,Increases churn risk | Increases churn risk | Reduces churn risk | Increases churn risk | Increases churn risk,Immediate personal outreach; Offer long-term contract incentive; Provide new-customer support; Promote online security; Offer technical support
8619-IJNDK,Female,0,Yes,Yes,71,Yes,No,DSL,Yes,Yes,Yes,Yes,No,No,Two year,No,Credit card (automatic),64.05,4492.9,No,0.009314219,0,Low,0.0,Low,tenure | Contract Month-to-month | Contract Two year | OnlineSecurity No | TechSupport No,-1.1657 | -1.0281 | -0.7308 | -0.2822 | -0.2427,Reduces churn risk | Reduces churn risk | Reduces churn risk | Reduces churn risk | Reduces churn risk,Maintain regular engagement
2960-NKRSO,Male,0,No,No,24,Yes,No,Fiber optic,No,Yes,Yes,Yes,No,No,Month-to-month,Yes,Electronic check,85.95,2107.15,No,0.31968153,0,Low,1.0,Low,Contract Month-to-month | TechSupport No | tenure | MonthlyCharges | PaymentMethod Electronic check,0.5235 | -0.4797 | -0.3257 | -0.3136 | 0.2915,Increases churn risk | Reduces churn risk | Reduces churn risk | Reduces churn risk | Increases churn risk,Maintain regular engagement; Offer long-term contract incentive; Promote online security; Review pricing
6705-LXORM,Female,1,Yes,No,5,Yes,No,Fiber optic,No,No,No,No,No,No,Month-to-month,No,Electronic check,70.05,302.6,No,0.6057088,1,Medium,1.0,Medium,Contract Month-to-month | PaperlessBilling No | tenure | OnlineSecurity No | MonthlyCharges,0.6441 | -0.2921 | 0.2216 | 0.1961 | -0.1494,Increases churn risk | Reduces churn risk | Increases churn risk | Increases churn risk | Reduces churn risk,Proactive retention communication; Offer long-term contract incentive; Provide new-customer support; Promote online security; Offer technical support
7130-VTEWQ,Female,1,No,No,8,Yes,Yes,Fiber optic,No,No,No,No,No,No,Month-to-month,Yes,Electronic check,75.75,606.25,Yes,0.75641716,1,High,1.0,Critical,Contract Month-to-month | MonthlyCharges | PaymentMethod Electronic check | OnlineSecurity No | InternetService Fiber optic,0.7272 | -0.3852 | 0.2214 | 0.2201 | 0.1663,Increases churn risk | Reduces churn risk | Increases churn risk | Increases churn risk | Increases churn risk,Priority retention outreach; Offer long-term contract incentive; Promote online security; Offer technical support
9364-YKUVW,Male,0,No,No,15,Yes,No,No,No internet service,No internet service,No internet service,No internet service,No internet service,No internet service,Month-to-month,Yes,Mailed check,19.8,309.4,No,0.29885074,0,Low,1.0,Low,OnlineSecurity No | Contract Month-to-month | TechSupport No | MonthlyCharges | PaymentMethod Electronic check,-0.6002 | 0.5076 | -0.3248 | 0.2598 | -0.1941,Reduces churn risk | Increases churn risk | Reduces churn risk | Increases churn risk | Reduces churn risk,Maintain regular engagement; Offer long-term contract incentive
2761-OCIAX,Male,1,No,No,2,Yes,No,Fiber optic,No,Yes,No,No,No,No,Month-to-month,Yes,Electronic check,74.7,165.4,Yes,0.5556511,1,Medium,1.0,Medium,Contract Month-to-month | MonthlyCharges | MultipleLines No | OnlineBackup No | OnlineSecurity No,0.6512 | -0.2779 | -0.2609 | -0.2325 | 0.1819,Increases churn risk | Reduces churn risk | Reduces churn risk | Reduces churn risk | Increases churn risk,Proactive retention communication; Offer long-term contract incentive; Provide new-customer support; Promote online security; Offer technical support
7996-BPXHY,Female,0,Yes,Yes,13,Yes,Yes,No,No internet service,No internet service,No internet service,No internet service,No internet service,No internet service,Two year,Yes,Bank transfer (automatic),25.0,332.5,No,0.018471375,0,Low,1.0,Low,Contract Month-to-month | Contract Two year | OnlineSecurity No | MonthlyCharges | TechSupport No,-1.3268 | -0.7101 | -0.4381 | -0.4084 | -0.2881,Reduces churn risk | Reduces churn risk | Reduces churn risk | Reduces churn risk | Reduces churn risk,Maintain regular engagement
4248-QPAVC,Female,1,Yes,No,17,Yes,Yes,Fiber optic,Yes,No,Yes,No,No,No,Month-to-month,Yes,Bank transfer (automatic),85.35,1463.45,Yes,0.41580236,0,Medium,1.0,Medium,Contract Month-to-month | OnlineSecurity No | PaymentMethod Electronic check | InternetService Fiber optic | tenure,0.5718 | -0.4358 | -0.3999 | 0.2481 | -0.2348,Increases churn risk | Reduces churn risk | Reduces churn risk | Increases churn risk | Reduces churn risk,Proactive retention communication; Offer long-term contract incentive; Offer technical support; Review pricing
9357-UJRUN,Male,0,Yes,No,24,Yes,Yes,DSL,Yes,No,No,Yes,No,No,One year,Yes,Electronic check,58.35,1346.9,No,0.1255032,0,Low,1.0,Low,Contract Month-to-month | PaymentMethod Electronic check | OnlineSecurity No | StreamingMovies Yes | MonthlyCharges,-1.0175 | 0.4524 | -0.3298 | -0.2904 | -0.2624,Reduces churn risk | Increases churn risk | Reduces churn risk | Reduces churn risk | Reduces churn risk,Maintain regular engagement
6340-DACFT,Female,0,Yes,Yes,50,Yes,No,No,No internet service,No internet service,No internet service,No internet service,No internet service,No internet service,Two year,No,Credit card (automatic),20.55,1070.25,No,0.0037565774,0,Low,1.0,Low,Contract Month-to-month | Contract Two year | tenure | MonthlyCharges | OnlineSecurity No,-1.1889 | -0.7317 | -0.6527 | -0.6353 | -0.3789,Reduces churn risk | Reduces churn risk | Reduces churn risk | Reduces churn risk | Reduces churn risk,Maintain regular engagement
1023-BQXZE,Male,0,No,No,57,Yes,No,DSL,Yes,No,Yes,No,Yes,Yes,Two year,Yes,Bank transfer (automatic),74.35,4317.35,No,0.012643794,0,Low,0.0,Low,Contract Month-to-month | Contract Two year | TotalCharges | tenure | MonthlyCharges,-0.9777 | -0.5806 | -0.5742 | -0.4272 | -0.4233,Reduces churn risk | Reduces churn risk | Reduces churn risk | Reduces churn risk | Reduces churn risk,Maintain regular engagement; Offer technical support
5480-HPRRX,Female,1,No,No,3,No,No phone service,DSL,No,No,No,No,No,No,Month-to-month,No,Electronic check,25.3,77.75,Yes,0.7146045,1,High,1.0,Critical,Contract Month-to-month | SeniorCitizen | TotalCharges | PaperlessBilling No | MonthlyCharges,0.5886 | 0.5091 | 0.3869 | -0.3359 | -0.2403,Increases churn risk | Increases churn risk | Increases churn risk | Reduces churn risk | Reduces churn risk,Priority retention outreach; Offer long-term contract incentive; Provide new-customer support; Promote online security; Offer technical support
9576-SYUHJ,Male,0,No,No,37,Yes,Yes,Fiber optic,Yes,No,No,No,Yes,No,Month-to-month,Yes,Electronic check,91.15,3369.25,No,0.2916621,0,Low,0.0,Low,OnlineSecurity No | tenure | TotalCharges | Contract Month-to-month | PaymentMethod Electronic check,-0.7456 | -0.5991 | -0.5439 | 0.5143 | 0.2922,Reduces churn risk | Reduces churn risk | Reduces churn risk | Increases churn risk | Increases churn risk,Maintain regular engagement; Offer long-term contract incentive; Offer technical support; Review pricing
2169-RRLFW,Female,0,Yes,No,71,Yes,Yes,No,No internet service,No internet service,No internet service,No internet service,No internet service,No internet service,Two year,No,Credit card (automatic),25.6,1888.25,No,0.0029874027,0,Low,1.0,Low,Contract Month-to-month | tenure | Contract Two year | TotalCharges | OnlineSecurity No,-1.2158 | -1.1893 | -0.7134 | -0.578 | -0.4484,Reduces churn risk | Reduces churn risk | Reduces churn risk | Reduces churn risk | Reduces churn risk,Maintain regular engagement
8338-QIUNR,Male,0,Yes,Yes,72,Yes,Yes,DSL,Yes,No,Yes,Yes,No,No,Two year,Yes,Credit card (automatic),66.5,4811.6,No,0.0065090386,0,Low,0.0,Low,tenure | Contract Month-to-month | Contract Two year | MonthlyCharges | OnlineSecurity No,-1.5864 | -0.9234 | -0.4965 | -0.4231 | -0.3715,Reduces churn risk | Reduces churn risk | Reduces churn risk | Reduces churn risk | Reduces churn risk,Maintain regular engagement
0463-TXOAK,Male,0,No,Yes,52,Yes,Yes,No,No internet service,No internet service,No internet service,No internet service,No internet service,No internet service,Two year,No,Credit card (automatic),25.6,1334.5,No,0.0155356005,0,Low,1.0,Low,Contract Month-to-month | Contract Two year | OnlineSecurity No | MonthlyCharges | TechSupport No,-1.044 | -0.654 | -0.4089 | -0.3588 | -0.3203,Reduces churn risk | Reduces churn risk | Reduces churn risk | Reduces churn risk | Reduces churn risk,Maintain regular engagement
4396-KLSEH,Male,0,No,No,4,Yes,No,No,No internet service,No internet service,No internet service,No internet service,No internet service,No internet service,Month-to-month,Yes,Electronic check,19.85,63.0,No,0.15691283,0,Low,1.0,Low,OnlineSecurity No | TechSupport No | Contract Month-to-month | InternetService Fiber optic | OnlineBackup No,-0.6819 | -0.5894 | 0.4909 | -0.2947 | -0.2308,Reduces churn risk | Reduces churn risk | Increases churn risk | Reduces churn risk | Reduces churn risk,Maintain regular engagement; Offer long-term contract incentive; Provide new-customer support
5186-EJEGL,Male,0,No,No,9,Yes,No,DSL,Yes,No,Yes,Yes,Yes,No,Month-to-month,Yes,Mailed check,69.5,653.25,No,0.16483988,0,Low,1.0,Low,MonthlyCharges | OnlineSecurity No | Contract Month-to-month | TechSupport No | PaymentMethod Electronic check,-0.61 | -0.4425 | 0.4344 | -0.2691 | -0.2633,Reduces churn risk | Reduces churn risk | Increases churn risk | Reduces churn risk | Reduces churn risk,Maintain regular engagement; Offer long-term contract incentive
9334-GWGOW,Male,1,Yes,No,7,Yes,Yes,Fiber optic,No,No,No,No,No,No,Month-to-month,Yes,Electronic check,74.85,485.25,No,0.90796375,1,High,1.0,Critical,Contract Month-to-month | tenure | OnlineSecurity No | PaymentMethod Electronic check | InternetService Fiber optic,0.7082 | 0.304 | 0.2416 | 0.2364 | 0.1952,Increases churn risk | Increases churn risk | Increases churn risk | Increases churn risk | Increases churn risk,Immediate personal outreach; Offer long-term contract incentive; Promote online security; Offer technical support
5696-JVVQY,Female,0,Yes,Yes,48,Yes,No,DSL,Yes,Yes,Yes,No,No,Yes,Two year,Yes,Credit card (automatic),70.1,3238.4,No,0.0124132,0,Low,0.0,Low,Contract Month-to-month | Contract Two year | tenure | OnlineSecurity No | Contract One year,-1.1587 | -0.8964 | -0.4214 | -0.296 | -0.1981,Reduces churn risk | Reduces churn risk | Reduces churn risk | Reduces churn risk | Reduces churn risk,Maintain regular engagement; Offer technical support
9633-DENPU,Female,0,Yes,No,47,Yes,No,DSL,No,Yes,No,No,Yes,No,Month-to-month,Yes,Bank transfer (automatic),58.6,2723.4,No,0.12355339,0,Low,1.0,Low,tenure | Contract Month-to-month | InternetService DSL | PaymentMethod Electronic check | InternetService Fiber optic,-0.4831 | 0.4353 | -0.3898 | -0.3423 | -0.3372,Reduces churn risk | Increases churn risk | Reduces churn risk | Reduces churn risk | Reduces churn risk,Maintain regular engagement; Offer long-term contract incentive; Promote online security; Offer technical support
0581-BXBUB,Female,1,No,No,4,Yes,No,Fiber optic,No,Yes,No,No,No,No,Month-to-month,No,Electronic check,72.75,317.75,No,0.24806401,0,Low,1.0,Low,Contract Month-to-month | PaperlessBilling No | OnlineBackup No | MonthlyCharges | PaperlessBilling Yes,0.5839 | -0.5118 | -0.4096 | -0.2719 | -0.2015,Increases churn risk | Reduces churn risk | Reduces churn risk | Reduces churn risk | Reduces churn risk,Maintain regular engagement; Offer long-term contract incentive; Provide new-customer support; Promote online security; Offer technical support
2750-BJLSB,Female,0,No,No,47,Yes,No,Fiber optic,Yes,No,Yes,Yes,Yes,Yes,One year,Yes,Electronic check,103.7,4730.6,No,0.2043004,0,Low,0.0,Low,Contract Month-to-month | tenure | MonthlyCharges | TotalCharges | OnlineSecurity No,-0.6323 | -0.5849 | 0.5595 | -0.3778 | -0.2755,Reduces churn risk | Reduces churn risk | Increases churn risk | Reduces churn risk | Reduces churn risk,Maintain regular engagement; Review pricing
2770-NSVDG,Male,0,Yes,No,24,No,No phone service,DSL,No,No,Yes,No,No,No,Month-to-month,No,Electronic check,29.1,688.0,No,0.3946018,0,Low,1.0,Low,Contract Month-to-month | tenure | PaperlessBilling No | PaymentMethod Electronic check | PaperlessBilling Yes,0.4936 | -0.3962 | -0.3504 | 0.1951 | -0.1935,Increases churn risk | Reduces churn risk | Reduces churn risk | Increases churn risk | Reduces churn risk,Maintain regular engagement; Offer long-term contract incentive; Promote online security; Offer technical support
8280-MQRQN,Female,0,No,No,1,Yes,No,DSL,No,No,Yes,No,No,No,Month-to-month,Yes,Mailed check,50.45,50.45,Yes,0.7671341,1,High,1.0,Critical,tenure | Contract Month-to-month | PaymentMethod Electronic check | MonthlyCharges | InternetService Fiber optic,1.0467 | 0.6406 | -0.2897 | -0.2637 | -0.2382,Increases churn risk | Increases churn risk | Reduces churn risk | Reduces churn risk | Reduces churn risk,Priority retention outreach; Offer long-term contract incentive; Provide new-customer support; Promote online security; Offer technical support
7851-FLGGQ,Male,0,No,No,1,No,No phone service,DSL,No,Yes,No,Yes,No,Yes,Month-to-month,Yes,Mailed check,44.65,44.65,Yes,0.35767603,0,Low,1.0,Low,tenure | TechSupport No | Contract Month-to-month | TechSupport Yes | MonthlyCharges,0.7394 | -0.6638 | 0.4507 | -0.2986 | -0.2934,Increases churn risk | Reduces churn risk | Increases churn risk | Reduces churn risk | Reduces churn risk,Maintain regular engagement; Offer long-term contract incentive; Provide new-customer support; Promote online security
9374-YOLBJ,Female,0,Yes,Yes,1,Yes,No,No,No internet service,No internet service,No internet service,No internet service,No internet service,No internet service,Month-to-month,No,Electronic check,19.25,19.25,No,0.1814108,0,Low,1.0,Low,MonthlyCharges | tenure | Contract Month-to-month | OnlineSecurity No | PaperlessBilling No,-1.1526 | 0.7634 | 0.5455 | -0.4758 | -0.3345,Reduces churn risk | Increases churn risk | Increases churn risk | Reduces churn risk | Reduces churn risk,Maintain regular engagement; Offer long-term contract incentive; Provide new-customer support
6583-SZVGP,Male,0,No,No,48,Yes,Yes,Fiber optic,No,Yes,Yes,No,Yes,Yes,Two year,Yes,Bank transfer (automatic),108.1,5067.45,No,0.39449024,0,Low,0.0,Low,Contract Month-to-month | MonthlyCharges | Contract Two year | OnlineSecurity No | PaymentMethod Electronic check,-1.095 | 0.5906 | -0.4837 | 0.289 | -0.2339,Reduces churn risk | Increases churn risk | Reduces churn risk | Increases churn risk | Reduces churn risk,Maintain regular engagement; Promote online security; Offer technical support; Review pricing
2150-OEGBV,Male,0,No,No,27,Yes,No,No,No internet service,No internet service,No internet service,No internet service,No internet service,No internet service,One year,No,Bank transfer (automatic),20.1,562.6,No,0.025857395,0,Low,1.0,Low,Contract Month-to-month | tenure | OnlineSecurity No | TotalCharges | TechSupport No,-1.1658 | -0.4913 | -0.4084 | -0.2631 | -0.2596,Reduces churn risk | Reduces churn risk | Reduces churn risk | Reduces churn risk | Reduces churn risk,Maintain regular engagement
9372-TXXPS,Female,0,Yes,No,60,Yes,No,DSL,Yes,Yes,No,Yes,No,No,Two year,No,Bank transfer (automatic),59.85,3483.45,No,0.004148958,0,Low,0.0,Low,Contract Month-to-month | tenure | Contract Two year | TotalCharges | MonthlyCharges,-0.9577 | -0.8446 | -0.7739 | -0.5154 | -0.3706,Reduces churn risk | Reduces churn risk | Reduces churn risk | Reduces churn risk | Reduces churn risk,Maintain regular engagement
6933-FHBZC,Female,0,No,No,26,Yes,No,DSL,No,Yes,Yes,No,No,No,One year,Yes,Mailed check,56.05,1553.2,No,0.055368196,0,Low,1.0,Low,Contract Month-to-month | tenure | StreamingMovies Yes | TotalCharges | OnlineSecurity No,-1.1008 | -0.4544 | -0.3201 | -0.2917 | 0.2037,Reduces churn risk | Reduces churn risk | Reduces churn risk | Reduces churn risk | Increases churn risk,Maintain regular engagement; Promote online security; Offer technical support
4698-KVLLG,Female,1,No,No,51,Yes,No,No,No internet service,No internet service,No internet service,No internet service,No internet service,No internet service,Two year,No,Credit card (automatic),19.6,967.9,No,0.008004789,0,Low,1.0,Low,Contract Month-to-month | tenure | Contract Two year | OnlineSecurity No | MonthlyCharges,-1.359 | -0.6599 | -0.5614 | -0.3506 | -0.3426,Reduces churn risk | Reduces churn risk | Reduces churn risk | Reduces churn risk | Reduces churn risk,Maintain regular engagement
8752-STIVR,Female,0,No,No,4,Yes,No,Fiber optic,No,No,No,No,Yes,No,Month-to-month,Yes,Electronic check,79.0,303.15,Yes,0.8674213,1,High,1.0,Critical,Contract Month-to-month | OnlineSecurity No | PaymentMethod Electronic check | tenure | InternetService Fiber optic,0.6958 | 0.2695 | 0.1939 | 0.1713 | 0.1487,Increases churn risk | Increases churn risk | Increases churn risk | Increases churn risk | Increases churn risk,Immediate personal outreach; Offer long-term contract incentive; Provide new-customer support; Promote online security; Offer technical support
8623-ULFNQ,Female,1,No,No,26,Yes,Yes,DSL,No,No,No,Yes,No,Yes,Month-to-month,Yes,Electronic check,66.05,1652.4,No,0.23547514,0,Low,1.0,Low,Contract Month-to-month | TotalCharges | tenure | MonthlyCharges | InternetService Fiber optic,0.5243 | -0.5182 | -0.4338 | -0.3613 | -0.3304,Increases churn risk | Reduces churn risk | Reduces churn risk | Reduces churn risk | Reduces churn risk,Maintain regular engagement; Offer long-term contract incentive; Promote online security
9822-WMWVG,Female,0,No,No,41,Yes,Yes,Fiber optic,Yes,Yes,Yes,Yes,Yes,No,Month-to-month,Yes,Electronic check,106.5,4282.4,No,0.5557521,1,Medium,0.0,Medium,OnlineSecurity No | Contract Month-to-month | TechSupport No | MonthlyCharges | InternetService Fiber optic,-0.4899 | 0.407 | -0.3593 | 0.3536 | 0.2038,Reduces churn risk | Increases churn risk | Reduces churn risk | Increases churn risk | Increases churn risk,Proactive retention communication; Offer long-term contract incentive; Review pricing
4304-TSPVK,Female,0,Yes,No,68,Yes,Yes,Fiber optic,Yes,Yes,Yes,Yes,Yes,Yes,Two year,No,Bank transfer (automatic),114.9,7843.55,No,0.14499952,0,Low,0.0,Low,Contract Month-to-month | Contract Two year | OnlineSecurity No | MonthlyCharges | tenure,-0.9424 | -0.4825 | -0.3514 | 0.3111 | -0.3023,Reduces churn risk | Reduces churn risk | Reduces churn risk | Increases churn risk | Reduces churn risk,Maintain regular engagement; Review pricing
1716-LSAMB,Male,0,Yes,Yes,45,Yes,No,DSL,Yes,No,No,Yes,No,No,Two year,No,Bank transfer (automatic),54.65,2553.7,No,0.01133218,0,Low,1.0,Low,Contract Month-to-month | Contract Two year | OnlineSecurity No | tenure | MonthlyCharges,-0.9429 | -0.7424 | -0.4174 | -0.3816 | -0.2431,Reduces churn risk | Reduces churn risk | Reduces churn risk | Reduces churn risk | Reduces churn risk,Maintain regular engagement
3523-QRQLL,Female,0,Yes,Yes,22,Yes,No,DSL,No,Yes,No,No,Yes,Yes,One year,Yes,Bank transfer (automatic),69.5,1498.2,Yes,0.1647279,0,Low,1.0,Low,Contract Month-to-month | MonthlyCharges | InternetService Fiber optic | OnlineSecurity No | InternetService DSL,-0.9182 | -0.2846 | -0.234 | 0.2053 | -0.1831,Reduces churn risk | Reduces churn risk | Reduces churn risk | Increases churn risk | Reduces churn risk,Maintain regular engagement; Promote online security; Offer technical support
2187-PKZAY,Male,0,No,No,12,Yes,No,Fiber optic,No,No,No,No,No,Yes,Month-to-month,Yes,Bank transfer (automatic),79.95,1043.4,No,0.5908544,1,Medium,1.0,Medium,Contract Month-to-month | PaymentMethod Electronic check | MultipleLines No | OnlineSecurity No | InternetService Fiber optic,0.5265 | -0.3706 | -0.2683 | 0.2287 | 0.2121,Increases churn risk | Reduces churn risk | Reduces churn risk | Increases churn risk | Increases churn risk,Proactive retention communication; Offer long-term contract incentive; Promote online security; Offer technical support
1895-QTKDO,Female,0,No,No,1,Yes,No,DSL,No,No,No,No,No,No,Month-to-month,No,Credit card (automatic),43.95,43.95,No,0.33923745,0,Low,1.0,Low,tenure | Contract Month-to-month | MonthlyCharges | PaperlessBilling No | PaymentMethod Electronic check,0.6747 | 0.5829 | -0.4951 | -0.2992 | -0.294,Increases churn risk | Increases churn risk | Reduces churn risk | Reduces churn risk | Reduces churn risk,Maintain regular engagement; Offer long-term contract incentive; Provide new-customer support; Promote online security; Offer technical support
8161-QYMTT,Male,0,No,No,7,Yes,Yes,Fiber optic,No,No,No,No,Yes,Yes,Month-to-month,Yes,Electronic check,94.1,701.3,No,0.9613807,1,High,1.0,Critical,Contract Month-to-month | tenure | MonthlyCharges | MultipleLines No | OnlineSecurity No,0.6116 | 0.4379 | 0.3871 | 0.2468 | 0.2281,Increases churn risk | Increases churn risk | Increases churn risk | Increases churn risk | Increases churn risk,Immediate personal outreach; Offer long-term contract incentive; Promote online security; Offer technical support; Review pricing
2955-PSXOE,Female,0,No,No,1,Yes,No,No,No internet service,No internet service,No internet service,No internet service,No internet service,No internet service,Month-to-month,Yes,Bank transfer (automatic),20.2,20.2,Yes,0.1987989,0,Low,1.0,Low,tenure | Contract Month-to-month | OnlineSecurity No | PaymentMethod Bank transfer (automatic) | TechSupport No,0.7706 | 0.5684 | -0.5582 | -0.4677 | -0.4162,Increases churn risk | Increases churn risk | Reduces churn risk | Reduces churn risk | Reduces churn risk,Maintain regular engagement; Offer long-term contract incentive; Provide new-customer support
6834-NXDCA,Female,0,No,No,13,No,No phone service,DSL,No,No,No,No,No,No,Month-to-month,Yes,Electronic check,23.9,300.8,Yes,0.72777003,1,High,1.0,Critical,Contract Month-to-month | PaymentMethod Electronic check | InternetService Fiber optic | OnlineSecurity No | TotalCharges,0.6179 | 0.2674 | -0.2149 | 0.2011 | 0.1694,Increases churn risk | Increases churn risk | Reduces churn risk | Increases churn risk | Increases churn risk,Priority retention outreach; Offer long-term contract incentive; Promote online security; Offer technical support
8701-DGLVH,Male,0,No,No,51,Yes,No,No,No internet service,No internet service,No internet service,No internet service,No internet service,No internet service,Two year,No,Mailed check,20.45,1042.65,No,0.008237099,0,Low,1.0,Low,Contract Month-to-month | tenure | MonthlyCharges | Contract Two year | OnlineSecurity No,-1.0768 | -0.7388 | -0.7023 | -0.5972 | -0.416,Reduces churn risk | Reduces churn risk | Reduces churn risk | Reduces churn risk | Reduces churn risk,Maintain regular engagement
2480-SQIOB,Male,0,Yes,Yes,4,Yes,No,DSL,No,No,No,No,No,No,Month-to-month,No,Electronic check,44.8,169.65,No,0.43919405,0,Medium,1.0,Medium,Contract Month-to-month | MonthlyCharges | PaperlessBilling No | OnlineSecurity No | InternetService Fiber optic,0.5405 | -0.3168 | -0.252 | 0.2139 | -0.1909,Increases churn risk | Reduces churn risk | Reduces churn risk | Increases churn risk | Reduces churn risk,Proactive retention communication; Offer long-term contract incentive; Provide new-customer support; Promote online security; Offer technical support
4993-JCRGJ,Male,0,No,No,26,Yes,Yes,Fiber optic,No,No,Yes,Yes,No,No,Month-to-month,Yes,Mailed check,84.3,2281.6,No,0.12356086,0,Low,1.0,Low,tenure | PaymentMethod Electronic check | Contract Month-to-month | TechSupport No | TotalCharges,-0.7478 | -0.5884 | 0.4496 | -0.3798 | -0.2273,Reduces churn risk | Reduces churn risk | Increases churn risk | Reduces churn risk | Reduces churn risk,Maintain regular engagement; Offer long-term contract incentive; Promote online security; Review pricing
0581-MDMPW,Female,0,No,No,24,Yes,Yes,Fiber optic,No,No,Yes,No,Yes,No,Month-to-month,Yes,Credit card (automatic),88.95,2072.75,No,0.5021113,1,Medium,1.0,Medium,Contract Month-to-month | PaymentMethod Electronic check | tenure | InternetService Fiber optic | TotalCharges,0.605 | -0.4738 | -0.3357 | 0.2002 | -0.1966,Increases churn risk | Reduces churn risk | Reduces churn risk | Increases churn risk | Reduces churn risk,Proactive retention communication; Offer long-term contract incentive; Promote online security; Offer technical support; Review pricing
7789-CRUVC,Female,1,Yes,No,61,Yes,Yes,Fiber optic,Yes,Yes,Yes,Yes,No,No,Month-to-month,Yes,Credit card (automatic),94.2,5895.45,No,0.038760617,0,Low,0.0,Low,tenure | TotalCharges | TechSupport No | OnlineSecurity No | Contract Month-to-month,-1.6592 | -0.5326 | -0.3967 | -0.3878 | 0.3341,Reduces churn risk | Reduces churn risk | Reduces churn risk | Reduces churn risk | Increases churn risk,Maintain regular engagement; Offer long-term contract incentive; Review pricing
0164-APGRB,Female,0,No,No,72,Yes,Yes,Fiber optic,Yes,Yes,Yes,Yes,Yes,Yes,Two year,Yes,Electronic check,114.9,8496.7,No,0.0071664723,0,Low,0.0,Low,tenure | Contract Month-to-month | Contract Two year | OnlineSecurity No | Contract One year,-1.6474 | -1.1577 | -0.8339 | -0.5033 | -0.3578,Reduces churn risk | Reduces churn risk | Reduces churn risk | Reduces churn risk | Reduces churn risk,Maintain regular engagement; Review pricing
8034-RYTVV,Female,0,No,No,55,Yes,Yes,Fiber optic,Yes,No,Yes,No,No,No,One year,Yes,Credit card (automatic),84.25,4589.85,No,0.021925734,0,Low,0.0,Low,Contract Month-to-month | tenure | OnlineSecurity No | StreamingMovies Yes | PaymentMethod Electronic check,-1.1994 | -0.6497 | -0.4453 | -0.3931 | -0.3166,Reduces churn risk | Reduces churn risk | Reduces churn risk | Reduces churn risk | Reduces churn risk,Maintain regular engagement; Offer technical support; Review pricing
3018-TFTSU,Male,0,No,No,12,Yes,No,Fiber optic,Yes,No,Yes,No,No,No,Month-to-month,No,Bank transfer (automatic),81.7,858.6,Yes,0.17927527,0,Low,1.0,Low,Contract Month-to-month | OnlineSecurity No | PaperlessBilling No | PaymentMethod Electronic check | MonthlyCharges,0.5061 | -0.505 | -0.3097 | -0.2635 | -0.2166,Increases churn risk | Reduces churn risk | Reduces churn risk | Reduces churn risk | Reduces churn risk,Maintain regular engagement; Offer long-term contract incentive; Offer technical support; Review pricing
9777-IQHWP,Male,0,Yes,Yes,64,Yes,Yes,Fiber optic,Yes,No,Yes,No,No,Yes,Two year,No,Bank transfer (automatic),93.4,5822.3,No,0.023872657,0,Low,0.0,Low,Contract Month-to-month | tenure | Contract Two year | OnlineSecurity No | TotalCharges,-1.0982 | -0.7884 | -0.4913 | -0.3635 | -0.2953,Reduces churn risk | Reduces churn risk | Reduces churn risk | Reduces churn risk | Reduces churn risk,Maintain regular engagement; Offer technical support; Review pricing
6899-PPEEA,Female,1,No,No,37,Yes,Yes,Fiber optic,No,No,No,No,Yes,Yes,Month-to-month,Yes,Electronic check,96.55,3580.3,Yes,0.78969634,1,High,0.0,Critical,Contract Month-to-month | tenure | TotalCharges | OnlineSecurity No | MonthlyCharges,0.5516 | -0.4986 | -0.3025 | 0.2289 | 0.2128,Increases churn risk | Reduces churn risk | Reduces churn risk | Increases churn risk | Increases churn risk,Priority retention outreach; Offer long-term contract incentive; Promote online security; Offer technical support; Review pricing
6701-YVNQG,Male,0,Yes,No,72,Yes,Yes,DSL,Yes,Yes,Yes,Yes,Yes,Yes,Two year,Yes,Credit card (automatic),88.7,6301.7,No,0.0020244352,0,Low,0.0,Low,tenure | Contract Month-to-month | Contract Two year | MonthlyCharges | OnlineSecurity No,-1.6438 | -0.9796 | -0.8622 | -0.4984 | -0.4412,Reduces churn risk | Reduces churn risk | Reduces churn risk | Reduces churn risk | Reduces churn risk,Maintain regular engagement; Review pricing
7649-PHJVR,Male,0,No,No,11,Yes,No,No,No internet service,No internet service,No internet service,No internet service,No internet service,No internet service,One year,No,Mailed check,19.5,226.8,No,0.010524844,0,Low,1.0,Low,Contract Month-to-month | MonthlyCharges | OnlineSecurity No | StreamingMovies Yes | TotalCharges,-1.2365 | -0.5451 | -0.4825 | -0.2268 | -0.206,Reduces churn risk | Reduces churn risk | Reduces churn risk | Reduces churn risk | Reduces churn risk,Maintain regular engagement
9278-VZKCD,Female,1,Yes,No,52,Yes,Yes,Fiber optic,Yes,Yes,Yes,No,Yes,Yes,Month-to-month,Yes,Electronic check,109.1,5647.95,No,0.3686115,0,Low,0.0,Low,tenure | OnlineSecurity No | Contract Month-to-month | OnlineBackup No | TotalCharges,-0.7707 | -0.6321 | 0.3613 | -0.2294 | -0.2269,Reduces churn risk | Reduces churn risk | Increases churn risk | Reduces churn risk | Reduces churn risk,Maintain regular engagement; Offer long-term contract incentive; Offer technical support; Review pricing
7636-PEPNS,Female,0,Yes,Yes,58,Yes,No,DSL,No,No,No,No,No,No,One year,Yes,Mailed check,44.1,2413.05,No,0.035819102,0,Low,1.0,Low,Contract Month-to-month | tenure | MonthlyCharges | StreamingMovies Yes | OnlineSecurity No,-0.9369 | -0.6551 | -0.4936 | -0.3296 | 0.2891,Reduces churn risk | Reduces churn risk | Reduces churn risk | Reduces churn risk | Increases churn risk,Maintain regular engagement; Promote online security; Offer technical support
1575-KRZZE,Female,0,No,No,4,Yes,No,DSL,Yes,Yes,No,No,No,No,Month-to-month,No,Electronic check,55.2,220.65,No,0.2641274,0,Low,1.0,Low,Contract Month-to-month | OnlineSecurity No | PaperlessBilling No | OnlineBackup No | PaperlessBilling Yes,0.492 | -0.3963 | -0.3617 | -0.2102 | -0.1383,Increases churn risk | Reduces churn risk | Reduces churn risk | Reduces churn risk | Reduces churn risk,Maintain regular engagement; Offer long-term contract incentive; Provide new-customer support; Offer technical support
8590-OHDIW,Female,0,Yes,Yes,38,Yes,No,No,No internet service,No internet service,No internet service,No internet service,No internet service,No internet service,One year,No,Mailed check,20.3,749.35,No,0.011023916,0,Low,1.0,Low,Contract Month-to-month | MonthlyCharges | tenure | OnlineSecurity No | TechSupport No,-1.1863 | -0.5601 | -0.4894 | -0.4482 | -0.2432,Reduces churn risk | Reduces churn risk | Reduces churn risk | Reduces churn risk | Reduces churn risk,Maintain regular engagement
7764-BDPEE,Male,0,No,Yes,3,Yes,No,No,No internet service,No internet service,No internet service,No internet service,No internet service,No internet service,Month-to-month,No,Mailed check,20.85,60.65,No,0.0634974,0,Low,1.0,Low,OnlineSecurity No | Contract Month-to-month | TechSupport No | MonthlyCharges | Dependents No,-0.5991 | 0.4571 | -0.4534 | -0.3592 | -0.3223,Reduces churn risk | Increases churn risk | Reduces churn risk | Reduces churn risk | Reduces churn risk,Maintain regular engagement; Offer long-term contract incentive; Provide new-customer support
9480-BQJEI,Male,0,No,No,62,Yes,Yes,Fiber optic,Yes,Yes,No,No,No,Yes,One year,Yes,Bank transfer (automatic),92.3,5731.45,No,0.048425894,0,Low,0.0,Low,tenure | Contract Month-to-month | OnlineSecurity No | TotalCharges | PaymentMethod Electronic check,-1.2044 | -0.7224 | -0.5121 | -0.2731 | -0.2208,Reduces churn risk | Reduces churn risk | Reduces churn risk | Reduces churn risk | Reduces churn risk,Maintain regular engagement; Offer technical support; Review pricing
3354-OADJP,Female,0,No,No,8,Yes,No,DSL,Yes,No,No,Yes,No,No,One year,No,Bank transfer (automatic),54.25,447.75,No,0.021225408,0,Low,1.0,Low,Contract Month-to-month | OnlineSecurity No | MonthlyCharges | StreamingMovies Yes | PaymentMethod Bank transfer (automatic),-1.2805 | -0.3731 | -0.3583 | -0.3358 | -0.3127,Reduces churn risk | Reduces churn risk | Reduces churn risk | Reduces churn risk | Reduces churn risk,Maintain regular engagement
3181-MIZBN,Male,0,Yes,Yes,16,Yes,No,No,No internet service,No internet service,No internet service,No internet service,No internet service,No internet service,Month-to-month,No,Electronic check,19.75,313.4,No,0.09392604,0,Low,1.0,Low,TechSupport No | OnlineSecurity No | Contract Month-to-month | PaperlessBilling No | Dependents No,-0.4793 | -0.4693 | 0.4292 | -0.4161 | -0.2506,Reduces churn risk | Reduces churn risk | Increases churn risk | Reduces churn risk | Reduces churn risk,Maintain regular engagement; Offer long-term contract incentive
9327-QSDED,Male,0,No,No,8,Yes,No,DSL,No,No,No,No,No,No,Month-to-month,No,Mailed check,43.55,335.4,No,0.36440426,0,Low,1.0,Low,Contract Month-to-month | PaymentMethod Electronic check | OnlineSecurity No | PaperlessBilling No | InternetService Fiber optic,0.4938 | -0.4162 | 0.1973 | -0.1851 | -0.18,Increases churn risk | Reduces churn risk | Increases churn risk | Reduces churn risk | Reduces churn risk,Maintain regular engagement; Offer long-term contract incentive; Promote online security; Offer technical support
4892-VLANZ,Male,0,No,No,1,Yes,No,No,No internet service,No internet service,No internet service,No internet service,No internet service,No internet service,Month-to-month,No,Mailed check,19.8,19.8,Yes,0.74694264,1,High,1.0,Critical,tenure | Contract Month-to-month | TotalCharges | OnlineSecurity No | PaperlessBilling No,1.1533 | 0.63 | 0.3182 | -0.3042 | -0.2594,Increases churn risk | Increases churn risk | Increases churn risk | Reduces churn risk | Reduces churn risk,Priority retention outreach; Offer long-term contract incentive; Provide new-customer support
0298-XACET,Male,0,Yes,Yes,52,No,No phone service,DSL,No,Yes,Yes,Yes,Yes,No,Two year,No,Mailed check,50.2,2554.0,No,0.010019259,0,Low,1.0,Low,Contract Month-to-month | Contract Two year | tenure | TechSupport No | MonthlyCharges,-1.0486 | -0.7411 | -0.4405 | -0.4297 | -0.4052,Reduces churn risk | Reduces churn risk | Reduces churn risk | Reduces churn risk | Reduces churn risk,Maintain regular engagement; Promote online security
6917-FIJHC,Female,0,Yes,No,72,Yes,Yes,No,No internet service,No internet service,No internet service,No internet service,No internet service,No internet service,Two year,Yes,Mailed check,26.0,1776.0,No,0.0020468517,0,Low,1.0,Low,tenure | Contract Month-to-month | Contract Two year | OnlineSecurity No | TotalCharges,-1.6092 | -1.2118 | -0.7489 | -0.5604 | -0.4417,Reduces churn risk | Reduces churn risk | Reduces churn risk | Reduces churn risk | Reduces churn risk,Maintain regular engagement
6557-BZXLQ,Male,1,No,No,16,Yes,No,Fiber optic,No,No,No,No,No,No,Month-to-month,No,Electronic check,69.65,1043.3,No,0.56936026,1,Medium,1.0,Medium,Contract Month-to-month | PaperlessBilling No | MonthlyCharges | TotalCharges | PaperlessBilling Yes,0.5763 | -0.3718 | -0.2852 | 0.202 | -0.1898,Increases churn risk | Reduces churn risk | Reduces churn risk | Increases churn risk | Reduces churn risk,Proactive retention communication; Offer long-term contract incentive; Promote online security; Offer technical support
2432-TFSMK,Male,0,No,No,18,Yes,Yes,Fiber optic,No,No,Yes,No,Yes,No,One year,Yes,Credit card (automatic),89.6,1633.0,No,0.10482828,0,Low,1.0,Low,Contract Month-to-month | StreamingMovies Yes | TotalCharges | PaymentMethod Electronic check | OnlineSecurity No,-1.3046 | -0.4116 | -0.3286 | -0.2949 | 0.2721,Reduces churn risk | Reduces churn risk | Reduces churn risk | Reduces churn risk | Increases churn risk,Maintain regular engagement; Promote online security; Offer technical support; Review pricing
4211-MMAZN,Male,0,No,No,1,Yes,No,No,No internet service,No internet service,No internet service,No internet service,No internet service,No internet service,Month-to-month,No,Mailed check,20.25,20.25,Yes,0.6157503,1,Medium,1.0,Medium,tenure | Contract Month-to-month | OnlineSecurity No | TechSupport No | MonthlyCharges,1.1282 | 0.6101 | -0.3427 | -0.3215 | -0.2315,Increases churn risk | Increases churn risk | Reduces churn risk | Reduces churn risk | Reduces churn risk,Proactive retention communication; Offer long-term contract incentive; Provide new-customer support
4751-ERMAN,Male,0,Yes,Yes,72,Yes,No,DSL,No,Yes,Yes,No,Yes,Yes,Two year,Yes,Bank transfer (automatic),75.4,5480.25,No,0.019064004,0,Low,0.0,Low,tenure | Contract Month-to-month | Contract Two year | MonthlyCharges | OnlineSecurity No,-1.2469 | -0.9162 | -0.5666 | -0.3416 | 0.3047,Reduces churn risk | Reduces churn risk | Reduces churn risk | Reduces churn risk | Increases churn risk,Maintain regular engagement; Promote online security; Offer technical support
8430-TWCBX,Female,0,Yes,No,49,Yes,No,No,No internet service,No internet service,No internet service,No internet service,No internet service,No internet service,One year,No,Credit card (automatic),20.7,1032.05,No,0.010124986,0,Low,1.0,Low,Contract Month-to-month | MonthlyCharges | tenure | OnlineSecurity No | TechSupport No,-1.121 | -0.7156 | -0.5332 | -0.3844 | -0.2388,Reduces churn risk | Reduces churn risk | Reduces churn risk | Reduces churn risk | Reduces churn risk,Maintain regular engagement
1942-OQFRW,Male,0,No,No,1,Yes,No,DSL,No,No,No,No,No,No,Month-to-month,No,Electronic check,44.0,44.0,No,0.50057805,1,Medium,1.0,Medium,tenure | Contract Month-to-month | MonthlyCharges | PaperlessBilling No | InternetService Fiber optic,0.7157 | 0.617 | -0.5496 | -0.3033 | -0.2231,Increases churn risk | Increases churn risk | Reduces churn risk | Reduces churn risk | Reduces churn risk,Proactive retention communication; Offer long-term contract incentive; Provide new-customer support; Promote online security; Offer technical support
4075-JFPGR,Female,0,Yes,No,51,Yes,No,Fiber optic,Yes,Yes,Yes,No,Yes,No,One year,Yes,Electronic check,93.5,4619.55,No,0.06348936,0,Low,0.0,Low,Contract Month-to-month | tenure | TotalCharges | OnlineSecurity No | PaymentMethod Electronic check,-1.131 | -0.7123 | -0.3498 | -0.323 | 0.2995,Reduces churn risk | Reduces churn risk | Reduces churn risk | Reduces churn risk | Increases churn risk,Maintain regular engagement; Offer technical support; Review pricing
3339-EAQNV,Male,1,Yes,No,72,Yes,Yes,Fiber optic,No,Yes,No,No,Yes,Yes,One year,Yes,Credit card (automatic),97.25,7133.1,No,0.11280561,0,Low,0.0,Low,tenure | Contract Month-to-month | TotalCharges | PaymentMethod Electronic check | OnlineSecurity No,-1.5938 | -1.136 | -0.3305 | -0.2849 | 0.2452,Reduces churn risk | Reduces churn risk | Reduces churn risk | Reduces churn risk | Increases churn risk,Maintain regular engagement; Promote online security; Offer technical support; Review pricing
5329-KRDTM,Male,1,Yes,No,72,Yes,Yes,DSL,No,Yes,Yes,Yes,Yes,No,Two year,No,Credit card (automatic),77.35,5396.25,No,0.0142263835,0,Low,0.0,Low,tenure | Contract Month-to-month | Contract Two year | TechSupport No | SeniorCitizen,-1.5675 | -0.9461 | -0.5824 | -0.3577 | 0.3494,Reduces churn risk | Reduces churn risk | Reduces churn risk | Reduces churn risk | Increases churn risk,Maintain regular engagement; Promote online security
0307-BCOPK,Female,0,No,No,16,Yes,No,No,No internet service,No internet service,No internet service,No internet service,No internet service,No internet service,One year,No,Mailed check,19.05,326.65,No,0.004653091,0,Low,1.0,Low,Contract Month-to-month | MonthlyCharges | OnlineSecurity No | PaperlessBilling No | TechSupport No,-1.3671 | -1.3538 | -0.4518 | -0.3368 | -0.2209,Reduces churn risk | Reduces churn risk | Reduces churn risk | Reduces churn risk | Reduces churn risk,Maintain regular engagement
6473-ULUHT,Male,0,Yes,Yes,16,Yes,Yes,DSL,Yes,Yes,No,Yes,Yes,Yes,Month-to-month,No,Electronic check,84.9,1398.25,No,0.12826301,0,Low,1.0,Low,Contract Month-to-month | TechSupport No | OnlineSecurity No | InternetService Fiber optic | OnlineBackup No,0.3618 | -0.3553 | -0.3236 | -0.2382 | -0.2205,Increases churn risk | Reduces churn risk | Reduces churn risk | Reduces churn risk | Reduces churn risk,Maintain regular engagement; Offer long-term contract incentive; Review pricing
1194-SPVSP,Male,0,No,No,1,Yes,No,No,No internet service,No internet service,No internet service,No internet service,No internet service,No internet service,Month-to-month,No,Bank transfer (automatic),19.65,19.65,No,0.24942471,0,Low,1.0,Low,tenure | Contract Month-to-month | OnlineSecurity No | PaymentMethod Mailed check | TechSupport No,0.6624 | 0.5472 | -0.4901 | -0.3521 | -0.3205,Increases churn risk | Increases churn risk | Reduces churn risk | Reduces churn risk | Reduces churn risk,Maintain regular engagement; Offer long-term contract incentive; Provide new-customer support
7249-WBIYX,Male,0,Yes,No,10,Yes,Yes,Fiber optic,No,No,No,No,Yes,No,Month-to-month,Yes,Electronic check,85.6,813.85,Yes,0.92563677,1,High,1.0,Critical,Contract Month-to-month | tenure | OnlineSecurity No | InternetService Fiber optic | PaymentMethod Electronic check,0.7026 | 0.3345 | 0.248 | 0.2235 | 0.221,Increases churn risk | Increases churn risk | Increases churn risk | Increases churn risk | Increases churn risk,Immediate personal outreach; Offer long-term contract incentive; Promote online security; Offer technical support; Review pricing
2293-IJWPS,Female,0,Yes,No,57,Yes,Yes,Fiber optic,No,No,Yes,No,Yes,Yes,One year,Yes,Credit card (automatic),100.75,5985.0,No,0.2902999,0,Low,0.0,Low,Contract Month-to-month | tenure | PaymentMethod Electronic check | MonthlyCharges | StreamingMovies Yes,-1.061 | -0.4514 | -0.3123 | 0.2554 | 0.1729,Reduces churn risk | Reduces churn risk | Reduces churn risk | Increases churn risk | Increases churn risk,Maintain regular engagement; Promote online security; Offer technical support; Review pricing
4377-VDHYI,Male,0,Yes,Yes,32,Yes,No,Fiber optic,Yes,Yes,No,No,No,Yes,One year,Yes,Electronic check,90.8,3023.85,No,0.09023681,0,Low,0.0,Low,Contract Month-to-month | tenure | OnlineSecurity No | MonthlyCharges | OnlineBackup No,-0.8376 | -0.4402 | -0.4395 | -0.2983 | -0.2366,Reduces churn risk | Reduces churn risk | Reduces churn risk | Reduces churn risk | Reduces churn risk,Maintain regular engagement; Offer technical support; Review pricing
0019-EFAEP,Female,0,No,No,72,Yes,Yes,Fiber optic,Yes,Yes,Yes,No,Yes,No,Two year,Yes,Bank transfer (automatic),101.3,7261.25,No,0.0056236186,0,Low,0.0,Low,tenure | Contract Month-to-month | Contract Two year | OnlineSecurity No | TotalCharges,-1.7928 | -1.4414 | -0.6619 | -0.5131 | -0.3912,Reduces churn risk | Reduces churn risk | Reduces churn risk | Reduces churn risk | Reduces churn risk,Maintain regular engagement; Offer technical support; Review pricing
2480-EJWYP,Female,1,Yes,No,58,Yes,Yes,Fiber optic,No,Yes,No,No,Yes,Yes,One year,Yes,Bank transfer (automatic),97.8,5458.8,No,0.46723,0,Medium,0.0,Medium,Contract Month-to-month | tenure | MonthlyCharges | PaymentMethod Electronic check | OnlineSecurity No,-1.0118 | -0.3491 | 0.2909 | -0.2176 | 0.2057,Reduces churn risk | Reduces churn risk | Increases churn risk | Reduces churn risk | Increases churn risk,Proactive retention communication; Promote online security; Offer technical support; Review pricing
8970-ANWXO,Female,0,No,No,23,Yes,Yes,DSL,No,No,No,Yes,Yes,Yes,One year,Yes,Mailed check,73.75,1756.6,No,0.05062713,0,Low,1.0,Low,Contract Month-to-month | TechSupport No | tenure | TotalCharges | PaymentMethod Electronic check,-0.9569 | -0.3562 | -0.3503 | -0.2941 | -0.2859,Reduces churn risk | Reduces churn risk | Reduces churn risk | Reduces churn risk | Reduces churn risk,Maintain regular engagement; Promote online security
8739-WWKDU,Male,1,No,No,25,Yes,Yes,Fiber optic,No,Yes,No,No,Yes,No,Month-to-month,Yes,Electronic check,89.5,2196.15,Yes,0.85441506,1,High,1.0,Critical,Contract Month-to-month | PaymentMethod Electronic check | OnlineSecurity No | InternetService Fiber optic | TechSupport No,0.6438 | 0.271 | 0.2417 | 0.2056 | 0.1335,Increases churn risk | Increases churn risk | Increases churn risk | Increases churn risk | Increases churn risk,Immediate personal outreach; Offer long-term contract incentive; Promote online security; Offer technical support; Review pricing
2171-UDMFD,Male,0,Yes,Yes,32,Yes,No,No,No internet service,No internet service,No internet service,No internet service,No internet service,No internet service,Month-to-month,Yes,Credit card (automatic),19.45,674.55,No,0.137322,0,Low,1.0,Low,Contract Month-to-month | PaymentMethod Credit card (automatic) | OnlineSecurity No | TechSupport No | tenure,0.4811 | -0.4453 | -0.4428 | -0.347 | -0.3272,Increases churn risk | Reduces churn risk | Reduces churn risk | Reduces churn risk | Reduces churn risk,Maintain regular engagement; Offer long-term contract incentive
7036-TYDEC,Female,0,No,No,69,Yes,Yes,Fiber optic,No,No,Yes,Yes,Yes,Yes,Two year,No,Electronic check,104.0,7028.5,No,0.13580655,0,Low,0.0,Low,Contract Month-to-month | Contract Two year | PaperlessBilling No | tenure | MonthlyCharges,-1.0129 | -0.4881 | -0.3318 | -0.33 | 0.3136,Reduces churn risk | Reduces churn risk | Reduces churn risk | Reduces churn risk | Increases churn risk,Maintain regular engagement; Promote online security; Review pricing
3831-YCPUO,Female,0,Yes,Yes,72,Yes,No,Fiber optic,Yes,Yes,Yes,Yes,Yes,Yes,Two year,Yes,Credit card (automatic),109.5,7854.9,No,0.004210943,0,Low,0.0,Low,tenure | Contract Month-to-month | Contract Two year | OnlineSecurity No | MonthlyCharges,-1.7642 | -1.0927 | -0.814 | -0.4171 | 0.2673,Reduces churn risk | Reduces churn risk | Reduces churn risk | Reduces churn risk | Increases churn risk,Maintain regular engagement; Review pricing
0121-SNYRK,Male,0,No,No,50,No,No phone service,DSL,Yes,No,No,Yes,No,No,One year,Yes,Mailed check,35.4,1748.9,No,0.0053377748,0,Low,1.0,Low,Contract Month-to-month | tenure | TotalCharges | OnlineSecurity No | StreamingMovies Yes,-1.014 | -0.8024 | -0.4906 | -0.4876 | -0.4279,Reduces churn risk | Reduces churn risk | Reduces churn risk | Reduces churn risk | Reduces churn risk,Maintain regular engagement
3325-FUYCG,Male,0,Yes,Yes,28,Yes,Yes,Fiber optic,Yes,Yes,No,No,Yes,Yes,One year,No,Electronic check,106.1,2847.4,Yes,0.12046275,0,Low,0.0,Low,Contract Month-to-month | OnlineSecurity No | Dependents No | PaperlessBilling No | OnlineBackup No,-0.9626 | -0.36 | -0.3256 | -0.2505 | -0.1899,Reduces churn risk | Reduces churn risk | Reduces churn risk | Reduces churn risk | Reduces churn risk,Maintain regular engagement; Offer technical support; Review pricing
1952-DVVSW,Female,0,Yes,No,10,Yes,No,No,No internet service,No internet service,No internet service,No internet service,No internet service,No internet service,One year,No,Mailed check,20.1,184.4,No,0.037718788,0,Low,1.0,Low,Contract Month-to-month | OnlineSecurity No | StreamingMovies Yes | TechSupport No | PaymentMethod Mailed check,-1.4028 | -0.4307 | -0.203 | -0.1958 | -0.1628,Reduces churn risk | Reduces churn risk | Reduces churn risk | Reduces churn risk | Reduces churn risk,Maintain regular engagement
3571-DPYUH,Male,0,Yes,Yes,58,Yes,Yes,Fiber optic,No,Yes,No,Yes,Yes,No,One year,Yes,Credit card (automatic),94.7,5430.35,No,0.059762754,0,Low,0.0,Low,Contract Month-to-month | tenure | StreamingMovies Yes | TechSupport No | MonthlyCharges,-0.9163 | -0.6796 | -0.379 | -0.3345 | 0.3114,Reduces churn risk | Reduces churn risk | Reduces churn risk | Reduces churn risk | Increases churn risk,Maintain regular engagement; Promote online security; Review pricing
2077-MPJQO,Male,1,Yes,No,7,Yes,Yes,Fiber optic,No,No,No,No,No,No,Month-to-month,Yes,Electronic check,75.4,533.05,No,0.8831669,1,High,1.0,Critical,Contract Month-to-month | OnlineSecurity No | PaymentMethod Electronic check | tenure | InternetService Fiber optic,0.7087 | 0.242 | 0.2324 | 0.205 | 0.2039,Increases churn risk | Increases churn risk | Increases churn risk | Increases churn risk | Increases churn risk,Immediate personal outreach; Offer long-term contract incentive; Promote online security; Offer technical support
2391-SOORI,Male,0,No,Yes,4,Yes,No,DSL,Yes,No,No,No,No,No,Month-to-month,No,Electronic check,49.35,219.65,Yes,0.40466842,0,Medium,1.0,Medium,OnlineSecurity No | Contract Month-to-month | PaperlessBilling No | PaymentMethod Electronic check | TechSupport No,-0.6647 | 0.4853 | -0.3109 | 0.1621 | 0.1578,Reduces churn risk | Increases churn risk | Reduces churn risk | Increases churn risk | Increases churn risk,Proactive retention communication; Offer long-term contract incentive; Provide new-customer support; Offer technical support
4086-ATNFV,Female,0,Yes,Yes,34,Yes,No,DSL,Yes,Yes,Yes,No,No,No,One year,Yes,Mailed check,60.8,2042.05,No,0.027613929,0,Low,1.0,Low,Contract Month-to-month | tenure | OnlineSecurity No | StreamingMovies Yes | TotalCharges,-1.1036 | -0.5287 | -0.3904 | -0.3386 | -0.2707,Reduces churn risk | Reduces churn risk | Reduces churn risk | Reduces churn risk | Reduces churn risk,Maintain regular engagement; Offer technical support
3396-DKDEL,Female,0,Yes,Yes,70,Yes,Yes,Fiber optic,Yes,Yes,Yes,Yes,Yes,Yes,Two year,Yes,Credit card (automatic),115.15,8250.0,No,0.022638788,0,Low,0.0,Low,Contract Month-to-month | Contract Two year | OnlineSecurity No | tenure | Dependents No,-1.0818 | -0.6301 | -0.3797 | -0.2914 | -0.272,Reduces churn risk | Reduces churn risk | Reduces churn risk | Reduces churn risk | Reduces churn risk,Maintain regular engagement; Review pricing
7471-MQPOS,Male,1,Yes,Yes,71,Yes,Yes,DSL,No,Yes,Yes,Yes,No,Yes,One year,Yes,Bank transfer (automatic),72.9,5139.65,No,0.16383073,0,Low,0.0,Low,tenure | Contract Month-to-month | TechSupport No | Contract One year | MonthlyCharges,-1.0147 | -0.5305 | -0.3092 | 0.2474 | -0.2385,Reduces churn risk | Reduces churn risk | Reduces churn risk | Increases churn risk | Reduces churn risk,Maintain regular engagement; Promote online security
7181-OQCUT,Male,0,No,No,21,Yes,Yes,Fiber optic,Yes,No,Yes,No,Yes,Yes,Month-to-month,No,Mailed check,103.85,2215.0,No,0.6219533,1,Medium,1.0,Medium,MonthlyCharges | Contract Month-to-month | OnlineSecurity No | PaperlessBilling No | InternetService Fiber optic,0.5771 | 0.4773 | -0.4479 | -0.3641 | 0.2555,Increases churn risk | Increases churn risk | Reduces churn risk | Reduces churn risk | Increases churn risk,Proactive retention communication; Offer long-term contract incentive; Offer technical support; Review pricing
3489-VSFRD,Female,0,No,No,56,Yes,No,DSL,Yes,No,Yes,Yes,No,No,One year,Yes,Credit card (automatic),60.25,3282.75,No,0.025010742,0,Low,0.0,Low,Contract Month-to-month | tenure | StreamingMovies Yes | OnlineSecurity No | PaymentMethod Electronic check,-0.8624 | -0.7105 | -0.3163 | -0.3062 | -0.2626,Reduces churn risk | Reduces churn risk | Reduces churn risk | Reduces churn risk | Reduces churn risk,Maintain regular engagement
6283-GITPX,Male,0,No,Yes,71,Yes,No,DSL,Yes,Yes,Yes,Yes,Yes,No,Two year,Yes,Credit card (automatic),76.9,5522.7,No,0.00546727,0,Low,0.0,Low,tenure | Contract Month-to-month | Contract Two year | OnlineSecurity No | MonthlyCharges,-1.2062 | -0.9061 | -0.6379 | -0.4008 | -0.2938,Reduces churn risk | Reduces churn risk | Reduces churn risk | Reduces churn risk | Reduces churn risk,Maintain regular engagement
2845-HSJCY,Female,0,Yes,Yes,14,Yes,Yes,Fiber optic,No,No,Yes,No,No,Yes,Month-to-month,Yes,Electronic check,87.25,1258.6,Yes,0.8055715,1,High,1.0,Critical,Contract Month-to-month | OnlineSecurity No | TotalCharges | PaymentMethod Electronic check | Dependents No,0.644 | 0.2227 | -0.2165 | 0.1905 | -0.1595,Increases churn risk | Increases churn risk | Reduces churn risk | Increases churn risk | Reduces churn risk,Immediate personal outreach; Offer long-term contract incentive; Promote online security; Offer technical support; Review pricing
7216-KAOID,Male,0,Yes,Yes,41,Yes,No,No,No internet service,No internet service,No internet service,No internet service,No internet service,No internet service,One year,No,Bank transfer (automatic),19.5,798.2,No,0.018193068,0,Low,1.0,Low,Contract Month-to-month | OnlineSecurity No | tenure | StreamingMovies Yes | TechSupport No,-1.256 | -0.4066 | -0.3196 | -0.2563 | -0.2174,Reduces churn risk | Reduces churn risk | Reduces churn risk | Reduces churn risk | Reduces churn risk,Maintain regular engagement
6680-WKXRZ,Female,0,No,No,3,Yes,Yes,Fiber optic,No,No,No,No,No,No,Month-to-month,No,Bank transfer (automatic),74.4,215.8,Yes,0.67553705,1,Medium,1.0,Medium,Contract Month-to-month | PaperlessBilling No | tenure | OnlineSecurity No | InternetService Fiber optic,0.6505 | -0.4267 | 0.274 | 0.2455 | 0.2415,Increases churn risk | Reduces churn risk | Increases churn risk | Increases churn risk | Increases churn risk,Proactive retention communication; Offer long-term contract incentive; Provide new-customer support; Promote online security; Offer technical support
2346-LOCWC,Female,0,Yes,Yes,58,Yes,No,No,No internet service,No internet service,No internet service,No internet service,No internet service,No internet service,Two year,No,Credit card (automatic),20.5,1191.4,No,0.0022443314,0,Low,1.0,Low,Contract Month-to-month | Contract Two year | MonthlyCharges | tenure | OnlineSecurity No,-1.1976 | -0.8132 | -0.7191 | -0.3749 | -0.3641,Reduces churn risk | Reduces churn risk | Reduces churn risk | Reduces churn risk | Reduces churn risk,Maintain regular engagement
0769-MURVM,Female,0,Yes,Yes,72,No,No phone service,DSL,Yes,Yes,Yes,Yes,Yes,Yes,Two year,No,Bank transfer (automatic),65.7,4575.35,No,0.0024681555,0,Low,0.0,Low,tenure | Contract Month-to-month | Contract Two year | MonthlyCharges | OnlineSecurity No,-1.5165 | -1.1392 | -0.7782 | -0.4416 | -0.3434,Reduces churn risk | Reduces churn risk | Reduces churn risk | Reduces churn risk | Reduces churn risk,Maintain regular engagement
3374-LXDEV,Female,0,No,No,13,Yes,Yes,Fiber optic,No,Yes,Yes,Yes,No,No,Month-to-month,No,Electronic check,89.4,1132.35,Yes,0.5015314,1,Medium,1.0,Medium,Contract Month-to-month | PaperlessBilling No | TotalCharges | TechSupport No | OnlineBackup No,0.5357 | -0.4492 | 0.3281 | -0.304 | -0.2364,Increases churn risk | Reduces churn risk | Increases churn risk | Reduces churn risk | Reduces churn risk,Proactive retention communication; Offer long-term contract incentive; Promote online security; Review pricing
5318-YKDPV,Male,0,Yes,Yes,43,Yes,No,DSL,Yes,No,Yes,Yes,Yes,Yes,Two year,Yes,Credit card (automatic),79.15,3566.6,No,0.009835223,0,Low,0.0,Low,Contract Month-to-month | Contract Two year | TotalCharges | OnlineSecurity No | tenure,-0.914 | -0.7985 | -0.378 | -0.2778 | -0.2696,Reduces churn risk | Reduces churn risk | Reduces churn risk | Reduces churn risk | Reduces churn risk,Maintain regular engagement
8190-ZTQFB,Male,0,No,No,41,No,No phone service,DSL,No,No,Yes,No,Yes,Yes,One year,Yes,Electronic check,51.35,2075.1,No,0.26318815,0,Low,1.0,Low,Contract Month-to-month | tenure | TotalCharges | OnlineSecurity No | MonthlyCharges,-1.1031 | -0.3775 | -0.335 | 0.3221 | -0.2413,Reduces churn risk | Reduces churn risk | Reduces churn risk | Increases churn risk | Reduces churn risk,Maintain regular engagement; Promote online security; Offer technical support
4512-ZUIYL,Female,0,No,No,2,Yes,No,Fiber optic,No,No,No,No,No,No,Month-to-month,No,Bank transfer (automatic),70.0,153.05,Yes,0.6626862,1,Medium,1.0,Medium,Contract Month-to-month | tenure | PaperlessBilling No | PaymentMethod Electronic check | OnlineSecurity No,0.627 | 0.3007 | -0.2849 | -0.2342 | 0.2292,Increases churn risk | Increases churn risk | Reduces churn risk | Reduces churn risk | Increases churn risk,Proactive retention communication; Offer long-term contract incentive; Provide new-customer support; Promote online security; Offer technical support
3090-QFUVD,Female,0,No,No,1,Yes,No,No,No internet service,No internet service,No internet service,No internet service,No internet service,No internet service,Month-to-month,No,Credit card (automatic),20.3,20.3,No,0.17852288,0,Low,1.0,Low,tenure | Contract Month-to-month | OnlineSecurity No | PaymentMethod Credit card (automatic) | PaymentMethod Mailed check,0.6784 | 0.5504 | -0.4751 | -0.3658 | -0.3453,Increases churn risk | Increases churn risk | Reduces churn risk | Reduces churn risk | Reduces churn risk,Maintain regular engagement; Offer long-term contract incentive; Provide new-customer support
4806-KEXQR,Male,0,No,No,4,Yes,No,Fiber optic,No,No,No,No,No,Yes,Month-to-month,Yes,Electronic check,79.9,324.3,Yes,0.753611,1,High,1.0,Critical,Contract Month-to-month | OnlineSecurity No | MultipleLines No | PaymentMethod Electronic check | InternetService Fiber optic,0.644 | 0.3042 | -0.2508 | 0.1959 | 0.1531,Increases churn risk | Increases churn risk | Reduces churn risk | Increases churn risk | Increases churn risk,Priority retention outreach; Offer long-term contract incentive; Provide new-customer support; Promote online security; Offer technical support
2369-FEVNO,Male,0,No,No,1,Yes,No,No,No internet service,No internet service,No internet service,No internet service,No internet service,No internet service,Month-to-month,Yes,Mailed check,19.9,19.9,No,0.8316054,1,High,1.0,Critical,tenure | Contract Month-to-month | TotalCharges | OnlineSecurity No | TechSupport No,1.2451 | 0.6517 | 0.445 | -0.3321 | -0.3041,Increases churn risk | Increases churn risk | Increases churn risk | Reduces churn risk | Reduces churn risk,Immediate personal outreach; Offer long-term contract incentive; Provide new-customer support
9637-CDTKZ,Male,0,Yes,No,72,Yes,Yes,Fiber optic,Yes,Yes,Yes,Yes,Yes,Yes,Two year,Yes,Credit card (automatic),114.1,8086.4,No,0.0054299836,0,Low,0.0,Low,tenure | Contract Month-to-month | Contract Two year | OnlineSecurity No | Contract One year,-1.622 | -1.1045 | -0.9077 | -0.5246 | -0.3712,Reduces churn risk | Reduces churn risk | Reduces churn risk | Reduces churn risk | Reduces churn risk,Maintain regular engagement; Review pricing
2954-PIBKO,Female,0,Yes,Yes,69,Yes,Yes,DSL,Yes,No,Yes,Yes,No,No,Two year,Yes,Credit card (automatic),64.15,4254.1,No,0.018690415,0,Low,0.0,Low,Contract Month-to-month | Contract Two year | tenure | TotalCharges | MonthlyCharges,-0.9985 | -0.5725 | -0.5351 | -0.4112 | -0.3433,Reduces churn risk | Reduces churn risk | Reduces churn risk | Reduces churn risk | Reduces churn risk,Maintain regular engagement
2212-LYASK,Male,0,Yes,Yes,27,No,No phone service,DSL,No,Yes,Yes,No,No,Yes,One year,Yes,Credit card (automatic),45.85,1246.4,No,0.100190036,0,Low,1.0,Low,Contract Month-to-month | tenure | PaymentMethod Credit card (automatic) | TotalCharges | PaymentMethod Electronic check,-0.8723 | -0.426 | -0.3697 | -0.3214 | -0.2072,Reduces churn risk | Reduces churn risk | Reduces churn risk | Reduces churn risk | Reduces churn risk,Maintain regular engagement; Promote online security; Offer technical support
9481-SFCQY,Female,0,No,Yes,14,Yes,No,DSL,No,No,Yes,No,Yes,No,Month-to-month,Yes,Credit card (automatic),59.8,824.85,No,0.22400679,0,Low,1.0,Low,Contract Month-to-month | PaymentMethod Electronic check | MonthlyCharges | tenure | InternetService Fiber optic,0.4876 | -0.3629 | -0.3131 | -0.2362 | -0.2272,Increases churn risk | Reduces churn risk | Reduces churn risk | Reduces churn risk | Reduces churn risk,Maintain regular engagement; Offer long-term contract incentive; Promote online security; Offer technical support
2828-SLQPF,Male,0,No,No,19,Yes,No,DSL,No,No,No,No,No,No,Month-to-month,Yes,Bank transfer (automatic),45.0,865.85,No,0.42517978,0,Medium,1.0,Medium,Contract Month-to-month | PaymentMethod Electronic check | InternetService Fiber optic | tenure | InternetService DSL,0.4665 | -0.4311 | -0.2334 | -0.226 | -0.1836,Increases churn risk | Reduces churn risk | Reduces churn risk | Reduces churn risk | Reduces churn risk,Proactive retention communication; Offer long-term contract incentive; Promote online security; Offer technical support
4647-MUZON,Female,0,Yes,No,18,Yes,No,Fiber optic,No,No,Yes,No,Yes,Yes,Month-to-month,Yes,Credit card (automatic),95.95,1745.5,No,0.5004319,1,Medium,1.0,Medium,Contract Month-to-month | PaymentMethod Electronic check | TotalCharges | tenure | MultipleLines No,0.5407 | -0.3141 | -0.2868 | -0.2583 | -0.257,Increases churn risk | Reduces churn risk | Reduces churn risk | Reduces churn risk | Reduces churn risk,Proactive retention communication; Offer long-term contract incentive; Promote online security; Offer technical support; Review pricing
8212-DJRCH,Male,0,Yes,Yes,5,Yes,No,Fiber optic,Yes,No,Yes,No,No,Yes,Month-to-month,Yes,Mailed check,90.35,434.5,No,0.70364773,1,High,1.0,Critical,OnlineSecurity No | tenure | Contract Month-to-month | InternetService Fiber optic | TotalCharges,-0.6869 | 0.6503 | 0.5372 | 0.2704 | 0.2626,Reduces churn risk | Increases churn risk | Increases churn risk | Increases churn risk | Increases churn risk,Priority retention outreach; Offer long-term contract incentive; Provide new-customer support; Offer technical support; Review pricing
0516-OOHAR,Male,0,Yes,Yes,28,Yes,No,Fiber optic,No,Yes,Yes,No,Yes,Yes,One year,No,Bank transfer (automatic),100.35,2799.0,No,0.14493343,0,Low,0.0,Low,Contract Month-to-month | tenure | PaperlessBilling No | PaymentMethod Electronic check | StreamingMovies Yes,-0.9874 | -0.3874 | -0.3647 | -0.2158 | 0.1425,Reduces churn risk | Reduces churn risk | Reduces churn risk | Reduces churn risk | Increases churn risk,Maintain regular engagement; Promote online security; Offer technical support; Review pricing
4973-RLZVI,Female,0,No,No,30,Yes,No,DSL,Yes,Yes,Yes,Yes,Yes,No,One year,No,Credit card (automatic),74.65,2308.6,No,0.12793045,0,Low,1.0,Low,Contract Month-to-month | OnlineSecurity No | StreamingMovies Yes | tenure | TotalCharges,-0.8814 | -0.3165 | -0.3143 | -0.2929 | 0.1839,Reduces churn risk | Reduces churn risk | Reduces churn risk | Reduces churn risk | Increases churn risk,Maintain regular engagement
8089-UZWLX,Female,1,No,No,71,Yes,Yes,Fiber optic,No,No,Yes,No,Yes,Yes,Two year,No,Bank transfer (automatic),104.05,7413.55,No,0.048457984,0,Low,0.0,Low,Contract Month-to-month | tenure | Contract Two year | PaperlessBilling No | OnlineSecurity No,-1.2865 | -1.0016 | -0.4067 | -0.3464 | 0.2754,Reduces churn risk | Reduces churn risk | Reduces churn risk | Reduces churn risk | Increases churn risk,Maintain regular engagement; Promote online security; Offer technical support; Review pricing
9732-KPKBW,Male,0,No,No,1,Yes,No,DSL,Yes,No,No,Yes,No,No,Month-to-month,Yes,Electronic check,53.95,53.95,Yes,0.50682473,1,Medium,1.0,Medium,tenure | Contract Month-to-month | OnlineSecurity No | TechSupport No | PaymentMethod Electronic check,0.5779 | 0.5352 | -0.4733 | -0.4455 | 0.2314,Increases churn risk | Increases churn risk | Reduces churn risk | Reduces churn risk | Increases churn risk,Proactive retention communication; Offer long-term contract incentive; Provide new-customer support
9715-WZCLW,Male,0,Yes,Yes,71,Yes,Yes,Fiber optic,Yes,No,No,No,Yes,Yes,Two year,Yes,Electronic check,97.2,6910.3,No,0.061540414,0,Low,0.0,Low,Contract Month-to-month | tenure | OnlineSecurity No | Contract Two year | OnlineBackup No,-1.1476 | -1.061 | -0.6366 | -0.4637 | 0.2756,Reduces churn risk | Reduces churn risk | Reduces churn risk | Reduces churn risk | Increases churn risk,Maintain regular engagement; Offer technical support; Review pricing
0257-KXZGU,Female,0,Yes,Yes,32,Yes,Yes,DSL,No,Yes,Yes,No,No,No,Month-to-month,No,Bank transfer (automatic),62.45,2045.55,No,0.07991365,0,Low,1.0,Low,tenure | Contract Month-to-month | TotalCharges | MonthlyCharges | PaperlessBilling No,-0.5536 | 0.4139 | -0.3904 | -0.2942 | -0.2839,Reduces churn risk | Increases churn risk | Reduces churn risk | Reduces churn risk | Reduces churn risk,Maintain regular engagement; Offer long-term contract incentive; Promote online security; Offer technical support
0707-HOVVN,Female,1,No,No,70,Yes,Yes,DSL,No,Yes,Yes,Yes,Yes,No,Two year,Yes,Bank transfer (automatic),75.5,5212.65,No,0.034204282,0,Low,0.0,Low,Contract Month-to-month | MonthlyCharges | tenure | TechSupport No | Contract Two year,-1.0487 | -0.4501 | -0.433 | -0.3455 | -0.3177,Reduces churn risk | Reduces churn risk | Reduces churn risk | Reduces churn risk | Reduces churn risk,Maintain regular engagement; Promote online security
5501-TVMGM,Male,0,No,No,1,Yes,No,DSL,No,No,No,No,No,Yes,Month-to-month,Yes,Electronic check,55.25,55.25,No,0.7144595,1,High,1.0,Critical,tenure | Contract Month-to-month | MonthlyCharges | InternetService DSL | InternetService Fiber optic,0.8212 | 0.5928 | -0.4449 | -0.3067 | -0.2757,Increases churn risk | Increases churn risk | Reduces churn risk | Reduces churn risk | Reduces churn risk,Priority retention outreach; Offer long-term contract incentive; Provide new-customer support; Promote online security; Offer technical support
3422-LYEPQ,Male,0,Yes,Yes,1,Yes,No,Fiber optic,No,No,No,No,No,No,Month-to-month,Yes,Electronic check,71.0,71.0,Yes,0.88266164,1,High,1.0,Critical,tenure | Contract Month-to-month | OnlineSecurity No | Dependents No | TechSupport No,0.816 | 0.7039 | 0.2158 | -0.2066 | 0.1811,Increases churn risk | Increases churn risk | Increases churn risk | Reduces churn risk | Increases churn risk,Immediate personal outreach; Offer long-term contract incentive; Provide new-customer support; Promote online security; Offer technical support
2277-VWCNI,Female,1,No,No,4,Yes,Yes,DSL,No,No,No,No,No,No,Month-to-month,No,Mailed check,48.75,179.85,No,0.67164993,1,Medium,1.0,Medium,Contract Month-to-month | tenure | SeniorCitizen | PaymentMethod Electronic check | OnlineSecurity No,0.5705 | 0.3948 | 0.3164 | -0.2879 | 0.2468,Increases churn risk | Increases churn risk | Increases churn risk | Reduces churn risk | Increases churn risk,Proactive retention communication; Offer long-term contract incentive; Provide new-customer support; Promote online security; Offer technical support
5461-QKNTN,Male,1,Yes,No,43,Yes,Yes,Fiber optic,No,Yes,No,Yes,Yes,No,Month-to-month,Yes,Electronic check,94.3,3953.15,No,0.41297397,0,Medium,0.0,Medium,TotalCharges | Contract Month-to-month | TechSupport No | tenure | PaymentMethod Electronic check,-0.5545 | 0.5004 | -0.4873 | -0.4713 | 0.2581,Reduces churn risk | Increases churn risk | Reduces churn risk | Reduces churn risk | Increases churn risk,Proactive retention communication; Offer long-term contract incentive; Promote online security; Review pricing
3967-KXAPS,Male,0,Yes,No,72,Yes,Yes,DSL,Yes,Yes,Yes,Yes,Yes,Yes,Two year,No,Credit card (automatic),92.3,6719.9,No,0.0020787497,0,Low,0.0,Low,tenure | Contract Month-to-month | Contract Two year | TotalCharges | OnlineSecurity No,-1.5803 | -1.0206 | -0.8847 | -0.3666 | -0.365,Reduces churn risk | Reduces churn risk | Reduces churn risk | Reduces churn risk | Reduces churn risk,Maintain regular engagement; Review pricing
6919-ELBGL,Male,1,Yes,Yes,72,Yes,Yes,Fiber optic,Yes,Yes,Yes,Yes,Yes,Yes,Two year,Yes,Bank transfer (automatic),114.95,8196.4,No,0.00833538,0,Low,0.0,Low,tenure | Contract Month-to-month | Contract Two year | OnlineSecurity No | Contract One year,-1.5975 | -1.1081 | -0.7748 | -0.5271 | -0.3023,Reduces churn risk | Reduces churn risk | Reduces churn risk | Reduces churn risk | Reduces churn risk,Maintain regular engagement; Review pricing
8361-LTMKD,Male,1,Yes,No,4,Yes,Yes,Fiber optic,No,No,No,No,No,No,Month-to-month,Yes,Mailed check,74.4,306.6,Yes,0.8216486,1,High,1.0,Critical,Contract Month-to-month | PaymentMethod Electronic check | tenure | OnlineSecurity No | InternetService Fiber optic,0.662 | -0.323 | 0.3001 | 0.287 | 0.2196,Increases churn risk | Reduces churn risk | Increases churn risk | Increases churn risk | Increases churn risk,Immediate personal outreach; Offer long-term contract incentive; Provide new-customer support; Promote online security; Offer technical support
1131-ALZWV,Female,0,No,No,24,Yes,Yes,No,No internet service,No internet service,No internet service,No internet service,No internet service,No internet service,One year,No,Bank transfer (automatic),24.6,605.25,No,0.08083947,0,Low,1.0,Low,Contract Month-to-month | OnlineSecurity No | TechSupport No | tenure | PaymentMethod Electronic check,-1.0448 | -0.3701 | -0.1937 | -0.1564 | -0.1384,Reduces churn risk | Reduces churn risk | Reduces churn risk | Reduces churn risk | Reduces churn risk,Maintain regular engagement
5178-LMXOP,Male,1,Yes,No,1,Yes,Yes,Fiber optic,No,No,No,No,Yes,Yes,Month-to-month,Yes,Electronic check,95.1,95.1,Yes,0.95171344,1,High,1.0,Critical,tenure | Contract Month-to-month | TotalCharges | OnlineSecurity No | MonthlyCharges,0.8754 | 0.6634 | 0.3063 | 0.2112 | -0.2068,Increases churn risk | Increases churn risk | Increases churn risk | Increases churn risk | Reduces churn risk,Immediate personal outreach; Offer long-term contract incentive; Provide new-customer support; Promote online security; Offer technical support; Review pricing
8992-CEUEN,Female,0,No,No,1,Yes,No,No,No internet service,No internet service,No internet service,No internet service,No internet service,No internet service,Month-to-month,No,Electronic check,18.85,18.85,No,0.15288134,0,Low,1.0,Low,MonthlyCharges | tenure | Contract Month-to-month | OnlineSecurity No | PaperlessBilling No,-1.0948 | 0.762 | 0.5374 | -0.5305 | -0.4553,Reduces churn risk | Increases churn risk | Increases churn risk | Reduces churn risk | Reduces churn risk,Maintain regular engagement; Offer long-term contract incentive; Provide new-customer support
3320-VEOYC,Male,1,No,No,14,Yes,Yes,Fiber optic,No,No,No,No,Yes,Yes,Month-to-month,Yes,Electronic check,95.6,1273.3,No,0.9055877,1,High,1.0,Critical,Contract Month-to-month | TotalCharges | MonthlyCharges | OnlineSecurity No | InternetService Fiber optic,0.5766 | -0.2196 | 0.2051 | 0.1943 | 0.1909,Increases churn risk | Reduces churn risk | Increases churn risk | Increases churn risk | Increases churn risk,Immediate personal outreach; Offer long-term contract incentive; Promote online security; Offer technical support; Review pricing
3672-YITQD,Male,1,Yes,No,36,Yes,Yes,Fiber optic,No,No,No,No,No,Yes,Month-to-month,Yes,Electronic check,84.1,3021.6,Yes,0.86720794,1,High,0.0,Critical,Contract Month-to-month | tenure | PaymentMethod Electronic check | OnlineSecurity No | MonthlyCharges,0.5817 | -0.519 | 0.2548 | 0.2375 | 0.2166,Increases churn risk | Reduces churn risk | Increases churn risk | Increases churn risk | Increases churn risk,Immediate personal outreach; Offer long-term contract incentive; Promote online security; Offer technical support; Review pricing
6080-TCMYC,Male,0,Yes,Yes,40,Yes,Yes,Fiber optic,No,No,Yes,No,No,No,Month-to-month,Yes,Electronic check,81.2,3292.3,No,0.65884984,1,Medium,0.0,Medium,Contract Month-to-month | tenure | PaymentMethod Electronic check | MonthlyCharges | OnlineSecurity No,0.5989 | -0.4673 | 0.3317 | -0.2036 | 0.1833,Increases churn risk | Reduces churn risk | Increases churn risk | Reduces churn risk | Increases churn risk,Proactive retention communication; Offer long-term contract incentive; Promote online security; Offer technical support; Review pricing
6734-FQAJX,Male,1,No,No,67,Yes,No,Fiber optic,Yes,Yes,No,Yes,Yes,Yes,Two year,Yes,Electronic check,105.05,7171.7,No,0.05728304,0,Low,0.0,Low,Contract Month-to-month | Contract Two year | OnlineSecurity No | tenure | OnlineBackup No,-0.8366 | -0.6589 | -0.3654 | -0.3546 | -0.2784,Reduces churn risk | Reduces churn risk | Reduces churn risk | Reduces churn risk | Reduces churn risk,Maintain regular engagement; Review pricing
1063-DHQJF,Male,0,Yes,Yes,69,Yes,No,Fiber optic,No,Yes,No,Yes,Yes,No,Two year,Yes,Mailed check,92.15,6480.9,No,0.0067321025,0,Low,0.0,Low,Contract Month-to-month | Contract Two year | tenure | TotalCharges | TechSupport No,-1.1001 | -0.772 | -0.6552 | -0.4638 | -0.3797,Reduces churn risk | Reduces churn risk | Reduces churn risk | Reduces churn risk | Reduces churn risk,Maintain regular engagement; Promote online security; Review pricing
3976-NLDEZ,Male,0,No,No,1,Yes,No,No,No internet service,No internet service,No internet service,No internet service,No internet service,No internet service,Month-to-month,No,Mailed check,20.6,20.6,No,0.6810193,1,Medium,1.0,Medium,tenure | Contract Month-to-month | OnlineSecurity No | TechSupport No | TotalCharges,1.1692 | 0.6099 | -0.3248 | -0.3059 | 0.2943,Increases churn risk | Increases churn risk | Reduces churn risk | Reduces churn risk | Increases churn risk,Proactive retention communication; Offer long-term contract incentive; Provide new-customer support
1729-VLAZJ,Female,0,No,Yes,10,No,No phone service,DSL,Yes,Yes,No,Yes,No,No,One year,No,Mailed check,40.25,411.45,No,0.01529468,0,Low,1.0,Low,Contract Month-to-month | MonthlyCharges | OnlineSecurity No | StreamingMovies Yes | TechSupport No,-1.1818 | -0.3692 | -0.366 | -0.3388 | -0.1879,Reduces churn risk | Reduces churn risk | Reduces churn risk | Reduces churn risk | Reduces churn risk,Maintain regular engagement
3400-ESFUW,Male,0,Yes,Yes,55,Yes,No,DSL,Yes,Yes,No,Yes,No,No,Two year,No,Bank transfer (automatic),57.55,3046.4,Yes,0.0064984118,0,Low,0.0,Low,Contract Month-to-month | Contract Two year | tenure | MonthlyCharges | TotalCharges,-0.9178 | -0.762 | -0.3758 | -0.3665 | -0.3088,Reduces churn risk | Reduces churn risk | Reduces churn risk | Reduces churn risk | Reduces churn risk,Maintain regular engagement
5271-YNWVR,Male,0,Yes,Yes,68,Yes,Yes,Fiber optic,Yes,Yes,Yes,Yes,Yes,Yes,Two year,Yes,Electronic check,113.15,7856.0,Yes,0.02737756,0,Low,0.0,Low,Contract Month-to-month | Contract Two year | OnlineSecurity No | tenure | TechSupport No,-0.9852 | -0.5685 | -0.5331 | -0.3216 | -0.2978,Reduces churn risk | Reduces churn risk | Reduces churn risk | Reduces churn risk | Reduces churn risk,Maintain regular engagement; Review pricing
1587-FKLZB,Male,1,Yes,Yes,66,Yes,Yes,Fiber optic,No,No,Yes,No,Yes,Yes,Month-to-month,Yes,Credit card (automatic),99.5,6822.15,Yes,0.67445254,1,Medium,0.0,Medium,tenure | MonthlyCharges | Contract Month-to-month | TotalCharges | PaymentMethod Electronic check,-0.6269 | 0.5383 | 0.5336 | -0.3867 | -0.3084,Reduces churn risk | Increases churn risk | Increases churn risk | Reduces churn risk | Reduces churn risk,Proactive retention communication; Offer long-term contract incentive; Promote online security; Offer technical support; Review pricing
0958-YHXGP,Female,0,No,No,7,Yes,No,Fiber optic,No,No,No,No,No,No,Month-to-month,Yes,Mailed check,69.9,497.3,No,0.6553407,1,Medium,1.0,Medium,Contract Month-to-month | PaymentMethod Electronic check | tenure | OnlineSecurity No | InternetService Fiber optic,0.6241 | -0.3874 | 0.2731 | 0.2083 | 0.1767,Increases churn risk | Reduces churn risk | Increases churn risk | Increases churn risk | Increases churn risk,Proactive retention communication; Offer long-term contract incentive; Promote online security; Offer technical support
1494-EJZDW,Female,0,Yes,Yes,10,Yes,No,No,No internet service,No internet service,No internet service,No internet service,No internet service,No internet service,Two year,No,Mailed check,20.15,220.8,No,0.00988055,0,Low,1.0,Low,Contract Month-to-month | Contract Two year | OnlineSecurity No | TechSupport No | PaymentMethod Mailed check,-1.3745 | -1.0112 | -0.4276 | -0.2239 | -0.1483,Reduces churn risk | Reduces churn risk | Reduces churn risk | Reduces churn risk | Reduces churn risk,Maintain regular engagement
1816-FLZDK,Male,0,No,No,1,No,No phone service,DSL,No,No,No,Yes,No,No,Month-to-month,No,Mailed check,29.15,29.15,No,0.36667022,0,Low,1.0,Low,tenure | TechSupport No | Contract Month-to-month | TechSupport Yes | InternetService Fiber optic,0.6755 | -0.6275 | 0.521 | -0.311 | -0.1947,Increases churn risk | Reduces churn risk | Increases churn risk | Reduces churn risk | Reduces churn risk,Maintain regular engagement; Offer long-term contract incentive; Provide new-customer support; Promote online security
2075-PUEPR,Male,0,Yes,Yes,55,Yes,No,No,No internet service,No internet service,No internet service,No internet service,No internet service,No internet service,Two year,No,Bank transfer (automatic),19.35,1153.25,No,0.025483768,0,Low,1.0,Low,Contract Month-to-month | Contract Two year | OnlineSecurity No | TechSupport No | Dependents No,-1.1821 | -0.629 | -0.3079 | -0.2503 | -0.2251,Reduces churn risk | Reduces churn risk | Reduces churn risk | Reduces churn risk | Reduces churn risk,Maintain regular engagement
1833-TCXKK,Male,0,Yes,No,45,Yes,Yes,Fiber optic,No,Yes,Yes,No,Yes,Yes,Month-to-month,Yes,Bank transfer (automatic),107.75,4882.8,No,0.74593246,1,High,0.0,Critical,tenure | Contract Month-to-month | PaymentMethod Electronic check | OnlineSecurity No | InternetService Fiber optic,-0.5564 | 0.458 | -0.3676 | 0.255 | 0.2513,Reduces churn risk | Increases churn risk | Reduces churn risk | Increases churn risk | Increases churn risk,Priority retention outreach; Offer long-term contract incentive; Promote online security; Offer technical support; Review pricing
1436-ZMJAN,Female,0,Yes,No,10,Yes,No,DSL,No,No,Yes,No,Yes,Yes,Month-to-month,Yes,Credit card (automatic),67.8,653.15,No,0.1564051,0,Low,1.0,Low,PaymentMethod Electronic check | Contract Month-to-month | MonthlyCharges | InternetService DSL | InternetService Fiber optic,-0.4844 | 0.4511 | -0.437 | -0.337 | -0.3201,Reduces churn risk | Increases churn risk | Reduces churn risk | Reduces churn risk | Reduces churn risk,Maintain regular engagement; Offer long-term contract incentive; Promote online security; Offer technical support
0106-UGRDO,Female,0,Yes,No,69,Yes,Yes,Fiber optic,Yes,Yes,Yes,Yes,Yes,Yes,Two year,Yes,Electronic check,116.0,8182.85,No,0.032382786,0,Low,0.0,Low,Contract Month-to-month | Contract Two year | OnlineSecurity No | tenure | Contract One year,-1.0284 | -0.698 | -0.4919 | -0.4552 | -0.3136,Reduces churn risk | Reduces churn risk | Reduces churn risk | Reduces churn risk | Reduces churn risk,Maintain regular engagement; Review pricing
1069-XAIEM,Female,1,No,No,1,Yes,Yes,Fiber optic,No,No,No,No,No,Yes,Month-to-month,Yes,Electronic check,85.05,85.05,Yes,0.97185105,1,High,1.0,Critical,tenure | Contract Month-to-month | OnlineSecurity No | MultipleLines No | MonthlyCharges,1.1191 | 0.7466 | 0.2559 | 0.1939 | 0.1918,Increases churn risk | Increases churn risk | Increases churn risk | Increases churn risk | Increases churn risk,Immediate personal outreach; Offer long-term contract incentive; Provide new-customer support; Promote online security; Offer technical support; Review pricing
4213-HKBJO,Female,0,No,No,33,Yes,Yes,No,No internet service,No internet service,No internet service,No internet service,No internet service,No internet service,Two year,No,Credit card (automatic),25.7,826.1,No,0.049008314,0,Low,1.0,Low,Contract Month-to-month | Contract Two year | OnlineSecurity No | tenure | TechSupport No,-1.1569 | -0.616 | -0.4125 | -0.2947 | -0.2465,Reduces churn risk | Reduces churn risk | Reduces churn risk | Reduces churn risk | Reduces churn risk,Maintain regular engagement
8345-MVDYC,Female,0,No,No,45,Yes,No,DSL,Yes,No,Yes,Yes,Yes,Yes,Two year,No,Bank transfer (automatic),81.65,3618.7,No,0.008628901,0,Low,0.0,Low,Contract Month-to-month | Contract Two year | tenure | TotalCharges | MonthlyCharges,-0.9625 | -0.7311 | -0.4807 | -0.3907 | -0.3899,Reduces churn risk | Reduces churn risk | Reduces churn risk | Reduces churn risk | Reduces churn risk,Maintain regular engagement; Review pricing
2672-OJQZP,Female,0,No,No,1,Yes,No,DSL,No,No,No,No,No,No,Month-to-month,No,Mailed check,44.75,44.75,No,0.5008918,1,Medium,1.0,Medium,tenure | Contract Month-to-month | MonthlyCharges | PaymentMethod Electronic check | PaperlessBilling No,0.9373 | 0.5938 | -0.3376 | -0.287 | -0.2741,Increases churn risk | Increases churn risk | Reduces churn risk | Reduces churn risk | Reduces churn risk,Proactive retention communication; Offer long-term contract incentive; Provide new-customer support; Promote online security; Offer technical support
5136-RGMZO,Male,0,No,No,31,Yes,Yes,DSL,No,Yes,No,Yes,Yes,No,Month-to-month,Yes,Electronic check,71.05,2168.15,No,0.13375308,0,Low,1.0,Low,tenure | TechSupport No | Contract Month-to-month | MonthlyCharges | InternetService Fiber optic,-0.531 | -0.4682 | 0.4375 | -0.425 | -0.4238,Reduces churn risk | Reduces churn risk | Increases churn risk | Reduces churn risk | Reduces churn risk,Maintain regular engagement; Offer long-term contract incentive; Promote online security
5774-QPLTF,Male,0,Yes,Yes,50,Yes,No,No,No internet service,No internet service,No internet service,No internet service,No internet service,No internet service,One year,Yes,Mailed check,20.35,938.95,No,0.0059304223,0,Low,1.0,Low,Contract Month-to-month | MonthlyCharges | tenure | OnlineSecurity No | TechSupport No,-1.0259 | -0.7924 | -0.7641 | -0.5217 | -0.3521,Reduces churn risk | Reduces churn risk | Reduces churn risk | Reduces churn risk | Reduces churn risk,Maintain regular engagement
5240-CAOYT,Female,0,No,No,57,Yes,Yes,Fiber optic,Yes,Yes,No,Yes,No,No,Month-to-month,Yes,Bank transfer (automatic),87.55,4884.85,No,0.024848534,0,Low,0.0,Low,tenure | OnlineSecurity No | TechSupport No | PaymentMethod Electronic check | Contract Month-to-month,-1.3213 | -0.5875 | -0.4485 | -0.3862 | 0.3612,Reduces churn risk | Reduces churn risk | Reduces churn risk | Reduces churn risk | Increases churn risk,Maintain regular engagement; Offer long-term contract incentive; Review pricing
3707-GNWHM,Male,0,No,No,1,Yes,Yes,Fiber optic,No,No,No,No,No,No,Month-to-month,Yes,Mailed check,74.25,74.25,Yes,0.9245568,1,High,1.0,Critical,tenure | Contract Month-to-month | PaymentMethod Electronic check | TotalCharges | OnlineSecurity No,1.0974 | 0.7004 | -0.3162 | 0.3092 | 0.2927,Increases churn risk | Increases churn risk | Reduces churn risk | Increases churn risk | Increases churn risk,Immediate personal outreach; Offer long-term contract incentive; Provide new-customer support; Promote online security; Offer technical support
5159-YFPKQ,Female,0,No,No,2,Yes,No,Fiber optic,No,No,Yes,No,No,No,Month-to-month,Yes,Electronic check,75.8,160.75,Yes,0.81659037,1,High,1.0,Critical,Contract Month-to-month | tenure | TotalCharges | OnlineSecurity No | MultipleLines No,0.6922 | 0.4003 | 0.2934 | 0.2655 | -0.1839,Increases churn risk | Increases churn risk | Increases churn risk | Increases churn risk | Reduces churn risk,Immediate personal outreach; Offer long-term contract incentive; Provide new-customer support; Promote online security; Offer technical support
5052-PNLOS,Male,0,No,No,3,Yes,Yes,Fiber optic,No,Yes,Yes,No,Yes,Yes,Month-to-month,Yes,Bank transfer (automatic),105.35,323.25,Yes,0.811885,1,High,1.0,Critical,Contract Month-to-month | PaymentMethod Electronic check | InternetService Fiber optic | OnlineSecurity No | MultipleLines No,0.5741 | -0.2633 | 0.2539 | 0.2496 | 0.193,Increases churn risk | Reduces churn risk | Increases churn risk | Increases churn risk | Increases churn risk,Immediate personal outreach; Offer long-term contract incentive; Provide new-customer support; Promote online security; Offer technical support; Review pricing
6173-GOLSU,Male,1,Yes,No,67,Yes,Yes,Fiber optic,No,No,No,No,Yes,Yes,Month-to-month,Yes,Credit card (automatic),94.65,6079.0,No,0.772051,1,High,0.0,Critical,tenure | Contract Month-to-month | PaymentMethod Electronic check | MonthlyCharges | InternetService Fiber optic,-0.7279 | 0.4322 | -0.3446 | 0.3303 | 0.2217,Reduces churn risk | Increases churn risk | Reduces churn risk | Increases churn risk | Increases churn risk,Priority retention outreach; Offer long-term contract incentive; Promote online security; Offer technical support; Review pricing
6661-HBGWL,Female,1,No,No,42,Yes,Yes,Fiber optic,No,Yes,Yes,No,Yes,Yes,Month-to-month,Yes,Bank transfer (automatic),104.75,4323.45,Yes,0.8281919,1,High,0.0,Critical,MonthlyCharges | Contract Month-to-month | PaymentMethod Electronic check | tenure | InternetService Fiber optic,0.5757 | 0.5683 | -0.3116 | -0.2306 | 0.2147,Increases churn risk | Increases churn risk | Reduces churn risk | Reduces churn risk | Increases churn risk,Immediate personal outreach; Offer long-term contract incentive; Promote online security; Offer technical support; Review pricing
8207-VVMYB,Female,0,Yes,No,70,Yes,Yes,No,No internet service,No internet service,No internet service,No internet service,No internet service,No internet service,Two year,Yes,Bank transfer (automatic),26.0,2006.95,No,0.0037207825,0,Low,1.0,Low,Contract Month-to-month | tenure | Contract Two year | TotalCharges | OnlineSecurity No,-1.2388 | -0.7229 | -0.6876 | -0.5963 | -0.4839,Reduces churn risk | Reduces churn risk | Reduces churn risk | Reduces churn risk | Reduces churn risk,Maintain regular engagement
5324-KTGCG,Male,0,Yes,No,71,Yes,No,No,No internet service,No internet service,No internet service,No internet service,No internet service,No internet service,One year,No,Electronic check,20.85,1539.75,No,0.012492199,0,Low,1.0,Low,tenure | Contract Month-to-month | OnlineSecurity No | MonthlyCharges | TechSupport No,-1.1309 | -0.9472 | -0.4908 | -0.4039 | -0.3369,Reduces churn risk | Reduces churn risk | Reduces churn risk | Reduces churn risk | Reduces churn risk,Maintain regular engagement
7354-OIJLX,Male,0,No,No,9,Yes,Yes,Fiber optic,No,No,No,No,No,No,Month-to-month,Yes,Electronic check,75.85,724.65,No,0.6596112,1,Medium,1.0,Medium,Contract Month-to-month | MonthlyCharges | tenure | OnlineSecurity No | PaymentMethod Electronic check,0.6801 | -0.3315 | -0.2869 | 0.2406 | 0.2047,Increases churn risk | Reduces churn risk | Reduces churn risk | Increases churn risk | Increases churn risk,Proactive retention communication; Offer long-term contract incentive; Promote online security; Offer technical support
9286-BHDQG,Male,0,Yes,Yes,72,No,No phone service,DSL,Yes,Yes,Yes,Yes,No,No,Two year,No,Credit card (automatic),45.25,3139.8,No,0.0033585266,0,Low,0.0,Low,tenure | Contract Month-to-month | Contract Two year | TechSupport No | OnlineSecurity No,-1.4565 | -1.0684 | -0.8265 | -0.3317 | -0.305,Reduces churn risk | Reduces churn risk | Reduces churn risk | Reduces churn risk | Reduces churn risk,Maintain regular engagement
3567-PQTSO,Male,0,Yes,Yes,53,Yes,Yes,Fiber optic,No,Yes,Yes,No,Yes,Yes,One year,Yes,Electronic check,105.25,5576.3,No,0.25494772,0,Low,0.0,Low,Contract Month-to-month | Dependents No | Dependents Yes | OnlineSecurity No | OnlineBackup No,-1.1678 | -0.5588 | -0.2288 | 0.2091 | -0.2036,Reduces churn risk | Reduces churn risk | Reduces churn risk | Increases churn risk | Reduces churn risk,Maintain regular engagement; Promote online security; Offer technical support; Review pricing
3197-ARFOY,Female,1,No,No,19,Yes,No,Fiber optic,Yes,Yes,No,Yes,Yes,Yes,Month-to-month,Yes,Mailed check,105.0,2007.25,No,0.5875542,1,Medium,1.0,Medium,MonthlyCharges | Contract Month-to-month | TechSupport No | InternetService Fiber optic | OnlineSecurity No,0.4909 | 0.4166 | -0.3645 | 0.2438 | -0.2421,Increases churn risk | Increases churn risk | Reduces churn risk | Increases churn risk | Reduces churn risk,Proactive retention communication; Offer long-term contract incentive; Review pricing
5698-BQJOH,Female,0,No,No,9,Yes,Yes,Fiber optic,No,No,No,No,Yes,Yes,Month-to-month,No,Electronic check,94.4,857.25,Yes,0.8410557,1,High,1.0,Critical,Contract Month-to-month | MonthlyCharges | PaperlessBilling No | PaperlessBilling Yes | tenure,0.5954 | 0.4158 | -0.4077 | -0.18 | 0.1797,Increases churn risk | Increases churn risk | Reduces churn risk | Reduces churn risk | Increases churn risk,Immediate personal outreach; Offer long-term contract incentive; Promote online security; Offer technical support; Review pricing
1090-ESELR,Male,0,Yes,Yes,72,Yes,No,Fiber optic,Yes,Yes,No,Yes,Yes,Yes,Two year,No,Bank transfer (automatic),105.5,7611.55,No,0.009941326,0,Low,0.0,Low,tenure | Contract Month-to-month | Contract Two year | OnlineSecurity No | TechSupport No,-1.6974 | -0.9763 | -0.7888 | -0.4675 | -0.2578,Reduces churn risk | Reduces churn risk | Reduces churn risk | Reduces churn risk | Reduces churn risk,Maintain regular engagement; Review pricing
0056-EPFBG,Male,0,Yes,Yes,20,No,No phone service,DSL,Yes,No,Yes,Yes,No,No,Two year,Yes,Credit card (automatic),39.4,825.4,No,0.011544402,0,Low,1.0,Low,Contract Month-to-month | Contract Two year | TechSupport No | OnlineSecurity No | PaymentMethod Electronic check,-1.1508 | -0.7916 | -0.314 | -0.3058 | -0.2559,Reduces churn risk | Reduces churn risk | Reduces churn risk | Reduces churn risk | Reduces churn risk,Maintain regular engagement
4955-VCWBI,Female,0,Yes,Yes,43,Yes,No,No,No internet service,No internet service,No internet service,No internet service,No internet service,No internet service,One year,No,Mailed check,20.0,817.95,No,0.015317606,0,Low,1.0,Low,Contract Month-to-month | OnlineSecurity No | tenure | MonthlyCharges | PaperlessBilling No,-1.2021 | -0.4539 | -0.4403 | -0.2676 | -0.2565,Reduces churn risk | Reduces churn risk | Reduces churn risk | Reduces churn risk | Reduces churn risk,Maintain regular engagement
4717-GHADL,Female,0,No,No,50,Yes,Yes,DSL,No,Yes,No,Yes,Yes,Yes,Two year,Yes,Mailed check,79.6,4024.2,No,0.0072263503,0,Low,0.0,Low,Contract Month-to-month | Contract Two year | tenure | TechSupport No | TotalCharges,-1.1135 | -0.8108 | -0.6636 | -0.3866 | -0.3447,Reduces churn risk | Reduces churn risk | Reduces churn risk | Reduces churn risk | Reduces churn risk,Maintain regular engagement; Promote online security
0058-EVZWM,Female,0,Yes,No,55,Yes,Yes,Fiber optic,Yes,No,No,No,Yes,No,Month-to-month,Yes,Bank transfer (automatic),89.8,4959.6,No,0.15028496,0,Low,0.0,Low,tenure | OnlineSecurity No | Contract Month-to-month | TotalCharges | PaymentMethod Electronic check,-0.9765 | -0.6211 | 0.4851 | -0.3847 | -0.3723,Reduces churn risk | Reduces churn risk | Increases churn risk | Reduces churn risk | Reduces churn risk,Maintain regular engagement; Offer long-term contract incentive; Offer technical support; Review pricing
7218-HKQFK,Male,0,Yes,No,2,Yes,No,Fiber optic,No,No,No,Yes,Yes,Yes,Month-to-month,Yes,Electronic check,94.2,167.5,Yes,0.704824,1,High,1.0,Critical,TechSupport No | Contract Month-to-month | tenure | MonthlyCharges | MultipleLines No,-0.5272 | 0.524 | 0.4202 | 0.357 | -0.2839,Reduces churn risk | Increases churn risk | Increases churn risk | Increases churn risk | Reduces churn risk,Priority retention outreach; Offer long-term contract incentive; Provide new-customer support; Promote online security; Review pricing
5057-RKGLH,Female,0,Yes,Yes,9,Yes,No,No,No internet service,No internet service,No internet service,No internet service,No internet service,No internet service,Two year,No,Mailed check,20.35,191.1,No,0.0075954823,0,Low,1.0,Low,Contract Month-to-month | Contract Two year | MonthlyCharges | OnlineSecurity No | TechSupport No,-1.3971 | -0.9949 | -0.5248 | -0.4166 | -0.2319,Reduces churn risk | Reduces churn risk | Reduces churn risk | Reduces churn risk | Reduces churn risk,Maintain regular engagement
2309-OSFEU,Male,0,No,No,10,No,No phone service,DSL,No,No,No,No,No,Yes,Month-to-month,Yes,Mailed check,33.9,298.45,Yes,0.52654266,1,Medium,1.0,Medium,PaymentMethod Electronic check | Contract Month-to-month | OnlineSecurity No | InternetService Fiber optic | MultipleLines No,-0.5244 | 0.4503 | 0.2716 | -0.2243 | 0.1801,Reduces churn risk | Increases churn risk | Increases churn risk | Reduces churn risk | Increases churn risk,Proactive retention communication; Offer long-term contract incentive; Promote online security; Offer technical support
3429-IFLEM,Female,0,No,No,71,Yes,No,DSL,Yes,Yes,Yes,Yes,Yes,No,Two year,No,Credit card (automatic),77.35,5550.1,No,0.0059044682,0,Low,0.0,Low,tenure | Contract Month-to-month | Contract Two year | MonthlyCharges | OnlineSecurity No,-1.2493 | -0.9416 | -0.7023 | -0.4305 | -0.3525,Reduces churn risk | Reduces churn risk | Reduces churn risk | Reduces churn risk | Reduces churn risk,Maintain regular engagement
1550-LOAHA,Female,0,Yes,No,32,Yes,No,Fiber optic,No,Yes,No,No,No,Yes,Month-to-month,No,Bank transfer (automatic),84.15,2585.95,Yes,0.33796644,0,Low,1.0,Low,tenure | Contract Month-to-month | PaperlessBilling No | PaymentMethod Electronic check | MonthlyCharges,-0.5811 | 0.4852 | -0.3306 | -0.2405 | 0.1813,Reduces churn risk | Increases churn risk | Reduces churn risk | Reduces churn risk | Increases churn risk,Maintain regular engagement; Offer long-term contract incentive; Promote online security; Offer technical support; Review pricing
1400-MMYXY,Male,1,Yes,No,3,Yes,Yes,Fiber optic,No,Yes,Yes,No,Yes,Yes,Month-to-month,Yes,Electronic check,105.9,334.65,Yes,0.8356554,1,High,1.0,Critical,Contract Month-to-month | OnlineBackup No | OnlineSecurity No | InternetService Fiber optic | MultipleLines No,0.5853 | -0.2502 | 0.2034 | 0.1929 | 0.1836,Increases churn risk | Reduces churn risk | Increases churn risk | Increases churn risk | Increases churn risk,Immediate personal outreach; Offer long-term contract incentive; Provide new-customer support; Promote online security; Offer technical support; Review pricing
7503-QQRVF,Male,1,Yes,No,16,Yes,No,Fiber optic,No,Yes,No,No,No,No,Month-to-month,Yes,Credit card (automatic),74.3,1178.25,Yes,0.505362,1,Medium,1.0,Medium,Contract Month-to-month | PaymentMethod Electronic check | PaymentMethod Credit card (automatic) | TotalCharges | MultipleLines No,0.5465 | -0.4429 | -0.3695 | 0.2816 | -0.1595,Increases churn risk | Reduces churn risk | Reduces churn risk | Increases churn risk | Reduces churn risk,Proactive retention communication; Offer long-term contract incentive; Promote online security; Offer technical support
7504-UWHNB,Male,0,No,No,25,Yes,No,Fiber optic,No,No,No,No,No,No,Month-to-month,No,Electronic check,69.75,1729.35,No,0.44938207,0,Medium,1.0,Medium,Contract Month-to-month | PaperlessBilling No | TotalCharges | tenure | MonthlyCharges,0.563 | -0.4314 | -0.2781 | -0.2091 | -0.2063,Increases churn risk | Reduces churn risk | Reduces churn risk | Reduces churn risk | Reduces churn risk,Proactive retention communication; Offer long-term contract incentive; Promote online security; Offer technical support
9565-JSNFM,Male,0,No,No,38,Yes,No,Fiber optic,No,No,No,No,No,No,One year,Yes,Bank transfer (automatic),70.45,2597.6,Yes,0.04745357,0,Low,1.0,Low,Contract Month-to-month | StreamingMovies Yes | PaymentMethod Electronic check | tenure | OnlineSecurity No,-1.3869 | -0.3979 | -0.2963 | -0.271 | 0.2029,Reduces churn risk | Reduces churn risk | Reduces churn risk | Reduces churn risk | Increases churn risk,Maintain regular engagement; Promote online security; Offer technical support
4735-BJKOU,Female,0,No,No,40,Yes,No,No,No internet service,No internet service,No internet service,No internet service,No internet service,No internet service,Two year,No,Mailed check,20.15,804.85,No,0.00490721,0,Low,1.0,Low,Contract Month-to-month | Contract Two year | tenure | OnlineSecurity No | MonthlyCharges,-1.2814 | -0.8184 | -0.5941 | -0.4111 | -0.2564,Reduces churn risk | Reduces churn risk | Reduces churn risk | Reduces churn risk | Reduces churn risk,Maintain regular engagement
3580-GICBM,Female,0,Yes,Yes,61,Yes,Yes,No,No internet service,No internet service,No internet service,No internet service,No internet service,No internet service,Two year,Yes,Mailed check,24.2,1445.2,No,0.0075565865,0,Low,1.0,Low,Contract Month-to-month | tenure | Contract Two year | OnlineSecurity No | TechSupport No,-1.2087 | -0.8265 | -0.7577 | -0.4639 | -0.3384,Reduces churn risk | Reduces churn risk | Reduces churn risk | Reduces churn risk | Reduces churn risk,Maintain regular engagement
7632-YUTXB,Female,0,Yes,Yes,25,Yes,No,No,No internet service,No internet service,No internet service,No internet service,No internet service,No internet service,One year,No,Mailed check,20.05,520.1,No,0.019257328,0,Low,1.0,Low,Contract Month-to-month | OnlineSecurity No | MonthlyCharges | PaperlessBilling No | TechSupport No,-1.2099 | -0.4477 | -0.3694 | -0.2948 | -0.2516,Reduces churn risk | Reduces churn risk | Reduces churn risk | Reduces churn risk | Reduces churn risk,Maintain regular engagement
9412-ARGBX,Female,0,No,Yes,48,Yes,No,Fiber optic,No,Yes,Yes,Yes,Yes,No,Two year,Yes,Mailed check,95.5,4627.85,Yes,0.011403514,0,Low,0.0,Low,Contract Month-to-month | Contract Two year | tenure | TotalCharges | TechSupport No,-1.0976 | -0.6088 | -0.606 | -0.5849 | -0.3133,Reduces churn risk | Reduces churn risk | Reduces churn risk | Reduces churn risk | Reduces churn risk,Maintain regular engagement; Promote online security; Review pricing
9576-ANLXO,Female,0,No,No,3,Yes,No,Fiber optic,No,No,No,No,No,No,Month-to-month,Yes,Bank transfer (automatic),69.55,222.3,Yes,0.6608651,1,Medium,1.0,Medium,Contract Month-to-month | MonthlyCharges | PaymentMethod Electronic check | OnlineSecurity No | InternetService Fiber optic,0.6513 | -0.3102 | -0.296 | 0.2227 | 0.1996,Increases churn risk | Reduces churn risk | Reduces churn risk | Increases churn risk | Increases churn risk,Proactive retention communication; Offer long-term contract incentive; Provide new-customer support; Promote online security; Offer technical support
1110-KYLGQ,Female,0,No,No,63,Yes,Yes,Fiber optic,Yes,Yes,Yes,No,Yes,Yes,Month-to-month,No,Credit card (automatic),108.25,6780.1,No,0.085280746,0,Low,0.0,Low,tenure | OnlineSecurity No | Contract Month-to-month | PaperlessBilling No | PaymentMethod Electronic check,-1.2038 | -0.5458 | 0.3376 | -0.3028 | -0.2662,Reduces churn risk | Reduces churn risk | Increases churn risk | Reduces churn risk | Reduces churn risk,Maintain regular engagement; Offer long-term contract incentive; Offer technical support; Review pricing
8696-JKZNU,Female,1,No,No,37,Yes,Yes,Fiber optic,No,No,No,No,No,No,Month-to-month,Yes,Electronic check,76.25,2841.55,Yes,0.6546271,1,Medium,0.0,Medium,Contract Month-to-month | tenure | MonthlyCharges | PaymentMethod Electronic check | OnlineSecurity No,0.6565 | -0.5233 | -0.3453 | 0.251 | 0.2081,Increases churn risk | Reduces churn risk | Reduces churn risk | Increases churn risk | Increases churn risk,Proactive retention communication; Offer long-term contract incentive; Promote online security; Offer technical support
8757-TFHHJ,Male,0,No,No,1,Yes,No,DSL,Yes,No,No,No,No,No,Month-to-month,Yes,Credit card (automatic),49.8,49.8,No,0.24217923,0,Low,1.0,Low,Contract Month-to-month | MonthlyCharges | tenure | OnlineSecurity No | PaymentMethod Electronic check,0.5733 | -0.5705 | 0.5292 | -0.464 | -0.3595,Increases churn risk | Reduces churn risk | Increases churn risk | Reduces churn risk | Reduces churn risk,Maintain regular engagement; Offer long-term contract incentive; Provide new-customer support; Offer technical support
2955-BJZHG,Male,0,Yes,Yes,17,Yes,No,Fiber optic,No,No,No,No,Yes,No,Month-to-month,No,Electronic check,80.85,1400.85,Yes,0.6048793,1,Medium,1.0,Medium,Contract Month-to-month | PaperlessBilling No | PaymentMethod Electronic check | tenure | PaperlessBilling Yes,0.574 | -0.314 | 0.2137 | -0.1971 | -0.1585,Increases churn risk | Reduces churn risk | Increases churn risk | Reduces churn risk | Reduces churn risk,Proactive retention communication; Offer long-term contract incentive; Promote online security; Offer technical support; Review pricing
9048-JVYVF,Male,0,No,No,3,Yes,No,DSL,No,No,No,Yes,Yes,Yes,Month-to-month,Yes,Electronic check,69.35,191.35,Yes,0.14480779,0,Low,1.0,Low,MonthlyCharges | TechSupport No | Contract Month-to-month | InternetService Fiber optic | gender Female,-0.7044 | -0.6344 | 0.4395 | -0.3268 | -0.2873,Reduces churn risk | Reduces churn risk | Increases churn risk | Reduces churn risk | Reduces churn risk,Maintain regular engagement; Offer long-term contract incentive; Provide new-customer support; Promote online security
0682-USIXD,Female,0,Yes,No,21,Yes,No,Fiber optic,No,No,No,Yes,Yes,No,Month-to-month,Yes,Electronic check,86.05,1818.9,No,0.5954828,1,Medium,1.0,Medium,Contract Month-to-month | TechSupport No | PaymentMethod Electronic check | MultipleLines No | TotalCharges,0.5812 | -0.3488 | 0.3023 | -0.1994 | -0.1659,Increases churn risk | Reduces churn risk | Increases churn risk | Reduces churn risk | Reduces churn risk,Proactive retention communication; Offer long-term contract incentive; Promote online security; Review pricing
3884-UEBXB,Female,0,Yes,Yes,67,No,No phone service,DSL,Yes,Yes,No,No,No,No,Two year,No,Bank transfer (automatic),36.15,2434.45,No,0.004443945,0,Low,1.0,Low,Contract Month-to-month | Contract Two year | tenure | TotalCharges | OnlineSecurity No,-1.2076 | -0.7459 | -0.6227 | -0.4392 | -0.4269,Reduces churn risk | Reduces churn risk | Reduces churn risk | Reduces churn risk | Reduces churn risk,Maintain regular engagement; Offer technical support
1776-SPBWV,Female,0,Yes,Yes,34,Yes,No,No,No internet service,No internet service,No internet service,No internet service,No internet service,No internet service,One year,Yes,Bank transfer (automatic),20.1,682.1,No,0.03180593,0,Low,1.0,Low,Contract Month-to-month | tenure | OnlineSecurity No | TechSupport No | StreamingMovies Yes,-1.2372 | -0.5022 | -0.4283 | -0.3242 | -0.2269,Reduces churn risk | Reduces churn risk | Reduces churn risk | Reduces churn risk | Reduces churn risk,Maintain regular engagement
9050-QLROH,Male,0,No,No,18,Yes,Yes,Fiber optic,No,No,Yes,No,No,Yes,Month-to-month,Yes,Credit card (automatic),90.7,1597.25,Yes,0.3510519,0,Low,1.0,Low,Contract Month-to-month | PaymentMethod Electronic check | TotalCharges | tenure | OnlineSecurity No,0.486 | -0.4723 | -0.4134 | -0.3186 | 0.2016,Increases churn risk | Reduces churn risk | Reduces churn risk | Reduces churn risk | Increases churn risk,Maintain regular engagement; Offer long-term contract incentive; Promote online security; Offer technical support; Review pricing
2925-VDZHY,Male,0,Yes,Yes,72,Yes,Yes,DSL,Yes,Yes,Yes,Yes,Yes,Yes,Two year,No,Credit card (automatic),88.7,6501.35,No,0.0018969238,0,Low,0.0,Low,tenure | Contract Month-to-month | Contract Two year | OnlineSecurity No | TechSupport No,-1.5893 | -1.0203 | -0.8527 | -0.3721 | -0.3474,Reduces churn risk | Reduces churn risk | Reduces churn risk | Reduces churn risk | Reduces churn risk,Maintain regular engagement; Review pricing
9512-UIBFX,Male,0,Yes,Yes,18,Yes,No,Fiber optic,No,No,Yes,No,Yes,Yes,Month-to-month,No,Mailed check,95.15,1779.95,Yes,0.30669022,0,Low,1.0,Low,Contract Month-to-month | tenure | PaperlessBilling No | MonthlyCharges | TotalCharges,0.4484 | -0.3743 | -0.3422 | -0.3055 | -0.2602,Increases churn risk | Reduces churn risk | Reduces churn risk | Reduces churn risk | Reduces churn risk,Maintain regular engagement; Offer long-term contract incentive; Promote online security; Offer technical support; Review pricing
8676-TRMJS,Male,0,No,No,3,Yes,Yes,Fiber optic,No,No,No,No,No,No,Month-to-month,No,Mailed check,75.0,209.1,Yes,0.6261343,1,Medium,1.0,Medium,Contract Month-to-month | PaperlessBilling No | OnlineSecurity No | tenure | PaymentMethod Electronic check,0.6195 | -0.3864 | 0.3012 | 0.2787 | -0.2414,Increases churn risk | Reduces churn risk | Increases churn risk | Increases churn risk | Reduces churn risk,Proactive retention communication; Offer long-term contract incentive; Provide new-customer support; Promote online security; Offer technical support
3334-CTHOL,Female,0,No,No,1,Yes,Yes,DSL,No,No,No,No,No,No,Month-to-month,Yes,Bank transfer (automatic),49.95,49.95,Yes,0.36535147,0,Low,1.0,Low,MonthlyCharges | tenure | Contract Month-to-month | InternetService Fiber optic | PaymentMethod Electronic check,-0.6569 | 0.6426 | 0.6242 | -0.3 | -0.2966,Reduces churn risk | Increases churn risk | Increases churn risk | Reduces churn risk | Reduces churn risk,Maintain regular engagement; Offer long-term contract incentive; Provide new-customer support; Promote online security; Offer technical support
6331-LWDTQ,Male,0,No,No,10,Yes,Yes,DSL,No,No,No,No,Yes,Yes,Month-to-month,Yes,Credit card (automatic),72.15,794.25,Yes,0.3135038,0,Low,1.0,Low,PaymentMethod Electronic check | MonthlyCharges | Contract Month-to-month | InternetService Fiber optic | InternetService DSL,-0.5035 | -0.4858 | 0.4154 | -0.3528 | -0.2864,Reduces churn risk | Reduces churn risk | Increases churn risk | Reduces churn risk | Reduces churn risk,Maintain regular engagement; Offer long-term contract incentive; Promote online security; Offer technical support
3847-BAERP,Female,0,No,No,10,Yes,No,No,No internet service,No internet service,No internet service,No internet service,No internet service,No internet service,Month-to-month,Yes,Mailed check,20.9,247.0,No,0.07818357,0,Low,1.0,Low,OnlineSecurity No | Contract Month-to-month | TechSupport No | MonthlyCharges | InternetService Fiber optic,-0.6015 | 0.4866 | -0.4071 | -0.3619 | -0.2128,Reduces churn risk | Increases churn risk | Reduces churn risk | Reduces churn risk | Reduces churn risk,Maintain regular engagement; Offer long-term contract incentive
4709-LKHYG,Female,0,Yes,Yes,29,Yes,No,No,No internet service,No internet service,No internet service,No internet service,No internet service,No internet service,One year,No,Electronic check,20.0,540.05,No,0.014907504,0,Low,1.0,Low,Contract Month-to-month | tenure | OnlineSecurity No | MonthlyCharges | TechSupport No,-1.1451 | -0.4364 | -0.4101 | -0.297 | -0.2827,Reduces churn risk | Reduces churn risk | Reduces churn risk | Reduces churn risk | Reduces churn risk,Maintain regular engagement
8621-MNIHH,Female,1,Yes,No,34,Yes,Yes,Fiber optic,No,Yes,Yes,No,No,Yes,Month-to-month,Yes,Electronic check,94.25,3217.55,Yes,0.5058697,1,Medium,0.0,Medium,tenure | Contract Month-to-month | TotalCharges | OnlineBackup No | OnlineSecurity No,-0.7871 | 0.5288 | -0.3281 | -0.2536 | 0.1998,Reduces churn risk | Increases churn risk | Reduces churn risk | Reduces churn risk | Increases churn risk,Proactive retention communication; Offer long-term contract incentive; Promote online security; Offer technical support; Review pricing
8884-ADFVN,Male,1,Yes,No,7,Yes,Yes,Fiber optic,No,No,Yes,No,Yes,Yes,Month-to-month,Yes,Electronic check,101.95,700.85,Yes,0.95445496,1,High,1.0,Critical,Contract Month-to-month | tenure | MonthlyCharges | MultipleLines No | InternetService Fiber optic,0.6439 | 0.3173 | 0.293 | 0.2502 | 0.1988,Increases churn risk | Increases churn risk | Increases churn risk | Increases churn risk | Increases churn risk,Immediate personal outreach; Offer long-term contract incentive; Promote online security; Offer technical support; Review pricing
2885-HIJDH,Male,0,Yes,Yes,69,Yes,Yes,DSL,Yes,No,Yes,Yes,Yes,Yes,Two year,No,Bank transfer (automatic),86.9,6194.1,No,0.02374982,0,Low,0.0,Low,Contract Month-to-month | MonthlyCharges | Contract Two year | tenure | OnlineSecurity No,-0.9462 | -0.5359 | -0.4811 | -0.4716 | -0.291,Reduces churn risk | Reduces churn risk | Reduces churn risk | Reduces churn risk | Reduces churn risk,Maintain regular engagement; Review pricing
8570-KLJYJ,Female,0,No,No,36,Yes,Yes,DSL,Yes,No,No,No,No,No,One year,No,Mailed check,54.45,1893.5,No,0.005802298,0,Low,1.0,Low,Contract Month-to-month | tenure | OnlineSecurity No | TotalCharges | StreamingMovies Yes,-1.1043 | -0.6005 | -0.5424 | -0.3998 | -0.3506,Reduces churn risk | Reduces churn risk | Reduces churn risk | Reduces churn risk | Reduces churn risk,Maintain regular engagement; Offer technical support
9339-FIIJL,Male,0,Yes,No,72,Yes,Yes,DSL,No,Yes,Yes,Yes,Yes,Yes,Two year,No,Bank transfer (automatic),85.95,6151.9,No,0.002876612,0,Low,0.0,Low,tenure | Contract Month-to-month | Contract Two year | MonthlyCharges | TechSupport No,-1.5617 | -0.9658 | -0.7476 | -0.5378 | -0.4306,Reduces churn risk | Reduces churn risk | Reduces churn risk | Reduces churn risk | Reduces churn risk,Maintain regular engagement; Promote online security; Review pricing
6223-DHJGV,Female,0,No,No,42,Yes,No,No,No internet service,No internet service,No internet service,No internet service,No internet service,No internet service,One year,Yes,Mailed check,20.65,958.1,No,0.0065157735,0,Low,1.0,Low,Contract Month-to-month | MonthlyCharges | tenure | OnlineSecurity No | TechSupport No,-1.1891 | -0.7857 | -0.5278 | -0.5115 | -0.2859,Reduces churn risk | Reduces churn risk | Reduces churn risk | Reduces churn risk | Reduces churn risk,Maintain regular engagement
0959-WHOKV,Male,0,No,No,42,Yes,Yes,Fiber optic,Yes,Yes,Yes,No,No,Yes,One year,Yes,Electronic check,99.0,4298.45,No,0.1631754,0,Low,0.0,Low,Contract Month-to-month | OnlineSecurity No | MonthlyCharges | PaymentMethod Electronic check | tenure,-1.0955 | -0.4909 | 0.2718 | 0.2061 | -0.1935,Reduces churn risk | Reduces churn risk | Increases churn risk | Increases churn risk | Reduces churn risk,Maintain regular engagement; Offer technical support; Review pricing
9610-WCESF,Male,0,No,No,67,No,No phone service,DSL,Yes,No,No,Yes,Yes,No,Two year,No,Electronic check,43.9,3097.2,No,0.0519001,0,Low,0.0,Low,Contract Month-to-month | PaymentMethod Electronic check | MonthlyCharges | Contract Two year | tenure,-0.9106 | 0.5601 | -0.4947 | -0.4634 | -0.3205,Reduces churn risk | Increases churn risk | Reduces churn risk | Reduces churn risk | Reduces churn risk,Maintain regular engagement
9279-CJEOJ,Female,1,No,No,21,Yes,Yes,Fiber optic,No,No,No,No,Yes,Yes,Month-to-month,Yes,Bank transfer (automatic),95.4,2025.1,No,0.7443579,1,High,1.0,Critical,Contract Month-to-month | PaymentMethod Electronic check | InternetService Fiber optic | TotalCharges | TechSupport No,0.5446 | -0.3628 | 0.2202 | -0.2069 | 0.1966,Increases churn risk | Reduces churn risk | Increases churn risk | Reduces churn risk | Increases churn risk,Priority retention outreach; Offer long-term contract incentive; Promote online security; Offer technical support; Review pricing
2985-FMWYF,Female,0,No,No,23,Yes,Yes,Fiber optic,No,No,No,No,Yes,Yes,Month-to-month,Yes,Electronic check,93.5,2341.55,No,0.7860837,1,High,1.0,Critical,Contract Month-to-month | tenure | OnlineSecurity No | PaymentMethod Electronic check | InternetService Fiber optic,0.636 | -0.3882 | 0.1993 | 0.1991 | 0.1807,Increases churn risk | Reduces churn risk | Increases churn risk | Increases churn risk | Increases churn risk,Priority retention outreach; Offer long-term contract incentive; Promote online security; Offer technical support; Review pricing
3540-RZJYU,Female,0,No,No,15,Yes,No,Fiber optic,Yes,No,No,No,Yes,No,Month-to-month,No,Electronic check,86.2,1270.2,Yes,0.36238265,0,Low,1.0,Low,Contract Month-to-month | OnlineSecurity No | PaperlessBilling No | TotalCharges | PaymentMethod Electronic check,0.5295 | -0.4804 | -0.3443 | -0.2941 | 0.1414,Increases churn risk | Reduces churn risk | Reduces churn risk | Reduces churn risk | Increases churn risk,Maintain regular engagement; Offer long-term contract incentive; Offer technical support; Review pricing
2522-WLNSF,Female,1,Yes,No,34,Yes,No,DSL,No,No,Yes,Yes,Yes,No,One year,No,Bank transfer (automatic),64.2,2106.3,No,0.02613002,0,Low,1.0,Low,Contract Month-to-month | tenure | StreamingMovies Yes | MonthlyCharges | PaymentMethod Electronic check,-0.9917 | -0.4882 | -0.3146 | -0.2919 | -0.2516,Reduces churn risk | Reduces churn risk | Reduces churn risk | Reduces churn risk | Reduces churn risk,Maintain regular engagement; Promote online security
6861-XWTWQ,Male,1,Yes,No,7,Yes,Yes,Fiber optic,No,No,Yes,No,Yes,Yes,Month-to-month,Yes,Electronic check,99.25,665.45,Yes,0.9788673,1,High,1.0,Critical,MonthlyCharges | Contract Month-to-month | tenure | MultipleLines No | OnlineSecurity No,0.7795 | 0.6712 | 0.4484 | 0.2443 | 0.2087,Increases churn risk | Increases churn risk | Increases churn risk | Increases churn risk | Increases churn risk,Immediate personal outreach; Offer long-term contract incentive; Promote online security; Offer technical support; Review pricing
8735-NBLWT,Male,0,No,Yes,9,Yes,No,No,No internet service,No internet service,No internet service,No internet service,No internet service,No internet service,Month-to-month,No,Mailed check,20.4,184.1,No,0.046952743,0,Low,1.0,Low,MonthlyCharges | OnlineSecurity No | Contract Month-to-month | TechSupport No | Dependents No,-0.5718 | -0.5603 | 0.4228 | -0.4156 | -0.2652,Reduces churn risk | Reduces churn risk | Increases churn risk | Reduces churn risk | Reduces churn risk,Maintain regular engagement; Offer long-term contract incentive
1744-JHKYS,Female,0,Yes,No,34,Yes,Yes,No,No internet service,No internet service,No internet service,No internet service,No internet service,No internet service,Month-to-month,No,Electronic check,24.7,780.2,No,0.073058285,0,Low,1.0,Low,tenure | OnlineSecurity No | MonthlyCharges | Contract Month-to-month | TechSupport No,-0.5746 | -0.4878 | -0.4282 | 0.3939 | -0.3649,Reduces churn risk | Reduces churn risk | Reduces churn risk | Increases churn risk | Reduces churn risk,Maintain regular engagement; Offer long-term contract incentive
0841-NULXI,Male,0,No,No,1,No,No phone service,DSL,No,No,No,No,No,Yes,Month-to-month,Yes,Electronic check,35.55,35.55,Yes,0.9503297,1,High,1.0,Critical,tenure | Contract Month-to-month | PaymentMethod Electronic check | OnlineSecurity No | InternetService Fiber optic,0.8644 | 0.6229 | 0.2465 | 0.2356 | -0.232,Increases churn risk | Increases churn risk | Increases churn risk | Increases churn risk | Reduces churn risk,Immediate personal outreach; Offer long-term contract incentive; Provide new-customer support; Promote online security; Offer technical support
4016-BJKTZ,Female,0,No,No,25,Yes,Yes,Fiber optic,No,Yes,Yes,Yes,Yes,Yes,Two year,No,Electronic check,108.9,2809.05,No,0.23748821,0,Low,0.0,Low,Contract Month-to-month | MonthlyCharges | Contract Two year | PaperlessBilling No | PaymentMethod Electronic check,-1.0963 | 0.6513 | -0.6159 | -0.3101 | 0.2278,Reduces churn risk | Increases churn risk | Reduces churn risk | Reduces churn risk | Increases churn risk,Maintain regular engagement; Promote online security; Review pricing
9298-WGMRW,Female,0,Yes,No,72,Yes,Yes,Fiber optic,Yes,Yes,Yes,Yes,Yes,Yes,Two year,Yes,Bank transfer (automatic),115.5,8312.75,No,0.0083432235,0,Low,0.0,Low,tenure | Contract Month-to-month | Contract Two year | OnlineSecurity No | Contract One year,-1.7735 | -1.1584 | -0.854 | -0.4726 | -0.3364,Reduces churn risk | Reduces churn risk | Reduces churn risk | Reduces churn risk | Reduces churn risk,Maintain regular engagement; Review pricing
7893-IXHRQ,Male,0,No,No,1,Yes,No,No,No internet service,No internet service,No internet service,No internet service,No internet service,No internet service,Month-to-month,No,Electronic check,20.55,20.55,Yes,0.20257245,0,Low,1.0,Low,tenure | TechSupport No | Contract Month-to-month | OnlineSecurity No | MonthlyCharges,0.8515 | -0.5596 | 0.4947 | -0.4906 | -0.3149,Increases churn risk | Reduces churn risk | Increases churn risk | Reduces churn risk | Reduces churn risk,Maintain regular engagement; Offer long-term contract incentive; Provide new-customer support
8785-CJSHH,Female,0,Yes,No,60,Yes,Yes,Fiber optic,No,Yes,No,No,Yes,Yes,Month-to-month,Yes,Electronic check,99.8,5985.75,No,0.6087246,1,Medium,0.0,Medium,tenure | Contract Month-to-month | MonthlyCharges | OnlineSecurity No | TotalCharges,-1.2351 | 0.531 | 0.3197 | 0.2803 | -0.2596,Reduces churn risk | Increases churn risk | Increases churn risk | Increases churn risk | Reduces churn risk,Proactive retention communication; Offer long-term contract incentive; Promote online security; Offer technical support; Review pricing
7654-YWJUF,Male,0,Yes,No,43,Yes,No,Fiber optic,Yes,No,Yes,Yes,No,No,One year,Yes,Bank transfer (automatic),84.25,3539.25,No,0.03195536,0,Low,0.0,Low,Contract Month-to-month | StreamingMovies Yes | OnlineSecurity No | PaymentMethod Electronic check | tenure,-1.0323 | -0.3933 | -0.3166 | -0.2961 | -0.2839,Reduces churn risk | Reduces churn risk | Reduces churn risk | Reduces churn risk | Reduces churn risk,Maintain regular engagement; Review pricing
8909-BOLNL,Male,0,No,No,3,Yes,No,No,No internet service,No internet service,No internet service,No internet service,No internet service,No internet service,One year,No,Mailed check,21.2,52.05,No,0.027601141,0,Low,1.0,Low,Contract Month-to-month | OnlineSecurity No | MonthlyCharges | TechSupport No | StreamingMovies Yes,-1.3131 | -0.5061 | -0.2844 | -0.2588 | -0.2036,Reduces churn risk | Reduces churn risk | Reduces churn risk | Reduces churn risk | Reduces churn risk,Maintain regular engagement; Provide new-customer support
9919-FZDED,Male,1,Yes,No,72,Yes,Yes,DSL,Yes,Yes,Yes,No,Yes,Yes,Two year,Yes,Credit card (automatic),84.1,5981.65,No,0.006033062,0,Low,0.0,Low,tenure | Contract Month-to-month | Contract Two year | OnlineSecurity No | MonthlyCharges,-1.6287 | -1.0934 | -0.6967 | -0.5318 | -0.2792,Reduces churn risk | Reduces churn risk | Reduces churn risk | Reduces churn risk | Reduces churn risk,Maintain regular engagement; Offer technical support; Review pricing
0322-CHQRU,Male,0,No,No,2,Yes,No,DSL,No,No,No,No,No,No,Month-to-month,No,Electronic check,45.35,89.5,Yes,0.6142132,1,Medium,1.0,Medium,Contract Month-to-month | PaperlessBilling No | TotalCharges | OnlineSecurity No | tenure,0.5921 | -0.3255 | -0.2851 | 0.2131 | 0.1843,Increases churn risk | Reduces churn risk | Reduces churn risk | Increases churn risk | Increases churn risk,Proactive retention communication; Offer long-term contract incentive; Provide new-customer support; Promote online security; Offer technical support
3587-PMCOY,Male,0,No,No,10,Yes,No,Fiber optic,Yes,No,Yes,No,Yes,Yes,One year,Yes,Electronic check,98.9,1064.95,No,0.6414584,1,Medium,1.0,Medium,Contract Month-to-month | MonthlyCharges | OnlineSecurity No | tenure | TotalCharges,-1.2125 | 0.7788 | -0.4355 | 0.3834 | 0.3681,Reduces churn risk | Increases churn risk | Reduces churn risk | Increases churn risk | Increases churn risk,Proactive retention communication; Offer technical support; Review pricing
0655-RBDUG,Male,0,No,No,7,Yes,Yes,Fiber optic,No,No,Yes,No,Yes,Yes,Month-to-month,Yes,Bank transfer (automatic),98.05,713.0,Yes,0.96300924,1,High,1.0,Critical,MonthlyCharges | Contract Month-to-month | tenure | InternetService Fiber optic | PaymentMethod Electronic check,0.7443 | 0.6081 | 0.4375 | 0.3118 | -0.2536,Increases churn risk | Increases churn risk | Increases churn risk | Increases churn risk | Reduces churn risk,Immediate personal outreach; Offer long-term contract incentive; Promote online security; Offer technical support; Review pricing
0983-TATYJ,Female,0,Yes,No,33,Yes,No,DSL,No,No,No,Yes,No,No,One year,Yes,Mailed check,51.45,1758.9,No,0.03093074,0,Low,1.0,Low,Contract Month-to-month | tenure | MonthlyCharges | TotalCharges | StreamingMovies Yes,-0.911 | -0.3859 | -0.3772 | -0.3531 | -0.3078,Reduces churn risk | Reduces churn risk | Reduces churn risk | Reduces churn risk | Reduces churn risk,Maintain regular engagement; Promote online security
5650-YLIBA,Male,0,No,No,31,Yes,Yes,Fiber optic,No,Yes,No,No,No,No,Month-to-month,Yes,Electronic check,81.15,2640.55,No,0.6818363,1,Medium,1.0,Medium,Contract Month-to-month | tenure | PaymentMethod Electronic check | OnlineSecurity No | InternetService Fiber optic,0.6515 | -0.5965 | 0.2915 | 0.2325 | 0.1783,Increases churn risk | Reduces churn risk | Increases churn risk | Increases churn risk | Increases churn risk,Proactive retention communication; Offer long-term contract incentive; Promote online security; Offer technical support; Review pricing
5144-TVGLP,Male,1,No,No,38,Yes,Yes,Fiber optic,No,No,No,No,Yes,Yes,Month-to-month,No,Electronic check,94.75,3653.0,No,0.4964548,0,Medium,0.0,Medium,tenure | Contract Month-to-month | PaperlessBilling No | TotalCharges | MonthlyCharges,-0.5387 | 0.4945 | -0.4035 | -0.3432 | -0.2525,Reduces churn risk | Increases churn risk | Reduces churn risk | Reduces churn risk | Reduces churn risk,Proactive retention communication; Offer long-term contract incentive; Promote online security; Offer technical support; Review pricing
3569-EDBPQ,Female,0,No,No,24,Yes,Yes,Fiber optic,Yes,No,No,Yes,No,No,Month-to-month,Yes,Electronic check,84.35,1938.05,No,0.51438695,1,Medium,1.0,Medium,OnlineSecurity No | Contract Month-to-month | PaymentMethod Electronic check | TechSupport No | InternetService Fiber optic,-0.6772 | 0.5274 | 0.353 | -0.3135 | 0.2117,Reduces churn risk | Increases churn risk | Increases churn risk | Reduces churn risk | Increases churn risk,Proactive retention communication; Offer long-term contract incentive; Review pricing
4945-RVMTE,Female,0,No,No,28,Yes,No,DSL,No,No,Yes,No,Yes,No,Month-to-month,Yes,Bank transfer (automatic),59.55,1646.45,No,0.090391904,0,Low,1.0,Low,tenure | TotalCharges | Contract Month-to-month | MonthlyCharges | PaymentMethod Electronic check,-0.574 | -0.4831 | 0.4655 | -0.4255 | -0.3781,Reduces churn risk | Reduces churn risk | Increases churn risk | Reduces churn risk | Reduces churn risk,Maintain regular engagement; Offer long-term contract incentive; Promote online security; Offer technical support
3511-BFTJW,Male,0,Yes,Yes,72,No,No phone service,DSL,Yes,Yes,Yes,No,No,No,Two year,No,Credit card (automatic),38.5,2763.0,No,0.004922588,0,Low,0.0,Low,tenure | Contract Month-to-month | Contract Two year | OnlineSecurity No | PaymentMethod Electronic check,-1.4538 | -1.2285 | -0.816 | -0.3803 | -0.2967,Reduces churn risk | Reduces churn risk | Reduces churn risk | Reduces churn risk | Reduces churn risk,Maintain regular engagement; Offer technical support
5537-UXXVS,Female,0,Yes,No,20,Yes,No,No,No internet service,No internet service,No internet service,No internet service,No internet service,No internet service,Month-to-month,No,Bank transfer (automatic),19.25,375.25,No,0.09669976,0,Low,1.0,Low,MonthlyCharges | Contract Month-to-month | OnlineSecurity No | TechSupport No | PaperlessBilling No,-1.1839 | 0.4486 | -0.4065 | -0.3093 | -0.2221,Reduces churn risk | Increases churn risk | Reduces churn risk | Reduces churn risk | Reduces churn risk,Maintain regular engagement; Offer long-term contract incentive
8782-NUUOL,Male,0,No,No,60,Yes,No,DSL,Yes,No,Yes,Yes,Yes,Yes,One year,No,Mailed check,79.0,4801.1,No,0.025872191,0,Low,0.0,Low,tenure | Contract Month-to-month | OnlineSecurity No | TechSupport No | TotalCharges,-0.9755 | -0.6315 | -0.3911 | -0.2305 | -0.2231,Reduces churn risk | Reduces churn risk | Reduces churn risk | Reduces churn risk | Reduces churn risk,Maintain regular engagement
2865-TCHJW,Female,1,No,No,4,Yes,Yes,Fiber optic,No,No,Yes,No,Yes,No,Month-to-month,Yes,Electronic check,89.2,346.2,Yes,0.8686898,1,High,1.0,Critical,Contract Month-to-month | OnlineSecurity No | tenure | TotalCharges | MonthlyCharges,0.7206 | 0.2982 | 0.241 | 0.2103 | -0.2083,Increases churn risk | Increases churn risk | Increases churn risk | Increases churn risk | Reduces churn risk,Immediate personal outreach; Offer long-term contract incentive; Provide new-customer support; Promote online security; Offer technical support; Review pricing
9931-KGHOA,Female,0,Yes,No,46,Yes,Yes,DSL,Yes,No,No,No,No,No,Month-to-month,No,Bank transfer (automatic),55.0,2473.95,No,0.05763233,0,Low,1.0,Low,tenure | OnlineSecurity No | Contract Month-to-month | PaymentMethod Electronic check | InternetService Fiber optic,-0.5524 | -0.4322 | 0.42 | -0.3892 | -0.3277,Reduces churn risk | Reduces churn risk | Increases churn risk | Reduces churn risk | Reduces churn risk,Maintain regular engagement; Offer long-term contract incentive; Offer technical support
3071-MVJCD,Male,0,Yes,Yes,72,Yes,Yes,DSL,Yes,Yes,Yes,Yes,Yes,No,Two year,No,Bank transfer (automatic),82.3,5815.15,No,0.003447493,0,Low,0.0,Low,tenure | Contract Month-to-month | Contract Two year | OnlineSecurity No | MonthlyCharges,-1.6337 | -0.9983 | -0.7173 | -0.3588 | -0.3394,Reduces churn risk | Reduces churn risk | Reduces churn risk | Reduces churn risk | Reduces churn risk,Maintain regular engagement; Review pricing
7279-BUYWN,Female,1,No,No,41,Yes,Yes,Fiber optic,Yes,Yes,Yes,No,Yes,Yes,Month-to-month,Yes,Electronic check,113.2,4689.5,Yes,0.6235943,1,Medium,0.0,Medium,OnlineSecurity No | Contract Month-to-month | InternetService Fiber optic | tenure | MonthlyCharges,-0.6027 | 0.4757 | 0.1881 | -0.1644 | 0.1578,Reduces churn risk | Increases churn risk | Increases churn risk | Reduces churn risk | Increases churn risk,Proactive retention communication; Offer long-term contract incentive; Offer technical support; Review pricing
3756-VNWDH,Male,1,Yes,No,65,Yes,Yes,Fiber optic,Yes,No,No,No,Yes,Yes,One year,Yes,Electronic check,100.75,6674.65,No,0.08434188,0,Low,0.0,Low,Contract Month-to-month | tenure | TotalCharges | OnlineSecurity No | OnlineBackup No,-0.9569 | -0.896 | -0.5943 | -0.5053 | 0.1395,Reduces churn risk | Reduces churn risk | Reduces churn risk | Reduces churn risk | Increases churn risk,Maintain regular engagement; Offer technical support; Review pricing
1395-OFUWC,Male,0,Yes,Yes,43,No,No phone service,DSL,No,Yes,No,No,No,No,Month-to-month,No,Credit card (automatic),29.3,1224.05,No,0.13875633,0,Low,1.0,Low,Contract Month-to-month | tenure | PaymentMethod Electronic check | Dependents No | PaymentMethod Credit card (automatic),0.3902 | -0.3169 | -0.2672 | -0.2317 | -0.2268,Increases churn risk | Reduces churn risk | Reduces churn risk | Reduces churn risk | Reduces churn risk,Maintain regular engagement; Offer long-term contract incentive; Promote online security; Offer technical support
4223-BKEOR,Female,0,No,Yes,21,Yes,No,DSL,Yes,No,Yes,No,No,Yes,One year,No,Mailed check,64.85,1336.8,No,0.034846928,0,Low,1.0,Low,Contract Month-to-month | OnlineSecurity No | MonthlyCharges | PaperlessBilling No | TotalCharges,-1.0218 | -0.4354 | -0.361 | -0.2793 | -0.2164,Reduces churn risk | Reduces churn risk | Reduces churn risk | Reduces churn risk | Reduces churn risk,Maintain regular engagement; Offer technical support
0040-HALCW,Male,0,Yes,Yes,54,Yes,No,No,No internet service,No internet service,No internet service,No internet service,No internet service,No internet service,Two year,No,Credit card (automatic),20.4,1090.6,No,0.010251921,0,Low,1.0,Low,Contract Month-to-month | MonthlyCharges | Contract Two year | TotalCharges | TechSupport No,-0.9746 | -0.7162 | -0.5389 | 0.4102 | -0.329,Reduces churn risk | Reduces churn risk | Reduces churn risk | Increases churn risk | Reduces churn risk,Maintain regular engagement
7124-UGSUR,Female,1,Yes,No,61,Yes,Yes,Fiber optic,No,Yes,Yes,No,Yes,Yes,One year,Yes,Credit card (automatic),104.4,6405.0,Yes,0.118890025,0,Low,0.0,Low,Contract Month-to-month | tenure | PaymentMethod Electronic check | MonthlyCharges | TotalCharges,-1.0494 | -0.8962 | -0.3111 | 0.3034 | -0.2533,Reduces churn risk | Reduces churn risk | Reduces churn risk | Increases churn risk | Reduces churn risk,Maintain regular engagement; Promote online security; Offer technical support; Review pricing
7395-XWZOY,Male,0,No,No,20,No,No phone service,DSL,Yes,Yes,Yes,Yes,Yes,No,Month-to-month,Yes,Credit card (automatic),55.0,1165.55,No,0.24187025,0,Low,1.0,Low,TechSupport No | OnlineSecurity No | Contract Month-to-month | PaymentMethod Electronic check | TotalCharges,-0.4781 | -0.408 | 0.4017 | -0.3769 | 0.2706,Reduces churn risk | Reduces churn risk | Increases churn risk | Reduces churn risk | Increases churn risk,Maintain regular engagement; Offer long-term contract incentive
5440-VHLUL,Male,0,No,No,69,Yes,Yes,Fiber optic,No,Yes,No,Yes,Yes,Yes,One year,Yes,Bank transfer (automatic),105.2,7386.05,No,0.61143416,1,Medium,0.0,Medium,Contract Month-to-month | MonthlyCharges | tenure | OnlineSecurity No | StreamingMovies Yes,-0.5443 | 0.3365 | -0.3051 | 0.2971 | 0.2436,Reduces churn risk | Increases churn risk | Reduces churn risk | Increases churn risk | Increases churn risk,Proactive retention communication; Promote online security; Review pricing
4706-DGAHW,Male,1,No,No,1,Yes,No,DSL,No,No,No,No,No,No,Month-to-month,No,Electronic check,45.2,45.2,No,0.7460617,1,High,1.0,Critical,tenure | Contract Month-to-month | PaperlessBilling No | PaymentMethod Electronic check | InternetService Fiber optic,0.815 | 0.6325 | -0.286 | 0.2393 | -0.2114,Increases churn risk | Increases churn risk | Reduces churn risk | Increases churn risk | Reduces churn risk,Priority retention outreach; Offer long-term contract incentive; Provide new-customer support; Promote online security; Offer technical support
8166-ORCHU,Male,1,Yes,No,33,Yes,No,Fiber optic,Yes,Yes,No,Yes,No,Yes,One year,Yes,Electronic check,93.55,3055.5,No,0.05298774,0,Low,0.0,Low,Contract Month-to-month | tenure | MonthlyCharges | OnlineSecurity No | TechSupport No,-0.7966 | -0.4454 | -0.3856 | -0.3387 | -0.2744,Reduces churn risk | Reduces churn risk | Reduces churn risk | Reduces churn risk | Reduces churn risk,Maintain regular engagement; Review pricing
3978-YNKDD,Male,0,No,Yes,19,Yes,No,No,No internet service,No internet service,No internet service,No internet service,No internet service,No internet service,Two year,No,Credit card (automatic),20.85,467.5,No,0.0043939236,0,Low,1.0,Low,Contract Month-to-month | Contract Two year | MonthlyCharges | OnlineSecurity No | TechSupport No,-1.1006 | -0.7385 | -0.5487 | -0.4056 | -0.3102,Reduces churn risk | Reduces churn risk | Reduces churn risk | Reduces churn risk | Reduces churn risk,Maintain regular engagement
7198-GLXTC,Male,0,No,No,2,Yes,No,Fiber optic,No,No,No,No,Yes,No,Month-to-month,No,Electronic check,79.0,143.65,Yes,0.82328784,1,High,1.0,Critical,Contract Month-to-month | PaperlessBilling No | OnlineSecurity No | MonthlyCharges | tenure,0.6311 | -0.2971 | 0.2835 | 0.2191 | 0.2071,Increases churn risk | Reduces churn risk | Increases churn risk | Increases churn risk | Increases churn risk,Immediate personal outreach; Offer long-term contract incentive; Provide new-customer support; Promote online security; Offer technical support
6366-XIVKZ,Female,0,Yes,Yes,13,Yes,No,DSL,Yes,No,Yes,No,No,Yes,Month-to-month,Yes,Mailed check,63.15,816.8,No,0.2266564,0,Low,1.0,Low,Contract Month-to-month | OnlineSecurity No | MonthlyCharges | PaymentMethod Electronic check | InternetService Fiber optic,0.4617 | -0.3677 | -0.3639 | -0.2952 | -0.2736,Increases churn risk | Reduces churn risk | Reduces churn risk | Reduces churn risk | Reduces churn risk,Maintain regular engagement; Offer long-term contract incentive; Offer technical support
5133-POWUA,Male,0,No,No,1,Yes,No,DSL,No,No,No,No,No,No,Month-to-month,Yes,Mailed check,45.8,45.8,No,0.76992536,1,High,1.0,Critical,tenure | Contract Month-to-month | PaymentMethod Electronic check | InternetService Fiber optic | TotalCharges,0.9501 | 0.6282 | -0.3637 | -0.2362 | 0.2315,Increases churn risk | Increases churn risk | Reduces churn risk | Reduces churn risk | Increases churn risk,Priority retention outreach; Offer long-term contract incentive; Provide new-customer support; Promote online security; Offer technical support
8400-WZICQ,Female,0,Yes,Yes,55,Yes,No,DSL,Yes,Yes,No,No,No,No,Month-to-month,No,Electronic check,55.7,3131.8,No,0.057636745,0,Low,0.0,Low,tenure | Contract Month-to-month | OnlineSecurity No | OnlineBackup No | InternetService Fiber optic,-0.8715 | 0.3709 | -0.3611 | -0.2704 | -0.2223,Reduces churn risk | Increases churn risk | Reduces churn risk | Reduces churn risk | Reduces churn risk,Maintain regular engagement; Offer long-term contract incentive; Offer technical support
5382-SOYZL,Male,0,No,No,22,Yes,Yes,Fiber optic,No,No,No,No,Yes,Yes,Month-to-month,Yes,Electronic check,95.1,2162.6,No,0.8411406,1,High,1.0,Critical,Contract Month-to-month | PaymentMethod Electronic check | InternetService Fiber optic | OnlineSecurity No | tenure,0.5551 | 0.2458 | 0.1854 | 0.1727 | -0.1605,Increases churn risk | Increases churn risk | Increases churn risk | Increases churn risk | Reduces churn risk,Immediate personal outreach; Offer long-term contract incentive; Promote online security; Offer technical support; Review pricing
1989-PRJHP,Male,1,Yes,No,27,Yes,Yes,Fiber optic,No,No,No,No,No,No,Month-to-month,Yes,Electronic check,75.5,1893.95,Yes,0.56441593,1,Medium,1.0,Medium,Contract Month-to-month | tenure | TotalCharges | MonthlyCharges | PaymentMethod Electronic check,0.6583 | -0.5856 | -0.4287 | -0.2879 | 0.283,Increases churn risk | Reduces churn risk | Reduces churn risk | Reduces churn risk | Increases churn risk,Proactive retention communication; Offer long-term contract incentive; Promote online security; Offer technical support
4154-AQUGT,Male,1,Yes,No,13,Yes,No,Fiber optic,No,Yes,No,Yes,No,Yes,Month-to-month,Yes,Bank transfer (automatic),89.05,1169.35,Yes,0.41940516,0,Medium,1.0,Medium,Contract Month-to-month | TechSupport No | TotalCharges | InternetService Fiber optic | MonthlyCharges,0.5051 | -0.3756 | 0.3651 | 0.2332 | -0.2223,Increases churn risk | Reduces churn risk | Increases churn risk | Increases churn risk | Reduces churn risk,Proactive retention communication; Offer long-term contract incentive; Promote online security; Review pricing
0980-FEXWF,Male,0,Yes,Yes,26,Yes,No,DSL,No,No,Yes,No,No,No,One year,No,Mailed check,50.35,1285.8,No,0.028180713,0,Low,1.0,Low,Contract Month-to-month | tenure | TotalCharges | MonthlyCharges | StreamingMovies Yes,-0.9265 | -0.53 | -0.5 | -0.3963 | -0.3186,Reduces churn risk | Reduces churn risk | Reduces churn risk | Reduces churn risk | Reduces churn risk,Maintain regular engagement; Promote online security; Offer technical support
5845-BZZIB,Male,0,Yes,Yes,35,Yes,No,No,No internet service,No internet service,No internet service,No internet service,No internet service,No internet service,Two year,No,Mailed check,20.1,655.3,No,0.0043735593,0,Low,1.0,Low,Contract Month-to-month | Contract Two year | tenure | OnlineSecurity No | TechSupport No,-1.2272 | -0.8225 | -0.5665 | -0.414 | -0.3058,Reduces churn risk | Reduces churn risk | Reduces churn risk | Reduces churn risk | Reduces churn risk,Maintain regular engagement
4840-ORQXB,Female,1,No,No,56,Yes,Yes,Fiber optic,No,Yes,Yes,No,Yes,Yes,Month-to-month,No,Electronic check,104.75,5841.35,No,0.37786412,0,Low,0.0,Low,tenure | PaperlessBilling No | MonthlyCharges | Contract Month-to-month | TotalCharges,-0.6112 | -0.5358 | 0.4878 | 0.4403 | -0.308,Reduces churn risk | Reduces churn risk | Increases churn risk | Increases churn risk | Reduces churn risk,Maintain regular engagement; Offer long-term contract incentive; Promote online security; Offer technical support; Review pricing
0295-PPHDO,Male,0,No,No,1,Yes,Yes,Fiber optic,No,No,No,No,Yes,Yes,Month-to-month,Yes,Electronic check,95.45,95.45,Yes,0.97016925,1,High,1.0,Critical,tenure | Contract Month-to-month | OnlineSecurity No | TotalCharges | TechSupport No,0.8789 | 0.6384 | 0.2567 | 0.2443 | 0.2043,Increases churn risk | Increases churn risk | Increases churn risk | Increases churn risk | Increases churn risk,Immediate personal outreach; Offer long-term contract incentive; Provide new-customer support; Promote online security; Offer technical support; Review pricing
8775-ERLNB,Male,1,Yes,No,1,Yes,Yes,Fiber optic,No,No,No,No,No,No,Month-to-month,No,Electronic check,74.3,74.3,No,0.8767017,1,High,1.0,Critical,tenure | Contract Month-to-month | PaperlessBilling No | OnlineSecurity No | PaperlessBilling Yes,0.9301 | 0.6657 | -0.4615 | 0.2185 | -0.215,Increases churn risk | Increases churn risk | Reduces churn risk | Increases churn risk | Reduces churn risk,Immediate personal outreach; Offer long-term contract incentive; Provide new-customer support; Promote online security; Offer technical support
0376-YMCJC,Male,0,No,No,23,Yes,Yes,Fiber optic,No,No,No,Yes,Yes,No,Month-to-month,Yes,Electronic check,90.6,1943.2,Yes,0.7634814,1,High,1.0,Critical,Contract Month-to-month | TechSupport No | PaymentMethod Electronic check | OnlineSecurity No | tenure,0.5911 | -0.4497 | 0.4231 | 0.2325 | -0.2201,Increases churn risk | Reduces churn risk | Increases churn risk | Increases churn risk | Reduces churn risk,Priority retention outreach; Offer long-term contract incentive; Promote online security; Review pricing
7410-YTJIK,Female,0,No,No,7,Yes,Yes,Fiber optic,No,No,No,No,No,No,Month-to-month,No,Mailed check,75.45,480.75,Yes,0.68810153,1,Medium,1.0,Medium,Contract Month-to-month | tenure | PaperlessBilling No | PaymentMethod Electronic check | OnlineSecurity No,0.6284 | 0.3505 | -0.3421 | -0.2905 | 0.271,Increases churn risk | Increases churn risk | Reduces churn risk | Reduces churn risk | Increases churn risk,Proactive retention communication; Offer long-term contract incentive; Promote online security; Offer technical support
9927-DSWDF,Male,0,Yes,No,22,Yes,No,Fiber optic,Yes,Yes,No,Yes,Yes,Yes,Month-to-month,Yes,Electronic check,104.6,2180.55,No,0.3617904,0,Low,1.0,Low,TechSupport No | Contract Month-to-month | OnlineSecurity No | OnlineBackup No | InternetService Fiber optic,-0.4348 | 0.3923 | -0.3602 | -0.2888 | 0.2222,Reduces churn risk | Increases churn risk | Reduces churn risk | Reduces churn risk | Increases churn risk,Maintain regular engagement; Offer long-term contract incentive; Review pricing
6681-ZSEXG,Male,0,Yes,No,56,Yes,Yes,DSL,No,Yes,Yes,No,No,No,Two year,No,Credit card (automatic),59.5,3389.25,No,0.026948918,0,Low,0.0,Low,Contract Month-to-month | Contract Two year | TotalCharges | MonthlyCharges | tenure,-0.9741 | -0.7144 | -0.4466 | -0.308 | -0.3011,Reduces churn risk | Reduces churn risk | Reduces churn risk | Reduces churn risk | Reduces churn risk,Maintain regular engagement; Promote online security; Offer technical support
5702-KVQRD,Male,0,Yes,No,71,Yes,No,DSL,Yes,No,Yes,Yes,Yes,Yes,Two year,Yes,Electronic check,82.55,5832.65,No,0.009030301,0,Low,0.0,Low,tenure | Contract Month-to-month | Contract Two year | MonthlyCharges | OnlineSecurity No,-1.1429 | -0.8988 | -0.6145 | -0.5113 | -0.4301,Reduces churn risk | Reduces churn risk | Reduces churn risk | Reduces churn risk | Reduces churn risk,Maintain regular engagement; Review pricing
8711-LOBKY,Male,0,Yes,Yes,59,Yes,No,No,No internet service,No internet service,No internet service,No internet service,No internet service,No internet service,Two year,No,Mailed check,19.85,1188.25,No,0.0055245887,0,Low,1.0,Low,Contract Month-to-month | Contract Two year | OnlineSecurity No | TechSupport No | Dependents No,-1.1323 | -0.8129 | -0.3963 | -0.3121 | -0.2739,Reduces churn risk | Reduces churn risk | Reduces churn risk | Reduces churn risk | Reduces churn risk,Maintain regular engagement
9692-TUSXH,Female,0,No,No,18,Yes,No,Fiber optic,Yes,No,No,No,Yes,Yes,Month-to-month,Yes,Electronic check,96.05,1740.7,Yes,0.71372294,1,High,1.0,Critical,Contract Month-to-month | MonthlyCharges | OnlineSecurity No | MultipleLines No | TotalCharges,0.5237 | 0.4609 | -0.3595 | -0.2615 | -0.2182,Increases churn risk | Increases churn risk | Reduces churn risk | Reduces churn risk | Reduces churn risk,Priority retention outreach; Offer long-term contract incentive; Offer technical support; Review pricing
4012-YCFAI,Male,0,Yes,No,60,Yes,No,DSL,Yes,Yes,No,Yes,No,No,Two year,Yes,Mailed check,61.35,3766.2,No,0.0023441392,0,Low,0.0,Low,Contract Month-to-month | tenure | Contract Two year | TotalCharges | MonthlyCharges,-0.8715 | -0.8399 | -0.7832 | -0.6498 | -0.4135,Reduces churn risk | Reduces churn risk | Reduces churn risk | Reduces churn risk | Reduces churn risk,Maintain regular engagement
8455-HIRAQ,Female,0,No,No,8,Yes,No,DSL,No,No,No,No,No,No,Month-to-month,No,Mailed check,44.45,369.3,No,0.2160642,0,Low,1.0,Low,Contract Month-to-month | MonthlyCharges | PaymentMethod Electronic check | PaperlessBilling No | InternetService Fiber optic,0.5014 | -0.411 | -0.3895 | -0.2316 | -0.198,Increases churn risk | Reduces churn risk | Reduces churn risk | Reduces churn risk | Reduces churn risk,Maintain regular engagement; Offer long-term contract incentive; Promote online security; Offer technical support
7853-WNZSY,Male,0,No,No,1,Yes,No,No,No internet service,No internet service,No internet service,No internet service,No internet service,No internet service,Month-to-month,Yes,Credit card (automatic),19.75,19.75,No,0.31061837,0,Low,1.0,Low,tenure | Contract Month-to-month | PaymentMethod Credit card (automatic) | OnlineSecurity No | TechSupport No,0.8639 | 0.58 | -0.5742 | -0.4077 | -0.3563,Increases churn risk | Increases churn risk | Reduces churn risk | Reduces churn risk | Reduces churn risk,Maintain regular engagement; Offer long-term contract incentive; Provide new-customer support
0390-DCFDQ,Female,1,Yes,No,1,Yes,No,Fiber optic,No,No,No,No,No,No,Month-to-month,Yes,Mailed check,70.45,70.45,Yes,0.72772765,1,High,1.0,Critical,tenure | Contract Month-to-month | PaymentMethod Electronic check | TotalCharges | MonthlyCharges,0.8926 | 0.7024 | -0.3033 | -0.2266 | -0.2225,Increases churn risk | Increases churn risk | Reduces churn risk | Reduces churn risk | Reduces churn risk,Priority retention outreach; Offer long-term contract incentive; Provide new-customer support; Promote online security; Offer technical support
6421-SZVEM,Female,0,Yes,Yes,28,Yes,No,Fiber optic,Yes,No,No,No,No,Yes,One year,Yes,Bank transfer (automatic),82.85,2320.8,No,0.1529871,0,Low,1.0,Low,Contract Month-to-month | OnlineSecurity No | InternetService Fiber optic | StreamingMovies Yes | tenure,-1.1214 | -0.4609 | 0.2081 | 0.186 | -0.1808,Reduces churn risk | Reduces churn risk | Increases churn risk | Increases churn risk | Reduces churn risk,Maintain regular engagement; Offer technical support; Review pricing
3094-JOJAI,Male,0,No,No,18,Yes,Yes,Fiber optic,No,No,No,No,No,No,Month-to-month,No,Mailed check,74.15,1387.0,No,0.21467875,0,Low,1.0,Low,tenure | Contract Month-to-month | PaymentMethod Electronic check | PaperlessBilling No | OnlineSecurity No,-0.5932 | 0.5014 | -0.3646 | -0.3089 | 0.208,Reduces churn risk | Increases churn risk | Reduces churn risk | Reduces churn risk | Increases churn risk,Maintain regular engagement; Offer long-term contract incentive; Promote online security; Offer technical support
4873-ILOLJ,Male,0,No,No,24,Yes,No,Fiber optic,No,No,No,No,Yes,Yes,Month-to-month,Yes,Electronic check,90.35,2238.5,Yes,0.6745503,1,Medium,1.0,Medium,Contract Month-to-month | tenure | MultipleLines No | OnlineSecurity No | PaymentMethod Electronic check,0.5604 | -0.3758 | -0.2771 | 0.2099 | 0.1882,Increases churn risk | Reduces churn risk | Reduces churn risk | Increases churn risk | Increases churn risk,Proactive retention communication; Offer long-term contract incentive; Promote online security; Offer technical support; Review pricing
8181-YHCMF,Female,0,Yes,Yes,68,No,No phone service,DSL,No,Yes,Yes,Yes,Yes,Yes,Two year,No,Credit card (automatic),60.3,4109.0,No,0.005068441,0,Low,0.0,Low,Contract Month-to-month | Contract Two year | tenure | TotalCharges | TechSupport No,-1.0676 | -0.8061 | -0.4851 | -0.4338 | -0.4063,Reduces churn risk | Reduces churn risk | Reduces churn risk | Reduces churn risk | Reduces churn risk,Maintain regular engagement; Promote online security
3324-OIRTO,Male,0,Yes,Yes,71,Yes,No,Fiber optic,Yes,Yes,Yes,No,Yes,Yes,One year,Yes,Bank transfer (automatic),104.65,7288.4,No,0.0632487,0,Low,0.0,Low,tenure | Contract Month-to-month | OnlineSecurity No | TotalCharges | Dependents No,-1.2319 | -0.9347 | -0.4517 | -0.3461 | -0.2857,Reduces churn risk | Reduces churn risk | Reduces churn risk | Reduces churn risk | Reduces churn risk,Maintain regular engagement; Offer technical support; Review pricing
9135-HSWOC,Male,0,Yes,Yes,64,Yes,No,No,No internet service,No internet service,No internet service,No internet service,No internet service,No internet service,Two year,Yes,Bank transfer (automatic),19.7,1274.05,No,0.008344222,0,Low,1.0,Low,Contract Month-to-month | Contract Two year | tenure | OnlineSecurity No | TechSupport No,-1.2261 | -0.6256 | -0.5633 | -0.3864 | -0.3383,Reduces churn risk | Reduces churn risk | Reduces churn risk | Reduces churn risk | Reduces churn risk,Maintain regular engagement
2272-WUSPA,Female,0,Yes,No,72,Yes,Yes,Fiber optic,Yes,Yes,Yes,No,Yes,Yes,Two year,Yes,Electronic check,110.75,7751.7,No,0.010711989,0,Low,0.0,Low,tenure | Contract Month-to-month | OnlineSecurity No | Contract Two year | PaymentMethod Electronic check,-1.7252 | -1.2676 | -0.6985 | -0.6644 | 0.2619,Reduces churn risk | Reduces churn risk | Reduces churn risk | Reduces churn risk | Increases churn risk,Maintain regular engagement; Offer technical support; Review pricing
4627-MIHJH,Female,1,No,No,69,Yes,Yes,Fiber optic,Yes,No,Yes,Yes,Yes,Yes,Two year,No,Credit card (automatic),110.25,7467.55,No,0.3085244,0,Low,0.0,Low,Contract Month-to-month | MonthlyCharges | OnlineBackup No | Contract Two year | tenure,-0.7802 | 0.5988 | 0.3509 | -0.3192 | -0.3156,Reduces churn risk | Increases churn risk | Increases churn risk | Reduces churn risk | Reduces churn risk,Maintain regular engagement; Review pricing
3896-RCYYE,Female,0,No,No,67,No,No phone service,DSL,No,No,Yes,Yes,Yes,Yes,Month-to-month,Yes,Credit card (automatic),53.4,3579.15,No,0.046486005,0,Low,0.0,Low,tenure | TotalCharges | TechSupport No | PaymentMethod Electronic check | Contract Month-to-month,-0.9307 | -0.5666 | -0.5504 | -0.4613 | 0.3692,Reduces churn risk | Reduces churn risk | Reduces churn risk | Reduces churn risk | Increases churn risk,Maintain regular engagement; Offer long-term contract incentive; Promote online security
6729-GDNGC,Female,1,No,No,20,Yes,No,Fiber optic,No,No,No,No,Yes,No,Month-to-month,No,Bank transfer (automatic),80.7,1614.2,No,0.19702613,0,Low,1.0,Low,Contract Month-to-month | tenure | PaperlessBilling No | PaymentMethod Electronic check | TotalCharges,0.5449 | -0.3999 | -0.3588 | -0.332 | -0.3188,Increases churn risk | Reduces churn risk | Reduces churn risk | Reduces churn risk | Reduces churn risk,Maintain regular engagement; Offer long-term contract incentive; Promote online security; Offer technical support; Review pricing
9945-PSVIP,Female,0,Yes,Yes,25,Yes,No,No,No internet service,No internet service,No internet service,No internet service,No internet service,No internet service,Two year,Yes,Mailed check,18.7,383.65,No,0.008568735,0,Low,1.0,Low,Contract Month-to-month | Contract Two year | MonthlyCharges | OnlineSecurity No | TechSupport No,-1.3675 | -0.8256 | -0.8195 | -0.4333 | -0.3049,Reduces churn risk | Reduces churn risk | Reduces churn risk | Reduces churn risk | Reduces churn risk,Maintain regular engagement
4137-JOPHL,Female,0,No,No,50,Yes,No,Fiber optic,No,No,Yes,Yes,No,Yes,Two year,Yes,Bank transfer (automatic),89.7,4304.5,No,0.00640377,0,Low,0.0,Low,Contract Month-to-month | tenure | Contract Two year | TotalCharges | MonthlyCharges,-1.0783 | -0.8023 | -0.6369 | -0.5931 | -0.4649,Reduces churn risk | Reduces churn risk | Reduces churn risk | Reduces churn risk | Reduces churn risk,Maintain regular engagement; Promote online security; Review pricing
2720-FVBQP,Female,0,Yes,Yes,6,Yes,Yes,DSL,No,No,No,No,No,No,Month-to-month,Yes,Credit card (automatic),48.95,273.25,No,0.34818873,0,Low,1.0,Low,Contract Month-to-month | PaymentMethod Electronic check | InternetService Fiber optic | InternetService DSL | Dependents No,0.4943 | -0.3371 | -0.2762 | -0.2509 | -0.1933,Increases churn risk | Reduces churn risk | Reduces churn risk | Reduces churn risk | Reduces churn risk,Maintain regular engagement; Offer long-term contract incentive; Provide new-customer support; Promote online security; Offer technical support
7854-EKTJL,Female,0,No,Yes,2,Yes,No,No,No internet service,No internet service,No internet service,No internet service,No internet service,No internet service,Month-to-month,Yes,Electronic check,19.6,35.85,Yes,0.22458868,0,Low,1.0,Low,OnlineSecurity No | Contract Month-to-month | TechSupport No | InternetService Fiber optic | OnlineBackup No,-0.5562 | 0.5222 | -0.4392 | -0.2614 | -0.1901,Reduces churn risk | Increases churn risk | Reduces churn risk | Reduces churn risk | Reduces churn risk,Maintain regular engagement; Offer long-term contract incentive; Provide new-customer support
1133-KXCGE,Female,0,No,No,18,Yes,No,No,No internet service,No internet service,No internet service,No internet service,No internet service,No internet service,One year,No,Mailed check,20.1,407.05,No,0.01742414,0,Low,1.0,Low,Contract Month-to-month | OnlineSecurity No | tenure | TechSupport No | PaymentMethod Mailed check,-1.3107 | -0.4241 | -0.2683 | -0.2268 | -0.2114,Reduces churn risk | Reduces churn risk | Reduces churn risk | Reduces churn risk | Reduces churn risk,Maintain regular engagement
6048-QBXKL,Female,1,No,No,2,Yes,Yes,DSL,No,Yes,No,No,No,No,Month-to-month,Yes,Credit card (automatic),56.55,118.25,No,0.6200683,1,Medium,1.0,Medium,Contract Month-to-month | tenure | InternetService Fiber optic | MonthlyCharges | OnlineBackup No,0.5542 | 0.3282 | -0.2484 | -0.246 | -0.2188,Increases churn risk | Increases churn risk | Reduces churn risk | Reduces churn risk | Reduces churn risk,Proactive retention communication; Offer long-term contract incentive; Provide new-customer support; Promote online security; Offer technical support
6338-AVWCY,Male,0,No,No,3,No,No phone service,DSL,No,No,Yes,No,Yes,No,Month-to-month,Yes,Mailed check,40.15,130.75,Yes,0.8452468,1,High,1.0,Critical,Contract Month-to-month | tenure | PaymentMethod Electronic check | OnlineSecurity No | TechSupport No,0.6095 | 0.3798 | -0.357 | 0.2469 | 0.1725,Increases churn risk | Increases churn risk | Reduces churn risk | Increases churn risk | Increases churn risk,Immediate personal outreach; Offer long-term contract incentive; Provide new-customer support; Promote online security; Offer technical support
0013-MHZWF,Female,0,No,Yes,9,Yes,No,DSL,No,No,No,Yes,Yes,Yes,Month-to-month,Yes,Credit card (automatic),69.4,571.45,No,0.36301723,0,Low,1.0,Low,Contract Month-to-month | PaymentMethod Electronic check | TechSupport No | MonthlyCharges | gender Female,0.4823 | -0.3272 | -0.2943 | -0.2779 | 0.2452,Increases churn risk | Reduces churn risk | Reduces churn risk | Reduces churn risk | Increases churn risk,Maintain regular engagement; Offer long-term contract incentive; Promote online security
9804-ICWBG,Male,0,No,No,1,Yes,No,Fiber optic,No,No,No,No,No,No,Month-to-month,Yes,Electronic check,69.9,69.9,Yes,0.9739698,1,High,1.0,Critical,tenure | TotalCharges | Contract Month-to-month | OnlineSecurity No | InternetService Fiber optic,1.0701 | 0.8158 | 0.7377 | 0.2651 | 0.2416,Increases churn risk | Increases churn risk | Increases churn risk | Increases churn risk | Increases churn risk,Immediate personal outreach; Offer long-term contract incentive; Provide new-customer support; Promote online security; Offer technical support
2368-GAKKQ,Female,0,No,No,70,Yes,Yes,Fiber optic,Yes,Yes,Yes,Yes,Yes,Yes,Two year,Yes,Bank transfer (automatic),113.65,7939.25,No,0.063608855,0,Low,0.0,Low,Contract Month-to-month | Contract Two year | OnlineSecurity No | tenure | Contract One year,-0.9614 | -0.5782 | -0.3954 | -0.3416 | -0.2719,Reduces churn risk | Reduces churn risk | Reduces churn risk | Reduces churn risk | Reduces churn risk,Maintain regular engagement; Review pricing
4829-AUOAX,Female,0,No,No,46,Yes,Yes,Fiber optic,No,No,No,No,Yes,Yes,Month-to-month,No,Bank transfer (automatic),96.05,4399.5,Yes,0.32717744,0,Low,0.0,Low,tenure | Contract Month-to-month | PaperlessBilling No | PaymentMethod Electronic check | PaperlessBilling Yes,-0.6927 | 0.5155 | -0.4085 | -0.2686 | -0.2118,Reduces churn risk | Increases churn risk | Reduces churn risk | Reduces churn risk | Reduces churn risk,Maintain regular engagement; Offer long-term contract incentive; Promote online security; Offer technical support; Review pricing
7876-BEUTG,Female,0,No,No,15,Yes,Yes,DSL,No,No,No,No,No,No,Month-to-month,Yes,Mailed check,48.8,720.1,No,0.5153319,1,Medium,1.0,Medium,Contract Month-to-month | PaymentMethod Electronic check | tenure | PaymentMethod Mailed check | InternetService Fiber optic,0.5543 | -0.3312 | 0.2552 | -0.2201 | -0.2173,Increases churn risk | Reduces churn risk | Increases churn risk | Reduces churn risk | Reduces churn risk,Proactive retention communication; Offer long-term contract incentive; Promote online security; Offer technical support
6349-JDHQP,Female,0,No,No,53,Yes,No,No,No internet service,No internet service,No internet service,No internet service,No internet service,No internet service,Two year,No,Credit card (automatic),19.85,1049.6,No,0.03468944,0,Low,1.0,Low,Contract Month-to-month | Contract Two year | TotalCharges | MonthlyCharges | OnlineSecurity No,-1.0747 | -0.4542 | 0.4196 | -0.321 | -0.3209,Reduces churn risk | Reduces churn risk | Increases churn risk | Reduces churn risk | Reduces churn risk,Maintain regular engagement
3063-QFSZL,Female,0,No,No,1,Yes,No,DSL,No,No,No,No,No,Yes,Month-to-month,Yes,Electronic check,55.4,55.4,Yes,0.7582197,1,High,1.0,Critical,tenure | Contract Month-to-month | MonthlyCharges | InternetService DSL | InternetService Fiber optic,0.9209 | 0.638 | -0.4433 | -0.3055 | -0.285,Increases churn risk | Increases churn risk | Reduces churn risk | Reduces churn risk | Reduces churn risk,Priority retention outreach; Offer long-term contract incentive; Provide new-customer support; Promote online security; Offer technical support
9142-XMYJH,Female,0,No,No,29,Yes,No,No,No internet service,No internet service,No internet service,No internet service,No internet service,No internet service,Month-to-month,No,Credit card (automatic),19.35,601.6,No,0.0692965,0,Low,1.0,Low,tenure | Contract Month-to-month | OnlineSecurity No | TechSupport No | PaymentMethod Credit card (automatic),-0.4847 | 0.456 | -0.4232 | -0.3183 | -0.3177,Reduces churn risk | Increases churn risk | Reduces churn risk | Reduces churn risk | Reduces churn risk,Maintain regular engagement; Offer long-term contract incentive
2609-IAICY,Female,0,No,No,1,Yes,Yes,Fiber optic,No,No,No,No,No,No,Month-to-month,Yes,Electronic check,77.15,77.15,Yes,0.95030636,1,High,1.0,Critical,tenure | Contract Month-to-month | TotalCharges | OnlineSecurity No | InternetService Fiber optic,1.0631 | 0.7706 | 0.4471 | 0.2801 | 0.1985,Increases churn risk | Increases churn risk | Increases churn risk | Increases churn risk | Increases churn risk,Immediate personal outreach; Offer long-term contract incentive; Provide new-customer support; Promote online security; Offer technical support
8626-PTQGE,Male,0,No,No,69,No,No phone service,DSL,Yes,Yes,No,Yes,Yes,Yes,Two year,Yes,Bank transfer (automatic),60.05,4176.7,No,0.0065484033,0,Low,0.0,Low,Contract Month-to-month | Contract Two year | MonthlyCharges | tenure | TotalCharges,-0.8765 | -0.7799 | -0.5186 | -0.4904 | -0.4342,Reduces churn risk | Reduces churn risk | Reduces churn risk | Reduces churn risk | Reduces churn risk,Maintain regular engagement
0230-UBYPQ,Male,1,Yes,No,63,No,No phone service,DSL,Yes,No,No,Yes,No,No,One year,No,Bank transfer (automatic),36.1,2298.9,No,0.01749533,0,Low,1.0,Low,tenure | Contract Month-to-month | TotalCharges | StreamingMovies Yes | OnlineSecurity No,-1.0034 | -0.9868 | -0.378 | -0.3775 | -0.3678,Reduces churn risk | Reduces churn risk | Reduces churn risk | Reduces churn risk | Reduces churn risk,Maintain regular engagement
6814-ZPWFQ,Male,1,No,No,51,Yes,Yes,No,No internet service,No internet service,No internet service,No internet service,No internet service,No internet service,One year,No,Bank transfer (automatic),25.0,1260.7,No,0.044788867,0,Low,1.0,Low,Contract Month-to-month | tenure | OnlineSecurity No | TechSupport No | PaymentMethod Electronic check,-0.9674 | -0.5847 | -0.404 | -0.2311 | -0.2015,Reduces churn risk | Reduces churn risk | Reduces churn risk | Reduces churn risk | Reduces churn risk,Maintain regular engagement
5921-NGYRH,Male,0,Yes,No,64,Yes,No,Fiber optic,Yes,No,No,No,No,No,Month-to-month,Yes,Mailed check,73.55,4764.0,No,0.061190803,0,Low,0.0,Low,tenure | OnlineSecurity No | PaymentMethod Electronic check | Contract Month-to-month | PaymentMethod Mailed check,-1.3996 | -0.5255 | -0.4309 | 0.4059 | -0.4051,Reduces churn risk | Reduces churn risk | Reduces churn risk | Increases churn risk | Reduces churn risk,Maintain regular engagement; Offer long-term contract incentive; Offer technical support
7803-XOCCZ,Female,0,Yes,Yes,52,Yes,No,Fiber optic,Yes,No,Yes,Yes,No,No,Month-to-month,Yes,Bank transfer (automatic),84.05,4326.8,No,0.046761014,0,Low,0.0,Low,tenure | TechSupport No | TotalCharges | PaymentMethod Electronic check | Contract Month-to-month,-1.0601 | -0.4714 | -0.4593 | -0.3954 | 0.3867,Reduces churn risk | Reduces churn risk | Reduces churn risk | Reduces churn risk | Increases churn risk,Maintain regular engagement; Offer long-term contract incentive; Review pricing
1459-QNFQT,Male,0,Yes,Yes,70,No,No phone service,DSL,Yes,No,Yes,Yes,Yes,Yes,Two year,No,Bank transfer (automatic),59.5,4144.8,No,0.008748815,0,Low,0.0,Low,Contract Month-to-month | Contract Two year | MonthlyCharges | tenure | TotalCharges,-1.0029 | -0.6393 | -0.6244 | -0.544 | -0.463,Reduces churn risk | Reduces churn risk | Reduces churn risk | Reduces churn risk | Reduces churn risk,Maintain regular engagement
3948-FVVRP,Male,0,Yes,Yes,9,Yes,No,DSL,No,Yes,No,Yes,No,No,Month-to-month,No,Mailed check,54.8,452.8,No,0.1606377,0,Low,1.0,Low,Contract Month-to-month | TechSupport No | OnlineBackup No | Dependents No | gender Female,0.3785 | -0.2968 | -0.233 | -0.2299 | -0.2042,Increases churn risk | Reduces churn risk | Reduces churn risk | Reduces churn risk | Reduces churn risk,Maintain regular engagement; Offer long-term contract incentive; Promote online security
0923-PNFUB,Female,0,No,No,3,Yes,No,Fiber optic,No,Yes,No,No,Yes,No,Month-to-month,No,Electronic check,83.75,247.25,Yes,0.35046968,0,Low,1.0,Low,Contract Month-to-month | PaperlessBilling No | OnlineBackup No | PaperlessBilling Yes | OnlineSecurity No,0.5707 | -0.4594 | -0.3242 | -0.2084 | 0.2052,Increases churn risk | Reduces churn risk | Reduces churn risk | Reduces churn risk | Increases churn risk,Maintain regular engagement; Offer long-term contract incentive; Provide new-customer support; Promote online security; Offer technical support; Review pricing
4654-ULTTN,Male,0,Yes,No,70,Yes,Yes,DSL,Yes,No,Yes,Yes,No,Yes,Two year,Yes,Credit card (automatic),74.8,5315.8,No,0.068695344,0,Low,0.0,Low,Contract Month-to-month | Contract Two year | MonthlyCharges | OnlineSecurity No | TotalCharges,-0.8139 | -0.4299 | -0.3414 | -0.2975 | 0.2906,Reduces churn risk | Reduces churn risk | Reduces churn risk | Reduces churn risk | Increases churn risk,Maintain regular engagement
5628-FCGYG,Male,0,No,No,21,Yes,Yes,Fiber optic,No,No,No,No,No,Yes,Month-to-month,Yes,Electronic check,84.1,1737.45,No,0.83588004,1,High,1.0,Critical,Contract Month-to-month | TotalCharges | PaymentMethod Electronic check | OnlineSecurity No | InternetService Fiber optic,0.6078 | -0.2787 | 0.2766 | 0.2525 | 0.174,Increases churn risk | Reduces churn risk | Increases churn risk | Increases churn risk | Increases churn risk,Immediate personal outreach; Offer long-term contract incentive; Promote online security; Offer technical support; Review pricing
0506-LVNGN,Female,1,No,No,5,Yes,No,Fiber optic,No,No,Yes,No,No,No,Month-to-month,Yes,Credit card (automatic),75.55,349.65,Yes,0.4314848,0,Medium,1.0,Medium,Contract Month-to-month | MonthlyCharges | PaymentMethod Electronic check | PaymentMethod Credit card (automatic) | tenure,0.6616 | -0.4483 | -0.3196 | -0.2804 | 0.2546,Increases churn risk | Reduces churn risk | Reduces churn risk | Reduces churn risk | Increases churn risk,Proactive retention communication; Offer long-term contract incentive; Provide new-customer support; Promote online security; Offer technical support
4329-YPDDQ,Male,0,No,No,20,Yes,No,Fiber optic,Yes,Yes,Yes,Yes,Yes,Yes,Month-to-month,Yes,Bank transfer (automatic),108.2,2203.7,No,0.34974077,0,Low,1.0,Low,MonthlyCharges | OnlineSecurity No | TechSupport No | Contract Month-to-month | PaymentMethod Electronic check,0.4119 | -0.3825 | -0.3632 | 0.3256 | -0.2663,Increases churn risk | Reduces churn risk | Reduces churn risk | Increases churn risk | Reduces churn risk,Maintain regular engagement; Offer long-term contract incentive; Review pricing
9866-OCCKE,Female,1,Yes,No,72,Yes,Yes,Fiber optic,Yes,No,Yes,Yes,Yes,Yes,Two year,Yes,Mailed check,109.75,8075.35,No,0.0081955455,0,Low,0.0,Low,tenure | Contract Month-to-month | Contract Two year | OnlineSecurity No | Contract One year,-1.9683 | -1.0955 | -0.7496 | -0.473 | -0.3009,Reduces churn risk | Reduces churn risk | Reduces churn risk | Reduces churn risk | Reduces churn risk,Maintain regular engagement; Review pricing
0794-YVSGE,Male,0,Yes,Yes,72,Yes,No,No,No internet service,No internet service,No internet service,No internet service,No internet service,No internet service,Two year,No,Bank transfer (automatic),20.3,1401.15,No,0.0014514413,0,Low,1.0,Low,tenure | Contract Month-to-month | Contract Two year | MonthlyCharges | OnlineSecurity No,-1.632 | -1.1486 | -0.7999 | -0.4543 | -0.4359,Reduces churn risk | Reduces churn risk | Reduces churn risk | Reduces churn risk | Reduces churn risk,Maintain regular engagement
4342-HENTK,Female,1,No,No,2,Yes,No,Fiber optic,No,No,No,No,No,No,Month-to-month,Yes,Electronic check,70.65,142.35,Yes,0.72342145,1,High,1.0,Critical,Contract Month-to-month | MonthlyCharges | OnlineSecurity No | MultipleLines No | TotalCharges,0.6813 | -0.2679 | 0.1877 | -0.1852 | 0.1611,Increases churn risk | Reduces churn risk | Increases churn risk | Reduces churn risk | Increases churn risk,Priority retention outreach; Offer long-term contract incentive; Provide new-customer support; Promote online security; Offer technical support
5934-TSSAU,Female,0,Yes,Yes,23,Yes,No,Fiber optic,No,No,Yes,No,No,No,Month-to-month,Yes,Credit card (automatic),75.3,1702.9,No,0.33117154,0,Low,1.0,Low,Contract Month-to-month | PaymentMethod Electronic check | tenure | TotalCharges | MonthlyCharges,0.571 | -0.428 | -0.2813 | -0.268 | -0.2051,Increases churn risk | Reduces churn risk | Reduces churn risk | Reduces churn risk | Reduces churn risk,Maintain regular engagement; Offer long-term contract incentive; Promote online security; Offer technical support
9986-BONCE,Female,0,No,No,4,Yes,No,No,No internet service,No internet service,No internet service,No internet service,No internet service,No internet service,Month-to-month,No,Bank transfer (automatic),20.95,85.5,Yes,0.24560145,0,Low,1.0,Low,OnlineSecurity No | Contract Month-to-month | TotalCharges | TechSupport No | MonthlyCharges,-0.5523 | 0.4977 | -0.3341 | -0.2706 | -0.238,Reduces churn risk | Increases churn risk | Reduces churn risk | Reduces churn risk | Reduces churn risk,Maintain regular engagement; Offer long-term contract incentive; Provide new-customer support
5301-GAUUY,Male,0,No,No,32,Yes,Yes,Fiber optic,No,Yes,No,No,No,No,Month-to-month,Yes,Bank transfer (automatic),80.35,2596.15,Yes,0.31405482,0,Low,1.0,Low,tenure | Contract Month-to-month | PaymentMethod Electronic check | OnlineSecurity No | TotalCharges,-0.6441 | 0.5617 | -0.501 | 0.2341 | -0.1835,Reduces churn risk | Increases churn risk | Reduces churn risk | Increases churn risk | Reduces churn risk,Maintain regular engagement; Offer long-term contract incentive; Promote online security; Offer technical support; Review pricing
0725-CXOTM,Female,0,No,No,36,Yes,Yes,DSL,Yes,No,Yes,Yes,Yes,Yes,One year,Yes,Credit card (automatic),89.65,3348.1,No,0.028280444,0,Low,0.0,Low,Contract Month-to-month | tenure | OnlineSecurity No | TotalCharges | MonthlyCharges,-0.9294 | -0.5527 | -0.3887 | -0.3347 | -0.3078,Reduces churn risk | Reduces churn risk | Reduces churn risk | Reduces churn risk | Reduces churn risk,Maintain regular engagement; Review pricing
2843-CQMEG,Male,0,No,No,24,Yes,No,DSL,No,Yes,No,No,No,No,Month-to-month,Yes,Mailed check,49.7,1218.25,No,0.14425583,0,Low,1.0,Low,Contract Month-to-month | tenure | MonthlyCharges | PaymentMethod Mailed check | PaymentMethod Electronic check,0.4224 | -0.3937 | -0.3693 | -0.2984 | -0.2661,Increases churn risk | Reduces churn risk | Reduces churn risk | Reduces churn risk | Reduces churn risk,Maintain regular engagement; Offer long-term contract incentive; Promote online security; Offer technical support
5600-PDUJF,Male,0,No,No,6,Yes,No,DSL,No,No,No,Yes,No,No,Month-to-month,Yes,Credit card (automatic),49.5,312.7,No,0.20040512,0,Low,1.0,Low,Contract Month-to-month | PaymentMethod Electronic check | TechSupport No | PaymentMethod Credit card (automatic) | MonthlyCharges,0.451 | -0.4077 | -0.3956 | -0.3323 | -0.2142,Increases churn risk | Reduces churn risk | Reduces churn risk | Reduces churn risk | Reduces churn risk,Maintain regular engagement; Offer long-term contract incentive; Provide new-customer support; Promote online security
4500-HKANN,Male,0,Yes,Yes,23,Yes,Yes,DSL,No,Yes,No,Yes,No,No,Two year,No,Mailed check,59.7,1414.2,No,0.021864831,0,Low,1.0,Low,Contract Month-to-month | Contract Two year | TechSupport No | MonthlyCharges | OnlineSecurity No,-0.9157 | -0.847 | -0.3002 | -0.2919 | 0.2107,Reduces churn risk | Reduces churn risk | Reduces churn risk | Reduces churn risk | Increases churn risk,Maintain regular engagement; Promote online security
1862-QRWPE,Female,0,Yes,Yes,48,Yes,No,No,No internet service,No internet service,No internet service,No internet service,No internet service,No internet service,Two year,No,Bank transfer (automatic),20.65,1057.0,No,0.010806856,0,Low,1.0,Low,Contract Month-to-month | Contract Two year | MonthlyCharges | tenure | OnlineSecurity No,-1.1485 | -0.7603 | -0.5594 | -0.4864 | -0.3844,Reduces churn risk | Reduces churn risk | Reduces churn risk | Reduces churn risk | Reduces churn risk,Maintain regular engagement
2155-AMQRX,Female,0,No,No,28,Yes,Yes,DSL,No,No,No,Yes,No,No,Month-to-month,Yes,Credit card (automatic),54.9,1505.15,No,0.12522931,0,Low,1.0,Low,tenure | PaymentMethod Electronic check | TotalCharges | Contract Month-to-month | TechSupport No,-0.6758 | -0.4647 | -0.4614 | 0.4301 | -0.3366,Reduces churn risk | Reduces churn risk | Reduces churn risk | Increases churn risk | Reduces churn risk,Maintain regular engagement; Offer long-term contract incentive; Promote online security
0823-HSCDJ,Male,1,No,No,52,No,No phone service,DSL,No,Yes,No,No,Yes,Yes,Month-to-month,Yes,Electronic check,49.15,2550.9,Yes,0.60720646,1,Medium,1.0,Medium,tenure | Contract Month-to-month | InternetService Fiber optic | PaymentMethod Electronic check | TechSupport No,-0.6093 | 0.4681 | -0.2484 | 0.2334 | 0.2197,Reduces churn risk | Increases churn risk | Reduces churn risk | Increases churn risk | Increases churn risk,Proactive retention communication; Offer long-term contract incentive; Promote online security; Offer technical support
4090-KPJIP,Female,0,No,No,3,Yes,Yes,Fiber optic,No,No,No,No,No,No,Month-to-month,Yes,Electronic check,74.95,212.4,No,0.8763691,1,High,1.0,Critical,Contract Month-to-month | OnlineSecurity No | tenure | InternetService Fiber optic | MultipleLines No,0.7263 | 0.2656 | 0.2425 | 0.1627 | 0.1562,Increases churn risk | Increases churn risk | Increases churn risk | Increases churn risk | Increases churn risk,Immediate personal outreach; Offer long-term contract incentive; Provide new-customer support; Promote online security; Offer technical support
2737-YNGYW,Female,0,No,No,2,Yes,No,Fiber optic,No,No,No,No,No,Yes,Month-to-month,No,Electronic check,80.55,184.1,Yes,0.85289925,1,High,1.0,Critical,Contract Month-to-month | tenure | PaperlessBilling No | OnlineSecurity No | TotalCharges,0.6497 | 0.4924 | -0.3044 | 0.2984 | 0.2287,Increases churn risk | Increases churn risk | Reduces churn risk | Increases churn risk | Increases churn risk,Immediate personal outreach; Offer long-term contract incentive; Provide new-customer support; Promote online security; Offer technical support; Review pricing
5619-XZZKR,Male,0,No,No,4,Yes,No,No,No internet service,No internet service,No internet service,No internet service,No internet service,No internet service,One year,No,Mailed check,19.95,68.2,No,0.020292874,0,Low,1.0,Low,Contract Month-to-month | OnlineSecurity No | MonthlyCharges | TechSupport No | StreamingMovies Yes,-1.3399 | -0.5309 | -0.3193 | -0.2783 | -0.2236,Reduces churn risk | Reduces churn risk | Reduces churn risk | Reduces churn risk | Reduces churn risk,Maintain regular engagement; Provide new-customer support
6047-YHPVI,Male,0,No,No,5,Yes,No,Fiber optic,No,No,No,No,No,No,Month-to-month,Yes,Electronic check,69.7,316.9,Yes,0.75472444,1,High,1.0,Critical,Contract Month-to-month | MonthlyCharges | tenure | OnlineSecurity No | PaymentMethod Electronic check,0.6653 | -0.347 | 0.249 | 0.2271 | 0.208,Increases churn risk | Reduces churn risk | Increases churn risk | Increases churn risk | Increases churn risk,Priority retention outreach; Offer long-term contract incentive; Provide new-customer support; Promote online security; Offer technical support
8375-DKEBR,Female,1,No,No,1,Yes,No,Fiber optic,No,No,No,No,No,No,Month-to-month,Yes,Electronic check,69.6,69.6,Yes,0.97949123,1,High,1.0,Critical,tenure | TotalCharges | Contract Month-to-month | OnlineSecurity No | InternetService Fiber optic,1.1887 | 0.9022 | 0.7594 | 0.2303 | 0.2082,Increases churn risk | Increases churn risk | Increases churn risk | Increases churn risk | Increases churn risk,Immediate personal outreach; Offer long-term contract incentive; Provide new-customer support; Promote online security; Offer technical support
7729-XBTWX,Male,0,Yes,Yes,66,Yes,No,No,No internet service,No internet service,No internet service,No internet service,No internet service,No internet service,Two year,Yes,Mailed check,19.75,1344.5,No,0.013612862,0,Low,1.0,Low,Contract Month-to-month | Contract Two year | tenure | OnlineSecurity No | TechSupport No,-1.1672 | -0.7235 | -0.57 | -0.4024 | -0.2985,Reduces churn risk | Reduces churn risk | Reduces churn risk | Reduces churn risk | Reduces churn risk,Maintain regular engagement
4983-CLMLV,Female,0,Yes,No,52,Yes,Yes,Fiber optic,No,Yes,No,Yes,Yes,Yes,Month-to-month,Yes,Credit card (automatic),102.7,5138.1,No,0.3018009,0,Low,0.0,Low,tenure | TechSupport No | Contract Month-to-month | PaymentMethod Electronic check | MonthlyCharges,-0.787 | -0.5924 | 0.3976 | -0.3125 | 0.2625,Reduces churn risk | Reduces churn risk | Increases churn risk | Reduces churn risk | Increases churn risk,Maintain regular engagement; Offer long-term contract incentive; Promote online security; Review pricing
9227-LUNBG,Female,0,No,No,1,No,No phone service,DSL,No,No,No,No,No,No,Month-to-month,No,Electronic check,24.6,24.6,Yes,0.3818725,0,Low,1.0,Low,tenure | Contract Month-to-month | MonthlyCharges | PaperlessBilling No | InternetService Fiber optic,0.7083 | 0.612 | -0.4857 | -0.3969 | -0.22,Increases churn risk | Increases churn risk | Reduces churn risk | Reduces churn risk | Reduces churn risk,Maintain regular engagement; Offer long-term contract incentive; Provide new-customer support; Promote online security; Offer technical support
2758-RNWXS,Male,0,No,No,35,Yes,No,Fiber optic,Yes,No,No,Yes,No,Yes,One year,Yes,Electronic check,89.2,3251.3,No,0.041527458,0,Low,0.0,Low,Contract Month-to-month | MonthlyCharges | OnlineSecurity No | tenure | TechSupport No,-0.8468 | -0.6394 | -0.4908 | -0.4508 | -0.2844,Reduces churn risk | Reduces churn risk | Reduces churn risk | Reduces churn risk | Reduces churn risk,Maintain regular engagement; Review pricing
7055-HNEOJ,Male,0,Yes,No,3,Yes,No,DSL,No,No,Yes,Yes,No,No,Month-to-month,Yes,Mailed check,55.8,154.55,No,0.34319532,0,Low,1.0,Low,Contract Month-to-month | TechSupport No | tenure | PaymentMethod Electronic check | MonthlyCharges,0.4781 | -0.4271 | 0.3557 | -0.2842 | -0.2784,Increases churn risk | Reduces churn risk | Increases churn risk | Reduces churn risk | Reduces churn risk,Maintain regular engagement; Offer long-term contract incentive; Provide new-customer support; Promote online security
7134-MJPDY,Female,1,No,No,66,Yes,Yes,Fiber optic,No,No,Yes,Yes,Yes,Yes,One year,Yes,Credit card (automatic),102.85,6976.75,No,0.47096646,0,Medium,0.0,Medium,Contract Month-to-month | MonthlyCharges | PaymentMethod Electronic check | TotalCharges | TechSupport No,-0.8163 | 0.6554 | -0.2834 | -0.2739 | -0.222,Reduces churn risk | Increases churn risk | Reduces churn risk | Reduces churn risk | Reduces churn risk,Proactive retention communication; Promote online security; Review pricing
4560-WQAQW,Female,0,No,No,59,Yes,Yes,DSL,Yes,No,No,Yes,No,Yes,One year,No,Bank transfer (automatic),68.7,4070.95,No,0.015890725,0,Low,0.0,Low,Contract Month-to-month | tenure | MonthlyCharges | OnlineSecurity No | TotalCharges,-0.848 | -0.631 | -0.5385 | -0.3395 | -0.3262,Reduces churn risk | Reduces churn risk | Reduces churn risk | Reduces churn risk | Reduces churn risk,Maintain regular engagement
8532-UEFWH,Male,0,Yes,Yes,52,Yes,Yes,No,No internet service,No internet service,No internet service,No internet service,No internet service,No internet service,Two year,No,Mailed check,25.75,1345.85,No,0.0048763524,0,Low,1.0,Low,Contract Month-to-month | Contract Two year | MonthlyCharges | OnlineSecurity No | tenure,-1.1025 | -0.7718 | -0.4303 | -0.4299 | -0.4157,Reduces churn risk | Reduces churn risk | Reduces churn risk | Reduces churn risk | Reduces churn risk,Maintain regular engagement
8541-QVFKM,Female,0,No,No,8,Yes,Yes,Fiber optic,No,No,No,No,No,No,Month-to-month,Yes,Electronic check,73.5,632.2,No,0.79324585,1,High,1.0,Critical,Contract Month-to-month | OnlineSecurity No | PaymentMethod Electronic check | MonthlyCharges | InternetService Fiber optic,0.7196 | 0.2099 | 0.1999 | -0.1908 | 0.165,Increases churn risk | Increases churn risk | Increases churn risk | Reduces churn risk | Increases churn risk,Priority retention outreach; Offer long-term contract incentive; Promote online security; Offer technical support
7129-ACFOG,Female,0,No,No,5,Yes,Yes,DSL,Yes,No,No,No,No,No,Month-to-month,Yes,Electronic check,53.8,283.95,No,0.37861323,0,Low,1.0,Low,OnlineSecurity No | Contract Month-to-month | tenure | InternetService Fiber optic | MonthlyCharges,-0.6954 | 0.5652 | 0.3106 | -0.2319 | -0.226,Reduces churn risk | Increases churn risk | Increases churn risk | Reduces churn risk | Reduces churn risk,Maintain regular engagement; Offer long-term contract incentive; Provide new-customer support; Offer technical support
2495-INZWQ,Male,0,No,No,4,No,No phone service,DSL,No,No,No,No,Yes,Yes,Month-to-month,Yes,Electronic check,44.55,174.3,Yes,0.86116105,1,High,1.0,Critical,Contract Month-to-month | OnlineSecurity No | PaymentMethod Electronic check | TechSupport No | MultipleLines No,0.5857 | 0.2667 | 0.2577 | 0.216 | 0.1885,Increases churn risk | Increases churn risk | Increases churn risk | Increases churn risk | Increases churn risk,Immediate personal outreach; Offer long-term contract incentive; Provide new-customer support; Promote online security; Offer technical support
0263-FJTQO,Male,0,Yes,Yes,50,Yes,Yes,DSL,Yes,No,No,Yes,Yes,No,Two year,Yes,Credit card (automatic),70.5,3486.65,No,0.006424857,0,Low,0.0,Low,Contract Month-to-month | Contract Two year | TotalCharges | tenure | MonthlyCharges,-0.9574 | -0.7025 | -0.4838 | -0.4715 | -0.4467,Reduces churn risk | Reduces churn risk | Reduces churn risk | Reduces churn risk | Reduces churn risk,Maintain regular engagement
0181-RITDD,Male,0,Yes,Yes,62,Yes,No,Fiber optic,Yes,Yes,Yes,Yes,Yes,Yes,Two year,No,Mailed check,108.15,6825.65,No,0.022900913,0,Low,0.0,Low,Contract Month-to-month | tenure | Contract Two year | MonthlyCharges | OnlineSecurity No,-0.8187 | -0.7202 | -0.6411 | 0.5251 | -0.3713,Reduces churn risk | Reduces churn risk | Reduces churn risk | Increases churn risk | Reduces churn risk,Maintain regular engagement; Review pricing
8241-JUIQO,Female,0,No,No,61,Yes,No,No,No internet service,No internet service,No internet service,No internet service,No internet service,No internet service,One year,No,Bank transfer (automatic),19.45,1336.35,No,0.015907094,0,Low,1.0,Low,Contract Month-to-month | tenure | OnlineSecurity No | MonthlyCharges | PaymentMethod Electronic check,-1.259 | -0.7295 | -0.3735 | -0.325 | -0.1865,Reduces churn risk | Reduces churn risk | Reduces churn risk | Reduces churn risk | Reduces churn risk,Maintain regular engagement
0913-XWSCN,Male,0,Yes,Yes,55,Yes,Yes,Fiber optic,No,No,No,No,No,Yes,Month-to-month,No,Bank transfer (automatic),85.5,4713.4,No,0.23920059,0,Low,0.0,Low,tenure | Contract Month-to-month | PaymentMethod Electronic check | PaperlessBilling No | TotalCharges,-0.8969 | 0.4718 | -0.3915 | -0.2961 | -0.2707,Reduces churn risk | Increases churn risk | Reduces churn risk | Reduces churn risk | Reduces churn risk,Maintain regular engagement; Offer long-term contract incentive; Promote online security; Offer technical support; Review pricing
2159-TURXX,Male,0,No,No,5,Yes,No,No,No internet service,No internet service,No internet service,No internet service,No internet service,No internet service,Month-to-month,No,Credit card (automatic),20.05,95.55,No,0.06870172,0,Low,1.0,Low,OnlineSecurity No | MonthlyCharges | Contract Month-to-month | TechSupport No | PaymentMethod Credit card (automatic),-0.5169 | -0.4994 | 0.4476 | -0.4172 | -0.3818,Reduces churn risk | Reduces churn risk | Increases churn risk | Reduces churn risk | Reduces churn risk,Maintain regular engagement; Offer long-term contract incentive; Provide new-customer support
6461-PPAXN,Female,0,Yes,Yes,35,Yes,No,DSL,Yes,No,No,Yes,No,No,One year,Yes,Bank transfer (automatic),54.95,1916.0,No,0.013740654,0,Low,1.0,Low,Contract Month-to-month | tenure | OnlineSecurity No | TotalCharges | StreamingMovies Yes,-1.0328 | -0.4196 | -0.4028 | -0.3929 | -0.3601,Reduces churn risk | Reduces churn risk | Reduces churn risk | Reduces churn risk | Reduces churn risk,Maintain regular engagement
1452-KIOVK,Male,0,No,Yes,22,Yes,Yes,Fiber optic,No,Yes,No,No,Yes,No,Month-to-month,Yes,Credit card (automatic),89.1,1949.4,No,0.4939033,0,Medium,1.0,Medium,Contract Month-to-month | PaymentMethod Electronic check | Dependents No | OnlineSecurity No | MonthlyCharges,0.5375 | -0.3988 | -0.2372 | 0.2225 | -0.2002,Increases churn risk | Reduces churn risk | Reduces churn risk | Increases churn risk | Reduces churn risk,Proactive retention communication; Offer long-term contract incentive; Promote online security; Offer technical support; Review pricing
1139-WUOAH,Male,0,No,No,57,No,No phone service,DSL,No,No,Yes,Yes,Yes,Yes,Two year,No,Credit card (automatic),53.35,3090.05,No,0.016503818,0,Low,0.0,Low,Contract Month-to-month | Contract Two year | TechSupport No | tenure | MonthlyCharges,-1.0588 | -0.5721 | -0.4057 | -0.4009 | -0.349,Reduces churn risk | Reduces churn risk | Reduces churn risk | Reduces churn risk | Reduces churn risk,Maintain regular engagement; Promote online security
3207-OYBWH,Male,1,Yes,No,57,Yes,Yes,Fiber optic,No,Yes,Yes,No,No,Yes,Month-to-month,Yes,Bank transfer (automatic),95.25,5427.05,Yes,0.30253443,0,Low,0.0,Low,tenure | PaymentMethod Electronic check | Contract Month-to-month | StreamingTV No | TotalCharges,-0.8013 | -0.4487 | 0.3709 | -0.2551 | -0.2444,Reduces churn risk | Reduces churn risk | Increases churn risk | Reduces churn risk | Reduces churn risk,Maintain regular engagement; Offer long-term contract incentive; Promote online security; Offer technical support; Review pricing
8347-GDTMP,Female,0,Yes,No,64,Yes,No,No,No internet service,No internet service,No internet service,No internet service,No internet service,No internet service,Two year,No,Credit card (automatic),19.45,1225.65,No,0.003921214,0,Low,1.0,Low,Contract Month-to-month | Contract Two year | tenure | MonthlyCharges | OnlineSecurity No,-1.3518 | -0.6496 | -0.488 | -0.4614 | -0.3451,Reduces churn risk | Reduces churn risk | Reduces churn risk | Reduces churn risk | Reduces churn risk,Maintain regular engagement
9909-DFRJA,Female,0,No,No,26,Yes,No,Fiber optic,Yes,No,Yes,Yes,No,Yes,One year,Yes,Bank transfer (automatic),95.85,2475.35,No,0.0671652,0,Low,1.0,Low,Contract Month-to-month | OnlineSecurity No | tenure | TechSupport No | PaymentMethod Electronic check,-0.9885 | -0.372 | -0.3411 | -0.3133 | -0.2526,Reduces churn risk | Reduces churn risk | Reduces churn risk | Reduces churn risk | Reduces churn risk,Maintain regular engagement; Review pricing
6383-ZTSIW,Female,1,Yes,No,39,Yes,No,Fiber optic,Yes,Yes,No,No,Yes,Yes,One year,No,Mailed check,99.1,3877.95,No,0.18717326,0,Low,0.0,Low,Contract Month-to-month | TotalCharges | SeniorCitizen | OnlineSecurity No | MonthlyCharges,-0.9624 | -0.5529 | 0.399 | -0.3081 | 0.2659,Reduces churn risk | Reduces churn risk | Increases churn risk | Reduces churn risk | Increases churn risk,Maintain regular engagement; Offer technical support; Review pricing
5438-QMDDL,Female,0,Yes,No,19,Yes,No,DSL,No,Yes,No,No,No,Yes,Month-to-month,Yes,Mailed check,59.8,1130.85,No,0.20228133,0,Low,1.0,Low,Contract Month-to-month | InternetService DSL | InternetService Fiber optic | MonthlyCharges | PaymentMethod Electronic check,0.4134 | -0.3562 | -0.3146 | -0.3009 | -0.243,Increases churn risk | Reduces churn risk | Reduces churn risk | Reduces churn risk | Reduces churn risk,Maintain regular engagement; Offer long-term contract incentive; Promote online security; Offer technical support
8914-RBTSB,Male,0,Yes,No,31,Yes,Yes,Fiber optic,No,Yes,Yes,No,Yes,No,Month-to-month,No,Electronic check,93.8,3019.5,Yes,0.21845071,0,Low,0.0,Low,tenure | PaperlessBilling No | Contract Month-to-month | OnlineBackup No | PaperlessBilling Yes,-0.8465 | -0.5833 | 0.4161 | -0.2735 | -0.2304,Reduces churn risk | Reduces churn risk | Increases churn risk | Reduces churn risk | Reduces churn risk,Maintain regular engagement; Offer long-term contract incentive; Promote online security; Offer technical support; Review pricing
6164-HXUGH,Female,0,Yes,Yes,6,Yes,No,No,No internet service,No internet service,No internet service,No internet service,No internet service,No internet service,Month-to-month,No,Mailed check,19.85,119.3,No,0.2442628,0,Low,1.0,Low,Contract Month-to-month | OnlineSecurity No | TechSupport No | InternetService Fiber optic | PaperlessBilling No,0.4968 | -0.4765 | -0.2516 | -0.21 | -0.1856,Increases churn risk | Reduces churn risk | Reduces churn risk | Reduces churn risk | Reduces churn risk,Maintain regular engagement; Offer long-term contract incentive; Provide new-customer support
6900-RBKER,Male,0,No,No,52,Yes,Yes,Fiber optic,No,No,Yes,No,No,Yes,Two year,Yes,Credit card (automatic),89.45,4577.75,No,0.041624464,0,Low,0.0,Low,Contract Month-to-month | Contract Two year | tenure | MonthlyCharges | PaymentMethod Electronic check,-1.2361 | -0.6078 | -0.5209 | -0.5012 | -0.2914,Reduces churn risk | Reduces churn risk | Reduces churn risk | Reduces churn risk | Reduces churn risk,Maintain regular engagement; Promote online security; Offer technical support; Review pricing
1492-QGCLU,Male,0,Yes,Yes,53,Yes,Yes,DSL,Yes,No,Yes,Yes,Yes,Yes,Month-to-month,No,Electronic check,85.7,4616.1,No,0.22172038,0,Low,0.0,Low,TechSupport No | Contract Month-to-month | OnlineSecurity No | tenure | InternetService Fiber optic,-0.5422 | 0.3589 | -0.3113 | -0.307 | -0.2588,Reduces churn risk | Increases churn risk | Reduces churn risk | Reduces churn risk | Reduces churn risk,Maintain regular engagement; Offer long-term contract incentive; Review pricing
6664-FPDAC,Female,1,No,No,56,Yes,Yes,Fiber optic,No,Yes,Yes,Yes,Yes,Yes,One year,Yes,Electronic check,111.95,6418.9,Yes,0.21913241,0,Low,0.0,Low,Contract Month-to-month | tenure | TechSupport No | TotalCharges | OnlineSecurity No,-0.7412 | -0.5042 | -0.2835 | -0.231 | 0.2018,Reduces churn risk | Reduces churn risk | Reduces churn risk | Reduces churn risk | Increases churn risk,Maintain regular engagement; Promote online security; Review pricing
1088-AUUZZ,Male,0,Yes,Yes,56,Yes,Yes,DSL,Yes,Yes,No,Yes,No,Yes,Two year,Yes,Credit card (automatic),75.85,4261.2,No,0.0072682877,0,Low,0.0,Low,Contract Month-to-month | Contract Two year | TotalCharges | MonthlyCharges | tenure,-0.8713 | -0.8435 | -0.3896 | -0.3886 | -0.361,Reduces churn risk | Reduces churn risk | Reduces churn risk | Reduces churn risk | Reduces churn risk,Maintain regular engagement
6651-AZVTJ,Male,0,Yes,Yes,49,Yes,Yes,Fiber optic,No,No,Yes,No,Yes,Yes,Month-to-month,Yes,Electronic check,99.8,4872.45,Yes,0.895474,1,High,0.0,Critical,Contract Month-to-month | MonthlyCharges | tenure | MultipleLines No | OnlineSecurity No,0.5635 | 0.5223 | -0.5174 | 0.2572 | 0.2134,Increases churn risk | Increases churn risk | Reduces churn risk | Increases churn risk | Increases churn risk,Immediate personal outreach; Offer long-term contract incentive; Promote online security; Offer technical support; Review pricing
8219-VYBVI,Male,0,No,Yes,39,Yes,Yes,No,No internet service,No internet service,No internet service,No internet service,No internet service,No internet service,Two year,No,Mailed check,25.0,1004.35,No,0.006266778,0,Low,1.0,Low,Contract Month-to-month | Contract Two year | OnlineSecurity No | tenure | MonthlyCharges,-0.9952 | -0.6161 | -0.4709 | -0.4233 | -0.3666,Reduces churn risk | Reduces churn risk | Reduces churn risk | Reduces churn risk | Reduces churn risk,Maintain regular engagement
0310-MVLET,Female,0,Yes,Yes,61,Yes,Yes,Fiber optic,No,Yes,No,No,Yes,Yes,Month-to-month,Yes,Electronic check,99.15,6010.05,Yes,0.41134635,0,Medium,0.0,Medium,tenure | Contract Month-to-month | TotalCharges | MonthlyCharges | Dependents No,-1.1138 | 0.5291 | -0.3218 | 0.3072 | -0.266,Reduces churn risk | Increases churn risk | Reduces churn risk | Increases churn risk | Reduces churn risk,Proactive retention communication; Offer long-term contract incentive; Promote online security; Offer technical support; Review pricing
7233-IOQNP,Female,0,Yes,No,43,No,No phone service,DSL,Yes,No,No,Yes,No,No,Month-to-month,No,Bank transfer (automatic),34.0,1505.35,No,0.11195054,0,Low,1.0,Low,tenure | Contract Month-to-month | TotalCharges | OnlineSecurity No | TechSupport No,-0.4553 | 0.3888 | -0.3569 | -0.3565 | -0.3079,Reduces churn risk | Increases churn risk | Reduces churn risk | Reduces churn risk | Reduces churn risk,Maintain regular engagement; Offer long-term contract incentive
7311-MQJCH,Female,0,No,No,5,Yes,No,No,No internet service,No internet service,No internet service,No internet service,No internet service,No internet service,One year,No,Electronic check,19.55,99.6,No,0.03512338,0,Low,1.0,Low,Contract Month-to-month | MonthlyCharges | OnlineSecurity No | tenure | TechSupport No,-1.3314 | -0.5472 | -0.3923 | 0.2711 | -0.2682,Reduces churn risk | Reduces churn risk | Reduces churn risk | Increases churn risk | Reduces churn risk,Maintain regular engagement; Provide new-customer support
9256-JTBNZ,Female,0,No,No,11,Yes,No,No,No internet service,No internet service,No internet service,No internet service,No internet service,No internet service,Month-to-month,No,Bank transfer (automatic),20.3,246.3,No,0.4419531,0,Medium,1.0,Medium,Contract Month-to-month | OnlineSecurity No | PaymentMethod Bank transfer (automatic) | MonthlyCharges | TotalCharges,0.4877 | -0.4015 | 0.2916 | -0.194 | 0.1727,Increases churn risk | Reduces churn risk | Increases churn risk | Reduces churn risk | Increases churn risk,Proactive retention communication; Offer long-term contract incentive
8713-IGZSO,Male,0,No,No,2,Yes,Yes,No,No internet service,No internet service,No internet service,No internet service,No internet service,No internet service,Month-to-month,No,Mailed check,24.85,62.0,No,0.10345875,0,Low,1.0,Low,OnlineSecurity No | Contract Month-to-month | TechSupport No | MonthlyCharges | InternetService Fiber optic,-0.6628 | 0.4659 | -0.4037 | -0.3601 | -0.2164,Reduces churn risk | Increases churn risk | Reduces churn risk | Reduces churn risk | Reduces churn risk,Maintain regular engagement; Offer long-term contract incentive; Provide new-customer support
6821-BUXUX,Female,0,No,No,13,Yes,Yes,Fiber optic,Yes,Yes,No,No,Yes,No,Month-to-month,Yes,Electronic check,96.65,1244.5,Yes,0.7887923,1,High,1.0,Critical,Contract Month-to-month | OnlineSecurity No | MonthlyCharges | tenure | InternetService Fiber optic,0.599 | -0.5013 | 0.4459 | 0.2464 | 0.2276,Increases churn risk | Reduces churn risk | Increases churn risk | Increases churn risk | Increases churn risk,Priority retention outreach; Offer long-term contract incentive; Offer technical support; Review pricing
9114-DPSIA,Male,0,Yes,Yes,72,Yes,Yes,DSL,Yes,Yes,Yes,Yes,No,Yes,Two year,No,Credit card (automatic),81.0,5750.0,No,0.002571707,0,Low,0.0,Low,tenure | Contract Month-to-month | Contract Two year | OnlineSecurity No | TotalCharges,-1.5559 | -0.9782 | -0.8818 | -0.3363 | -0.3261,Reduces churn risk | Reduces churn risk | Reduces churn risk | Reduces churn risk | Reduces churn risk,Maintain regular engagement; Review pricing
4501-UYKBC,Female,1,No,No,46,Yes,Yes,DSL,No,No,Yes,Yes,No,Yes,One year,Yes,Credit card (automatic),69.1,3255.35,No,0.060690127,0,Low,0.0,Low,Contract Month-to-month | MonthlyCharges | tenure | PaymentMethod Electronic check | TechSupport No,-0.949 | -0.4969 | -0.3615 | -0.2744 | -0.2649,Reduces churn risk | Reduces churn risk | Reduces churn risk | Reduces churn risk | Reduces churn risk,Maintain regular engagement; Promote online security
2798-NYLMZ,Male,0,Yes,No,71,Yes,Yes,Fiber optic,Yes,No,Yes,Yes,Yes,Yes,Two year,Yes,Credit card (automatic),108.55,7616.0,No,0.229424,0,Low,0.0,Low,tenure | Contract Month-to-month | MonthlyCharges | OnlineSecurity No | TotalCharges,-0.9687 | -0.8565 | 0.7686 | -0.4969 | 0.2868,Reduces churn risk | Reduces churn risk | Increases churn risk | Reduces churn risk | Increases churn risk,Maintain regular engagement; Review pricing
6711-VTNRE,Female,0,No,No,36,Yes,No,Fiber optic,No,No,Yes,Yes,No,Yes,Month-to-month,Yes,Electronic check,87.55,3078.1,Yes,0.17097232,0,Low,0.0,Low,tenure | Contract Month-to-month | TechSupport No | MultipleLines No | MonthlyCharges,-0.6945 | 0.4699 | -0.454 | -0.4481 | -0.2997,Reduces churn risk | Increases churn risk | Reduces churn risk | Reduces churn risk | Reduces churn risk,Maintain regular engagement; Offer long-term contract incentive; Promote online security; Review pricing
5966-EMAZU,Male,0,Yes,No,64,Yes,Yes,Fiber optic,Yes,No,Yes,Yes,Yes,Yes,One year,Yes,Mailed check,108.5,6880.85,No,0.083504654,0,Low,0.0,Low,tenure | Contract Month-to-month | OnlineSecurity No | MonthlyCharges | TotalCharges,-1.0056 | -0.6258 | -0.5379 | 0.3924 | -0.3747,Reduces churn risk | Reduces churn risk | Reduces churn risk | Increases churn risk | Reduces churn risk,Maintain regular engagement; Review pricing
3627-FHKBK,Female,0,No,No,1,Yes,No,Fiber optic,Yes,No,No,No,No,No,Month-to-month,No,Mailed check,75.3,75.3,Yes,0.45771167,0,Medium,1.0,Medium,tenure | OnlineSecurity No | Contract Month-to-month | PaperlessBilling No | MonthlyCharges,0.885 | -0.6811 | 0.5879 | -0.4193 | -0.3047,Increases churn risk | Reduces churn risk | Increases churn risk | Reduces churn risk | Reduces churn risk,Proactive retention communication; Offer long-term contract incentive; Provide new-customer support; Offer technical support
7861-UVUFT,Female,0,Yes,No,15,Yes,No,Fiber optic,No,No,Yes,No,Yes,No,Month-to-month,Yes,Electronic check,84.3,1308.4,Yes,0.6090213,1,Medium,1.0,Medium,Contract Month-to-month | TotalCharges | MultipleLines No | PaymentMethod Electronic check | OnlineSecurity No,0.6368 | -0.3092 | -0.2264 | 0.2007 | 0.1676,Increases churn risk | Reduces churn risk | Reduces churn risk | Increases churn risk | Increases churn risk,Proactive retention communication; Offer long-term contract incentive; Promote online security; Offer technical support; Review pricing
9824-QCJPK,Male,0,Yes,No,36,Yes,No,No,No internet service,No internet service,No internet service,No internet service,No internet service,No internet service,One year,No,Mailed check,20.0,666.75,No,0.008290469,0,Low,1.0,Low,Contract Month-to-month | tenure | OnlineSecurity No | MonthlyCharges | StreamingMovies Yes,-1.1895 | -0.6841 | -0.462 | -0.404 | -0.2536,Reduces churn risk | Reduces churn risk | Reduces churn risk | Reduces churn risk | Reduces churn risk,Maintain regular engagement
7816-VGHTO,Female,0,Yes,Yes,6,No,No phone service,DSL,No,Yes,Yes,Yes,No,No,Two year,No,Mailed check,40.55,217.5,No,0.028829202,0,Low,1.0,Low,Contract Month-to-month | Contract Two year | MonthlyCharges | TechSupport No | DeviceProtection Yes,-1.3571 | -0.8896 | -0.3148 | -0.3078 | 0.2138,Reduces churn risk | Reduces churn risk | Reduces churn risk | Reduces churn risk | Increases churn risk,Maintain regular engagement; Provide new-customer support; Promote online security
3794-NFNCH,Male,0,Yes,No,30,Yes,No,DSL,No,No,Yes,No,No,No,Month-to-month,Yes,Mailed check,50.0,1474.9,No,0.032779466,0,Low,1.0,Low,tenure | MonthlyCharges | PaymentMethod Electronic check | TotalCharges | Contract Month-to-month,-0.9033 | -0.4711 | -0.4611 | -0.4314 | 0.3749,Reduces churn risk | Reduces churn risk | Reduces churn risk | Reduces churn risk | Increases churn risk,Maintain regular engagement; Offer long-term contract incentive; Promote online security; Offer technical support
3877-JRJIP,Male,0,No,No,1,Yes,Yes,DSL,No,No,No,No,Yes,No,Month-to-month,Yes,Electronic check,59.85,59.85,Yes,0.680113,1,Medium,1.0,Medium,tenure | Contract Month-to-month | MonthlyCharges | TotalCharges | InternetService Fiber optic,0.747 | 0.6041 | -0.5929 | 0.3673 | -0.3652,Increases churn risk | Increases churn risk | Reduces churn risk | Increases churn risk | Reduces churn risk,Proactive retention communication; Offer long-term contract incentive; Provide new-customer support; Promote online security; Offer technical support
5228-EXCET,Male,0,No,No,13,Yes,No,Fiber optic,No,No,No,No,No,Yes,Month-to-month,Yes,Electronic check,80.85,1008.7,Yes,0.57973486,1,Medium,1.0,Medium,Contract Month-to-month | MultipleLines No | OnlineSecurity No | PaymentMethod Electronic check | InternetService Fiber optic,0.6075 | -0.3193 | 0.2197 | 0.2156 | 0.1712,Increases churn risk | Reduces churn risk | Increases churn risk | Increases churn risk | Increases churn risk,Proactive retention communication; Offer long-term contract incentive; Promote online security; Offer technical support; Review pricing
6248-BSHKG,Male,0,Yes,Yes,61,Yes,No,No,No internet service,No internet service,No internet service,No internet service,No internet service,No internet service,One year,No,Mailed check,20.4,1226.45,No,0.0052691386,0,Low,1.0,Low,Contract Month-to-month | tenure | MonthlyCharges | OnlineSecurity No | TechSupport No,-1.0008 | -0.7726 | -0.6829 | -0.4673 | -0.3228,Reduces churn risk | Reduces churn risk | Reduces churn risk | Reduces churn risk | Reduces churn risk,Maintain regular engagement
8915-NNTRC,Male,0,Yes,Yes,72,Yes,Yes,Fiber optic,Yes,Yes,No,Yes,Yes,Yes,Two year,Yes,Credit card (automatic),107.7,7919.8,No,0.0042716,0,Low,0.0,Low,tenure | Contract Month-to-month | Contract Two year | OnlineSecurity No | TechSupport No,-1.6788 | -1.0719 | -0.8281 | -0.5248 | -0.3089,Reduces churn risk | Reduces churn risk | Reduces churn risk | Reduces churn risk | Reduces churn risk,Maintain regular engagement; Review pricing
3470-OBUET,Female,0,Yes,Yes,67,Yes,Yes,DSL,Yes,Yes,No,Yes,Yes,No,Two year,No,Credit card (automatic),74.0,4868.4,No,0.06048997,0,Low,0.0,Low,Contract Month-to-month | Contract Two year | TotalCharges | OnlineSecurity No | TechSupport No,-0.9518 | -0.5921 | 0.2423 | -0.2178 | -0.1804,Reduces churn risk | Reduces churn risk | Increases churn risk | Reduces churn risk | Reduces churn risk,Maintain regular engagement
3229-USWAR,Female,0,No,No,34,Yes,No,DSL,Yes,No,Yes,Yes,Yes,Yes,One year,Yes,Bank transfer (automatic),79.95,2727.3,No,0.038777888,0,Low,1.0,Low,Contract Month-to-month | tenure | OnlineSecurity No | TechSupport No | MonthlyCharges,-0.8769 | -0.4621 | -0.3675 | -0.2682 | -0.2562,Reduces churn risk | Reduces churn risk | Reduces churn risk | Reduces churn risk | Reduces churn risk,Maintain regular engagement
1927-QEWMY,Female,0,Yes,No,72,Yes,No,No,No internet service,No internet service,No internet service,No internet service,No internet service,No internet service,Two year,No,Credit card (automatic),20.5,1502.25,No,0.0010761357,0,Low,1.0,Low,tenure | Contract Month-to-month | Contract Two year | MonthlyCharges | OnlineSecurity No,-1.6236 | -1.1883 | -0.7914 | -0.5995 | -0.4352,Reduces churn risk | Reduces churn risk | Reduces churn risk | Reduces churn risk | Reduces churn risk,Maintain regular engagement
6374-AFWOX,Male,0,Yes,No,46,Yes,No,DSL,Yes,Yes,Yes,Yes,No,No,Two year,No,Mailed check,65.65,3047.15,No,0.008057642,0,Low,0.0,Low,Contract Two year | Contract Month-to-month | MonthlyCharges | OnlineSecurity No | tenure,-0.9363 | -0.9027 | -0.3524 | -0.3481 | -0.2442,Reduces churn risk | Reduces churn risk | Reduces churn risk | Reduces churn risk | Reduces churn risk,Maintain regular engagement
7912-SYRQT,Female,0,No,No,7,Yes,Yes,Fiber optic,No,No,No,No,No,No,Month-to-month,Yes,Bank transfer (automatic),75.1,552.95,Yes,0.6550073,1,Medium,1.0,Medium,Contract Month-to-month | PaymentMethod Electronic check | InternetService Fiber optic | OnlineSecurity No | MonthlyCharges,0.6838 | -0.3491 | 0.2677 | 0.2446 | -0.2018,Increases churn risk | Reduces churn risk | Increases churn risk | Increases churn risk | Reduces churn risk,Proactive retention communication; Offer long-term contract incentive; Promote online security; Offer technical support
2070-FNEXE,Female,1,No,No,7,Yes,No,Fiber optic,Yes,No,No,No,No,No,Month-to-month,No,Bank transfer (automatic),76.45,503.6,Yes,0.123830065,0,Low,1.0,Low,OnlineSecurity No | Contract Month-to-month | MonthlyCharges | PaperlessBilling No | PaymentMethod Electronic check,-0.5671 | 0.5318 | -0.4304 | -0.3458 | -0.283,Reduces churn risk | Increases churn risk | Reduces churn risk | Reduces churn risk | Reduces churn risk,Maintain regular engagement; Offer long-term contract incentive; Offer technical support
5803-NQJZO,Male,0,Yes,No,72,Yes,Yes,DSL,Yes,Yes,Yes,Yes,No,No,Two year,Yes,Bank transfer (automatic),67.8,4804.65,No,0.0024897961,0,Low,0.0,Low,tenure | Contract Month-to-month | Contract Two year | MonthlyCharges | OnlineSecurity No,-1.6556 | -0.9562 | -0.6784 | -0.5238 | -0.427,Reduces churn risk | Reduces churn risk | Reduces churn risk | Reduces churn risk | Reduces churn risk,Maintain regular engagement
5651-YLPRD,Female,0,Yes,Yes,32,Yes,No,Fiber optic,No,Yes,No,No,Yes,No,Month-to-month,Yes,Electronic check,86.1,2723.75,No,0.44663665,0,Medium,0.0,Medium,tenure | Contract Month-to-month | OnlineBackup No | OnlineSecurity No | TotalCharges,-0.5706 | 0.5275 | -0.2655 | 0.1939 | 0.1857,Reduces churn risk | Increases churn risk | Reduces churn risk | Increases churn risk | Increases churn risk,Proactive retention communication; Offer long-term contract incentive; Promote online security; Offer technical support; Review pricing
1271-UODNO,Male,0,No,No,39,Yes,Yes,DSL,No,No,No,Yes,No,No,Two year,Yes,Credit card (automatic),53.85,2200.7,No,0.030820724,0,Low,1.0,Low,Contract Month-to-month | Contract Two year | tenure | TotalCharges | PaymentMethod Electronic check,-1.1307 | -0.6404 | -0.3283 | -0.3216 | -0.2658,Reduces churn risk | Reduces churn risk | Reduces churn risk | Reduces churn risk | Reduces churn risk,Maintain regular engagement; Promote online security
5014-WUQMG,Male,0,Yes,Yes,47,Yes,No,Fiber optic,Yes,Yes,Yes,No,No,Yes,One year,Yes,Electronic check,96.1,4391.45,No,0.043477725,0,Low,0.0,Low,Contract Month-to-month | OnlineSecurity No | Dependents No | tenure | MultipleLines No,-0.9931 | -0.3929 | -0.359 | -0.3563 | -0.2822,Reduces churn risk | Reduces churn risk | Reduces churn risk | Reduces churn risk | Reduces churn risk,Maintain regular engagement; Offer technical support; Review pricing
5889-JTMUL,Female,1,Yes,No,50,Yes,Yes,Fiber optic,No,Yes,Yes,No,Yes,No,Month-to-month,Yes,Electronic check,95.05,4888.7,Yes,0.51334405,1,Medium,0.0,Medium,tenure | Contract Month-to-month | TotalCharges | MonthlyCharges | PaymentMethod Electronic check,-0.7288 | 0.5473 | -0.4318 | -0.2282 | 0.2253,Reduces churn risk | Increases churn risk | Reduces churn risk | Reduces churn risk | Increases churn risk,Proactive retention communication; Offer long-term contract incentive; Promote online security; Offer technical support; Review pricing
0788-DXBFY,Male,0,Yes,Yes,58,Yes,No,No,No internet service,No internet service,No internet service,No internet service,No internet service,No internet service,One year,Yes,Electronic check,19.55,1108.8,No,0.06352067,0,Low,1.0,Low,Contract Month-to-month | TotalCharges | OnlineSecurity No | TechSupport No | StreamingMovies Yes,-1.1411 | 0.4186 | -0.385 | -0.3607 | -0.1826,Reduces churn risk | Increases churn risk | Reduces churn risk | Reduces churn risk | Reduces churn risk,Maintain regular engagement
2669-QVCRG,Female,0,No,No,41,Yes,Yes,Fiber optic,Yes,No,No,No,No,No,Month-to-month,Yes,Credit card (automatic),81.3,3190.65,No,0.5164357,1,Medium,0.0,Medium,Contract Month-to-month | OnlineSecurity No | PaymentMethod Electronic check | tenure | InternetService Fiber optic,0.5477 | -0.5368 | -0.3254 | -0.2703 | 0.2387,Increases churn risk | Reduces churn risk | Reduces churn risk | Reduces churn risk | Increases churn risk,Proactive retention communication; Offer long-term contract incentive; Offer technical support; Review pricing
6630-UJZMY,Female,1,Yes,No,4,Yes,Yes,Fiber optic,No,No,No,No,Yes,No,Month-to-month,Yes,Electronic check,83.25,308.05,No,0.83827084,1,High,1.0,Critical,Contract Month-to-month | OnlineSecurity No | InternetService Fiber optic | MultipleLines No | PaymentMethod Electronic check,0.7181 | 0.2763 | 0.1814 | 0.1513 | 0.1431,Increases churn risk | Increases churn risk | Increases churn risk | Increases churn risk | Increases churn risk,Immediate personal outreach; Offer long-term contract incentive; Provide new-customer support; Promote online security; Offer technical support; Review pricing
5061-PBXFW,Female,0,Yes,Yes,32,Yes,No,DSL,Yes,Yes,No,Yes,No,No,Month-to-month,No,Bank transfer (automatic),61.4,1864.65,No,0.08216776,0,Low,1.0,Low,tenure | Contract Month-to-month | PaymentMethod Electronic check | OnlineSecurity No | TotalCharges,-0.5306 | 0.3615 | -0.3149 | -0.2911 | -0.2857,Reduces churn risk | Increases churn risk | Reduces churn risk | Reduces churn risk | Reduces churn risk,Maintain regular engagement; Offer long-term contract incentive
2700-LUEVA,Male,0,No,No,1,Yes,No,No,No internet service,No internet service,No internet service,No internet service,No internet service,No internet service,Month-to-month,No,Credit card (automatic),20.75,20.75,No,0.14961196,0,Low,1.0,Low,tenure | Contract Month-to-month | OnlineSecurity No | PaymentMethod Credit card (automatic) | PaymentMethod Mailed check,0.7564 | 0.524 | -0.4767 | -0.3957 | -0.3761,Increases churn risk | Increases churn risk | Reduces churn risk | Reduces churn risk | Reduces churn risk,Maintain regular engagement; Offer long-term contract incentive; Provide new-customer support
3865-ZFZIB,Male,0,No,No,19,Yes,No,No,No internet service,No internet service,No internet service,No internet service,No internet service,No internet service,Two year,No,Mailed check,19.65,358.15,No,0.009457199,0,Low,1.0,Low,Contract Month-to-month | Contract Two year | OnlineSecurity No | tenure | TechSupport No,-1.3127 | -0.7215 | -0.4182 | -0.2639 | -0.2316,Reduces churn risk | Reduces churn risk | Reduces churn risk | Reduces churn risk | Reduces churn risk,Maintain regular engagement
0471-ARVMX,Female,1,Yes,No,62,Yes,Yes,Fiber optic,Yes,No,Yes,No,Yes,Yes,One year,Yes,Electronic check,104.85,6312.9,No,0.2872487,0,Low,0.0,Low,tenure | Contract Month-to-month | MonthlyCharges | OnlineSecurity No | PaymentMethod Electronic check,-1.1256 | -0.8227 | 0.5814 | -0.4657 | 0.1972,Reduces churn risk | Reduces churn risk | Increases churn risk | Reduces churn risk | Increases churn risk,Maintain regular engagement; Offer technical support; Review pricing
8985-OOPOS,Female,0,No,No,1,Yes,No,DSL,No,No,Yes,Yes,Yes,Yes,One year,No,Credit card (automatic),74.1,74.1,No,0.091287166,0,Low,1.0,Low,Contract Month-to-month | tenure | TechSupport No | MonthlyCharges | PaperlessBilling No,-1.1199 | 0.4591 | -0.3383 | -0.2555 | -0.208,Reduces churn risk | Increases churn risk | Reduces churn risk | Reduces churn risk | Reduces churn risk,Maintain regular engagement; Provide new-customer support; Promote online security
0719-SYFRB,Female,0,No,No,12,Yes,Yes,DSL,Yes,No,Yes,Yes,No,No,Month-to-month,Yes,Mailed check,61.65,713.75,Yes,0.14382824,0,Low,1.0,Low,OnlineSecurity No | Contract Month-to-month | MonthlyCharges | PaymentMethod Electronic check | InternetService Fiber optic,-0.5018 | 0.4601 | -0.409 | -0.3037 | -0.3013,Reduces churn risk | Increases churn risk | Reduces churn risk | Reduces churn risk | Reduces churn risk,Maintain regular engagement; Offer long-term contract incentive
0447-BEMNG,Female,0,Yes,No,48,No,No phone service,DSL,Yes,No,Yes,No,No,Yes,Month-to-month,Yes,Bank transfer (automatic),45.3,2145.0,Yes,0.08269355,0,Low,1.0,Low,tenure | OnlineSecurity No | Contract Month-to-month | TotalCharges | PaymentMethod Electronic check,-0.7369 | -0.506 | 0.4224 | -0.4164 | -0.3854,Reduces churn risk | Reduces churn risk | Increases churn risk | Reduces churn risk | Reduces churn risk,Maintain regular engagement; Offer long-term contract incentive; Offer technical support
5630-AHZIL,Female,0,No,Yes,3,Yes,No,DSL,Yes,No,No,Yes,No,Yes,Month-to-month,Yes,Bank transfer (automatic),64.5,177.4,No,0.2744592,0,Low,1.0,Low,OnlineSecurity No | Contract Month-to-month | MonthlyCharges | TechSupport No | tenure,-0.5143 | 0.4464 | -0.4198 | -0.3528 | 0.3448,Reduces churn risk | Increases churn risk | Reduces churn risk | Reduces churn risk | Increases churn risk,Maintain regular engagement; Offer long-term contract incentive; Provide new-customer support
2190-BCXEC,Female,0,Yes,No,40,Yes,Yes,Fiber optic,No,No,No,Yes,No,No,Month-to-month,Yes,Credit card (automatic),78.85,3126.85,No,0.45662865,0,Medium,0.0,Medium,PaymentMethod Electronic check | Contract Month-to-month | tenure | TechSupport No | InternetService Fiber optic,-0.5495 | 0.5359 | -0.4312 | -0.3508 | 0.2079,Reduces churn risk | Increases churn risk | Reduces churn risk | Reduces churn risk | Increases churn risk,Proactive retention communication; Offer long-term contract incentive; Promote online security
1559-DTODC,Male,0,No,No,19,No,No phone service,DSL,No,No,No,No,No,No,Month-to-month,Yes,Bank transfer (automatic),25.15,468.35,No,0.30605888,0,Low,1.0,Low,PaymentMethod Electronic check | Contract Month-to-month | MonthlyCharges | tenure | InternetService Fiber optic,-0.5643 | 0.4789 | -0.3489 | -0.2611 | -0.243,Reduces churn risk | Increases churn risk | Reduces churn risk | Reduces churn risk | Reduces churn risk,Maintain regular engagement; Offer long-term contract incentive; Promote online security; Offer technical support
3244-DCJWY,Female,0,No,No,1,Yes,No,Fiber optic,No,No,No,No,No,No,Month-to-month,Yes,Electronic check,70.25,70.25,Yes,0.8608129,1,High,1.0,Critical,tenure | Contract Month-to-month | TotalCharges | OnlineSecurity No | MonthlyCharges,0.9047 | 0.7483 | -0.2445 | 0.2367 | -0.1928,Increases churn risk | Increases churn risk | Reduces churn risk | Increases churn risk | Reduces churn risk,Immediate personal outreach; Offer long-term contract incentive; Provide new-customer support; Promote online security; Offer technical support
3967-VQOGC,Female,0,Yes,Yes,67,Yes,Yes,No,No internet service,No internet service,No internet service,No internet service,No internet service,No internet service,Two year,Yes,Mailed check,24.9,1680.25,No,0.006127864,0,Low,1.0,Low,Contract Month-to-month | Contract Two year | tenure | TotalCharges | OnlineSecurity No,-1.1787 | -0.6736 | -0.5992 | -0.5278 | -0.4519,Reduces churn risk | Reduces churn risk | Reduces churn risk | Reduces churn risk | Reduces churn risk,Maintain regular engagement
0265-PSUAE,Female,0,Yes,Yes,16,Yes,No,Fiber optic,Yes,No,Yes,No,Yes,Yes,Month-to-month,No,Bank transfer (automatic),100.7,1522.7,No,0.51511735,1,Medium,1.0,Medium,Contract Month-to-month | MonthlyCharges | OnlineSecurity No | PaperlessBilling No | InternetService Fiber optic,0.5319 | 0.4351 | -0.2878 | -0.2777 | 0.2359,Increases churn risk | Increases churn risk | Reduces churn risk | Reduces churn risk | Increases churn risk,Proactive retention communication; Offer long-term contract incentive; Offer technical support; Review pricing
1622-HSHSF,Female,0,No,No,1,Yes,No,No,No internet service,No internet service,No internet service,No internet service,No internet service,No internet service,Month-to-month,Yes,Mailed check,19.55,19.55,No,0.57954156,1,Medium,1.0,Medium,tenure | Contract Month-to-month | OnlineSecurity No | TechSupport No | MonthlyCharges,1.0033 | 0.6507 | -0.3521 | -0.3426 | -0.2572,Increases churn risk | Increases churn risk | Reduces churn risk | Reduces churn risk | Reduces churn risk,Proactive retention communication; Offer long-term contract incentive; Provide new-customer support
9867-XOBQA,Female,0,No,Yes,21,No,No phone service,DSL,Yes,Yes,Yes,Yes,Yes,No,Two year,No,Mailed check,53.15,1183.2,No,0.017083773,0,Low,1.0,Low,Contract Month-to-month | Contract Two year | MonthlyCharges | OnlineSecurity No | TechSupport No,-1.2219 | -0.8624 | -0.3779 | -0.3365 | -0.2769,Reduces churn risk | Reduces churn risk | Reduces churn risk | Reduces churn risk | Reduces churn risk,Maintain regular engagement
6773-LQTVT,Female,1,Yes,Yes,29,No,No phone service,DSL,No,Yes,Yes,No,No,No,Month-to-month,Yes,Mailed check,35.65,1025.15,No,0.14151675,0,Low,1.0,Low,tenure | Contract Month-to-month | MonthlyCharges | PaymentMethod Electronic check | InternetService DSL,-0.5326 | 0.4275 | -0.2867 | -0.2757 | -0.2517,Reduces churn risk | Increases churn risk | Reduces churn risk | Reduces churn risk | Reduces churn risk,Maintain regular engagement; Offer long-term contract incentive; Promote online security; Offer technical support
4332-MUOEZ,Male,1,Yes,Yes,20,Yes,No,Fiber optic,Yes,No,Yes,Yes,No,Yes,One year,No,Credit card (automatic),94.3,1818.3,No,0.14861815,0,Low,1.0,Low,Contract Month-to-month | MonthlyCharges | TotalCharges | TechSupport No | OnlineSecurity No,-0.8413 | 0.5188 | -0.3253 | -0.2916 | -0.2038,Reduces churn risk | Increases churn risk | Reduces churn risk | Reduces churn risk | Reduces churn risk,Maintain regular engagement; Review pricing
0023-XUOPT,Female,0,Yes,No,13,Yes,Yes,Fiber optic,No,Yes,Yes,No,Yes,No,Month-to-month,No,Electronic check,94.1,1215.6,Yes,0.5538407,1,Medium,1.0,Medium,PaperlessBilling No | Contract Month-to-month | MonthlyCharges | PaperlessBilling Yes | OnlineBackup No,-0.6054 | 0.5267 | 0.4397 | -0.2404 | -0.24,Reduces churn risk | Increases churn risk | Increases churn risk | Reduces churn risk | Reduces churn risk,Proactive retention communication; Offer long-term contract incentive; Promote online security; Offer technical support; Review pricing
6543-CPZMK,Male,0,Yes,Yes,9,No,No phone service,DSL,No,Yes,No,No,No,No,Month-to-month,Yes,Electronic check,29.95,248.95,Yes,0.38489395,0,Low,1.0,Low,Contract Month-to-month | Dependents No | OnlineBackup No | InternetService Fiber optic | InternetService DSL,0.4816 | -0.3659 | -0.2887 | -0.2379 | -0.228,Increases churn risk | Reduces churn risk | Reduces churn risk | Reduces churn risk | Reduces churn risk,Maintain regular engagement; Offer long-term contract incentive; Promote online security; Offer technical support
6418-HNFED,Male,0,Yes,No,51,Yes,No,DSL,Yes,Yes,Yes,Yes,Yes,Yes,Two year,Yes,Credit card (automatic),83.25,4089.45,No,0.0064706528,0,Low,0.0,Low,Contract Month-to-month | Contract Two year | tenure | TotalCharges | MonthlyCharges,-0.8953 | -0.8892 | -0.447 | -0.3096 | -0.3007,Reduces churn risk | Reduces churn risk | Reduces churn risk | Reduces churn risk | Reduces churn risk,Maintain regular engagement; Review pricing
1036-GUDCL,Male,0,Yes,Yes,60,Yes,No,DSL,Yes,Yes,No,Yes,Yes,Yes,Month-to-month,Yes,Credit card (automatic),79.05,4663.4,No,0.02276063,0,Low,0.0,Low,tenure | TechSupport No | PaymentMethod Electronic check | OnlineSecurity No | TotalCharges,-1.1436 | -0.3897 | -0.3373 | -0.3073 | -0.2756,Reduces churn risk | Reduces churn risk | Reduces churn risk | Reduces churn risk | Reduces churn risk,Maintain regular engagement; Offer long-term contract incentive
4818-QIUFN,Female,1,No,No,20,Yes,Yes,Fiber optic,Yes,No,No,No,No,No,Month-to-month,Yes,Electronic check,79.15,1520.9,Yes,0.5917121,1,Medium,1.0,Medium,OnlineSecurity No | Contract Month-to-month | PaymentMethod Electronic check | InternetService Fiber optic | TotalCharges,-0.6267 | 0.605 | 0.2609 | 0.1755 | -0.1708,Reduces churn risk | Increases churn risk | Increases churn risk | Increases churn risk | Reduces churn risk,Proactive retention communication; Offer long-term contract incentive; Offer technical support
0778-NELLA,Male,0,No,No,9,No,No phone service,DSL,No,No,No,No,Yes,No,Month-to-month,Yes,Credit card (automatic),34.7,296.1,Yes,0.35808665,0,Low,1.0,Low,PaymentMethod Electronic check | Contract Month-to-month | PaymentMethod Credit card (automatic) | OnlineSecurity No | tenure,-0.5464 | 0.5141 | -0.4026 | 0.1722 | -0.1658,Reduces churn risk | Increases churn risk | Reduces churn risk | Increases churn risk | Reduces churn risk,Maintain regular engagement; Offer long-term contract incentive; Promote online security; Offer technical support
7495-OOKFY,Female,1,Yes,No,8,Yes,Yes,Fiber optic,No,Yes,No,No,No,No,Month-to-month,Yes,Credit card (automatic),80.65,633.3,Yes,0.75498885,1,High,1.0,Critical,Contract Month-to-month | PaymentMethod Electronic check | InternetService Fiber optic | InternetService DSL | OnlineSecurity No,0.6647 | -0.3451 | 0.2492 | 0.1871 | 0.1785,Increases churn risk | Reduces churn risk | Increases churn risk | Increases churn risk | Increases churn risk,Priority retention outreach; Offer long-term contract incentive; Promote online security; Offer technical support; Review pricing
4737-HOBAX,Male,0,Yes,No,63,Yes,Yes,DSL,No,No,Yes,Yes,Yes,Yes,Two year,No,Credit card (automatic),79.8,5034.05,No,0.01917907,0,Low,0.0,Low,Contract Month-to-month | tenure | Contract Two year | TechSupport No | PaymentMethod Electronic check,-0.9816 | -0.8368 | -0.5266 | -0.3497 | -0.2766,Reduces churn risk | Reduces churn risk | Reduces churn risk | Reduces churn risk | Reduces churn risk,Maintain regular engagement; Promote online security
7919-ZODZZ,Female,0,Yes,Yes,10,Yes,No,DSL,No,Yes,Yes,No,No,Yes,One year,Yes,Mailed check,65.9,660.05,No,0.2764062,0,Low,1.0,Low,Contract Month-to-month | OnlineSecurity No | MonthlyCharges | InternetService Fiber optic | InternetService DSL,-0.9633 | 0.2499 | -0.2133 | -0.1882 | -0.1589,Reduces churn risk | Increases churn risk | Reduces churn risk | Reduces churn risk | Reduces churn risk,Maintain regular engagement; Promote online security; Offer technical support
2988-PLAHS,Female,0,No,No,3,Yes,No,DSL,No,No,Yes,No,Yes,Yes,One year,Yes,Electronic check,69.95,220.45,No,0.22582339,0,Low,1.0,Low,Contract Month-to-month | MonthlyCharges | OnlineSecurity No | InternetService Fiber optic | MultipleLines No,-1.2807 | -0.3936 | 0.2608 | -0.1805 | -0.1752,Reduces churn risk | Reduces churn risk | Increases churn risk | Reduces churn risk | Reduces churn risk,Maintain regular engagement; Provide new-customer support; Promote online security; Offer technical support
9067-SQTNS,Male,0,Yes,Yes,44,Yes,No,No,No internet service,No internet service,No internet service,No internet service,No internet service,No internet service,One year,No,Bank transfer (automatic),20.6,926.0,No,0.01059184,0,Low,1.0,Low,Contract Month-to-month | tenure | MonthlyCharges | OnlineSecurity No | TechSupport No,-1.0413 | -0.6366 | -0.5642 | -0.4391 | -0.2713,Reduces churn risk | Reduces churn risk | Reduces churn risk | Reduces churn risk | Reduces churn risk,Maintain regular engagement
6483-OATDN,Male,0,Yes,Yes,8,Yes,No,DSL,Yes,No,No,No,No,No,Month-to-month,Yes,Credit card (automatic),51.3,411.6,No,0.17208917,0,Low,1.0,Low,Contract Month-to-month | PaymentMethod Electronic check | OnlineSecurity No | InternetService Fiber optic | PaymentMethod Credit card (automatic),0.4438 | -0.4192 | -0.3952 | -0.2544 | -0.2466,Increases churn risk | Reduces churn risk | Reduces churn risk | Reduces churn risk | Reduces churn risk,Maintain regular engagement; Offer long-term contract incentive; Offer technical support
5469-CTCWN,Male,0,Yes,Yes,61,Yes,Yes,Fiber optic,Yes,Yes,No,No,Yes,Yes,One year,Yes,Electronic check,106.0,6547.7,Yes,0.056155305,0,Low,0.0,Low,Contract Month-to-month | tenure | OnlineSecurity No | Dependents No | TotalCharges,-0.8792 | -0.8113 | -0.5304 | -0.4185 | -0.1984,Reduces churn risk | Reduces churn risk | Reduces churn risk | Reduces churn risk | Reduces churn risk,Maintain regular engagement; Offer technical support; Review pricing
3524-WQDSG,Female,0,Yes,Yes,43,Yes,Yes,Fiber optic,No,No,Yes,No,Yes,Yes,Month-to-month,Yes,Bank transfer (automatic),99.3,4209.95,No,0.6930675,1,Medium,0.0,Medium,Contract Month-to-month | MonthlyCharges | tenure | TotalCharges | PaymentMethod Electronic check,0.5566 | 0.5453 | -0.4222 | -0.4112 | -0.3753,Increases churn risk | Increases churn risk | Reduces churn risk | Reduces churn risk | Reduces churn risk,Proactive retention communication; Offer long-term contract incentive; Promote online security; Offer technical support; Review pricing
6968-URWQU,Male,0,Yes,No,43,Yes,No,DSL,No,No,No,No,Yes,No,One year,Yes,Mailed check,56.35,2391.15,No,0.08067723,0,Low,1.0,Low,Contract Month-to-month | StreamingMovies Yes | OnlineSecurity No | PaymentMethod Electronic check | tenure,-1.0158 | -0.4115 | 0.3254 | -0.2955 | -0.2603,Reduces churn risk | Reduces churn risk | Increases churn risk | Reduces churn risk | Reduces churn risk,Maintain regular engagement; Promote online security; Offer technical support
8601-QACRS,Female,0,No,No,5,Yes,Yes,DSL,No,No,No,No,No,No,Month-to-month,Yes,Mailed check,50.6,249.95,Yes,0.6142962,1,Medium,1.0,Medium,Contract Month-to-month | tenure | PaymentMethod Electronic check | OnlineSecurity No | InternetService Fiber optic,0.5922 | 0.5878 | -0.3428 | 0.2671 | -0.2346,Increases churn risk | Increases churn risk | Reduces churn risk | Increases churn risk | Reduces churn risk,Proactive retention communication; Offer long-term contract incentive; Provide new-customer support; Promote online security; Offer technical support
8690-UPCZI,Male,0,Yes,Yes,29,Yes,Yes,DSL,Yes,No,No,Yes,Yes,No,One year,No,Bank transfer (automatic),69.05,1958.45,No,0.008457307,0,Low,1.0,Low,Contract Month-to-month | MonthlyCharges | tenure | TotalCharges | StreamingMovies Yes,-0.9695 | -0.5234 | -0.4322 | -0.4066 | -0.3645,Reduces churn risk | Reduces churn risk | Reduces churn risk | Reduces churn risk | Reduces churn risk,Maintain regular engagement
5331-RGMTT,Male,1,Yes,No,54,Yes,Yes,Fiber optic,No,No,Yes,No,Yes,Yes,Month-to-month,Yes,Credit card (automatic),99.05,5295.7,No,0.7770247,1,High,0.0,Critical,MonthlyCharges | Contract Month-to-month | tenure | PaymentMethod Electronic check | TotalCharges,0.5338 | 0.5295 | -0.5054 | -0.4026 | -0.2494,Increases churn risk | Increases churn risk | Reduces churn risk | Reduces churn risk | Reduces churn risk,Priority retention outreach; Offer long-term contract incentive; Promote online security; Offer technical support; Review pricing
1357-BIJKI,Male,0,Yes,No,50,Yes,Yes,Fiber optic,No,Yes,No,No,Yes,Yes,One year,Yes,Electronic check,98.25,4858.7,No,0.50092703,1,Medium,0.0,Medium,Contract Month-to-month | tenure | MonthlyCharges | OnlineSecurity No | MultipleLines No,-1.1853 | -0.5111 | 0.2563 | 0.2487 | 0.1646,Reduces churn risk | Reduces churn risk | Increases churn risk | Increases churn risk | Increases churn risk,Proactive retention communication; Promote online security; Offer technical support; Review pricing
2088-IEBAU,Female,0,No,No,68,Yes,Yes,DSL,Yes,Yes,Yes,Yes,Yes,Yes,Two year,Yes,Electronic check,88.15,6148.45,No,0.00942223,0,Low,0.0,Low,Contract Month-to-month | Contract Two year | tenure | MonthlyCharges | OnlineSecurity No,-1.0039 | -0.6413 | -0.5683 | -0.5158 | -0.455,Reduces churn risk | Reduces churn risk | Reduces churn risk | Reduces churn risk | Reduces churn risk,Maintain regular engagement; Review pricing
0679-IDSTG,Female,1,Yes,Yes,1,Yes,No,Fiber optic,No,No,No,No,No,No,Month-to-month,Yes,Electronic check,69.25,69.25,Yes,0.95562327,1,High,1.0,Critical,tenure | TotalCharges | Contract Month-to-month | OnlineSecurity No | Dependents No,1.0942 | 0.851 | 0.7217 | 0.2076 | -0.1879,Increases churn risk | Increases churn risk | Increases churn risk | Increases churn risk | Reduces churn risk,Immediate personal outreach; Offer long-term contract incentive; Provide new-customer support; Promote online security; Offer technical support
6519-ZHPXP,Female,0,Yes,Yes,72,Yes,No,Fiber optic,Yes,Yes,Yes,Yes,Yes,Yes,Two year,Yes,Bank transfer (automatic),108.3,7679.65,No,0.011768562,0,Low,0.0,Low,tenure | Contract Month-to-month | Contract Two year | OnlineSecurity No | MonthlyCharges,-1.9582 | -1.0147 | -0.7019 | -0.4478 | 0.4122,Reduces churn risk | Reduces churn risk | Reduces churn risk | Reduces churn risk | Increases churn risk,Maintain regular engagement; Review pricing
2101-RANCD,Female,0,No,No,55,Yes,Yes,Fiber optic,No,No,No,No,No,No,Month-to-month,Yes,Electronic check,73.1,4144.9,No,0.52618855,1,Medium,0.0,Medium,tenure | Contract Month-to-month | PaymentMethod Electronic check | MonthlyCharges | OnlineSecurity No,-0.781 | 0.6158 | 0.3793 | -0.2769 | 0.2368,Reduces churn risk | Increases churn risk | Increases churn risk | Reduces churn risk | Increases churn risk,Proactive retention communication; Offer long-term contract incentive; Promote online security; Offer technical support
4029-HPFVY,Male,0,No,No,3,Yes,No,Fiber optic,No,No,No,No,No,No,Month-to-month,Yes,Mailed check,70.3,220.4,No,0.6047166,1,Medium,1.0,Medium,Contract Month-to-month | PaymentMethod Electronic check | OnlineSecurity No | MonthlyCharges | tenure,0.6272 | -0.3361 | 0.2545 | -0.1963 | 0.1787,Increases churn risk | Reduces churn risk | Increases churn risk | Reduces churn risk | Increases churn risk,Proactive retention communication; Offer long-term contract incentive; Provide new-customer support; Promote online security; Offer technical support
1015-OWJKI,Male,0,No,No,1,Yes,No,No,No internet service,No internet service,No internet service,No internet service,No internet service,No internet service,Month-to-month,No,Mailed check,19.05,19.05,No,0.20009644,0,Low,1.0,Low,MonthlyCharges | tenure | Contract Month-to-month | OnlineSecurity No | PaperlessBilling No,-1.2261 | 0.9545 | 0.5545 | -0.4324 | -0.4131,Reduces churn risk | Increases churn risk | Increases churn risk | Reduces churn risk | Reduces churn risk,Maintain regular engagement; Offer long-term contract incentive; Provide new-customer support
8314-HTWVE,Female,0,Yes,Yes,7,Yes,No,No,No internet service,No internet service,No internet service,No internet service,No internet service,No internet service,Two year,No,Mailed check,19.85,144.15,No,0.0171718,0,Low,1.0,Low,Contract Month-to-month | Contract Two year | OnlineSecurity No | TechSupport No | PaperlessBilling No,-1.3964 | -1.0235 | -0.4112 | -0.2364 | -0.1978,Reduces churn risk | Reduces churn risk | Reduces churn risk | Reduces churn risk | Reduces churn risk,Maintain regular engagement
5357-TZHPP,Male,1,No,No,9,Yes,Yes,Fiber optic,No,No,No,No,No,Yes,Month-to-month,Yes,Credit card (automatic),84.4,732.5,Yes,0.6758718,1,Medium,1.0,Medium,Contract Month-to-month | PaymentMethod Electronic check | PaymentMethod Credit card (automatic) | MultipleLines No | OnlineSecurity No,0.5543 | -0.3649 | -0.3395 | 0.2551 | 0.2412,Increases churn risk | Reduces churn risk | Reduces churn risk | Increases churn risk | Increases churn risk,Proactive retention communication; Offer long-term contract incentive; Promote online security; Offer technical support; Review pricing
8727-XDPUD,Male,0,No,No,37,No,No phone service,DSL,No,No,No,No,Yes,No,Two year,No,Credit card (automatic),35.8,1316.9,No,0.01659205,0,Low,1.0,Low,Contract Month-to-month | Contract Two year | TotalCharges | tenure | MonthlyCharges,-1.3336 | -0.6801 | -0.6 | -0.4343 | -0.3045,Reduces churn risk | Reduces churn risk | Reduces churn risk | Reduces churn risk | Reduces churn risk,Maintain regular engagement; Promote online security; Offer technical support
9073-ZZIAY,Male,0,Yes,Yes,62,Yes,No,DSL,Yes,Yes,Yes,Yes,Yes,Yes,Two year,No,Electronic check,86.1,5215.25,No,0.009081158,0,Low,0.0,Low,Contract Month-to-month | Contract Two year | tenure | TechSupport No | MonthlyCharges,-0.8768 | -0.7079 | -0.6484 | -0.3636 | -0.3543,Reduces churn risk | Reduces churn risk | Reduces churn risk | Reduces churn risk | Reduces churn risk,Maintain regular engagement; Review pricing
5181-OABFK,Female,0,Yes,Yes,56,Yes,No,DSL,Yes,Yes,Yes,No,No,No,Two year,Yes,Credit card (automatic),61.3,3346.8,No,0.010123638,0,Low,0.0,Low,Contract Month-to-month | Contract Two year | tenure | TotalCharges | OnlineSecurity No,-1.1545 | -0.8201 | -0.6299 | -0.3394 | -0.2712,Reduces churn risk | Reduces churn risk | Reduces churn risk | Reduces churn risk | Reduces churn risk,Maintain regular engagement; Offer technical support
3812-LRZIR,Female,0,Yes,Yes,27,Yes,Yes,No,No internet service,No internet service,No internet service,No internet service,No internet service,No internet service,Two year,No,Electronic check,24.5,761.95,No,0.015116729,0,Low,1.0,Low,Contract Month-to-month | Contract Two year | OnlineSecurity No | TechSupport No | MonthlyCharges,-1.1321 | -0.6467 | -0.396 | -0.2954 | -0.266,Reduces churn risk | Reduces churn risk | Reduces churn risk | Reduces churn risk | Reduces churn risk,Maintain regular engagement
5204-HMGYF,Female,0,Yes,Yes,49,Yes,No,DSL,Yes,Yes,Yes,Yes,Yes,Yes,One year,Yes,Mailed check,87.2,4345.0,No,0.017908696,0,Low,0.0,Low,tenure | Contract Month-to-month | TotalCharges | OnlineSecurity No | MonthlyCharges,-0.7626 | -0.7413 | -0.4947 | -0.3379 | -0.2711,Reduces churn risk | Reduces churn risk | Reduces churn risk | Reduces churn risk | Reduces churn risk,Maintain regular engagement; Review pricing
9950-MTGYX,Male,0,Yes,Yes,28,Yes,No,No,No internet service,No internet service,No internet service,No internet service,No internet service,No internet service,Two year,Yes,Credit card (automatic),20.3,487.95,No,0.0032988316,0,Low,1.0,Low,Contract Month-to-month | Contract Two year | MonthlyCharges | tenure | OnlineSecurity No,-1.1443 | -0.7116 | -0.6051 | -0.4438 | -0.4,Reduces churn risk | Reduces churn risk | Reduces churn risk | Reduces churn risk | Reduces churn risk,Maintain regular engagement
3675-EQOZA,Male,0,No,No,5,Yes,No,No,No internet service,No internet service,No internet service,No internet service,No internet service,No internet service,Month-to-month,No,Bank transfer (automatic),20.65,93.55,No,0.21742953,0,Low,1.0,Low,OnlineSecurity No | Contract Month-to-month | MonthlyCharges | TechSupport No | tenure,-0.5578 | 0.462 | -0.3782 | -0.3722 | 0.366,Reduces churn risk | Increases churn risk | Reduces churn risk | Reduces churn risk | Increases churn risk,Maintain regular engagement; Offer long-term contract incentive; Provide new-customer support
3646-ITDGM,Female,0,No,No,56,Yes,No,No,No internet service,No internet service,No internet service,No internet service,No internet service,No internet service,Two year,No,Bank transfer (automatic),19.7,1051.9,No,0.18357019,0,Low,1.0,Low,Contract Month-to-month | TotalCharges | Contract Two year | OnlineSecurity No | TechSupport No,-1.1142 | 0.6371 | -0.3726 | -0.3008 | -0.1859,Reduces churn risk | Increases churn risk | Reduces churn risk | Reduces churn risk | Reduces churn risk,Maintain regular engagement
3913-FCUUW,Female,0,Yes,Yes,72,Yes,Yes,DSL,Yes,Yes,Yes,Yes,No,No,Two year,Yes,Bank transfer (automatic),70.45,5165.7,No,0.0047833533,0,Low,0.0,Low,tenure | Contract Month-to-month | Contract Two year | OnlineSecurity No | MonthlyCharges,-1.6922 | -1.0609 | -0.6432 | -0.3894 | -0.3229,Reduces churn risk | Reduces churn risk | Reduces churn risk | Reduces churn risk | Reduces churn risk,Maintain regular engagement
