customerID,gender,SeniorCitizen,Partner,Dependents,tenure,PhoneService,MultipleLines,InternetService,OnlineSecurity,OnlineBackup,DeviceProtection,TechSupport,StreamingTV,StreamingMovies,Contract,PaperlessBilling,PaymentMethod,MonthlyCharges,TotalCharges,Churn,Original_Index,Churn_Probability,Predicted_Churn,Risk_Level,Customer_Segment,Retention_Recommendation,Retention_Strategy,Retention_Priority,Recommended_Campaign
4376-KFVRS,Male,0,Yes,Yes,72,Yes,Yes,Fiber optic,Yes,Yes,Yes,Yes,Yes,Yes,Two year,Yes,Credit card (automatic),114.05,8468.2,No,437,0.0041972185,0,Low,0.0,Review pricing and provide personalized offer; Offer fiber service support or loyalty benefit,Maintain regular engagement; Personalized pricing review; Fiber service experience review; Loyalty and long-term customer engagement,Low,Customer Loyalty Campaign
2754-SDJRD,Female,1,No,No,8,Yes,Yes,Fiber optic,No,No,No,Yes,Yes,Yes,Month-to-month,Yes,Credit card (automatic),100.15,908.55,No,2280,0.9300961,1,High,1.0,Priority retention outreach; Offer annual or long-term contract incentive; Promote online security service; Offer online backup package; Review pricing and provide personalized offer; Offer fiber service support or loyalty benefit,Immediate retention outreach; Long-term contract conversion offer; Online security package promotion; Personalized pricing review; Fiber service experience review; Early intervention and retention campaign,Critical,Immediate Personal Outreach
9917-KWRBE,Female,0,Yes,Yes,41,Yes,Yes,DSL,Yes,Yes,Yes,No,Yes,No,One year,Yes,Credit card (automatic),78.35,3211.2,No,2235,0.05529517,0,Low,0.0,Offer technical support assistance,Maintain regular engagement; Technical support promotion; Loyalty and long-term customer engagement,Low,Customer Loyalty Campaign
0365-GXEZS,Male,0,Yes,No,18,Yes,No,Fiber optic,No,No,Yes,Yes,No,No,Month-to-month,No,Electronic check,78.2,1468.75,No,4460,0.17864974,0,Low,1.0,Offer annual or long-term contract incentive; Promote online security service; Offer online backup package; Offer fiber service support or loyalty benefit,Maintain regular engagement; Long-term contract conversion offer; Online security package promotion; Fiber service experience review; Early intervention and retention campaign,Low,Contract Upgrade Campaign
9385-NXKDA,Female,0,Yes,No,72,Yes,Yes,DSL,Yes,Yes,Yes,No,Yes,Yes,Two year,Yes,Credit card (automatic),82.65,5919.35,No,3761,0.004408018,0,Low,0.0,Offer technical support assistance; Review pricing and provide personalized offer,Maintain regular engagement; Technical support promotion; Personalized pricing review; Loyalty and long-term customer engagement,Low,Customer Loyalty Campaign
4686-UXDML,Female,0,No,No,21,Yes,Yes,Fiber optic,No,Yes,No,No,Yes,Yes,Month-to-month,Yes,Credit card (automatic),99.85,1992.55,No,5748,0.8007125,1,High,1.0,Priority retention outreach; Offer annual or long-term contract incentive; Offer technical support assistance; Promote online security service; Review pricing and provide personalized offer; Offer fiber service support or loyalty benefit,Immediate retention outreach; Long-term contract conversion offer; Technical support promotion; Online security package promotion; Personalized pricing review; Fiber service experience review; Early intervention and retention campaign,Critical,Immediate Personal Outreach
2227-JRSJX,Female,0,No,No,21,Yes,No,Fiber optic,No,Yes,No,Yes,Yes,Yes,Month-to-month,Yes,Bank transfer (automatic),99.15,1956.4,No,3568,0.44433165,0,Medium,1.0,Offer annual or long-term contract incentive; Promote online security service; Review pricing and provide personalized offer; Offer fiber service support or loyalty benefit,Proactive retention communication; Long-term contract conversion offer; Online security package promotion; Personalized pricing review; Fiber service experience review; Early intervention and retention campaign,Medium,Contract Upgrade Campaign
4830-FAXFM,Male,0,No,Yes,19,Yes,Yes,No,No internet service,No internet service,No internet service,No internet service,No internet service,No internet service,Month-to-month,Yes,Credit card (automatic),24.1,439.2,No,2976,0.08149757,0,Low,1.0,Offer annual or long-term contract incentive,Maintain regular engagement; Long-term contract conversion offer; Early intervention and retention campaign,Low,Contract Upgrade Campaign
1830-IPXVJ,Female,0,Yes,Yes,61,Yes,No,No,No internet service,No internet service,No internet service,No internet service,No internet service,No internet service,Two year,No,Credit card (automatic),19.75,1311.6,No,5928,0.0019038084,0,Low,1.0,Continue regular customer engagement,Maintain regular engagement; Early intervention and retention campaign,Low,Customer Loyalty Campaign
4690-LLKUA,Male,1,No,No,17,Yes,No,DSL,No,No,No,No,No,No,Month-to-month,Yes,Electronic check,45.05,770.6,Yes,1639,0.6124552,1,Medium,1.0,Offer annual or long-term contract incentive; Offer technical support assistance; Promote online security service; Offer online backup package,Proactive retention communication; Long-term contract conversion offer; Technical support promotion; Online security package promotion; Early intervention and retention campaign,Medium,Contract Upgrade Campaign
5804-HYIEZ,Male,0,Yes,Yes,70,Yes,Yes,Fiber optic,Yes,Yes,No,No,Yes,Yes,Month-to-month,Yes,Electronic check,106.05,7554.05,No,2079,0.17307898,0,Low,0.0,Offer annual or long-term contract incentive; Offer technical support assistance; Review pricing and provide personalized offer; Offer fiber service support or loyalty benefit,Maintain regular engagement; Long-term contract conversion offer; Technical support promotion; Personalized pricing review; Fiber service experience review; Loyalty and long-term customer engagement,Low,Contract Upgrade Campaign
2388-LAESQ,Female,1,Yes,No,72,Yes,Yes,Fiber optic,Yes,Yes,Yes,Yes,Yes,Yes,Two year,Yes,Bank transfer (automatic),114.85,8317.95,No,1280,0.00702986,0,Low,0.0,Review pricing and provide personalized offer; Offer fiber service support or loyalty benefit,Maintain regular engagement; Personalized pricing review; Fiber service experience review; Loyalty and long-term customer engagement,Low,Customer Loyalty Campaign
5533-RJFTJ,Male,0,No,No,49,No,No phone service,DSL,No,No,Yes,No,No,No,Month-to-month,Yes,Bank transfer (automatic),30.2,1453.1,No,667,0.20098336,0,Low,1.0,Offer annual or long-term contract incentive; Offer technical support assistance; Promote online security service; Offer online backup package,Maintain regular engagement; Long-term contract conversion offer; Technical support promotion; Online security package promotion; Early intervention and retention campaign,Low,Contract Upgrade Campaign
4706-AXVKM,Female,1,No,No,11,Yes,Yes,Fiber optic,No,No,No,No,No,Yes,Month-to-month,Yes,Credit card (automatic),84.8,906.85,Yes,3524,0.8243811,1,High,1.0,Priority retention outreach; Offer annual or long-term contract incentive; Offer technical support assistance; Promote online security service; Offer online backup package; Review pricing and provide personalized offer; Offer fiber service support or loyalty benefit,Immediate retention outreach; Long-term contract conversion offer; Technical support promotion; Online security package promotion; Personalized pricing review; Fiber service experience review; Early intervention and retention campaign,Critical,Immediate Personal Outreach
0997-YTLNY,Female,0,No,Yes,19,Yes,No,DSL,No,No,No,Yes,No,No,Month-to-month,No,Mailed check,48.8,953.65,No,5283,0.07004618,0,Low,1.0,Offer annual or long-term contract incentive; Promote online security service; Offer online backup package,Maintain regular engagement; Long-term contract conversion offer; Online security package promotion; Early intervention and retention campaign,Low,Contract Upgrade Campaign
7971-HLVXI,Male,0,Yes,Yes,72,Yes,Yes,Fiber optic,No,No,No,No,No,Yes,Two year,Yes,Credit card (automatic),84.5,6130.85,No,485,0.025954127,0,Low,0.0,Offer technical support assistance; Promote online security service; Offer online backup package; Review pricing and provide personalized offer; Offer fiber service support or loyalty benefit,Maintain regular engagement; Technical support promotion; Online security package promotion; Personalized pricing review; Fiber service experience review; Loyalty and long-term customer engagement,Low,Customer Loyalty Campaign
7337-CINUD,Female,0,Yes,Yes,8,Yes,No,No,No internet service,No internet service,No internet service,No internet service,No internet service,No internet service,Two year,No,Bank transfer (automatic),19.5,159.35,No,6121,0.027406927,0,Low,1.0,Continue regular customer engagement,Maintain regular engagement; Early intervention and retention campaign,Low,Customer Loyalty Campaign
1379-FRVEB,Male,0,No,Yes,15,Yes,Yes,Fiber optic,No,Yes,No,No,Yes,No,Month-to-month,Yes,Electronic check,91.0,1430.05,No,2136,0.71191263,1,High,1.0,Priority retention outreach; Offer annual or long-term contract incentive; Offer technical support assistance; Promote online security service; Review pricing and provide personalized offer; Offer fiber service support or loyalty benefit,Immediate retention outreach; Long-term contract conversion offer; Technical support promotion; Online security package promotion; Personalized pricing review; Fiber service experience review; Early intervention and retention campaign,High,Retention Offer Campaign
4753-PADAS,Female,0,Yes,No,67,Yes,Yes,Fiber optic,No,Yes,Yes,No,Yes,Yes,One year,Yes,Bank transfer (automatic),105.7,6816.95,No,6501,0.17376356,0,Low,0.0,Offer technical support assistance; Promote online security service; Review pricing and provide personalized offer; Offer fiber service support or loyalty benefit,Maintain regular engagement; Technical support promotion; Online security package promotion; Personalized pricing review; Fiber service experience review; Loyalty and long-term customer engagement,Low,Customer Loyalty Campaign
5701-GUXDC,Female,0,Yes,No,26,No,No phone service,DSL,Yes,No,Yes,No,No,No,One year,No,Credit card (automatic),35.4,978.6,No,5356,0.050929617,0,Low,1.0,Offer technical support assistance; Offer online backup package,Maintain regular engagement; Technical support promotion; Early intervention and retention campaign,Low,Customer Loyalty Campaign
7235-NXZCP,Male,1,No,No,2,Yes,Yes,Fiber optic,No,No,No,No,No,No,Month-to-month,Yes,Mailed check,74.85,156.4,Yes,6529,0.7674044,1,High,1.0,Priority retention outreach; Offer annual or long-term contract incentive; Offer technical support assistance; Promote online security service; Offer online backup package; Provide early-stage customer engagement; Offer fiber service support or loyalty benefit,Immediate retention outreach; Early customer onboarding support; Long-term contract conversion offer; Technical support promotion; Online security package promotion; Fiber service experience review; Early intervention and retention campaign,High,Retention Offer Campaign
0668-OGMHD,Female,0,Yes,No,21,No,No phone service,DSL,Yes,No,No,No,No,No,Month-to-month,No,Electronic check,28.5,629.35,No,1242,0.31196365,0,Low,1.0,Offer annual or long-term contract incentive; Offer technical support assistance; Offer online backup package,Maintain regular engagement; Long-term contract conversion offer; Technical support promotion; Early intervention and retention campaign,Low,Contract Upgrade Campaign
2812-REYAT,Female,0,Yes,No,49,Yes,No,No,No internet service,No internet service,No internet service,No internet service,No internet service,No internet service,One year,Yes,Bank transfer (automatic),20.05,923.1,No,1615,0.013297366,0,Low,1.0,Continue regular customer engagement,Maintain regular engagement; Early intervention and retention campaign,Low,Customer Loyalty Campaign
8779-YIQQA,Male,0,Yes,Yes,21,Yes,No,No,No internet service,No internet service,No internet service,No internet service,No internet service,No internet service,One year,No,Mailed check,19.8,350.1,No,5082,0.0113956155,0,Low,1.0,Continue regular customer engagement,Maintain regular engagement; Early intervention and retention campaign,Low,Customer Loyalty Campaign
9701-CDXHR,Female,0,Yes,No,51,Yes,No,Fiber optic,No,No,No,No,No,No,Month-to-month,No,Mailed check,69.15,3649.6,No,5389,0.09398926,0,Low,0.0,Offer annual or long-term contract incentive; Offer technical support assistance; Promote online security service; Offer online backup package; Offer fiber service support or loyalty benefit,Maintain regular engagement; Long-term contract conversion offer; Technical support promotion; Online security package promotion; Fiber service experience review; Loyalty and long-term customer engagement,Low,Contract Upgrade Campaign
7130-CTCUS,Male,1,Yes,No,16,Yes,No,DSL,Yes,Yes,No,No,No,No,Month-to-month,Yes,Bank transfer (automatic),54.55,825.1,No,3985,0.24421178,0,Low,1.0,Offer annual or long-term contract incentive; Offer technical support assistance,Maintain regular engagement; Long-term contract conversion offer; Technical support promotion; Early intervention and retention campaign,Low,Contract Upgrade Campaign
1894-IGFSG,Female,0,No,No,22,Yes,No,Fiber optic,No,No,No,No,Yes,Yes,Month-to-month,No,Electronic check,89.25,1907.85,Yes,761,0.6017818,1,Medium,1.0,Offer annual or long-term contract incentive; Offer technical support assistance; Promote online security service; Offer online backup package; Review pricing and provide personalized offer; Offer fiber service support or loyalty benefit,Proactive retention communication; Long-term contract conversion offer; Technical support promotion; Online security package promotion; Personalized pricing review; Fiber service experience review; Early intervention and retention campaign,Medium,Contract Upgrade Campaign
0871-URUWO,Male,0,Yes,No,13,Yes,Yes,Fiber optic,No,No,Yes,No,Yes,Yes,Month-to-month,Yes,Credit card (automatic),102.25,1359.0,Yes,6125,0.8570556,1,High,1.0,Priority retention outreach; Offer annual or long-term contract incentive; Offer technical support assistance; Promote online security service; Offer online backup package; Review pricing and provide personalized offer; Offer fiber service support or loyalty benefit,Immediate retention outreach; Long-term contract conversion offer; Technical support promotion; Online security package promotion; Personalized pricing review; Fiber service experience review; Early intervention and retention campaign,Critical,Immediate Personal Outreach
0057-QBUQH,Female,0,No,Yes,43,Yes,Yes,No,No internet service,No internet service,No internet service,No internet service,No internet service,No internet service,Two year,Yes,Electronic check,25.1,1070.15,No,6053,0.018512914,0,Low,1.0,Continue regular customer engagement,Maintain regular engagement; Early intervention and retention campaign,Low,Customer Loyalty Campaign
9611-CTWIH,Female,0,No,No,3,Yes,No,Fiber optic,No,No,No,No,Yes,Yes,Month-to-month,Yes,Electronic check,89.45,240.45,Yes,5547,0.75634354,1,High,1.0,Priority retention outreach; Offer annual or long-term contract incentive; Offer technical support assistance; Promote online security service; Offer online backup package; Review pricing and provide personalized offer; Provide early-stage customer engagement; Offer fiber service support or loyalty benefit,Immediate retention outreach; Early customer onboarding support; Long-term contract conversion offer; Technical support promotion; Online security package promotion; Personalized pricing review; Fiber service experience review; Early intervention and retention campaign,High,Retention Offer Campaign
8058-DMYRU,Male,1,No,No,54,Yes,Yes,Fiber optic,No,Yes,No,No,No,Yes,Month-to-month,Yes,Electronic check,90.05,4931.8,No,1838,0.60455143,1,Medium,0.0,Offer annual or long-term contract incentive; Offer technical support assistance; Promote online security service; Review pricing and provide personalized offer; Offer fiber service support or loyalty benefit,Proactive retention communication; Long-term contract conversion offer; Technical support promotion; Online security package promotion; Personalized pricing review; Fiber service experience review; Loyalty and long-term customer engagement,Medium,Contract Upgrade Campaign
5351-QESIO,Male,0,No,Yes,1,No,No phone service,DSL,No,No,No,No,No,No,Month-to-month,No,Mailed check,24.2,24.2,No,6979,0.45236278,0,Medium,1.0,Offer annual or long-term contract incentive; Offer technical support assistance; Promote online security service; Offer online backup package; Provide early-stage customer engagement,Proactive retention communication; Early customer onboarding support; Long-term contract conversion offer; Technical support promotion; Online security package promotion; Early intervention and retention campaign,Medium,Contract Upgrade Campaign
4302-ZYFEL,Male,0,Yes,Yes,69,Yes,No,No,No internet service,No internet service,No internet service,No internet service,No internet service,No internet service,One year,Yes,Credit card (automatic),20.55,1403.1,No,4345,0.0041135517,0,Low,1.0,Continue regular customer engagement,Maintain regular engagement; Early intervention and retention campaign,Low,Customer Loyalty Campaign
6134-KWTBV,Male,0,No,No,62,Yes,Yes,No,No internet service,No internet service,No internet service,No internet service,No internet service,No internet service,Two year,No,Bank transfer (automatic),23.4,1429.65,No,3553,0.0073262905,0,Low,1.0,Continue regular customer engagement,Maintain regular engagement; Early intervention and retention campaign,Low,Customer Loyalty Campaign
2034-GDRCN,Female,0,No,No,2,Yes,No,Fiber optic,No,No,No,No,Yes,Yes,Month-to-month,Yes,Electronic check,90.4,168.2,Yes,346,0.919671,1,High,1.0,Priority retention outreach; Offer annual or long-term contract incentive; Offer technical support assistance; Promote online security service; Offer online backup package; Review pricing and provide personalized offer; Provide early-stage customer engagement; Offer fiber service support or loyalty benefit,Immediate retention outreach; Early customer onboarding support; Long-term contract conversion offer; Technical support promotion; Online security package promotion; Personalized pricing review; Fiber service experience review; Early intervention and retention campaign,Critical,Immediate Personal Outreach
9544-PYPSJ,Female,1,Yes,Yes,62,Yes,Yes,Fiber optic,No,Yes,Yes,No,No,Yes,Month-to-month,Yes,Credit card (automatic),96.1,6019.35,No,3624,0.09279585,0,Low,0.0,Offer annual or long-term contract incentive; Offer technical support assistance; Promote online security service; Review pricing and provide personalized offer; Offer fiber service support or loyalty benefit,Maintain regular engagement; Long-term contract conversion offer; Technical support promotion; Online security package promotion; Personalized pricing review; Fiber service experience review; Loyalty and long-term customer engagement,Low,Contract Upgrade Campaign
4208-UFFGW,Male,1,No,No,2,Yes,No,DSL,No,No,No,No,No,No,Month-to-month,No,Mailed check,44.95,85.15,Yes,950,0.5294543,1,Medium,1.0,Offer annual or long-term contract incentive; Offer technical support assistance; Promote online security service; Offer online backup package; Provide early-stage customer engagement,Proactive retention communication; Early customer onboarding support; Long-term contract conversion offer; Technical support promotion; Online security package promotion; Early intervention and retention campaign,Medium,Contract Upgrade Campaign
9537-JALFH,Male,0,Yes,Yes,69,Yes,No,No,No internet service,No internet service,No internet service,No internet service,No internet service,No internet service,Two year,No,Bank transfer (automatic),19.9,1356.7,No,3707,0.004780975,0,Low,1.0,Continue regular customer engagement,Maintain regular engagement; Early intervention and retention campaign,Low,Customer Loyalty Campaign
4415-IJZTP,Female,0,No,No,1,Yes,Yes,Fiber optic,No,No,No,No,No,No,Month-to-month,Yes,Electronic check,74.5,74.5,Yes,6633,0.93408734,1,High,1.0,Priority retention outreach; Offer annual or long-term contract incentive; Offer technical support assistance; Promote online security service; Offer online backup package; Provide early-stage customer engagement; Offer fiber service support or loyalty benefit,Immediate retention outreach; Early customer onboarding support; Long-term contract conversion offer; Technical support promotion; Online security package promotion; Fiber service experience review; Early intervention and retention campaign,Critical,Immediate Personal Outreach
4701-MLJPN,Male,0,No,No,31,Yes,No,DSL,No,No,Yes,Yes,No,No,Month-to-month,Yes,Electronic check,55.25,1715.65,Yes,2488,0.052853595,0,Low,1.0,Offer annual or long-term contract incentive; Promote online security service; Offer online backup package,Maintain regular engagement; Long-term contract conversion offer; Online security package promotion; Early intervention and retention campaign,Low,Contract Upgrade Campaign
7515-LODFU,Male,1,No,No,69,Yes,No,No,No internet service,No internet service,No internet service,No internet service,No internet service,No internet service,Two year,No,Credit card (automatic),20.3,1356.3,No,4852,0.005184863,0,Low,1.0,Continue regular customer engagement,Maintain regular engagement; Early intervention and retention campaign,Low,Customer Loyalty Campaign
4927-WWOOZ,Male,0,Yes,No,2,Yes,Yes,Fiber optic,No,No,Yes,No,Yes,No,Month-to-month,Yes,Electronic check,91.45,171.45,No,2519,0.9298065,1,High,1.0,Priority retention outreach; Offer annual or long-term contract incentive; Offer technical support assistance; Promote online security service; Offer online backup package; Review pricing and provide personalized offer; Provide early-stage customer engagement; Offer fiber service support or loyalty benefit,Immediate retention outreach; Early customer onboarding support; Long-term contract conversion offer; Technical support promotion; Online security package promotion; Personalized pricing review; Fiber service experience review; Early intervention and retention campaign,Critical,Immediate Personal Outreach
4067-HLYQI,Female,0,No,No,33,Yes,No,Fiber optic,No,No,No,No,No,No,Month-to-month,Yes,Bank transfer (automatic),70.4,2406.1,No,5400,0.6564675,1,Medium,1.0,Offer annual or long-term contract incentive; Offer technical support assistance; Promote online security service; Offer online backup package; Offer fiber service support or loyalty benefit,Proactive retention communication; Long-term contract conversion offer; Technical support promotion; Online security package promotion; Fiber service experience review; Early intervention and retention campaign,Medium,Contract Upgrade Campaign
6184-DYUOB,Female,0,Yes,No,3,Yes,No,No,No internet service,No internet service,No internet service,No internet service,No internet service,No internet service,Month-to-month,Yes,Mailed check,19.6,55.25,No,1520,0.27724233,0,Low,1.0,Offer annual or long-term contract incentive; Provide early-stage customer engagement,Maintain regular engagement; Early customer onboarding support; Long-term contract conversion offer; Early intervention and retention campaign,Low,Contract Upgrade Campaign
9209-NWPGU,Male,0,No,No,44,Yes,No,DSL,Yes,No,No,Yes,Yes,No,One year,No,Electronic check,65.4,2774.55,No,3712,0.07748546,0,Low,1.0,Offer online backup package,Maintain regular engagement; Early intervention and retention campaign,Low,Customer Loyalty Campaign
9851-KIELU,Male,0,No,No,10,Yes,No,Fiber optic,Yes,Yes,Yes,Yes,Yes,Yes,Month-to-month,Yes,Electronic check,110.1,1043.3,Yes,880,0.47781882,0,Medium,1.0,Offer annual or long-term contract incentive; Review pricing and provide personalized offer; Offer fiber service support or loyalty benefit,Proactive retention communication; Long-term contract conversion offer; Personalized pricing review; Fiber service experience review; Early intervention and retention campaign,Medium,Contract Upgrade Campaign
3199-XGZCY,Female,0,No,No,8,Yes,Yes,Fiber optic,No,No,No,No,No,No,Month-to-month,Yes,Electronic check,75.25,576.7,No,3510,0.7810034,1,High,1.0,Priority retention outreach; Offer annual or long-term contract incentive; Offer technical support assistance; Promote online security service; Offer online backup package; Offer fiber service support or loyalty benefit,Immediate retention outreach; Long-term contract conversion offer; Technical support promotion; Online security package promotion; Fiber service experience review; Early intervention and retention campaign,High,Retention Offer Campaign
4226-KKDON,Male,0,No,No,8,Yes,No,DSL,No,Yes,No,Yes,Yes,No,Month-to-month,Yes,Electronic check,66.65,520.95,No,6114,0.08038956,0,Low,1.0,Offer annual or long-term contract incentive; Promote online security service,Maintain regular engagement; Long-term contract conversion offer; Online security package promotion; Early intervention and retention campaign,Low,Contract Upgrade Campaign
1085-LDWAM,Female,0,Yes,Yes,69,Yes,No,No,No internet service,No internet service,No internet service,No internet service,No internet service,No internet service,One year,Yes,Credit card (automatic),20.35,1442.65,No,3283,0.0049434006,0,Low,1.0,Continue regular customer engagement,Maintain regular engagement; Early intervention and retention campaign,Low,Customer Loyalty Campaign
6825-UYPFK,Female,0,No,No,23,Yes,Yes,Fiber optic,No,No,No,No,No,No,Month-to-month,No,Bank transfer (automatic),75.6,1758.6,Yes,523,0.15195839,0,Low,1.0,Offer annual or long-term contract incentive; Offer technical support assistance; Promote online security service; Offer online backup package; Offer fiber service support or loyalty benefit,Maintain regular engagement; Long-term contract conversion offer; Technical support promotion; Online security package promotion; Fiber service experience review; Early intervention and retention campaign,Low,Contract Upgrade Campaign
1767-CJKBA,Male,0,No,No,66,Yes,Yes,No,No internet service,No internet service,No internet service,No internet service,No internet service,No internet service,Two year,No,Mailed check,25.1,1697.7,No,1035,0.0052040876,0,Low,1.0,Continue regular customer engagement,Maintain regular engagement; Early intervention and retention campaign,Low,Customer Loyalty Campaign
7181-BQYBV,Female,0,Yes,Yes,1,Yes,Yes,Fiber optic,Yes,No,Yes,No,Yes,Yes,Month-to-month,Yes,Electronic check,102.45,102.45,Yes,2246,0.907199,1,High,1.0,Priority retention outreach; Offer annual or long-term contract incentive; Offer technical support assistance; Offer online backup package; Review pricing and provide personalized offer; Provide early-stage customer engagement; Offer fiber service support or loyalty benefit,Immediate retention outreach; Early customer onboarding support; Long-term contract conversion offer; Technical support promotion; Personalized pricing review; Fiber service experience review; Early intervention and retention campaign,Critical,Immediate Personal Outreach
0178-CIIKR,Female,0,No,No,3,Yes,No,No,No internet service,No internet service,No internet service,No internet service,No internet service,No internet service,Month-to-month,No,Mailed check,19.95,58.0,No,6140,0.28559312,0,Low,1.0,Offer annual or long-term contract incentive; Provide early-stage customer engagement,Maintain regular engagement; Early customer onboarding support; Long-term contract conversion offer; Early intervention and retention campaign,Low,Contract Upgrade Campaign
4256-ZWTZI,Female,0,No,Yes,5,Yes,No,DSL,No,No,No,Yes,No,No,Month-to-month,Yes,Mailed check,51.0,286.8,No,4030,0.45835567,0,Medium,1.0,Offer annual or long-term contract incentive; Promote online security service; Offer online backup package; Provide early-stage customer engagement,Proactive retention communication; Early customer onboarding support; Long-term contract conversion offer; Online security package promotion; Early intervention and retention campaign,Medium,Contract Upgrade Campaign
9537-VHDTA,Female,0,No,Yes,1,Yes,No,DSL,Yes,No,No,No,No,No,Month-to-month,No,Mailed check,51.2,51.2,No,2255,0.30752373,0,Low,1.0,Offer annual or long-term contract incentive; Offer technical support assistance; Offer online backup package; Provide early-stage customer engagement,Maintain regular engagement; Early customer onboarding support; Long-term contract conversion offer; Technical support promotion; Early intervention and retention campaign,Low,Contract Upgrade Campaign
2754-XBHTB,Female,0,No,No,9,Yes,No,Fiber optic,No,No,No,No,Yes,No,Month-to-month,Yes,Bank transfer (automatic),77.65,714.15,Yes,6304,0.68336266,1,Medium,1.0,Offer annual or long-term contract incentive; Offer technical support assistance; Promote online security service; Offer online backup package; Offer fiber service support or loyalty benefit,Proactive retention communication; Long-term contract conversion offer; Technical support promotion; Online security package promotion; Fiber service experience review; Early intervention and retention campaign,Medium,Contract Upgrade Campaign
5975-BAICR,Male,0,Yes,Yes,36,Yes,No,DSL,Yes,No,Yes,No,No,Yes,One year,Yes,Credit card (automatic),63.7,2188.5,No,5965,0.04684205,0,Low,1.0,Offer technical support assistance; Offer online backup package,Maintain regular engagement; Technical support promotion; Early intervention and retention campaign,Low,Customer Loyalty Campaign
3301-VKTGC,Male,0,Yes,Yes,68,Yes,Yes,Fiber optic,Yes,Yes,No,No,No,No,One year,Yes,Bank transfer (automatic),85.5,5696.6,No,5614,0.034246113,0,Low,0.0,Offer technical support assistance; Review pricing and provide personalized offer; Offer fiber service support or loyalty benefit,Maintain regular engagement; Technical support promotion; Personalized pricing review; Fiber service experience review; Loyalty and long-term customer engagement,Low,Customer Loyalty Campaign
2877-VDUER,Female,0,Yes,Yes,35,No,No phone service,DSL,No,No,No,Yes,Yes,No,One year,No,Mailed check,40.9,1383.6,No,5601,0.03533964,0,Low,1.0,Promote online security service; Offer online backup package,Maintain regular engagement; Online security package promotion; Early intervention and retention campaign,Low,Customer Loyalty Campaign
7717-BICXI,Male,0,Yes,Yes,60,Yes,No,No,No internet service,No internet service,No internet service,No internet service,No internet service,No internet service,Two year,No,Mailed check,20.55,1205.05,No,2466,0.0023922487,0,Low,1.0,Continue regular customer engagement,Maintain regular engagement; Early intervention and retention campaign,Low,Customer Loyalty Campaign
0562-FGDCR,Female,0,Yes,Yes,72,Yes,Yes,DSL,Yes,Yes,No,Yes,Yes,No,Two year,No,Mailed check,74.55,5430.65,No,4914,0.0027666867,0,Low,0.0,Continue regular customer engagement,Maintain regular engagement; Loyalty and long-term customer engagement,Low,Customer Loyalty Campaign
3705-PSNGL,Male,0,No,No,45,Yes,No,No,No internet service,No internet service,No internet service,No internet service,No internet service,No internet service,One year,Yes,Electronic check,20.4,930.45,Yes,5086,0.0064022406,0,Low,1.0,Continue regular customer engagement,Maintain regular engagement; Early intervention and retention campaign,Low,Customer Loyalty Campaign
0048-LUMLS,Male,0,Yes,Yes,37,Yes,No,Fiber optic,No,No,No,No,Yes,Yes,One year,No,Credit card (automatic),91.2,3247.55,No,888,0.19324492,0,Low,0.0,Offer technical support assistance; Promote online security service; Offer online backup package; Review pricing and provide personalized offer; Offer fiber service support or loyalty benefit,Maintain regular engagement; Technical support promotion; Online security package promotion; Personalized pricing review; Fiber service experience review; Loyalty and long-term customer engagement,Low,Customer Loyalty Campaign
6497-TILVL,Female,0,Yes,Yes,7,Yes,No,DSL,Yes,No,No,No,No,No,Month-to-month,No,Mailed check,50.7,350.35,No,123,0.11261734,0,Low,1.0,Offer annual or long-term contract incentive; Offer technical support assistance; Offer online backup package,Maintain regular engagement; Long-term contract conversion offer; Technical support promotion; Early intervention and retention campaign,Low,Contract Upgrade Campaign
2108-YKQTY,Female,0,No,No,4,Yes,No,DSL,No,Yes,No,No,No,No,Month-to-month,No,Credit card (automatic),50.7,151.3,Yes,3408,0.2211523,0,Low,1.0,Offer annual or long-term contract incentive; Offer technical support assistance; Promote online security service; Provide early-stage customer engagement,Maintain regular engagement; Early customer onboarding support; Long-term contract conversion offer; Technical support promotion; Online security package promotion; Early intervention and retention campaign,Low,Contract Upgrade Campaign
3658-KIBGF,Female,0,No,No,1,Yes,No,DSL,Yes,Yes,No,No,No,No,Month-to-month,Yes,Electronic check,54.9,54.9,Yes,3362,0.6486394,1,Medium,1.0,Offer annual or long-term contract incentive; Offer technical support assistance; Provide early-stage customer engagement,Proactive retention communication; Early customer onboarding support; Long-term contract conversion offer; Technical support promotion; Early intervention and retention campaign,Medium,Contract Upgrade Campaign
5482-NUPNA,Female,0,No,No,4,Yes,No,DSL,Yes,Yes,No,Yes,No,No,Month-to-month,Yes,Mailed check,60.4,272.15,Yes,7011,0.14810644,0,Low,1.0,Offer annual or long-term contract incentive; Provide early-stage customer engagement,Maintain regular engagement; Early customer onboarding support; Long-term contract conversion offer; Early intervention and retention campaign,Low,Contract Upgrade Campaign
7410-KTVFV,Male,0,Yes,No,18,Yes,No,DSL,No,No,Yes,No,No,No,Month-to-month,Yes,Mailed check,49.55,878.35,Yes,3158,0.11115132,0,Low,1.0,Offer annual or long-term contract incentive; Offer technical support assistance; Promote online security service; Offer online backup package,Maintain regular engagement; Long-term contract conversion offer; Technical support promotion; Online security package promotion; Early intervention and retention campaign,Low,Contract Upgrade Campaign
9033-EOXWV,Female,0,No,No,12,Yes,Yes,DSL,No,No,No,Yes,Yes,Yes,One year,No,Mailed check,74.05,872.65,Yes,5968,0.08349708,0,Low,1.0,Promote online security service; Offer online backup package,Maintain regular engagement; Online security package promotion; Early intervention and retention campaign,Low,Customer Loyalty Campaign
8821-XNHVZ,Female,0,Yes,Yes,1,Yes,No,Fiber optic,No,No,No,No,Yes,No,Month-to-month,Yes,Mailed check,80.05,80.05,Yes,5300,0.82245374,1,High,1.0,Priority retention outreach; Offer annual or long-term contract incentive; Offer technical support assistance; Promote online security service; Offer online backup package; Review pricing and provide personalized offer; Provide early-stage customer engagement; Offer fiber service support or loyalty benefit,Immediate retention outreach; Early customer onboarding support; Long-term contract conversion offer; Technical support promotion; Online security package promotion; Personalized pricing review; Fiber service experience review; Early intervention and retention campaign,Critical,Immediate Personal Outreach
8224-KDLKN,Male,0,Yes,Yes,72,Yes,Yes,No,No internet service,No internet service,No internet service,No internet service,No internet service,No internet service,Two year,No,Bank transfer (automatic),25.0,1738.9,No,4761,0.0013233848,0,Low,1.0,Continue regular customer engagement,Maintain regular engagement; Early intervention and retention campaign,Low,Customer Loyalty Campaign
4825-FUREZ,Male,0,Yes,No,42,Yes,No,No,No internet service,No internet service,No internet service,No internet service,No internet service,No internet service,Two year,No,Electronic check,20.25,835.5,No,4441,0.006482076,0,Low,1.0,Continue regular customer engagement,Maintain regular engagement; Early intervention and retention campaign,Low,Customer Loyalty Campaign
7534-BFESC,Male,1,No,No,24,Yes,Yes,Fiber optic,No,No,No,No,No,No,Month-to-month,Yes,Electronic check,76.1,1712.7,Yes,290,0.7351165,1,High,1.0,Priority retention outreach; Offer annual or long-term contract incentive; Offer technical support assistance; Promote online security service; Offer online backup package; Offer fiber service support or loyalty benefit,Immediate retention outreach; Long-term contract conversion offer; Technical support promotion; Online security package promotion; Fiber service experience review; Early intervention and retention campaign,High,Retention Offer Campaign
9138-EFSMO,Male,0,Yes,Yes,26,Yes,No,Fiber optic,No,No,No,No,No,Yes,One year,No,Bank transfer (automatic),78.95,2034.25,No,4120,0.11485431,0,Low,1.0,Offer technical support assistance; Promote online security service; Offer online backup package; Offer fiber service support or loyalty benefit,Maintain regular engagement; Technical support promotion; Online security package promotion; Fiber service experience review; Early intervention and retention campaign,Low,Customer Loyalty Campaign
4227-OJHAL,Female,0,Yes,Yes,68,Yes,Yes,DSL,Yes,Yes,Yes,No,Yes,No,One year,Yes,Credit card (automatic),73.0,5163.0,No,3704,0.053966306,0,Low,0.0,Offer technical support assistance,Maintain regular engagement; Technical support promotion; Loyalty and long-term customer engagement,Low,Customer Loyalty Campaign
7279-NMVJC,Female,0,No,No,17,Yes,No,No,No internet service,No internet service,No internet service,No internet service,No internet service,No internet service,One year,No,Bank transfer (automatic),19.9,323.15,No,1718,0.12664191,0,Low,1.0,Continue regular customer engagement,Maintain regular engagement; Early intervention and retention campaign,Low,Customer Loyalty Campaign
8591-TKMZH,Male,0,Yes,Yes,59,Yes,Yes,Fiber optic,Yes,Yes,No,Yes,Yes,Yes,Two year,Yes,Mailed check,111.1,6555.2,No,5202,0.014933302,0,Low,0.0,Review pricing and provide personalized offer; Offer fiber service support or loyalty benefit,Maintain regular engagement; Personalized pricing review; Fiber service experience review; Loyalty and long-term customer engagement,Low,Customer Loyalty Campaign
9283-LZQOH,Male,0,Yes,Yes,13,Yes,Yes,Fiber optic,No,No,No,No,No,No,Month-to-month,Yes,Credit card (automatic),74.4,896.75,Yes,1472,0.40653464,0,Medium,1.0,Offer annual or long-term contract incentive; Offer technical support assistance; Promote online security service; Offer online backup package; Offer fiber service support or loyalty benefit,Proactive retention communication; Long-term contract conversion offer; Technical support promotion; Online security package promotion; Fiber service experience review; Early intervention and retention campaign,Medium,Contract Upgrade Campaign
3594-IVHJZ,Female,0,No,No,2,Yes,No,No,No internet service,No internet service,No internet service,No internet service,No internet service,No internet service,Month-to-month,Yes,Mailed check,20.45,42.45,No,3217,0.08810584,0,Low,1.0,Offer annual or long-term contract incentive; Provide early-stage customer engagement,Maintain regular engagement; Early customer onboarding support; Long-term contract conversion offer; Early intervention and retention campaign,Low,Contract Upgrade Campaign
1945-XISKS,Female,0,Yes,No,67,Yes,No,No,No internet service,No internet service,No internet service,No internet service,No internet service,No internet service,Two year,No,Mailed check,19.65,1335.2,No,4530,0.00592902,0,Low,1.0,Continue regular customer engagement,Maintain regular engagement; Early intervention and retention campaign,Low,Customer Loyalty Campaign
4359-INNWN,Female,0,No,No,17,Yes,No,No,No internet service,No internet service,No internet service,No internet service,No internet service,No internet service,One year,No,Credit card (automatic),20.05,337.9,No,3211,0.013020808,0,Low,1.0,Continue regular customer engagement,Maintain regular engagement; Early intervention and retention campaign,Low,Customer Loyalty Campaign
7649-SIJJF,Male,0,Yes,No,71,Yes,Yes,DSL,Yes,Yes,Yes,Yes,No,Yes,Two year,Yes,Mailed check,80.1,5585.4,No,1016,0.0032028302,0,Low,0.0,Review pricing and provide personalized offer,Maintain regular engagement; Personalized pricing review; Loyalty and long-term customer engagement,Low,Customer Loyalty Campaign
9254-RBFON,Female,0,Yes,Yes,17,Yes,No,Fiber optic,No,No,Yes,Yes,Yes,Yes,One year,No,Bank transfer (automatic),98.6,1704.95,Yes,1577,0.20407133,0,Low,1.0,Promote online security service; Offer online backup package; Review pricing and provide personalized offer; Offer fiber service support or loyalty benefit,Maintain regular engagement; Online security package promotion; Personalized pricing review; Fiber service experience review; Early intervention and retention campaign,Low,Customer Loyalty Campaign
0970-ETWGE,Male,0,No,No,1,Yes,No,Fiber optic,No,No,No,No,Yes,Yes,Month-to-month,Yes,Electronic check,89.55,89.55,Yes,642,0.9068545,1,High,1.0,Priority retention outreach; Offer annual or long-term contract incentive; Offer technical support assistance; Promote online security service; Offer online backup package; Review pricing and provide personalized offer; Provide early-stage customer engagement; Offer fiber service support or loyalty benefit,Immediate retention outreach; Early customer onboarding support; Long-term contract conversion offer; Technical support promotion; Online security package promotion; Personalized pricing review; Fiber service experience review; Early intervention and retention campaign,Critical,Immediate Personal Outreach
7762-ONLJY,Female,0,Yes,Yes,6,Yes,No,No,No internet service,No internet service,No internet service,No internet service,No internet service,No internet service,One year,No,Mailed check,19.7,94.45,No,4770,0.023675084,0,Low,1.0,Provide early-stage customer engagement,Maintain regular engagement; Early customer onboarding support; Early intervention and retention campaign,Low,New Customer Engagement Campaign
6710-HSJRD,Male,0,Yes,No,61,Yes,Yes,Fiber optic,No,Yes,Yes,Yes,Yes,Yes,Month-to-month,Yes,Electronic check,114.1,7132.15,No,3856,0.3053119,0,Low,0.0,Offer annual or long-term contract incentive; Promote online security service; Review pricing and provide personalized offer; Offer fiber service support or loyalty benefit,Maintain regular engagement; Long-term contract conversion offer; Online security package promotion; Personalized pricing review; Fiber service experience review; Loyalty and long-term customer engagement,Low,Contract Upgrade Campaign
8873-GLDMH,Female,0,No,No,6,Yes,Yes,Fiber optic,No,No,No,No,No,No,Month-to-month,Yes,Mailed check,73.85,401.3,No,6314,0.8211147,1,High,1.0,Priority retention outreach; Offer annual or long-term contract incentive; Offer technical support assistance; Promote online security service; Offer online backup package; Provide early-stage customer engagement; Offer fiber service support or loyalty benefit,Immediate retention outreach; Early customer onboarding support; Long-term contract conversion offer; Technical support promotion; Online security package promotion; Fiber service experience review; Early intervention and retention campaign,Critical,Immediate Personal Outreach
9907-SWKKF,Female,1,No,No,1,No,No phone service,DSL,No,No,No,No,No,No,Month-to-month,No,Mailed check,25.05,25.05,Yes,3185,0.82087696,1,High,1.0,Priority retention outreach; Offer annual or long-term contract incentive; Offer technical support assistance; Promote online security service; Offer online backup package; Provide early-stage customer engagement,Immediate retention outreach; Early customer onboarding support; Long-term contract conversion offer; Technical support promotion; Online security package promotion; Early intervention and retention campaign,Critical,Immediate Personal Outreach
4658-HCOHW,Female,0,Yes,Yes,21,Yes,No,Fiber optic,No,Yes,Yes,Yes,Yes,Yes,Month-to-month,Yes,Electronic check,102.8,2110.15,Yes,4594,0.51411796,1,Medium,1.0,Offer annual or long-term contract incentive; Promote online security service; Review pricing and provide personalized offer; Offer fiber service support or loyalty benefit,Proactive retention communication; Long-term contract conversion offer; Online security package promotion; Personalized pricing review; Fiber service experience review; Early intervention and retention campaign,Medium,Contract Upgrade Campaign
9330-VOFSZ,Female,0,Yes,No,60,Yes,Yes,Fiber optic,No,Yes,Yes,Yes,Yes,Yes,Two year,Yes,Credit card (automatic),110.8,6640.7,No,6478,0.03247041,0,Low,0.0,Promote online security service; Review pricing and provide personalized offer; Offer fiber service support or loyalty benefit,Maintain regular engagement; Online security package promotion; Personalized pricing review; Fiber service experience review; Loyalty and long-term customer engagement,Low,Customer Loyalty Campaign
2860-RANUS,Female,1,No,No,20,Yes,Yes,Fiber optic,No,No,No,No,No,Yes,Month-to-month,Yes,Credit card (automatic),85.8,1727.5,Yes,3975,0.70077527,1,High,1.0,Priority retention outreach; Offer annual or long-term contract incentive; Offer technical support assistance; Promote online security service; Offer online backup package; Review pricing and provide personalized offer; Offer fiber service support or loyalty benefit,Immediate retention outreach; Long-term contract conversion offer; Technical support promotion; Online security package promotion; Personalized pricing review; Fiber service experience review; Early intervention and retention campaign,High,Retention Offer Campaign
6234-PFPXL,Male,0,Yes,No,22,Yes,Yes,Fiber optic,Yes,No,No,Yes,Yes,No,Month-to-month,No,Credit card (automatic),95.9,2234.95,No,1461,0.26136738,0,Low,1.0,Offer annual or long-term contract incentive; Offer online backup package; Review pricing and provide personalized offer; Offer fiber service support or loyalty benefit,Maintain regular engagement; Long-term contract conversion offer; Personalized pricing review; Fiber service experience review; Early intervention and retention campaign,Low,Contract Upgrade Campaign
7205-BAIAD,Female,0,No,No,40,Yes,No,No,No internet service,No internet service,No internet service,No internet service,No internet service,No internet service,Two year,Yes,Bank transfer (automatic),20.6,827.3,No,2268,0.004466357,0,Low,1.0,Continue regular customer engagement,Maintain regular engagement; Early intervention and retention campaign,Low,Customer Loyalty Campaign
3858-VOBET,Male,0,No,No,23,Yes,Yes,Fiber optic,No,No,No,No,No,No,Month-to-month,Yes,Electronic check,74.95,1710.45,Yes,1999,0.75180495,1,High,1.0,Priority retention outreach; Offer annual or long-term contract incentive; Offer technical support assistance; Promote online security service; Offer online backup package; Offer fiber service support or loyalty benefit,Immediate retention outreach; Long-term contract conversion offer; Technical support promotion; Online security package promotion; Fiber service experience review; Early intervention and retention campaign,High,Retention Offer Campaign
5103-MHMHY,Female,0,No,Yes,1,Yes,No,DSL,No,No,No,No,No,No,Month-to-month,No,Mailed check,45.95,45.95,Yes,2361,0.6397303,1,Medium,1.0,Offer annual or long-term contract incentive; Offer technical support assistance; Promote online security service; Offer online backup package; Provide early-stage customer engagement,Proactive retention communication; Early customer onboarding support; Long-term contract conversion offer; Technical support promotion; Online security package promotion; Early intervention and retention campaign,Medium,Contract Upgrade Campaign
6119-SPUDB,Male,0,No,No,46,No,No phone service,DSL,Yes,No,Yes,Yes,No,No,Two year,No,Mailed check,38.25,1755.35,No,4728,0.0066625914,0,Low,1.0,Offer online backup package,Maintain regular engagement; Early intervention and retention campaign,Low,Customer Loyalty Campaign
9389-ACWBI,Female,0,Yes,Yes,5,Yes,No,Fiber optic,No,No,No,No,No,No,Month-to-month,No,Credit card (automatic),69.95,320.4,No,6481,0.43710178,0,Medium,1.0,Offer annual or long-term contract incentive; Offer technical support assistance; Promote online security service; Offer online backup package; Provide early-stage customer engagement; Offer fiber service support or loyalty benefit,Proactive retention communication; Early customer onboarding support; Long-term contract conversion offer; Technical support promotion; Online security package promotion; Fiber service experience review; Early intervention and retention campaign,Medium,Contract Upgrade Campaign
3454-JFUBC,Male,1,No,No,68,Yes,No,No,No internet service,No internet service,No internet service,No internet service,No internet service,No internet service,Two year,Yes,Credit card (automatic),20.0,1396.0,No,6942,0.004247718,0,Low,1.0,Continue regular customer engagement,Maintain regular engagement; Early intervention and retention campaign,Low,Customer Loyalty Campaign
1768-ZAIFU,Female,1,No,No,1,No,No phone service,DSL,No,No,No,No,No,No,Month-to-month,Yes,Electronic check,25.2,25.2,Yes,1334,0.90798074,1,High,1.0,Priority retention outreach; Offer annual or long-term contract incentive; Offer technical support assistance; Promote online security service; Offer online backup package; Provide early-stage customer engagement,Immediate retention outreach; Early customer onboarding support; Long-term contract conversion offer; Technical support promotion; Online security package promotion; Early intervention and retention campaign,Critical,Immediate Personal Outreach
7017-VFULY,Female,0,Yes,No,2,Yes,No,No,No internet service,No internet service,No internet service,No internet service,No internet service,No internet service,Month-to-month,No,Bank transfer (automatic),20.1,43.15,No,5150,0.23378453,0,Low,1.0,Offer annual or long-term contract incentive; Provide early-stage customer engagement,Maintain regular engagement; Early customer onboarding support; Long-term contract conversion offer; Early intervention and retention campaign,Low,Contract Upgrade Campaign
9221-OTIVJ,Female,1,No,No,14,Yes,Yes,Fiber optic,No,Yes,Yes,No,Yes,Yes,Month-to-month,Yes,Electronic check,104.85,1531.4,Yes,2448,0.86406523,1,High,1.0,Priority retention outreach; Offer annual or long-term contract incentive; Offer technical support assistance; Promote online security service; Review pricing and provide personalized offer; Offer fiber service support or loyalty benefit,Immediate retention outreach; Long-term contract conversion offer; Technical support promotion; Online security package promotion; Personalized pricing review; Fiber service experience review; Early intervention and retention campaign,Critical,Immediate Personal Outreach
2482-CZGBB,Male,0,No,No,10,Yes,No,Fiber optic,No,No,No,No,No,No,Month-to-month,Yes,Electronic check,70.0,740.0,Yes,2231,0.78078145,1,High,1.0,Priority retention outreach; Offer annual or long-term contract incentive; Offer technical support assistance; Promote online security service; Offer online backup package; Offer fiber service support or loyalty benefit,Immediate retention outreach; Long-term contract conversion offer; Technical support promotion; Online security package promotion; Fiber service experience review; Early intervention and retention campaign,High,Retention Offer Campaign
7018-WBJNK,Male,0,No,Yes,13,Yes,No,Fiber optic,No,No,No,No,Yes,No,Month-to-month,Yes,Credit card (automatic),78.3,1033.95,No,203,0.3899402,0,Low,1.0,Offer annual or long-term contract incentive; Offer technical support assistance; Promote online security service; Offer online backup package; Offer fiber service support or loyalty benefit,Maintain regular engagement; Long-term contract conversion offer; Technical support promotion; Online security package promotion; Fiber service experience review; Early intervention and retention campaign,Low,Contract Upgrade Campaign
3331-HQDTW,Female,0,No,No,34,Yes,Yes,Fiber optic,Yes,Yes,Yes,No,Yes,Yes,Month-to-month,Yes,Mailed check,109.8,3587.25,Yes,1644,0.23281361,0,Low,0.0,Offer annual or long-term contract incentive; Offer technical support assistance; Review pricing and provide personalized offer; Offer fiber service support or loyalty benefit,Maintain regular engagement; Long-term contract conversion offer; Technical support promotion; Personalized pricing review; Fiber service experience review; Loyalty and long-term customer engagement,Low,Contract Upgrade Campaign
4695-VADHF,Male,0,Yes,Yes,18,Yes,No,DSL,No,No,Yes,No,No,Yes,Month-to-month,No,Electronic check,57.45,990.85,Yes,1014,0.19686735,0,Low,1.0,Offer annual or long-term contract incentive; Offer technical support assistance; Promote online security service; Offer online backup package,Maintain regular engagement; Long-term contract conversion offer; Technical support promotion; Online security package promotion; Early intervention and retention campaign,Low,Contract Upgrade Campaign
4086-WITJG,Male,0,Yes,Yes,71,Yes,No,No,No internet service,No internet service,No internet service,No internet service,No internet service,No internet service,Two year,No,Credit card (automatic),19.7,1301.1,No,6614,0.0008854251,0,Low,1.0,Continue regular customer engagement,Maintain regular engagement; Early intervention and retention campaign,Low,Customer Loyalty Campaign
6297-NOOPG,Female,0,Yes,No,70,Yes,Yes,Fiber optic,No,Yes,Yes,Yes,Yes,Yes,Two year,Yes,Electronic check,110.5,7752.05,No,5710,0.13356614,0,Low,0.0,Promote online security service; Review pricing and provide personalized offer; Offer fiber service support or loyalty benefit,Maintain regular engagement; Online security package promotion; Personalized pricing review; Fiber service experience review; Loyalty and long-term customer engagement,Low,Customer Loyalty Campaign
8777-PVYGU,Female,0,Yes,No,52,Yes,No,DSL,Yes,No,Yes,No,Yes,No,One year,Yes,Mailed check,64.3,3410.6,No,1153,0.011617855,0,Low,0.0,Offer technical support assistance; Offer online backup package,Maintain regular engagement; Technical support promotion; Loyalty and long-term customer engagement,Low,Customer Loyalty Campaign
4378-MYPGO,Male,0,Yes,Yes,68,Yes,No,Fiber optic,Yes,Yes,Yes,No,Yes,Yes,Two year,Yes,Bank transfer (automatic),105.25,7173.15,No,6332,0.051550366,0,Low,0.0,Offer technical support assistance; Review pricing and provide personalized offer; Offer fiber service support or loyalty benefit,Maintain regular engagement; Technical support promotion; Personalized pricing review; Fiber service experience review; Loyalty and long-term customer engagement,Low,Customer Loyalty Campaign
9313-CDOGY,Male,0,Yes,Yes,38,Yes,No,No,No internet service,No internet service,No internet service,No internet service,No internet service,No internet service,Month-to-month,No,Electronic check,19.6,717.3,No,3604,0.05753453,0,Low,1.0,Offer annual or long-term contract incentive,Maintain regular engagement; Long-term contract conversion offer; Early intervention and retention campaign,Low,Contract Upgrade Campaign
4121-AGSIN,Female,0,Yes,Yes,58,Yes,Yes,No,No internet service,No internet service,No internet service,No internet service,No internet service,No internet service,One year,Yes,Credit card (automatic),24.5,1497.9,No,1076,0.01844905,0,Low,1.0,Continue regular customer engagement,Maintain regular engagement; Early intervention and retention campaign,Low,Customer Loyalty Campaign
0432-CAJZV,Male,0,No,No,3,Yes,No,Fiber optic,No,No,No,No,Yes,Yes,Month-to-month,No,Mailed check,90.7,237.65,No,3978,0.46499756,0,Medium,1.0,Offer annual or long-term contract incentive; Offer technical support assistance; Promote online security service; Offer online backup package; Review pricing and provide personalized offer; Provide early-stage customer engagement; Offer fiber service support or loyalty benefit,Proactive retention communication; Early customer onboarding support; Long-term contract conversion offer; Technical support promotion; Online security package promotion; Personalized pricing review; Fiber service experience review; Early intervention and retention campaign,Medium,Contract Upgrade Campaign
9097-ZUBYC,Male,0,Yes,No,14,Yes,No,DSL,No,No,No,Yes,No,No,Month-to-month,No,Bank transfer (automatic),48.8,664.4,No,3166,0.21061233,0,Low,1.0,Offer annual or long-term contract incentive; Promote online security service; Offer online backup package,Maintain regular engagement; Long-term contract conversion offer; Online security package promotion; Early intervention and retention campaign,Low,Contract Upgrade Campaign
9638-JIQYA,Male,0,No,No,2,No,No phone service,DSL,No,No,No,No,No,No,Month-to-month,Yes,Credit card (automatic),24.9,49.7,No,6133,0.59269994,1,Medium,1.0,Offer annual or long-term contract incentive; Offer technical support assistance; Promote online security service; Offer online backup package; Provide early-stage customer engagement,Proactive retention communication; Early customer onboarding support; Long-term contract conversion offer; Technical support promotion; Online security package promotion; Early intervention and retention campaign,Medium,Contract Upgrade Campaign
1024-GUALD,Female,0,Yes,No,1,No,No phone service,DSL,No,No,No,No,No,No,Month-to-month,Yes,Electronic check,24.8,24.8,Yes,185,0.5918198,1,Medium,1.0,Offer annual or long-term contract incentive; Offer technical support assistance; Promote online security service; Offer online backup package; Provide early-stage customer engagement,Proactive retention communication; Early customer onboarding support; Long-term contract conversion offer; Technical support promotion; Online security package promotion; Early intervention and retention campaign,Medium,Contract Upgrade Campaign
8024-XNAFQ,Female,1,No,No,72,Yes,Yes,Fiber optic,Yes,Yes,Yes,Yes,No,Yes,Two year,Yes,Bank transfer (automatic),107.4,7748.75,No,4686,0.005809901,0,Low,0.0,Review pricing and provide personalized offer; Offer fiber service support or loyalty benefit,Maintain regular engagement; Personalized pricing review; Fiber service experience review; Loyalty and long-term customer engagement,Low,Customer Loyalty Campaign
7587-RZNME,Male,0,No,No,3,Yes,No,DSL,No,No,No,No,No,No,Month-to-month,Yes,Electronic check,43.3,123.65,Yes,3516,0.7665035,1,High,1.0,Priority retention outreach; Offer annual or long-term contract incentive; Offer technical support assistance; Promote online security service; Offer online backup package; Provide early-stage customer engagement,Immediate retention outreach; Early customer onboarding support; Long-term contract conversion offer; Technical support promotion; Online security package promotion; Early intervention and retention campaign,High,Retention Offer Campaign
1346-UFHAX,Female,0,No,No,13,Yes,Yes,Fiber optic,Yes,No,No,No,No,No,Month-to-month,Yes,Credit card (automatic),80.0,1029.35,No,1175,0.4850903,0,Medium,1.0,Offer annual or long-term contract incentive; Offer technical support assistance; Offer online backup package; Review pricing and provide personalized offer; Offer fiber service support or loyalty benefit,Proactive retention communication; Long-term contract conversion offer; Technical support promotion; Personalized pricing review; Fiber service experience review; Early intervention and retention campaign,Medium,Contract Upgrade Campaign
6374-NTQLP,Male,1,Yes,Yes,72,Yes,No,Fiber optic,Yes,No,Yes,Yes,Yes,Yes,Two year,Yes,Credit card (automatic),104.1,7447.7,No,1606,0.010514472,0,Low,0.0,Offer online backup package; Review pricing and provide personalized offer; Offer fiber service support or loyalty benefit,Maintain regular engagement; Personalized pricing review; Fiber service experience review; Loyalty and long-term customer engagement,Low,Customer Loyalty Campaign
6625-FLENO,Male,0,Yes,No,58,Yes,No,No,No internet service,No internet service,No internet service,No internet service,No internet service,No internet service,Two year,No,Mailed check,20.75,1185.95,No,1653,0.010730388,0,Low,1.0,Continue regular customer engagement,Maintain regular engagement; Early intervention and retention campaign,Low,Customer Loyalty Campaign
7375-WMVMT,Male,1,Yes,No,71,Yes,No,Fiber optic,No,Yes,Yes,Yes,No,Yes,Two year,Yes,Credit card (automatic),95.5,6707.15,No,2180,0.0064026774,0,Low,0.0,Promote online security service; Review pricing and provide personalized offer; Offer fiber service support or loyalty benefit,Maintain regular engagement; Online security package promotion; Personalized pricing review; Fiber service experience review; Loyalty and long-term customer engagement,Low,Customer Loyalty Campaign
6910-HADCM,Female,0,No,No,1,Yes,No,Fiber optic,No,No,Yes,No,No,No,Month-to-month,No,Electronic check,76.35,76.35,Yes,1807,0.9154596,1,High,1.0,Priority retention outreach; Offer annual or long-term contract incentive; Offer technical support assistance; Promote online security service; Offer online backup package; Provide early-stage customer engagement; Offer fiber service support or loyalty benefit,Immediate retention outreach; Early customer onboarding support; Long-term contract conversion offer; Technical support promotion; Online security package promotion; Fiber service experience review; Early intervention and retention campaign,Critical,Immediate Personal Outreach
7401-JIXNM,Female,0,Yes,Yes,54,Yes,Yes,DSL,Yes,Yes,Yes,Yes,Yes,Yes,Two year,No,Credit card (automatic),91.3,4965.0,No,2292,0.0071417177,0,Low,0.0,Review pricing and provide personalized offer,Maintain regular engagement; Personalized pricing review; Loyalty and long-term customer engagement,Low,Customer Loyalty Campaign
7338-ERIVA,Male,0,No,Yes,39,No,No phone service,DSL,Yes,No,No,Yes,Yes,No,One year,No,Bank transfer (automatic),45.05,1790.6,No,1560,0.0071827658,0,Low,1.0,Offer online backup package,Maintain regular engagement; Early intervention and retention campaign,Low,Customer Loyalty Campaign
5376-DEQCP,Female,0,No,No,1,Yes,No,Fiber optic,No,No,No,No,No,No,Month-to-month,Yes,Electronic check,70.6,70.6,Yes,5393,0.85287553,1,High,1.0,Priority retention outreach; Offer annual or long-term contract incentive; Offer technical support assistance; Promote online security service; Offer online backup package; Provide early-stage customer engagement; Offer fiber service support or loyalty benefit,Immediate retention outreach; Early customer onboarding support; Long-term contract conversion offer; Technical support promotion; Online security package promotion; Fiber service experience review; Early intervention and retention campaign,Critical,Immediate Personal Outreach
0909-SELIE,Male,0,Yes,No,61,Yes,Yes,DSL,Yes,Yes,Yes,Yes,No,Yes,Two year,Yes,Bank transfer (automatic),80.8,4860.85,No,6208,0.0067617176,0,Low,0.0,Review pricing and provide personalized offer,Maintain regular engagement; Personalized pricing review; Loyalty and long-term customer engagement,Low,Customer Loyalty Campaign
5419-KLXBN,Female,0,Yes,Yes,25,Yes,No,Fiber optic,No,Yes,Yes,No,Yes,No,Month-to-month,Yes,Bank transfer (automatic),89.15,2257.75,Yes,1987,0.5028334,1,Medium,1.0,Offer annual or long-term contract incentive; Offer technical support assistance; Promote online security service; Review pricing and provide personalized offer; Offer fiber service support or loyalty benefit,Proactive retention communication; Long-term contract conversion offer; Technical support promotion; Online security package promotion; Personalized pricing review; Fiber service experience review; Early intervention and retention campaign,Medium,Contract Upgrade Campaign
0365-TRTPY,Female,0,No,No,37,Yes,Yes,Fiber optic,Yes,Yes,Yes,No,No,No,Month-to-month,No,Bank transfer (automatic),91.2,3382.3,No,5205,0.13112426,0,Low,0.0,Offer annual or long-term contract incentive; Offer technical support assistance; Review pricing and provide personalized offer; Offer fiber service support or loyalty benefit,Maintain regular engagement; Long-term contract conversion offer; Technical support promotion; Personalized pricing review; Fiber service experience review; Loyalty and long-term customer engagement,Low,Contract Upgrade Campaign
6712-OAWRH,Female,1,No,No,26,Yes,No,Fiber optic,No,No,No,No,Yes,Yes,Month-to-month,Yes,Electronic check,91.25,2351.8,Yes,3792,0.66421115,1,Medium,1.0,Offer annual or long-term contract incentive; Offer technical support assistance; Promote online security service; Offer online backup package; Review pricing and provide personalized offer; Offer fiber service support or loyalty benefit,Proactive retention communication; Long-term contract conversion offer; Technical support promotion; Online security package promotion; Personalized pricing review; Fiber service experience review; Early intervention and retention campaign,Medium,Contract Upgrade Campaign
2428-ZMCTB,Male,0,No,No,10,Yes,No,No,No internet service,No internet service,No internet service,No internet service,No internet service,No internet service,Month-to-month,No,Credit card (automatic),19.75,208.25,No,4193,0.06096576,0,Low,1.0,Offer annual or long-term contract incentive,Maintain regular engagement; Long-term contract conversion offer; Early intervention and retention campaign,Low,Contract Upgrade Campaign
1963-VAUKV,Female,0,No,No,1,Yes,No,No,No internet service,No internet service,No internet service,No internet service,No internet service,No internet service,Month-to-month,No,Mailed check,20.4,20.4,Yes,6388,0.574577,1,Medium,1.0,Offer annual or long-term contract incentive; Provide early-stage customer engagement,Proactive retention communication; Early customer onboarding support; Long-term contract conversion offer; Early intervention and retention campaign,Medium,Contract Upgrade Campaign
9381-NDKME,Female,1,Yes,No,24,No,No phone service,DSL,No,No,Yes,No,No,Yes,Month-to-month,Yes,Credit card (automatic),40.65,933.3,Yes,5207,0.36357942,0,Low,1.0,Offer annual or long-term contract incentive; Offer technical support assistance; Promote online security service; Offer online backup package,Maintain regular engagement; Long-term contract conversion offer; Technical support promotion; Online security package promotion; Early intervention and retention campaign,Low,Contract Upgrade Campaign
3729-OWRVL,Male,1,No,No,65,Yes,Yes,Fiber optic,Yes,No,Yes,Yes,Yes,Yes,Two year,Yes,Electronic check,110.35,7246.15,No,675,0.5165327,1,Medium,0.0,Offer online backup package; Review pricing and provide personalized offer; Offer fiber service support or loyalty benefit,Proactive retention communication; Personalized pricing review; Fiber service experience review; Loyalty and long-term customer engagement,Medium,Customer Loyalty Campaign
0895-LMRSF,Male,0,No,No,23,Yes,No,DSL,No,No,No,No,Yes,Yes,One year,Yes,Bank transfer (automatic),64.9,1509.8,No,300,0.16395941,0,Low,1.0,Offer technical support assistance; Promote online security service; Offer online backup package,Maintain regular engagement; Technical support promotion; Online security package promotion; Early intervention and retention campaign,Low,Customer Loyalty Campaign
2676-SSLTO,Male,0,No,No,49,Yes,Yes,DSL,No,No,No,Yes,Yes,No,Two year,Yes,Bank transfer (automatic),66.15,3199.0,No,5093,0.006316842,0,Low,0.0,Promote online security service; Offer online backup package,Maintain regular engagement; Online security package promotion; Loyalty and long-term customer engagement,Low,Customer Loyalty Campaign
8495-PRWFH,Female,1,No,No,42,Yes,Yes,DSL,No,No,Yes,No,No,No,Month-to-month,No,Electronic check,55.65,2421.75,No,6191,0.25342494,0,Low,1.0,Offer annual or long-term contract incentive; Offer technical support assistance; Promote online security service; Offer online backup package,Maintain regular engagement; Long-term contract conversion offer; Technical support promotion; Online security package promotion; Early intervention and retention campaign,Low,Contract Upgrade Campaign
9030-QGZNL,Female,0,No,No,8,Yes,No,No,No internet service,No internet service,No internet service,No internet service,No internet service,No internet service,Two year,No,Mailed check,20.85,161.65,No,2259,0.011022939,0,Low,1.0,Continue regular customer engagement,Maintain regular engagement; Early intervention and retention campaign,Low,Customer Loyalty Campaign
9972-NKTFD,Female,0,No,No,28,Yes,No,DSL,No,Yes,No,Yes,No,No,Month-to-month,No,Bank transfer (automatic),54.65,1517.5,No,4802,0.05410801,0,Low,1.0,Offer annual or long-term contract incentive; Promote online security service,Maintain regular engagement; Long-term contract conversion offer; Online security package promotion; Early intervention and retention campaign,Low,Contract Upgrade Campaign
7998-WNZEM,Male,0,No,No,71,Yes,Yes,DSL,Yes,Yes,Yes,Yes,No,Yes,Two year,No,Bank transfer (automatic),80.6,5708.2,No,4231,0.0023843811,0,Low,0.0,Review pricing and provide personalized offer,Maintain regular engagement; Personalized pricing review; Loyalty and long-term customer engagement,Low,Customer Loyalty Campaign
0979-PHULV,Male,0,Yes,Yes,69,Yes,Yes,Fiber optic,No,No,Yes,No,Yes,Yes,Month-to-month,Yes,Credit card (automatic),99.45,7007.6,Yes,402,0.618363,1,Medium,0.0,Offer annual or long-term contract incentive; Offer technical support assistance; Promote online security service; Offer online backup package; Review pricing and provide personalized offer; Offer fiber service support or loyalty benefit,Proactive retention communication; Long-term contract conversion offer; Technical support promotion; Online security package promotion; Personalized pricing review; Fiber service experience review; Loyalty and long-term customer engagement,Medium,Contract Upgrade Campaign
6445-TNRXS,Male,0,Yes,Yes,68,Yes,Yes,Fiber optic,Yes,Yes,Yes,Yes,Yes,Yes,Two year,Yes,Bank transfer (automatic),114.7,7849.85,No,1036,0.12620327,0,Low,0.0,Review pricing and provide personalized offer; Offer fiber service support or loyalty benefit,Maintain regular engagement; Personalized pricing review; Fiber service experience review; Loyalty and long-term customer engagement,Low,Customer Loyalty Campaign
9586-JGQKH,Female,0,Yes,No,64,Yes,Yes,Fiber optic,No,Yes,No,Yes,Yes,Yes,Two year,Yes,Bank transfer (automatic),105.4,6794.75,No,7002,0.020002503,0,Low,0.0,Promote online security service; Review pricing and provide personalized offer; Offer fiber service support or loyalty benefit,Maintain regular engagement; Online security package promotion; Personalized pricing review; Fiber service experience review; Loyalty and long-term customer engagement,Low,Customer Loyalty Campaign
3966-HRMZA,Female,1,No,No,3,Yes,No,Fiber optic,No,No,Yes,No,No,No,Month-to-month,No,Mailed check,75.05,202.9,No,747,0.46134365,0,Medium,1.0,Offer annual or long-term contract incentive; Offer technical support assistance; Promote online security service; Offer online backup package; Provide early-stage customer engagement; Offer fiber service support or loyalty benefit,Proactive retention communication; Early customer onboarding support; Long-term contract conversion offer; Technical support promotion; Online security package promotion; Fiber service experience review; Early intervention and retention campaign,Medium,Contract Upgrade Campaign
5498-IBWPI,Female,0,Yes,Yes,66,Yes,No,DSL,No,No,No,Yes,No,No,One year,Yes,Credit card (automatic),49.4,3251.85,No,2373,0.027510185,0,Low,0.0,Promote online security service; Offer online backup package,Maintain regular engagement; Online security package promotion; Loyalty and long-term customer engagement,Low,Customer Loyalty Campaign
6823-SIDFQ,Male,0,No,No,28,Yes,No,No,No internet service,No internet service,No internet service,No internet service,No internet service,No internet service,One year,No,Credit card (automatic),18.25,534.7,No,3719,0.0016912998,0,Low,1.0,Continue regular customer engagement,Maintain regular engagement; Early intervention and retention campaign,Low,Customer Loyalty Campaign
2323-ARSVR,Male,0,Yes,No,67,Yes,No,Fiber optic,Yes,Yes,Yes,Yes,Yes,Yes,Two year,Yes,Electronic check,111.05,7321.05,No,2743,0.029859627,0,Low,0.0,Review pricing and provide personalized offer; Offer fiber service support or loyalty benefit,Maintain regular engagement; Personalized pricing review; Fiber service experience review; Loyalty and long-term customer engagement,Low,Customer Loyalty Campaign
5468-BPMMO,Male,0,Yes,No,46,Yes,No,No,No internet service,No internet service,No internet service,No internet service,No internet service,No internet service,Month-to-month,No,Electronic check,19.6,851.2,No,2755,0.09954994,0,Low,1.0,Offer annual or long-term contract incentive,Maintain regular engagement; Long-term contract conversion offer; Early intervention and retention campaign,Low,Contract Upgrade Campaign
0486-HECZI,Male,0,Yes,No,55,Yes,Yes,Fiber optic,Yes,Yes,No,No,Yes,No,Month-to-month,Yes,Electronic check,96.75,5238.9,Yes,110,0.42196968,0,Medium,0.0,Offer annual or long-term contract incentive; Offer technical support assistance; Review pricing and provide personalized offer; Offer fiber service support or loyalty benefit,Proactive retention communication; Long-term contract conversion offer; Technical support promotion; Personalized pricing review; Fiber service experience review; Loyalty and long-term customer engagement,Medium,Contract Upgrade Campaign
2178-PMGCJ,Male,0,No,No,22,Yes,No,Fiber optic,No,No,No,No,No,No,Month-to-month,Yes,Mailed check,69.7,1490.4,No,1801,0.36007616,0,Low,1.0,Offer annual or long-term contract incentive; Offer technical support assistance; Promote online security service; Offer online backup package; Offer fiber service support or loyalty benefit,Maintain regular engagement; Long-term contract conversion offer; Technical support promotion; Online security package promotion; Fiber service experience review; Early intervention and retention campaign,Low,Contract Upgrade Campaign
4660-IRIBM,Male,0,Yes,Yes,18,Yes,No,Fiber optic,Yes,No,Yes,No,Yes,No,Month-to-month,Yes,Mailed check,87.9,1500.5,No,1184,0.44302848,0,Medium,1.0,Offer annual or long-term contract incentive; Offer technical support assistance; Offer online backup package; Review pricing and provide personalized offer; Offer fiber service support or loyalty benefit,Proactive retention communication; Long-term contract conversion offer; Technical support promotion; Personalized pricing review; Fiber service experience review; Early intervention and retention campaign,Medium,Contract Upgrade Campaign
9674-EHPPG,Male,0,Yes,No,46,No,No phone service,DSL,Yes,No,Yes,Yes,No,No,Two year,No,Credit card (automatic),40.4,1842.7,No,2681,0.019933498,0,Low,1.0,Offer online backup package,Maintain regular engagement; Early intervention and retention campaign,Low,Customer Loyalty Campaign
5606-AMZBO,Female,0,Yes,No,10,Yes,Yes,Fiber optic,Yes,No,No,No,No,No,Month-to-month,Yes,Credit card (automatic),78.15,765.15,No,4079,0.70337903,1,High,1.0,Priority retention outreach; Offer annual or long-term contract incentive; Offer technical support assistance; Offer online backup package; Offer fiber service support or loyalty benefit,Immediate retention outreach; Long-term contract conversion offer; Technical support promotion; Fiber service experience review; Early intervention and retention campaign,High,Retention Offer Campaign
0665-XHDJU,Male,0,Yes,No,72,Yes,Yes,Fiber optic,No,Yes,No,No,Yes,Yes,Two year,Yes,Electronic check,99.4,7285.7,No,6239,0.1075513,0,Low,0.0,Offer technical support assistance; Promote online security service; Review pricing and provide personalized offer; Offer fiber service support or loyalty benefit,Maintain regular engagement; Technical support promotion; Online security package promotion; Personalized pricing review; Fiber service experience review; Loyalty and long-term customer engagement,Low,Customer Loyalty Campaign
5402-HTOTQ,Male,0,No,No,16,Yes,Yes,DSL,No,Yes,No,No,No,No,Month-to-month,No,Electronic check,55.3,875.35,No,3236,0.31177035,0,Low,1.0,Offer annual or long-term contract incentive; Offer technical support assistance; Promote online security service,Maintain regular engagement; Long-term contract conversion offer; Technical support promotion; Online security package promotion; Early intervention and retention campaign,Low,Contract Upgrade Campaign
8258-GSTJK,Male,1,No,No,3,Yes,Yes,Fiber optic,No,No,No,No,No,No,Month-to-month,Yes,Electronic check,77.0,237.75,Yes,5098,0.9154381,1,High,1.0,Priority retention outreach; Offer annual or long-term contract incentive; Offer technical support assistance; Promote online security service; Offer online backup package; Provide early-stage customer engagement; Offer fiber service support or loyalty benefit,Immediate retention outreach; Early customer onboarding support; Long-term contract conversion offer; Technical support promotion; Online security package promotion; Fiber service experience review; Early intervention and retention campaign,Critical,Immediate Personal Outreach
3787-TRIAL,Male,0,Yes,Yes,21,No,No phone service,DSL,No,No,No,No,No,No,Month-to-month,Yes,Electronic check,26.05,565.75,No,2383,0.35510728,0,Low,1.0,Offer annual or long-term contract incentive; Offer technical support assistance; Promote online security service; Offer online backup package,Maintain regular engagement; Long-term contract conversion offer; Technical support promotion; Online security package promotion; Early intervention and retention campaign,Low,Contract Upgrade Campaign
6175-IRFIT,Male,0,No,No,5,Yes,No,Fiber optic,No,No,No,No,No,Yes,Month-to-month,No,Mailed check,78.75,426.35,No,4782,0.6010637,1,Medium,1.0,Offer annual or long-term contract incentive; Offer technical support assistance; Promote online security service; Offer online backup package; Provide early-stage customer engagement; Offer fiber service support or loyalty benefit,Proactive retention communication; Early customer onboarding support; Long-term contract conversion offer; Technical support promotion; Online security package promotion; Fiber service experience review; Early intervention and retention campaign,Medium,Contract Upgrade Campaign
6317-YPKDH,Female,0,No,No,1,No,No phone service,DSL,No,Yes,No,No,No,No,Month-to-month,No,Bank transfer (automatic),29.95,29.95,Yes,180,0.3196937,0,Low,1.0,Offer annual or long-term contract incentive; Offer technical support assistance; Promote online security service; Provide early-stage customer engagement,Maintain regular engagement; Early customer onboarding support; Long-term contract conversion offer; Technical support promotion; Online security package promotion; Early intervention and retention campaign,Low,Contract Upgrade Campaign
5692-FPTAH,Female,0,No,No,1,Yes,No,DSL,No,No,No,No,No,No,Month-to-month,Yes,Mailed check,45.4,45.4,Yes,3044,0.6401477,1,Medium,1.0,Offer annual or long-term contract incentive; Offer technical support assistance; Promote online security service; Offer online backup package; Provide early-stage customer engagement,Proactive retention communication; Early customer onboarding support; Long-term contract conversion offer; Technical support promotion; Online security package promotion; Early intervention and retention campaign,Medium,Contract Upgrade Campaign
5373-SFODM,Male,1,Yes,No,36,Yes,Yes,Fiber optic,No,No,No,No,No,Yes,Month-to-month,Yes,Credit card (automatic),85.25,3132.75,Yes,2521,0.6292563,1,Medium,0.0,Offer annual or long-term contract incentive; Offer technical support assistance; Promote online security service; Offer online backup package; Review pricing and provide personalized offer; Offer fiber service support or loyalty benefit,Proactive retention communication; Long-term contract conversion offer; Technical support promotion; Online security package promotion; Personalized pricing review; Fiber service experience review; Loyalty and long-term customer engagement,Medium,Contract Upgrade Campaign
0868-VJRDR,Male,0,Yes,No,64,Yes,No,Fiber optic,Yes,Yes,No,Yes,Yes,Yes,Two year,Yes,Credit card (automatic),104.05,6605.55,No,4855,0.025596753,0,Low,0.0,Review pricing and provide personalized offer; Offer fiber service support or loyalty benefit,Maintain regular engagement; Personalized pricing review; Fiber service experience review; Loyalty and long-term customer engagement,Low,Customer Loyalty Campaign
4079-VTGLK,Male,1,Yes,No,30,Yes,Yes,DSL,No,No,Yes,No,Yes,Yes,Two year,No,Electronic check,74.85,2181.75,No,2143,0.030695077,0,Low,1.0,Offer technical support assistance; Promote online security service; Offer online backup package,Maintain regular engagement; Technical support promotion; Online security package promotion; Early intervention and retention campaign,Low,Customer Loyalty Campaign
1166-PQLGG,Female,0,Yes,Yes,72,Yes,No,No,No internet service,No internet service,No internet service,No internet service,No internet service,No internet service,Two year,No,Bank transfer (automatic),19.55,1463.45,No,4201,0.0017503508,0,Low,1.0,Continue regular customer engagement,Maintain regular engagement; Early intervention and retention campaign,Low,Customer Loyalty Campaign
5296-BFCYD,Male,0,Yes,Yes,46,Yes,No,No,No internet service,No internet service,No internet service,No internet service,No internet service,No internet service,Two year,Yes,Mailed check,20.1,936.85,No,1855,0.0073149903,0,Low,1.0,Continue regular customer engagement,Maintain regular engagement; Early intervention and retention campaign,Low,Customer Loyalty Campaign
6568-POCUI,Female,0,Yes,No,45,Yes,No,Fiber optic,No,No,No,Yes,Yes,Yes,Two year,Yes,Credit card (automatic),95.2,4285.8,No,3182,0.018036835,0,Low,0.0,Promote online security service; Offer online backup package; Review pricing and provide personalized offer; Offer fiber service support or loyalty benefit,Maintain regular engagement; Online security package promotion; Personalized pricing review; Fiber service experience review; Loyalty and long-term customer engagement,Low,Customer Loyalty Campaign
2839-RFSQE,Female,0,No,No,2,Yes,No,No,No internet service,No internet service,No internet service,No internet service,No internet service,No internet service,Month-to-month,No,Mailed check,20.65,38.7,Yes,3721,0.1465646,0,Low,1.0,Offer annual or long-term contract incentive; Provide early-stage customer engagement,Maintain regular engagement; Early customer onboarding support; Long-term contract conversion offer; Early intervention and retention campaign,Low,Contract Upgrade Campaign
2188-SXWVT,Female,0,No,No,34,Yes,No,DSL,Yes,Yes,No,No,No,No,One year,No,Mailed check,55.0,1885.15,No,6571,0.018726699,0,Low,1.0,Offer technical support assistance,Maintain regular engagement; Technical support promotion; Early intervention and retention campaign,Low,Customer Loyalty Campaign
8849-GYOKR,Female,0,Yes,No,54,Yes,Yes,Fiber optic,Yes,Yes,No,No,Yes,Yes,One year,No,Bank transfer (automatic),106.55,5763.3,Yes,3240,0.21597037,0,Low,0.0,Offer technical support assistance; Review pricing and provide personalized offer; Offer fiber service support or loyalty benefit,Maintain regular engagement; Technical support promotion; Personalized pricing review; Fiber service experience review; Loyalty and long-term customer engagement,Low,Customer Loyalty Campaign
3623-FQBOX,Male,0,No,No,21,Yes,No,No,No internet service,No internet service,No internet service,No internet service,No internet service,No internet service,Month-to-month,Yes,Mailed check,19.95,416.4,No,3359,0.0852888,0,Low,1.0,Offer annual or long-term contract incentive,Maintain regular engagement; Long-term contract conversion offer; Early intervention and retention campaign,Low,Contract Upgrade Campaign
2649-HWLYB,Male,0,Yes,No,65,Yes,Yes,DSL,Yes,No,Yes,Yes,No,Yes,Two year,No,Bank transfer (automatic),76.15,4929.55,No,4152,0.075486444,0,Low,0.0,Offer online backup package,Maintain regular engagement; Loyalty and long-term customer engagement,Low,Customer Loyalty Campaign
0599-XNYDO,Female,0,Yes,No,20,Yes,No,Fiber optic,No,No,No,No,No,No,Month-to-month,Yes,Bank transfer (automatic),69.8,1540.35,No,4571,0.53643876,1,Medium,1.0,Offer annual or long-term contract incentive; Offer technical support assistance; Promote online security service; Offer online backup package; Offer fiber service support or loyalty benefit,Proactive retention communication; Long-term contract conversion offer; Technical support promotion; Online security package promotion; Fiber service experience review; Early intervention and retention campaign,Medium,Contract Upgrade Campaign
2514-GINMM,Male,0,No,No,1,Yes,No,Fiber optic,No,No,No,No,Yes,No,Month-to-month,Yes,Electronic check,79.5,79.5,Yes,2194,0.96446735,1,High,1.0,Priority retention outreach; Offer annual or long-term contract incentive; Offer technical support assistance; Promote online security service; Offer online backup package; Provide early-stage customer engagement; Offer fiber service support or loyalty benefit,Immediate retention outreach; Early customer onboarding support; Long-term contract conversion offer; Technical support promotion; Online security package promotion; Fiber service experience review; Early intervention and retention campaign,Critical,Immediate Personal Outreach
8401-EMUWF,Male,0,Yes,Yes,42,Yes,Yes,DSL,Yes,Yes,No,No,Yes,No,Month-to-month,Yes,Bank transfer (automatic),69.4,3058.3,No,1792,0.03787021,0,Low,0.0,Offer annual or long-term contract incentive; Offer technical support assistance,Maintain regular engagement; Long-term contract conversion offer; Technical support promotion; Loyalty and long-term customer engagement,Low,Contract Upgrade Campaign
5766-ZJYBB,Male,0,No,No,1,Yes,No,No,No internet service,No internet service,No internet service,No internet service,No internet service,No internet service,Month-to-month,No,Mailed check,19.4,19.4,Yes,2526,0.43830952,0,Medium,1.0,Offer annual or long-term contract incentive; Provide early-stage customer engagement,Proactive retention communication; Early customer onboarding support; Long-term contract conversion offer; Early intervention and retention campaign,Medium,Contract Upgrade Campaign
2604-IJPDU,Female,0,Yes,No,20,Yes,No,Fiber optic,Yes,Yes,No,Yes,Yes,No,Month-to-month,Yes,Electronic check,96.55,1901.65,No,195,0.5980543,1,Medium,1.0,Offer annual or long-term contract incentive; Review pricing and provide personalized offer; Offer fiber service support or loyalty benefit,Proactive retention communication; Long-term contract conversion offer; Personalized pricing review; Fiber service experience review; Early intervention and retention campaign,Medium,Contract Upgrade Campaign
2501-XWWTZ,Male,0,No,No,11,Yes,No,Fiber optic,No,No,No,No,No,No,Month-to-month,No,Electronic check,70.2,760.05,No,558,0.4054731,0,Medium,1.0,Offer annual or long-term contract incentive; Offer technical support assistance; Promote online security service; Offer online backup package; Offer fiber service support or loyalty benefit,Proactive retention communication; Long-term contract conversion offer; Technical support promotion; Online security package promotion; Fiber service experience review; Early intervention and retention campaign,Medium,Contract Upgrade Campaign
6370-ZVHDV,Female,0,Yes,No,61,Yes,Yes,No,No internet service,No internet service,No internet service,No internet service,No internet service,No internet service,Two year,No,Bank transfer (automatic),25.3,1554.9,No,5671,0.0036826862,0,Low,1.0,Continue regular customer engagement,Maintain regular engagement; Early intervention and retention campaign,Low,Customer Loyalty Campaign
3027-YNWZU,Female,0,Yes,No,64,Yes,Yes,No,No internet service,No internet service,No internet service,No internet service,No internet service,No internet service,Two year,No,Credit card (automatic),25.0,1584.8,No,2649,0.009537546,0,Low,1.0,Continue regular customer engagement,Maintain regular engagement; Early intervention and retention campaign,Low,Customer Loyalty Campaign
4526-ZJJTM,Female,1,Yes,No,25,Yes,No,Fiber optic,No,Yes,Yes,No,No,Yes,Month-to-month,No,Bank transfer (automatic),88.4,2191.15,No,2590,0.35429147,0,Low,1.0,Offer annual or long-term contract incentive; Offer technical support assistance; Promote online security service; Review pricing and provide personalized offer; Offer fiber service support or loyalty benefit,Maintain regular engagement; Long-term contract conversion offer; Technical support promotion; Online security package promotion; Personalized pricing review; Fiber service experience review; Early intervention and retention campaign,Low,Contract Upgrade Campaign
0440-QEXBZ,Female,0,No,No,44,Yes,Yes,DSL,No,No,No,No,No,No,Month-to-month,Yes,Mailed check,50.15,2139.1,No,4046,0.049009003,0,Low,1.0,Offer annual or long-term contract incentive; Offer technical support assistance; Promote online security service; Offer online backup package,Maintain regular engagement; Long-term contract conversion offer; Technical support promotion; Online security package promotion; Early intervention and retention campaign,Low,Contract Upgrade Campaign
0330-IVZHA,Female,0,Yes,No,5,Yes,No,Fiber optic,No,No,No,No,No,No,Month-to-month,No,Electronic check,69.95,330.15,Yes,1543,0.6324827,1,Medium,1.0,Offer annual or long-term contract incentive; Offer technical support assistance; Promote online security service; Offer online backup package; Provide early-stage customer engagement; Offer fiber service support or loyalty benefit,Proactive retention communication; Early customer onboarding support; Long-term contract conversion offer; Technical support promotion; Online security package promotion; Fiber service experience review; Early intervention and retention campaign,Medium,Contract Upgrade Campaign
9758-MFWGD,Female,1,Yes,Yes,48,No,No phone service,DSL,No,Yes,No,No,No,No,One year,No,Bank transfer (automatic),29.9,1388.75,No,5034,0.21396007,0,Low,1.0,Offer technical support assistance; Promote online security service,Maintain regular engagement; Technical support promotion; Online security package promotion; Early intervention and retention campaign,Low,Customer Loyalty Campaign
4229-CZMLL,Male,0,No,No,6,Yes,Yes,Fiber optic,No,No,No,No,No,No,Month-to-month,Yes,Electronic check,74.9,469.8,Yes,4154,0.8644339,1,High,1.0,Priority retention outreach; Offer annual or long-term contract incentive; Offer technical support assistance; Promote online security service; Offer online backup package; Provide early-stage customer engagement; Offer fiber service support or loyalty benefit,Immediate retention outreach; Early customer onboarding support; Long-term contract conversion offer; Technical support promotion; Online security package promotion; Fiber service experience review; Early intervention and retention campaign,Critical,Immediate Personal Outreach
0742-MOABM,Male,0,Yes,No,4,Yes,No,DSL,No,No,No,Yes,No,No,Month-to-month,No,Mailed check,50.05,179.35,Yes,223,0.26686645,0,Low,1.0,Offer annual or long-term contract incentive; Promote online security service; Offer online backup package; Provide early-stage customer engagement,Maintain regular engagement; Early customer onboarding support; Long-term contract conversion offer; Online security package promotion; Early intervention and retention campaign,Low,Contract Upgrade Campaign
4277-BWBML,Male,0,Yes,Yes,72,Yes,No,No,No internet service,No internet service,No internet service,No internet service,No internet service,No internet service,Two year,No,Bank transfer (automatic),19.95,1322.85,No,2338,0.0019794332,0,Low,1.0,Continue regular customer engagement,Maintain regular engagement; Early intervention and retention campaign,Low,Customer Loyalty Campaign
5136-GFPMB,Male,0,No,No,54,Yes,Yes,Fiber optic,No,No,Yes,No,No,Yes,Month-to-month,No,Credit card (automatic),89.4,4869.5,No,6919,0.2828039,0,Low,0.0,Offer annual or long-term contract incentive; Offer technical support assistance; Promote online security service; Offer online backup package; Review pricing and provide personalized offer; Offer fiber service support or loyalty benefit,Maintain regular engagement; Long-term contract conversion offer; Technical support promotion; Online security package promotion; Personalized pricing review; Fiber service experience review; Loyalty and long-term customer engagement,Low,Contract Upgrade Campaign
7520-HQWJU,Female,0,Yes,Yes,66,Yes,Yes,DSL,Yes,Yes,Yes,No,No,No,Month-to-month,Yes,Bank transfer (automatic),67.45,4508.65,No,342,0.06972023,0,Low,0.0,Offer annual or long-term contract incentive; Offer technical support assistance,Maintain regular engagement; Long-term contract conversion offer; Technical support promotion; Loyalty and long-term customer engagement,Low,Contract Upgrade Campaign
6304-IJFSQ,Male,0,No,No,3,Yes,No,DSL,No,Yes,No,No,No,No,Month-to-month,Yes,Mailed check,49.9,130.1,Yes,7001,0.5273476,1,Medium,1.0,Offer annual or long-term contract incentive; Offer technical support assistance; Promote online security service; Provide early-stage customer engagement,Proactive retention communication; Early customer onboarding support; Long-term contract conversion offer; Technical support promotion; Online security package promotion; Early intervention and retention campaign,Medium,Contract Upgrade Campaign
0297-RBCSG,Male,0,No,No,19,Yes,No,DSL,No,Yes,No,Yes,No,Yes,One year,Yes,Bank transfer (automatic),65.35,1231.85,No,907,0.22885858,0,Low,1.0,Promote online security service,Maintain regular engagement; Online security package promotion; Early intervention and retention campaign,Low,Customer Loyalty Campaign
6013-BHCAW,Male,0,Yes,Yes,61,Yes,Yes,DSL,No,No,Yes,Yes,Yes,Yes,Two year,Yes,Bank transfer (automatic),81.0,4976.15,No,6070,0.027925707,0,Low,0.0,Promote online security service; Offer online backup package; Review pricing and provide personalized offer,Maintain regular engagement; Online security package promotion; Personalized pricing review; Loyalty and long-term customer engagement,Low,Customer Loyalty Campaign
4402-FTBXC,Male,0,No,No,54,Yes,No,Fiber optic,Yes,No,Yes,No,Yes,No,Month-to-month,No,Mailed check,89.8,4667.0,No,2923,0.08860504,0,Low,0.0,Offer annual or long-term contract incentive; Offer technical support assistance; Offer online backup package; Review pricing and provide personalized offer; Offer fiber service support or loyalty benefit,Maintain regular engagement; Long-term contract conversion offer; Technical support promotion; Personalized pricing review; Fiber service experience review; Loyalty and long-term customer engagement,Low,Contract Upgrade Campaign
1471-GIQKQ,Female,0,No,No,1,Yes,No,DSL,No,Yes,No,No,No,No,Month-to-month,No,Electronic check,49.95,49.95,No,7016,0.23804468,0,Low,1.0,Offer annual or long-term contract incentive; Offer technical support assistance; Promote online security service; Provide early-stage customer engagement,Maintain regular engagement; Early customer onboarding support; Long-term contract conversion offer; Technical support promotion; Online security package promotion; Early intervention and retention campaign,Low,Contract Upgrade Campaign
4283-FUTGF,Male,1,No,No,19,Yes,Yes,Fiber optic,No,No,Yes,No,No,No,Month-to-month,Yes,Electronic check,79.85,1471.75,Yes,2686,0.69585276,1,Medium,1.0,Offer annual or long-term contract incentive; Offer technical support assistance; Promote online security service; Offer online backup package; Offer fiber service support or loyalty benefit,Proactive retention communication; Long-term contract conversion offer; Technical support promotion; Online security package promotion; Fiber service experience review; Early intervention and retention campaign,Medium,Contract Upgrade Campaign
9548-LERKT,Male,0,Yes,No,24,Yes,No,No,No internet service,No internet service,No internet service,No internet service,No internet service,No internet service,Two year,No,Mailed check,19.75,483.15,No,6492,0.006583064,0,Low,1.0,Continue regular customer engagement,Maintain regular engagement; Early intervention and retention campaign,Low,Customer Loyalty Campaign
8059-UDZFY,Female,1,No,Yes,33,Yes,Yes,Fiber optic,No,Yes,Yes,No,Yes,Yes,Month-to-month,Yes,Bank transfer (automatic),105.35,3465.05,No,2931,0.4501706,0,Medium,0.0,Offer annual or long-term contract incentive; Offer technical support assistance; Promote online security service; Review pricing and provide personalized offer; Offer fiber service support or loyalty benefit,Proactive retention communication; Long-term contract conversion offer; Technical support promotion; Online security package promotion; Personalized pricing review; Fiber service experience review; Loyalty and long-term customer engagement,Medium,Contract Upgrade Campaign
0410-IPFTY,Female,0,Yes,No,31,Yes,No,Fiber optic,No,Yes,No,No,No,Yes,Month-to-month,Yes,Bank transfer (automatic),83.85,2674.15,No,3464,0.48943064,0,Medium,1.0,Offer annual or long-term contract incentive; Offer technical support assistance; Promote online security service; Review pricing and provide personalized offer; Offer fiber service support or loyalty benefit,Proactive retention communication; Long-term contract conversion offer; Technical support promotion; Online security package promotion; Personalized pricing review; Fiber service experience review; Early intervention and retention campaign,Medium,Contract Upgrade Campaign
2478-EEWWM,Male,0,Yes,No,59,No,No phone service,DSL,No,No,No,No,Yes,Yes,Month-to-month,Yes,Electronic check,44.3,2666.75,No,6455,0.6069957,1,Medium,1.0,Offer annual or long-term contract incentive; Offer technical support assistance; Promote online security service; Offer online backup package,Proactive retention communication; Long-term contract conversion offer; Technical support promotion; Online security package promotion; Early intervention and retention campaign,Medium,Contract Upgrade Campaign
4619-EVPHY,Female,1,Yes,No,20,Yes,No,Fiber optic,No,No,No,No,Yes,Yes,One year,Yes,Bank transfer (automatic),91.0,1859.5,No,5619,0.1428851,0,Low,1.0,Offer technical support assistance; Promote online security service; Offer online backup package; Review pricing and provide personalized offer; Offer fiber service support or loyalty benefit,Maintain regular engagement; Technical support promotion; Online security package promotion; Personalized pricing review; Fiber service experience review; Early intervention and retention campaign,Low,Customer Loyalty Campaign
2277-DJJDL,Male,1,Yes,No,60,Yes,Yes,Fiber optic,No,No,No,Yes,Yes,Yes,Month-to-month,Yes,Electronic check,99.0,6017.9,No,2850,0.38237455,0,Low,0.0,Offer annual or long-term contract incentive; Promote online security service; Offer online backup package; Review pricing and provide personalized offer; Offer fiber service support or loyalty benefit,Maintain regular engagement; Long-term contract conversion offer; Online security package promotion; Personalized pricing review; Fiber service experience review; Loyalty and long-term customer engagement,Low,Contract Upgrade Campaign
2911-WDXMV,Male,0,No,Yes,18,Yes,Yes,Fiber optic,No,No,Yes,No,No,No,Month-to-month,Yes,Credit card (automatic),80.55,1406.65,No,2102,0.21968223,0,Low,1.0,Offer annual or long-term contract incentive; Offer technical support assistance; Promote online security service; Offer online backup package; Review pricing and provide personalized offer; Offer fiber service support or loyalty benefit,Maintain regular engagement; Long-term contract conversion offer; Technical support promotion; Online security package promotion; Personalized pricing review; Fiber service experience review; Early intervention and retention campaign,Low,Contract Upgrade Campaign
3639-XJHKQ,Female,0,No,Yes,19,Yes,No,DSL,Yes,Yes,Yes,No,No,No,Month-to-month,Yes,Electronic check,60.6,1297.8,No,4436,0.22528481,0,Low,1.0,Offer annual or long-term contract incentive; Offer technical support assistance,Maintain regular engagement; Long-term contract conversion offer; Technical support promotion; Early intervention and retention campaign,Low,Contract Upgrade Campaign
8173-RXAYP,Female,0,Yes,Yes,24,Yes,No,No,No internet service,No internet service,No internet service,No internet service,No internet service,No internet service,Two year,No,Mailed check,19.7,452.55,No,3234,0.005172887,0,Low,1.0,Continue regular customer engagement,Maintain regular engagement; Early intervention and retention campaign,Low,Customer Loyalty Campaign
4537-CIBHB,Female,0,Yes,Yes,9,Yes,No,No,No internet service,No internet service,No internet service,No internet service,No internet service,No internet service,One year,No,Mailed check,20.25,172.35,No,3944,0.042584214,0,Low,1.0,Continue regular customer engagement,Maintain regular engagement; Early intervention and retention campaign,Low,Customer Loyalty Campaign
5442-BXVND,Female,0,Yes,Yes,33,Yes,Yes,No,No internet service,No internet service,No internet service,No internet service,No internet service,No internet service,Month-to-month,No,Bank transfer (automatic),24.25,838.5,No,3670,0.15193653,0,Low,1.0,Offer annual or long-term contract incentive,Maintain regular engagement; Long-term contract conversion offer; Early intervention and retention campaign,Low,Contract Upgrade Campaign
2308-STERM,Female,0,No,No,2,Yes,No,No,No internet service,No internet service,No internet service,No internet service,No internet service,No internet service,Month-to-month,No,Mailed check,19.4,61.05,No,5595,0.1210588,0,Low,1.0,Offer annual or long-term contract incentive; Provide early-stage customer engagement,Maintain regular engagement; Early customer onboarding support; Long-term contract conversion offer; Early intervention and retention campaign,Low,Contract Upgrade Campaign
7159-NOKYQ,Male,0,Yes,No,67,Yes,Yes,Fiber optic,No,Yes,Yes,No,No,Yes,Two year,Yes,Electronic check,93.15,6368.2,No,5080,0.053513486,0,Low,0.0,Offer technical support assistance; Promote online security service; Review pricing and provide personalized offer; Offer fiber service support or loyalty benefit,Maintain regular engagement; Technical support promotion; Online security package promotion; Personalized pricing review; Fiber service experience review; Loyalty and long-term customer engagement,Low,Customer Loyalty Campaign
6075-QMNRR,Female,0,No,No,52,Yes,No,DSL,Yes,No,No,No,No,No,Month-to-month,Yes,Bank transfer (automatic),49.75,2535.55,No,4923,0.03190993,0,Low,1.0,Offer annual or long-term contract incentive; Offer technical support assistance; Offer online backup package,Maintain regular engagement; Long-term contract conversion offer; Technical support promotion; Early intervention and retention campaign,Low,Contract Upgrade Campaign
3694-GLTJM,Female,0,No,No,5,Yes,No,No,No internet service,No internet service,No internet service,No internet service,No internet service,No internet service,Month-to-month,Yes,Credit card (automatic),19.65,92.05,No,3207,0.09190997,0,Low,1.0,Offer annual or long-term contract incentive; Provide early-stage customer engagement,Maintain regular engagement; Early customer onboarding support; Long-term contract conversion offer; Early intervention and retention campaign,Low,Contract Upgrade Campaign
9629-NHXFW,Female,0,Yes,Yes,1,Yes,No,No,No internet service,No internet service,No internet service,No internet service,No internet service,No internet service,Month-to-month,Yes,Mailed check,19.4,19.4,No,3376,0.71448684,1,High,1.0,Priority retention outreach; Offer annual or long-term contract incentive; Provide early-stage customer engagement,Immediate retention outreach; Early customer onboarding support; Long-term contract conversion offer; Early intervention and retention campaign,High,Retention Offer Campaign
7167-PCEYD,Male,0,No,No,67,Yes,No,No,No internet service,No internet service,No internet service,No internet service,No internet service,No internet service,Two year,Yes,Mailed check,19.8,1311.3,No,5730,0.0074021765,0,Low,1.0,Continue regular customer engagement,Maintain regular engagement; Early intervention and retention campaign,Low,Customer Loyalty Campaign
2748-MYRVK,Female,0,No,No,63,Yes,Yes,Fiber optic,No,Yes,No,No,Yes,Yes,One year,No,Bank transfer (automatic),99.9,6137.0,Yes,4140,0.06563995,0,Low,0.0,Offer technical support assistance; Promote online security service; Review pricing and provide personalized offer; Offer fiber service support or loyalty benefit,Maintain regular engagement; Technical support promotion; Online security package promotion; Personalized pricing review; Fiber service experience review; Loyalty and long-term customer engagement,Low,Customer Loyalty Campaign
4223-WOZCM,Male,1,No,No,2,Yes,No,DSL,No,No,Yes,No,No,No,Month-to-month,No,Mailed check,49.95,107.1,No,4161,0.64625776,1,Medium,1.0,Offer annual or long-term contract incentive; Offer technical support assistance; Promote online security service; Offer online backup package; Provide early-stage customer engagement,Proactive retention communication; Early customer onboarding support; Long-term contract conversion offer; Technical support promotion; Online security package promotion; Early intervention and retention campaign,Medium,Contract Upgrade Campaign
6946-LMSQS,Male,1,Yes,No,25,Yes,Yes,Fiber optic,Yes,No,No,No,No,Yes,One year,Yes,Electronic check,89.05,2177.45,Yes,3831,0.16832894,0,Low,1.0,Offer technical support assistance; Offer online backup package; Review pricing and provide personalized offer; Offer fiber service support or loyalty benefit,Maintain regular engagement; Technical support promotion; Personalized pricing review; Fiber service experience review; Early intervention and retention campaign,Low,Customer Loyalty Campaign
5469-NUJUR,Male,0,No,No,19,Yes,No,No,No internet service,No internet service,No internet service,No internet service,No internet service,No internet service,Two year,Yes,Mailed check,19.95,373.5,No,1347,0.009966862,0,Low,1.0,Continue regular customer engagement,Maintain regular engagement; Early intervention and retention campaign,Low,Customer Loyalty Campaign
6388-TABGU,Male,0,No,Yes,62,Yes,No,DSL,Yes,Yes,No,No,No,No,One year,No,Bank transfer (automatic),56.15,3487.95,No,9,0.007797182,0,Low,0.0,Offer technical support assistance,Maintain regular engagement; Technical support promotion; Loyalty and long-term customer engagement,Low,Customer Loyalty Campaign
1261-FWTTE,Male,1,No,No,23,No,No phone service,DSL,No,No,No,No,No,Yes,Month-to-month,Yes,Bank transfer (automatic),34.65,768.45,No,5013,0.5432871,1,Medium,1.0,Offer annual or long-term contract incentive; Offer technical support assistance; Promote online security service; Offer online backup package,Proactive retention communication; Long-term contract conversion offer; Technical support promotion; Online security package promotion; Early intervention and retention campaign,Medium,Contract Upgrade Campaign
8590-YFFQO,Male,0,Yes,No,70,Yes,No,DSL,Yes,Yes,Yes,Yes,No,No,Two year,No,Credit card (automatic),64.95,4523.25,No,1092,0.012992705,0,Low,0.0,Continue regular customer engagement,Maintain regular engagement; Loyalty and long-term customer engagement,Low,Customer Loyalty Campaign
0082-OQIQY,Male,0,No,No,29,Yes,No,Fiber optic,No,No,No,Yes,Yes,Yes,Month-to-month,Yes,Electronic check,94.2,2607.6,No,4461,0.33825803,0,Low,0.0,Offer annual or long-term contract incentive; Promote online security service; Offer online backup package; Review pricing and provide personalized offer; Offer fiber service support or loyalty benefit,Maintain regular engagement; Long-term contract conversion offer; Online security package promotion; Personalized pricing review; Fiber service experience review; Loyalty and long-term customer engagement,Low,Contract Upgrade Campaign
9465-RWMXL,Male,0,Yes,No,32,Yes,Yes,Fiber optic,No,No,Yes,No,No,No,Month-to-month,Yes,Electronic check,78.9,2447.95,Yes,5381,0.61682177,1,Medium,1.0,Offer annual or long-term contract incentive; Offer technical support assistance; Promote online security service; Offer online backup package; Offer fiber service support or loyalty benefit,Proactive retention communication; Long-term contract conversion offer; Technical support promotion; Online security package promotion; Fiber service experience review; Early intervention and retention campaign,Medium,Contract Upgrade Campaign
2930-UOTMB,Female,0,No,No,31,Yes,Yes,DSL,Yes,No,Yes,Yes,No,No,Month-to-month,No,Credit card (automatic),65.25,1994.3,Yes,3799,0.074694715,0,Low,1.0,Offer annual or long-term contract incentive; Offer online backup package,Maintain regular engagement; Long-term contract conversion offer; Early intervention and retention campaign,Low,Contract Upgrade Campaign
9128-CPXKI,Female,0,No,No,59,Yes,No,Fiber optic,No,No,Yes,No,Yes,Yes,Two year,No,Electronic check,95.8,5655.45,No,4696,0.1298632,0,Low,0.0,Offer technical support assistance; Promote online security service; Offer online backup package; Review pricing and provide personalized offer; Offer fiber service support or loyalty benefit,Maintain regular engagement; Technical support promotion; Online security package promotion; Personalized pricing review; Fiber service experience review; Loyalty and long-term customer engagement,Low,Customer Loyalty Campaign
0484-FFVBJ,Male,0,No,No,32,Yes,No,DSL,No,No,No,No,Yes,Yes,One year,Yes,Bank transfer (automatic),64.85,2010.95,No,2914,0.17907408,0,Low,1.0,Offer technical support assistance; Promote online security service; Offer online backup package,Maintain regular engagement; Technical support promotion; Online security package promotion; Early intervention and retention campaign,Low,Customer Loyalty Campaign
1100-DDVRV,Male,0,Yes,No,17,No,No phone service,DSL,No,Yes,No,No,Yes,Yes,Month-to-month,Yes,Mailed check,49.8,836.35,No,4537,0.5172746,1,Medium,1.0,Offer annual or long-term contract incentive; Offer technical support assistance; Promote online security service,Proactive retention communication; Long-term contract conversion offer; Technical support promotion; Online security package promotion; Early intervention and retention campaign,Medium,Contract Upgrade Campaign
9313-QOLTZ,Male,0,No,No,26,Yes,No,No,No internet service,No internet service,No internet service,No internet service,No internet service,No internet service,Month-to-month,No,Mailed check,20.9,518.3,No,1554,0.027599178,0,Low,1.0,Offer annual or long-term contract incentive,Maintain regular engagement; Long-term contract conversion offer; Early intervention and retention campaign,Low,Contract Upgrade Campaign
3338-CVVEH,Male,0,No,No,12,Yes,Yes,Fiber optic,No,No,No,No,Yes,Yes,Month-to-month,No,Electronic check,94.55,1173.55,No,5250,0.8323989,1,High,1.0,Priority retention outreach; Offer annual or long-term contract incentive; Offer technical support assistance; Promote online security service; Offer online backup package; Review pricing and provide personalized offer; Offer fiber service support or loyalty benefit,Immediate retention outreach; Long-term contract conversion offer; Technical support promotion; Online security package promotion; Personalized pricing review; Fiber service experience review; Early intervention and retention campaign,Critical,Immediate Personal Outreach
1131-SUEKT,Male,0,Yes,Yes,61,Yes,No,Fiber optic,No,Yes,No,Yes,Yes,Yes,One year,Yes,Bank transfer (automatic),98.45,6145.2,No,1380,0.06288831,0,Low,0.0,Promote online security service; Review pricing and provide personalized offer; Offer fiber service support or loyalty benefit,Maintain regular engagement; Online security package promotion; Personalized pricing review; Fiber service experience review; Loyalty and long-term customer engagement,Low,Customer Loyalty Campaign
7602-DBTOU,Female,0,Yes,No,71,Yes,No,No,No internet service,No internet service,No internet service,No internet service,No internet service,No internet service,Two year,No,Mailed check,19.6,1416.5,No,4224,0.002694191,0,Low,1.0,Continue regular customer engagement,Maintain regular engagement; Early intervention and retention campaign,Low,Customer Loyalty Campaign
1385-TQOZW,Female,0,No,No,9,Yes,No,No,No internet service,No internet service,No internet service,No internet service,No internet service,No internet service,Month-to-month,Yes,Credit card (automatic),20.45,147.55,No,4552,0.09492232,0,Low,1.0,Offer annual or long-term contract incentive,Maintain regular engagement; Long-term contract conversion offer; Early intervention and retention campaign,Low,Contract Upgrade Campaign
6892-XPFPU,Male,1,Yes,No,24,Yes,Yes,Fiber optic,No,Yes,Yes,No,Yes,Yes,Month-to-month,Yes,Electronic check,104.25,2433.9,Yes,5133,0.83866185,1,High,0.0,Priority retention outreach; Offer annual or long-term contract incentive; Offer technical support assistance; Promote online security service; Review pricing and provide personalized offer; Offer fiber service support or loyalty benefit,Immediate retention outreach; Long-term contract conversion offer; Technical support promotion; Online security package promotion; Personalized pricing review; Fiber service experience review; Loyalty and long-term customer engagement,Critical,Immediate Personal Outreach
4115-NZRKS,Female,1,No,No,7,Yes,No,Fiber optic,No,No,No,No,Yes,Yes,Month-to-month,Yes,Electronic check,89.15,574.35,No,352,0.68220884,1,Medium,1.0,Offer annual or long-term contract incentive; Offer technical support assistance; Promote online security service; Offer online backup package; Review pricing and provide personalized offer; Offer fiber service support or loyalty benefit,Proactive retention communication; Long-term contract conversion offer; Technical support promotion; Online security package promotion; Personalized pricing review; Fiber service experience review; Early intervention and retention campaign,Medium,Contract Upgrade Campaign
5514-YQENT,Male,0,No,Yes,41,Yes,No,Fiber optic,Yes,Yes,Yes,Yes,Yes,Yes,Two year,Yes,Electronic check,111.15,4507.15,No,1444,0.040952016,0,Low,0.0,Review pricing and provide personalized offer; Offer fiber service support or loyalty benefit,Maintain regular engagement; Personalized pricing review; Fiber service experience review; Loyalty and long-term customer engagement,Low,Customer Loyalty Campaign
6319-IEJWJ,Male,0,Yes,Yes,20,Yes,No,Fiber optic,No,No,No,No,Yes,Yes,Month-to-month,Yes,Electronic check,90.2,1776.55,Yes,3918,0.70222044,1,High,1.0,Priority retention outreach; Offer annual or long-term contract incentive; Offer technical support assistance; Promote online security service; Offer online backup package; Review pricing and provide personalized offer; Offer fiber service support or loyalty benefit,Immediate retention outreach; Long-term contract conversion offer; Technical support promotion; Online security package promotion; Personalized pricing review; Fiber service experience review; Early intervention and retention campaign,High,Retention Offer Campaign
8849-AYPTR,Male,0,Yes,No,33,Yes,No,Fiber optic,No,No,No,No,Yes,Yes,Month-to-month,No,Electronic check,91.25,2964.05,No,4755,0.3633111,0,Low,0.0,Offer annual or long-term contract incentive; Offer technical support assistance; Promote online security service; Offer online backup package; Review pricing and provide personalized offer; Offer fiber service support or loyalty benefit,Maintain regular engagement; Long-term contract conversion offer; Technical support promotion; Online security package promotion; Personalized pricing review; Fiber service experience review; Loyalty and long-term customer engagement,Low,Contract Upgrade Campaign
5893-PYOLZ,Male,0,No,No,56,Yes,No,DSL,No,Yes,Yes,Yes,Yes,Yes,Two year,Yes,Credit card (automatic),81.8,4534.45,No,2646,0.011643223,0,Low,0.0,Promote online security service; Review pricing and provide personalized offer,Maintain regular engagement; Online security package promotion; Personalized pricing review; Loyalty and long-term customer engagement,Low,Customer Loyalty Campaign
7180-PISOG,Male,0,Yes,Yes,1,Yes,Yes,Fiber optic,No,No,No,No,No,No,Month-to-month,Yes,Electronic check,74.5,74.5,Yes,2275,0.9322985,1,High,1.0,Priority retention outreach; Offer annual or long-term contract incentive; Offer technical support assistance; Promote online security service; Offer online backup package; Provide early-stage customer engagement; Offer fiber service support or loyalty benefit,Immediate retention outreach; Early customer onboarding support; Long-term contract conversion offer; Technical support promotion; Online security package promotion; Fiber service experience review; Early intervention and retention campaign,Critical,Immediate Personal Outreach
8443-ZRDBZ,Male,0,No,No,4,Yes,Yes,Fiber optic,No,No,No,No,No,No,Month-to-month,Yes,Electronic check,76.05,318.9,Yes,3755,0.867189,1,High,1.0,Priority retention outreach; Offer annual or long-term contract incentive; Offer technical support assistance; Promote online security service; Offer online backup package; Provide early-stage customer engagement; Offer fiber service support or loyalty benefit,Immediate retention outreach; Early customer onboarding support; Long-term contract conversion offer; Technical support promotion; Online security package promotion; Fiber service experience review; Early intervention and retention campaign,Critical,Immediate Personal Outreach
9079-YEXQJ,Female,0,No,No,54,Yes,Yes,Fiber optic,No,Yes,Yes,Yes,Yes,Yes,Month-to-month,No,Electronic check,111.1,6014.85,Yes,6853,0.23840289,0,Low,0.0,Offer annual or long-term contract incentive; Promote online security service; Review pricing and provide personalized offer; Offer fiber service support or loyalty benefit,Maintain regular engagement; Long-term contract conversion offer; Online security package promotion; Personalized pricing review; Fiber service experience review; Loyalty and long-term customer engagement,Low,Contract Upgrade Campaign
3780-YVMFA,Female,0,Yes,Yes,8,Yes,No,DSL,No,No,No,Yes,Yes,Yes,Month-to-month,Yes,Electronic check,68.55,564.35,No,150,0.3625198,0,Low,1.0,Offer annual or long-term contract incentive; Promote online security service; Offer online backup package,Maintain regular engagement; Long-term contract conversion offer; Online security package promotion; Early intervention and retention campaign,Low,Contract Upgrade Campaign
6968-MHOMU,Male,0,Yes,No,58,No,No phone service,DSL,No,No,No,No,Yes,Yes,One year,Yes,Credit card (automatic),45.0,2689.35,No,3174,0.16814975,0,Low,1.0,Offer technical support assistance; Promote online security service; Offer online backup package,Maintain regular engagement; Technical support promotion; Online security package promotion; Early intervention and retention campaign,Low,Customer Loyalty Campaign
0899-LIIBW,Male,0,Yes,No,34,Yes,Yes,Fiber optic,No,No,Yes,No,Yes,Yes,Month-to-month,No,Electronic check,100.85,3527.3,No,4867,0.49205777,0,Medium,0.0,Offer annual or long-term contract incentive; Offer technical support assistance; Promote online security service; Offer online backup package; Review pricing and provide personalized offer; Offer fiber service support or loyalty benefit,Proactive retention communication; Long-term contract conversion offer; Technical support promotion; Online security package promotion; Personalized pricing review; Fiber service experience review; Loyalty and long-term customer engagement,Medium,Contract Upgrade Campaign
3677-IYRBF,Female,1,No,No,2,No,No phone service,DSL,No,No,Yes,No,No,No,Month-to-month,Yes,Electronic check,30.4,78.65,Yes,3043,0.91045594,1,High,1.0,Priority retention outreach; Offer annual or long-term contract incentive; Offer technical support assistance; Promote online security service; Offer online backup package; Provide early-stage customer engagement,Immediate retention outreach; Early customer onboarding support; Long-term contract conversion offer; Technical support promotion; Online security package promotion; Early intervention and retention campaign,Critical,Immediate Personal Outreach
8393-DLHGA,Male,0,No,Yes,25,Yes,No,Fiber optic,No,Yes,No,No,Yes,Yes,Month-to-month,Yes,Electronic check,95.9,2448.75,Yes,3172,0.65202993,1,Medium,1.0,Offer annual or long-term contract incentive; Offer technical support assistance; Promote online security service; Review pricing and provide personalized offer; Offer fiber service support or loyalty benefit,Proactive retention communication; Long-term contract conversion offer; Technical support promotion; Online security package promotion; Personalized pricing review; Fiber service experience review; Early intervention and retention campaign,Medium,Contract Upgrade Campaign
7691-XVTZH,Female,0,Yes,No,68,Yes,Yes,Fiber optic,No,No,Yes,No,Yes,No,Two year,Yes,Bank transfer (automatic),89.95,5974.3,No,4379,0.06998955,0,Low,0.0,Offer technical support assistance; Promote online security service; Offer online backup package; Review pricing and provide personalized offer; Offer fiber service support or loyalty benefit,Maintain regular engagement; Technical support promotion; Online security package promotion; Personalized pricing review; Fiber service experience review; Loyalty and long-term customer engagement,Low,Customer Loyalty Campaign
5360-LJCNJ,Female,0,Yes,No,71,Yes,Yes,Fiber optic,No,Yes,Yes,No,Yes,Yes,Two year,Yes,Bank transfer (automatic),105.15,7555.0,No,4533,0.1589953,0,Low,0.0,Offer technical support assistance; Promote online security service; Review pricing and provide personalized offer; Offer fiber service support or loyalty benefit,Maintain regular engagement; Technical support promotion; Online security package promotion; Personalized pricing review; Fiber service experience review; Loyalty and long-term customer engagement,Low,Customer Loyalty Campaign
3891-PUQOD,Female,0,No,Yes,1,Yes,No,DSL,No,No,Yes,No,No,Yes,Month-to-month,No,Electronic check,59.2,59.2,Yes,3357,0.75995594,1,High,1.0,Priority retention outreach; Offer annual or long-term contract incentive; Offer technical support assistance; Promote online security service; Offer online backup package; Provide early-stage customer engagement,Immediate retention outreach; Early customer onboarding support; Long-term contract conversion offer; Technical support promotion; Online security package promotion; Early intervention and retention campaign,High,Retention Offer Campaign
0952-KMEEH,Male,0,No,No,13,Yes,Yes,Fiber optic,Yes,No,No,No,Yes,Yes,Month-to-month,No,Mailed check,98.15,1230.25,Yes,2543,0.67802405,1,Medium,1.0,Offer annual or long-term contract incentive; Offer technical support assistance; Offer online backup package; Review pricing and provide personalized offer; Offer fiber service support or loyalty benefit,Proactive retention communication; Long-term contract conversion offer; Technical support promotion; Personalized pricing review; Fiber service experience review; Early intervention and retention campaign,Medium,Contract Upgrade Campaign
4919-IKATY,Male,0,Yes,Yes,5,Yes,Yes,Fiber optic,Yes,No,Yes,No,No,No,Month-to-month,Yes,Electronic check,84.5,453.75,Yes,5360,0.7132471,1,High,1.0,Priority retention outreach; Offer annual or long-term contract incentive; Offer technical support assistance; Offer online backup package; Review pricing and provide personalized offer; Provide early-stage customer engagement; Offer fiber service support or loyalty benefit,Immediate retention outreach; Early customer onboarding support; Long-term contract conversion offer; Technical support promotion; Personalized pricing review; Fiber service experience review; Early intervention and retention campaign,High,Retention Offer Campaign
9746-UGFAC,Female,0,No,No,22,Yes,No,No,No internet service,No internet service,No internet service,No internet service,No internet service,No internet service,One year,No,Bank transfer (automatic),20.85,450.65,No,6268,0.043340042,0,Low,1.0,Continue regular customer engagement,Maintain regular engagement; Early intervention and retention campaign,Low,Customer Loyalty Campaign
9108-EQPNQ,Female,0,Yes,Yes,10,Yes,Yes,No,No internet service,No internet service,No internet service,No internet service,No internet service,No internet service,Two year,No,Credit card (automatic),26.1,225.55,No,993,0.019527221,0,Low,1.0,Continue regular customer engagement,Maintain regular engagement; Early intervention and retention campaign,Low,Customer Loyalty Campaign
0531-ZZJWQ,Male,1,Yes,No,55,Yes,Yes,Fiber optic,No,No,No,No,No,No,Month-to-month,Yes,Electronic check,74.0,4052.4,No,4070,0.62131923,1,Medium,0.0,Offer annual or long-term contract incentive; Offer technical support assistance; Promote online security service; Offer online backup package; Offer fiber service support or loyalty benefit,Proactive retention communication; Long-term contract conversion offer; Technical support promotion; Online security package promotion; Fiber service experience review; Loyalty and long-term customer engagement,Medium,Contract Upgrade Campaign
8763-KIAFH,Female,0,Yes,Yes,27,Yes,No,No,No internet service,No internet service,No internet service,No internet service,No internet service,No internet service,One year,Yes,Mailed check,20.55,583.3,No,1766,0.019532759,0,Low,1.0,Continue regular customer engagement,Maintain regular engagement; Early intervention and retention campaign,Low,Customer Loyalty Campaign
5863-OOKCL,Female,0,No,No,10,Yes,No,No,No internet service,No internet service,No internet service,No internet service,No internet service,No internet service,Month-to-month,No,Mailed check,18.85,163.2,No,4022,0.02901871,0,Low,1.0,Offer annual or long-term contract incentive,Maintain regular engagement; Long-term contract conversion offer; Early intervention and retention campaign,Low,Contract Upgrade Campaign
2958-NHPPS,Male,0,No,No,23,Yes,No,No,No internet service,No internet service,No internet service,No internet service,No internet service,No internet service,Month-to-month,No,Electronic check,20.85,473.9,No,1448,0.029393215,0,Low,1.0,Offer annual or long-term contract incentive,Maintain regular engagement; Long-term contract conversion offer; Early intervention and retention campaign,Low,Contract Upgrade Campaign
9530-GRMJG,Male,0,Yes,Yes,70,Yes,Yes,DSL,No,Yes,Yes,Yes,Yes,Yes,Two year,Yes,Electronic check,84.1,5979.7,No,6720,0.015773017,0,Low,0.0,Promote online security service; Review pricing and provide personalized offer,Maintain regular engagement; Online security package promotion; Personalized pricing review; Loyalty and long-term customer engagement,Low,Customer Loyalty Campaign
1809-DMJHQ,Female,0,No,Yes,5,Yes,No,DSL,No,No,No,No,No,No,Month-to-month,No,Mailed check,46.0,221.7,Yes,5509,0.3487837,0,Low,1.0,Offer annual or long-term contract incentive; Offer technical support assistance; Promote online security service; Offer online backup package; Provide early-stage customer engagement,Maintain regular engagement; Early customer onboarding support; Long-term contract conversion offer; Technical support promotion; Online security package promotion; Early intervention and retention campaign,Low,Contract Upgrade Campaign
0164-XAIRP,Female,0,No,No,24,Yes,No,No,No internet service,No internet service,No internet service,No internet service,No internet service,No internet service,Two year,Yes,Bank transfer (automatic),19.55,470.2,No,6731,0.009475549,0,Low,1.0,Continue regular customer engagement,Maintain regular engagement; Early intervention and retention campaign,Low,Customer Loyalty Campaign
2926-JEJJC,Female,0,No,No,8,Yes,No,No,No internet service,No internet service,No internet service,No internet service,No internet service,No internet service,One year,Yes,Bank transfer (automatic),20.2,140.95,No,3736,0.03208131,0,Low,1.0,Continue regular customer engagement,Maintain regular engagement; Early intervention and retention campaign,Low,Customer Loyalty Campaign
1169-WCVAK,Male,0,Yes,No,19,Yes,Yes,Fiber optic,Yes,Yes,No,Yes,No,No,Month-to-month,Yes,Credit card (automatic),88.8,1672.35,No,5797,0.11839622,0,Low,1.0,Offer annual or long-term contract incentive; Review pricing and provide personalized offer; Offer fiber service support or loyalty benefit,Maintain regular engagement; Long-term contract conversion offer; Personalized pricing review; Fiber service experience review; Early intervention and retention campaign,Low,Contract Upgrade Campaign
1217-VASWC,Male,1,Yes,No,43,Yes,No,Fiber optic,No,Yes,Yes,No,Yes,Yes,One year,Yes,Bank transfer (automatic),100.55,4304.0,No,5669,0.25273067,0,Low,0.0,Offer technical support assistance; Promote online security service; Review pricing and provide personalized offer; Offer fiber service support or loyalty benefit,Maintain regular engagement; Technical support promotion; Online security package promotion; Personalized pricing review; Fiber service experience review; Loyalty and long-term customer engagement,Low,Customer Loyalty Campaign
2452-KDRRH,Male,1,No,No,67,Yes,Yes,Fiber optic,No,No,Yes,No,Yes,Yes,Month-to-month,Yes,Credit card (automatic),101.4,6841.05,No,2860,0.6312566,1,Medium,0.0,Offer annual or long-term contract incentive; Offer technical support assistance; Promote online security service; Offer online backup package; Review pricing and provide personalized offer; Offer fiber service support or loyalty benefit,Proactive retention communication; Long-term contract conversion offer; Technical support promotion; Online security package promotion; Personalized pricing review; Fiber service experience review; Loyalty and long-term customer engagement,Medium,Contract Upgrade Campaign
6402-EJMWF,Male,0,No,No,4,Yes,No,DSL,No,No,No,No,No,Yes,Month-to-month,Yes,Mailed check,55.3,238.5,No,3824,0.34754196,0,Low,1.0,Offer annual or long-term contract incentive; Offer technical support assistance; Promote online security service; Offer online backup package; Provide early-stage customer engagement,Maintain regular engagement; Early customer onboarding support; Long-term contract conversion offer; Technical support promotion; Online security package promotion; Early intervention and retention campaign,Low,Contract Upgrade Campaign
7663-CUXZB,Male,0,Yes,No,59,Yes,Yes,Fiber optic,Yes,Yes,Yes,Yes,Yes,Yes,Two year,No,Electronic check,113.75,6561.25,No,2967,0.1262352,0,Low,0.0,Review pricing and provide personalized offer; Offer fiber service support or loyalty benefit,Maintain regular engagement; Personalized pricing review; Fiber service experience review; Loyalty and long-term customer engagement,Low,Customer Loyalty Campaign
4312-KFRXN,Male,0,Yes,No,72,Yes,Yes,No,No internet service,No internet service,No internet service,No internet service,No internet service,No internet service,Two year,No,Mailed check,25.4,1710.9,No,714,0.0015256054,0,Low,1.0,Continue regular customer engagement,Maintain regular engagement; Early intervention and retention campaign,Low,Customer Loyalty Campaign
3011-WQKSZ,Male,0,No,Yes,19,Yes,No,No,No internet service,No internet service,No internet service,No internet service,No internet service,No internet service,Month-to-month,Yes,Electronic check,20.0,377.55,No,4676,0.16187152,0,Low,1.0,Offer annual or long-term contract incentive,Maintain regular engagement; Long-term contract conversion offer; Early intervention and retention campaign,Low,Contract Upgrade Campaign
9747-DDZOS,Female,0,No,No,1,Yes,No,Fiber optic,No,No,Yes,No,No,No,Month-to-month,No,Bank transfer (automatic),73.5,73.5,Yes,2911,0.6925116,1,Medium,1.0,Offer annual or long-term contract incentive; Offer technical support assistance; Promote online security service; Offer online backup package; Provide early-stage customer engagement; Offer fiber service support or loyalty benefit,Proactive retention communication; Early customer onboarding support; Long-term contract conversion offer; Technical support promotion; Online security package promotion; Fiber service experience review; Early intervention and retention campaign,Medium,Contract Upgrade Campaign
2091-MJTFX,Female,0,Yes,Yes,30,No,No phone service,DSL,No,No,No,Yes,Yes,Yes,Month-to-month,No,Credit card (automatic),51.2,1561.5,Yes,4653,0.05376048,0,Low,1.0,Offer annual or long-term contract incentive; Promote online security service; Offer online backup package,Maintain regular engagement; Long-term contract conversion offer; Online security package promotion; Early intervention and retention campaign,Low,Contract Upgrade Campaign
0388-EOPEX,Female,0,Yes,No,2,Yes,No,Fiber optic,Yes,No,No,No,No,No,Month-to-month,Yes,Electronic check,74.4,139.4,Yes,492,0.41110674,0,Medium,1.0,Offer annual or long-term contract incentive; Offer technical support assistance; Offer online backup package; Provide early-stage customer engagement; Offer fiber service support or loyalty benefit,Proactive retention communication; Early customer onboarding support; Long-term contract conversion offer; Technical support promotion; Fiber service experience review; Early intervention and retention campaign,Medium,Contract Upgrade Campaign
3161-ONRWK,Male,0,Yes,Yes,60,Yes,No,DSL,Yes,Yes,Yes,Yes,No,No,One year,Yes,Bank transfer (automatic),65.85,3928.3,No,1321,0.010094188,0,Low,0.0,Continue regular customer engagement,Maintain regular engagement; Loyalty and long-term customer engagement,Low,Customer Loyalty Campaign
2587-EKXTS,Male,0,No,No,44,Yes,Yes,Fiber optic,Yes,Yes,Yes,No,Yes,Yes,Month-to-month,Yes,Electronic check,111.5,4915.15,No,3669,0.2852331,0,Low,0.0,Offer annual or long-term contract incentive; Offer technical support assistance; Review pricing and provide personalized offer; Offer fiber service support or loyalty benefit,Maintain regular engagement; Long-term contract conversion offer; Technical support promotion; Personalized pricing review; Fiber service experience review; Loyalty and long-term customer engagement,Low,Contract Upgrade Campaign
9752-ZNQUT,Female,0,No,No,1,Yes,No,DSL,No,Yes,No,No,No,No,Month-to-month,Yes,Electronic check,48.6,48.6,No,5652,0.59574366,1,Medium,1.0,Offer annual or long-term contract incentive; Offer technical support assistance; Promote online security service; Provide early-stage customer engagement,Proactive retention communication; Early customer onboarding support; Long-term contract conversion offer; Technical support promotion; Online security package promotion; Early intervention and retention campaign,Medium,Contract Upgrade Campaign
9572-WUKSB,Male,0,Yes,No,3,No,No phone service,DSL,No,No,No,Yes,No,No,Month-to-month,Yes,Electronic check,29.9,92.25,No,6777,0.39554733,0,Low,1.0,Offer annual or long-term contract incentive; Promote online security service; Offer online backup package; Provide early-stage customer engagement,Maintain regular engagement; Early customer onboarding support; Long-term contract conversion offer; Online security package promotion; Early intervention and retention campaign,Low,Contract Upgrade Campaign
3836-FZSDJ,Male,1,Yes,No,71,Yes,Yes,No,No internet service,No internet service,No internet service,No internet service,No internet service,No internet service,Two year,No,Bank transfer (automatic),24.85,1901.0,No,4147,0.00315634,0,Low,1.0,Continue regular customer engagement,Maintain regular engagement; Early intervention and retention campaign,Low,Customer Loyalty Campaign
8805-JNRAZ,Female,0,No,No,2,Yes,No,DSL,No,Yes,No,No,No,No,Month-to-month,No,Mailed check,49.2,103.7,No,3848,0.2493594,0,Low,1.0,Offer annual or long-term contract incentive; Offer technical support assistance; Promote online security service; Provide early-stage customer engagement,Maintain regular engagement; Early customer onboarding support; Long-term contract conversion offer; Technical support promotion; Online security package promotion; Early intervention and retention campaign,Low,Contract Upgrade Campaign
3069-SSVSN,Female,0,No,No,1,No,No phone service,DSL,No,No,No,No,No,No,One year,No,Mailed check,25.85,25.85,No,6149,0.16521475,0,Low,1.0,Offer technical support assistance; Promote online security service; Offer online backup package; Provide early-stage customer engagement,Maintain regular engagement; Early customer onboarding support; Technical support promotion; Online security package promotion; Early intervention and retention campaign,Low,New Customer Engagement Campaign
8015-IHCGW,Female,0,Yes,Yes,72,Yes,Yes,Fiber optic,Yes,Yes,Yes,Yes,Yes,Yes,Two year,Yes,Electronic check,115.5,8425.15,No,3897,0.006033688,0,Low,0.0,Review pricing and provide personalized offer; Offer fiber service support or loyalty benefit,Maintain regular engagement; Personalized pricing review; Fiber service experience review; Loyalty and long-term customer engagement,Low,Customer Loyalty Campaign
8132-YPVBX,Female,0,No,No,6,Yes,No,Fiber optic,No,Yes,No,No,No,Yes,Month-to-month,Yes,Mailed check,85.95,514.6,No,5809,0.7736767,1,High,1.0,Priority retention outreach; Offer annual or long-term contract incentive; Offer technical support assistance; Promote online security service; Review pricing and provide personalized offer; Provide early-stage customer engagement; Offer fiber service support or loyalty benefit,Immediate retention outreach; Early customer onboarding support; Long-term contract conversion offer; Technical support promotion; Online security package promotion; Personalized pricing review; Fiber service experience review; Early intervention and retention campaign,High,Retention Offer Campaign
0235-KGSLC,Female,0,No,No,1,Yes,No,Fiber optic,No,No,Yes,No,Yes,No,Month-to-month,Yes,Credit card (automatic),85.55,85.55,Yes,2367,0.7899524,1,High,1.0,Priority retention outreach; Offer annual or long-term contract incentive; Offer technical support assistance; Promote online security service; Offer online backup package; Review pricing and provide personalized offer; Provide early-stage customer engagement; Offer fiber service support or loyalty benefit,Immediate retention outreach; Early customer onboarding support; Long-term contract conversion offer; Technical support promotion; Online security package promotion; Personalized pricing review; Fiber service experience review; Early intervention and retention campaign,High,Retention Offer Campaign
1302-UHBDD,Male,1,No,No,20,Yes,No,Fiber optic,No,No,No,No,Yes,Yes,Month-to-month,No,Electronic check,89.95,1648.45,No,2219,0.5425489,1,Medium,1.0,Offer annual or long-term contract incentive; Offer technical support assistance; Promote online security service; Offer online backup package; Review pricing and provide personalized offer; Offer fiber service support or loyalty benefit,Proactive retention communication; Long-term contract conversion offer; Technical support promotion; Online security package promotion; Personalized pricing review; Fiber service experience review; Early intervention and retention campaign,Medium,Contract Upgrade Campaign
3722-WPXTK,Male,0,No,No,1,Yes,No,Fiber optic,No,No,No,No,Yes,Yes,Month-to-month,Yes,Electronic check,88.35,88.35,Yes,2397,0.90890485,1,High,1.0,Priority retention outreach; Offer annual or long-term contract incentive; Offer technical support assistance; Promote online security service; Offer online backup package; Review pricing and provide personalized offer; Provide early-stage customer engagement; Offer fiber service support or loyalty benefit,Immediate retention outreach; Early customer onboarding support; Long-term contract conversion offer; Technical support promotion; Online security package promotion; Personalized pricing review; Fiber service experience review; Early intervention and retention campaign,Critical,Immediate Personal Outreach
7531-GQHME,Male,0,No,No,12,Yes,No,No,No internet service,No internet service,No internet service,No internet service,No internet service,No internet service,Month-to-month,No,Credit card (automatic),20.05,265.45,No,519,0.055161558,0,Low,1.0,Offer annual or long-term contract incentive,Maintain regular engagement; Long-term contract conversion offer; Early intervention and retention campaign,Low,Contract Upgrade Campaign
1335-NTIUC,Male,0,No,No,9,No,No phone service,DSL,No,No,No,No,No,No,Month-to-month,Yes,Electronic check,24.95,190.25,No,3505,0.6893446,1,Medium,1.0,Offer annual or long-term contract incentive; Offer technical support assistance; Promote online security service; Offer online backup package,Proactive retention communication; Long-term contract conversion offer; Technical support promotion; Online security package promotion; Early intervention and retention campaign,Medium,Contract Upgrade Campaign
9367-TCUYN,Female,0,No,No,12,Yes,No,No,No internet service,No internet service,No internet service,No internet service,No internet service,No internet service,Month-to-month,No,Mailed check,20.1,223.6,No,5012,0.25116885,0,Low,1.0,Offer annual or long-term contract incentive,Maintain regular engagement; Long-term contract conversion offer; Early intervention and retention campaign,Low,Contract Upgrade Campaign
1536-HBSWP,Female,0,No,No,1,Yes,No,DSL,No,No,No,Yes,No,No,Month-to-month,Yes,Electronic check,49.9,49.9,No,685,0.48941725,0,Medium,1.0,Offer annual or long-term contract incentive; Promote online security service; Offer online backup package; Provide early-stage customer engagement,Proactive retention communication; Early customer onboarding support; Long-term contract conversion offer; Online security package promotion; Early intervention and retention campaign,Medium,Contract Upgrade Campaign
8573-JGCZW,Male,0,No,No,17,Yes,No,No,No internet service,No internet service,No internet service,No internet service,No internet service,No internet service,One year,Yes,Bank transfer (automatic),19.65,351.55,No,3812,0.02579241,0,Low,1.0,Continue regular customer engagement,Maintain regular engagement; Early intervention and retention campaign,Low,Customer Loyalty Campaign
2694-CIUMO,Female,0,No,No,12,Yes,Yes,Fiber optic,No,No,No,Yes,No,No,Month-to-month,Yes,Credit card (automatic),79.55,958.25,No,4986,0.76534146,1,High,1.0,Priority retention outreach; Offer annual or long-term contract incentive; Promote online security service; Offer online backup package; Offer fiber service support or loyalty benefit,Immediate retention outreach; Long-term contract conversion offer; Online security package promotion; Fiber service experience review; Early intervention and retention campaign,High,Retention Offer Campaign
2027-FECZV,Male,0,No,No,12,Yes,Yes,Fiber optic,No,Yes,Yes,No,Yes,Yes,Month-to-month,Yes,Electronic check,106.7,1253.9,Yes,2294,0.8087474,1,High,1.0,Priority retention outreach; Offer annual or long-term contract incentive; Offer technical support assistance; Promote online security service; Review pricing and provide personalized offer; Offer fiber service support or loyalty benefit,Immediate retention outreach; Long-term contract conversion offer; Technical support promotion; Online security package promotion; Personalized pricing review; Fiber service experience review; Early intervention and retention campaign,Critical,Immediate Personal Outreach
9103-TCIHJ,Female,0,No,No,15,Yes,Yes,DSL,Yes,No,No,No,No,No,Month-to-month,Yes,Mailed check,55.7,899.8,Yes,5006,0.3312669,0,Low,1.0,Offer annual or long-term contract incentive; Offer technical support assistance; Offer online backup package,Maintain regular engagement; Long-term contract conversion offer; Technical support promotion; Early intervention and retention campaign,Low,Contract Upgrade Campaign
1545-JFUML,Male,0,Yes,No,71,Yes,Yes,Fiber optic,Yes,Yes,Yes,No,Yes,No,Two year,Yes,Electronic check,99.0,6994.6,No,3665,0.028484473,0,Low,0.0,Offer technical support assistance; Review pricing and provide personalized offer; Offer fiber service support or loyalty benefit,Maintain regular engagement; Technical support promotion; Personalized pricing review; Fiber service experience review; Loyalty and long-term customer engagement,Low,Customer Loyalty Campaign
0524-IAVZO,Female,0,Yes,No,30,Yes,Yes,Fiber optic,No,No,No,No,No,Yes,Month-to-month,Yes,Electronic check,85.0,2624.25,Yes,2155,0.6948605,1,Medium,1.0,Offer annual or long-term contract incentive; Offer technical support assistance; Promote online security service; Offer online backup package; Review pricing and provide personalized offer; Offer fiber service support or loyalty benefit,Proactive retention communication; Long-term contract conversion offer; Technical support promotion; Online security package promotion; Personalized pricing review; Fiber service experience review; Early intervention and retention campaign,Medium,Contract Upgrade Campaign
5519-TEEUH,Male,0,No,Yes,33,Yes,No,No,No internet service,No internet service,No internet service,No internet service,No internet service,No internet service,One year,Yes,Mailed check,20.15,682.15,No,5487,0.01513537,0,Low,1.0,Continue regular customer engagement,Maintain regular engagement; Early intervention and retention campaign,Low,Customer Loyalty Campaign
6654-QGBZZ,Female,0,No,No,1,Yes,No,No,No internet service,No internet service,No internet service,No internet service,No internet service,No internet service,Month-to-month,No,Mailed check,19.9,19.9,No,4817,0.65938246,1,Medium,1.0,Offer annual or long-term contract incentive; Provide early-stage customer engagement,Proactive retention communication; Early customer onboarding support; Long-term contract conversion offer; Early intervention and retention campaign,Medium,Contract Upgrade Campaign
2294-DMMUS,Female,0,Yes,Yes,62,Yes,Yes,DSL,No,No,No,No,Yes,Yes,Month-to-month,Yes,Credit card (automatic),70.45,4300.45,No,1219,0.041398257,0,Low,0.0,Offer annual or long-term contract incentive; Offer technical support assistance; Promote online security service; Offer online backup package,Maintain regular engagement; Long-term contract conversion offer; Technical support promotion; Online security package promotion; Loyalty and long-term customer engagement,Low,Contract Upgrade Campaign
0017-IUDMW,Female,0,Yes,Yes,72,Yes,Yes,Fiber optic,Yes,Yes,Yes,Yes,Yes,Yes,Two year,Yes,Credit card (automatic),116.8,8456.75,No,4206,0.004512343,0,Low,0.0,Review pricing and provide personalized offer; Offer fiber service support or loyalty benefit,Maintain regular engagement; Personalized pricing review; Fiber service experience review; Loyalty and long-term customer engagement,Low,Customer Loyalty Campaign
5018-LXQQG,Female,0,Yes,Yes,30,Yes,No,DSL,Yes,No,No,Yes,No,Yes,Month-to-month,No,Bank transfer (automatic),66.3,1923.5,No,5067,0.06231035,0,Low,1.0,Offer annual or long-term contract incentive; Offer online backup package,Maintain regular engagement; Long-term contract conversion offer; Early intervention and retention campaign,Low,Contract Upgrade Campaign
5808-TOTXO,Female,0,No,Yes,3,Yes,No,No,No internet service,No internet service,No internet service,No internet service,No internet service,No internet service,One year,Yes,Credit card (automatic),20.55,57.4,No,4317,0.025624275,0,Low,1.0,Provide early-stage customer engagement,Maintain regular engagement; Early customer onboarding support; Early intervention and retention campaign,Low,New Customer Engagement Campaign
1174-FGIFN,Female,0,Yes,Yes,28,Yes,Yes,Fiber optic,No,No,No,Yes,No,Yes,One year,Yes,Electronic check,90.45,2509.25,No,2486,0.15840325,0,Low,1.0,Promote online security service; Offer online backup package; Review pricing and provide personalized offer; Offer fiber service support or loyalty benefit,Maintain regular engagement; Online security package promotion; Personalized pricing review; Fiber service experience review; Early intervention and retention campaign,Low,Customer Loyalty Campaign
0730-KOAVE,Male,0,No,No,30,Yes,Yes,Fiber optic,Yes,Yes,No,No,No,Yes,Month-to-month,Yes,Credit card (automatic),94.3,2679.7,No,895,0.37418243,0,Low,0.0,Offer annual or long-term contract incentive; Offer technical support assistance; Review pricing and provide personalized offer; Offer fiber service support or loyalty benefit,Maintain regular engagement; Long-term contract conversion offer; Technical support promotion; Personalized pricing review; Fiber service experience review; Loyalty and long-term customer engagement,Low,Contract Upgrade Campaign
1218-VKFPE,Female,0,Yes,Yes,12,Yes,No,No,No internet service,No internet service,No internet service,No internet service,No internet service,No internet service,Month-to-month,No,Mailed check,19.0,233.55,Yes,580,0.027341783,0,Low,1.0,Offer annual or long-term contract incentive,Maintain regular engagement; Long-term contract conversion offer; Early intervention and retention campaign,Low,Contract Upgrade Campaign
5313-FPXWG,Male,0,No,No,51,Yes,Yes,No,No internet service,No internet service,No internet service,No internet service,No internet service,No internet service,One year,Yes,Bank transfer (automatic),24.6,1266.4,No,686,0.025735112,0,Low,1.0,Continue regular customer engagement,Maintain regular engagement; Early intervention and retention campaign,Low,Customer Loyalty Campaign
2834-JKOOW,Female,0,No,No,15,No,No phone service,DSL,Yes,Yes,Yes,Yes,No,No,One year,No,Mailed check,45.9,693.45,No,6523,0.056777183,0,Low,1.0,Continue regular customer engagement,Maintain regular engagement; Early intervention and retention campaign,Low,Customer Loyalty Campaign
9430-NKQLY,Male,0,Yes,Yes,72,Yes,Yes,No,No internet service,No internet service,No internet service,No internet service,No internet service,No internet service,Two year,Yes,Credit card (automatic),25.1,1790.8,No,3466,0.0023036671,0,Low,1.0,Continue regular customer engagement,Maintain regular engagement; Early intervention and retention campaign,Low,Customer Loyalty Campaign
0363-QJVFX,Male,0,No,No,32,Yes,Yes,Fiber optic,Yes,Yes,No,Yes,Yes,Yes,Month-to-month,Yes,Credit card (automatic),108.15,3432.9,Yes,5715,0.087122805,0,Low,0.0,Offer annual or long-term contract incentive; Review pricing and provide personalized offer; Offer fiber service support or loyalty benefit,Maintain regular engagement; Long-term contract conversion offer; Personalized pricing review; Fiber service experience review; Loyalty and long-term customer engagement,Low,Contract Upgrade Campaign
1658-TJVOA,Female,1,No,No,6,Yes,No,Fiber optic,Yes,No,No,No,No,No,Month-to-month,Yes,Electronic check,74.1,450.9,No,2902,0.6244089,1,Medium,1.0,Offer annual or long-term contract incentive; Offer technical support assistance; Offer online backup package; Provide early-stage customer engagement; Offer fiber service support or loyalty benefit,Proactive retention communication; Early customer onboarding support; Long-term contract conversion offer; Technical support promotion; Fiber service experience review; Early intervention and retention campaign,Medium,Contract Upgrade Campaign
6685-GBWJZ,Male,0,Yes,No,63,Yes,No,DSL,Yes,Yes,No,Yes,Yes,No,One year,No,Credit card (automatic),70.8,4448.8,No,3317,0.04603731,0,Low,0.0,Continue regular customer engagement,Maintain regular engagement; Loyalty and long-term customer engagement,Low,Customer Loyalty Campaign
6328-ZPBGN,Female,1,No,No,11,Yes,Yes,Fiber optic,No,No,No,No,Yes,Yes,Month-to-month,Yes,Bank transfer (automatic),95.15,997.65,Yes,6179,0.94348055,1,High,1.0,Priority retention outreach; Offer annual or long-term contract incentive; Offer technical support assistance; Promote online security service; Offer online backup package; Review pricing and provide personalized offer; Offer fiber service support or loyalty benefit,Immediate retention outreach; Long-term contract conversion offer; Technical support promotion; Online security package promotion; Personalized pricing review; Fiber service experience review; Early intervention and retention campaign,Critical,Immediate Personal Outreach
4003-FUSHP,Male,0,No,No,19,Yes,No,DSL,No,No,No,Yes,Yes,No,Month-to-month,Yes,Credit card (automatic),61.55,1093.2,No,6057,0.17592826,0,Low,1.0,Offer annual or long-term contract incentive; Promote online security service; Offer online backup package,Maintain regular engagement; Long-term contract conversion offer; Online security package promotion; Early intervention and retention campaign,Low,Contract Upgrade Campaign
7690-KPNCU,Male,0,Yes,Yes,64,Yes,No,DSL,Yes,No,Yes,No,Yes,Yes,One year,Yes,Credit card (automatic),73.05,4688.65,No,1343,0.07450144,0,Low,0.0,Offer technical support assistance; Offer online backup package,Maintain regular engagement; Technical support promotion; Loyalty and long-term customer engagement,Low,Customer Loyalty Campaign
2969-WGHQO,Female,0,Yes,Yes,7,Yes,No,DSL,Yes,Yes,Yes,No,Yes,No,One year,No,Electronic check,69.45,477.05,No,4018,0.06441768,0,Low,1.0,Offer technical support assistance,Maintain regular engagement; Technical support promotion; Early intervention and retention campaign,Low,Customer Loyalty Campaign
1855-CFULU,Female,1,No,No,4,Yes,No,No,No internet service,No internet service,No internet service,No internet service,No internet service,No internet service,Month-to-month,No,Mailed check,20.05,91.45,No,2674,0.33769083,0,Low,1.0,Offer annual or long-term contract incentive; Provide early-stage customer engagement,Maintain regular engagement; Early customer onboarding support; Long-term contract conversion offer; Early intervention and retention campaign,Low,Contract Upgrade Campaign
9788-YTFGE,Male,0,No,No,7,Yes,No,No,No internet service,No internet service,No internet service,No internet service,No internet service,No internet service,Month-to-month,Yes,Mailed check,19.95,147.5,No,1316,0.179298,0,Low,1.0,Offer annual or long-term contract incentive,Maintain regular engagement; Long-term contract conversion offer; Early intervention and retention campaign,Low,Contract Upgrade Campaign
8266-VBFQL,Male,0,No,No,4,Yes,No,Fiber optic,No,No,Yes,Yes,No,Yes,Month-to-month,Yes,Electronic check,90.4,356.65,No,302,0.5597375,1,Medium,1.0,Offer annual or long-term contract incentive; Promote online security service; Offer online backup package; Review pricing and provide personalized offer; Provide early-stage customer engagement; Offer fiber service support or loyalty benefit,Proactive retention communication; Early customer onboarding support; Long-term contract conversion offer; Online security package promotion; Personalized pricing review; Fiber service experience review; Early intervention and retention campaign,Medium,Contract Upgrade Campaign
2325-NBPZG,Female,0,No,No,3,Yes,No,Fiber optic,Yes,No,No,No,No,No,Month-to-month,Yes,Electronic check,74.55,233.65,No,6015,0.56019485,1,Medium,1.0,Offer annual or long-term contract incentive; Offer technical support assistance; Offer online backup package; Provide early-stage customer engagement; Offer fiber service support or loyalty benefit,Proactive retention communication; Early customer onboarding support; Long-term contract conversion offer; Technical support promotion; Fiber service experience review; Early intervention and retention campaign,Medium,Contract Upgrade Campaign
9906-NHHVC,Female,1,No,No,65,No,No phone service,DSL,No,Yes,Yes,No,Yes,Yes,Two year,Yes,Bank transfer (automatic),53.5,3517.9,No,1584,0.035365503,0,Low,0.0,Offer technical support assistance; Promote online security service,Maintain regular engagement; Technical support promotion; Online security package promotion; Loyalty and long-term customer engagement,Low,Customer Loyalty Campaign
2541-YGPKE,Male,0,Yes,Yes,42,Yes,No,DSL,Yes,No,No,Yes,No,Yes,One year,No,Credit card (automatic),63.7,2763.35,No,3970,0.1315203,0,Low,1.0,Offer online backup package,Maintain regular engagement; Early intervention and retention campaign,Low,Customer Loyalty Campaign
5049-MUBWG,Male,0,No,No,26,Yes,No,DSL,Yes,No,No,Yes,Yes,Yes,One year,No,Bank transfer (automatic),75.0,1908.35,No,4160,0.039310355,0,Low,1.0,Offer online backup package,Maintain regular engagement; Early intervention and retention campaign,Low,Customer Loyalty Campaign
2332-TODQS,Female,0,No,No,48,Yes,Yes,No,No internet service,No internet service,No internet service,No internet service,No internet service,No internet service,One year,No,Credit card (automatic),25.05,1171.5,No,3898,0.06025126,0,Low,1.0,Continue regular customer engagement,Maintain regular engagement; Early intervention and retention campaign,Low,Customer Loyalty Campaign
4419-UJMUS,Male,0,Yes,Yes,69,Yes,Yes,Fiber optic,No,No,No,Yes,Yes,Yes,Two year,Yes,Electronic check,99.35,6856.45,No,5484,0.10066737,0,Low,0.0,Promote online security service; Offer online backup package; Review pricing and provide personalized offer; Offer fiber service support or loyalty benefit,Maintain regular engagement; Online security package promotion; Personalized pricing review; Fiber service experience review; Loyalty and long-term customer engagement,Low,Customer Loyalty Campaign
2233-TXSIU,Male,0,Yes,Yes,17,No,No phone service,DSL,Yes,No,Yes,No,Yes,No,One year,No,Credit card (automatic),44.45,792.15,No,6457,0.052242093,0,Low,1.0,Offer technical support assistance; Offer online backup package,Maintain regular engagement; Technical support promotion; Early intervention and retention campaign,Low,Customer Loyalty Campaign
6770-XUAGN,Female,0,Yes,Yes,1,Yes,No,No,No internet service,No internet service,No internet service,No internet service,No internet service,No internet service,Month-to-month,Yes,Electronic check,21.0,21.0,Yes,1890,0.46720585,0,Medium,1.0,Offer annual or long-term contract incentive; Provide early-stage customer engagement,Proactive retention communication; Early customer onboarding support; Long-term contract conversion offer; Early intervention and retention campaign,Medium,Contract Upgrade Campaign
2919-HBCJO,Female,0,No,No,4,Yes,No,Fiber optic,No,Yes,No,No,No,No,Month-to-month,Yes,Bank transfer (automatic),76.65,333.6,Yes,3145,0.7756108,1,High,1.0,Priority retention outreach; Offer annual or long-term contract incentive; Offer technical support assistance; Promote online security service; Provide early-stage customer engagement; Offer fiber service support or loyalty benefit,Immediate retention outreach; Early customer onboarding support; Long-term contract conversion offer; Technical support promotion; Online security package promotion; Fiber service experience review; Early intervention and retention campaign,High,Retention Offer Campaign
9508-ILZDG,Female,1,No,No,34,Yes,Yes,Fiber optic,No,Yes,No,Yes,Yes,No,Month-to-month,Yes,Electronic check,96.35,3190.25,No,2699,0.46173447,0,Medium,0.0,Offer annual or long-term contract incentive; Promote online security service; Review pricing and provide personalized offer; Offer fiber service support or loyalty benefit,Proactive retention communication; Long-term contract conversion offer; Online security package promotion; Personalized pricing review; Fiber service experience review; Loyalty and long-term customer engagement,Medium,Contract Upgrade Campaign
5442-BHQNG,Female,0,No,No,2,Yes,No,Fiber optic,No,No,No,No,No,No,Month-to-month,No,Electronic check,70.35,139.25,No,6308,0.70199764,1,High,1.0,Priority retention outreach; Offer annual or long-term contract incentive; Offer technical support assistance; Promote online security service; Offer online backup package; Provide early-stage customer engagement; Offer fiber service support or loyalty benefit,Immediate retention outreach; Early customer onboarding support; Long-term contract conversion offer; Technical support promotion; Online security package promotion; Fiber service experience review; Early intervention and retention campaign,High,Retention Offer Campaign
7250-EQKIY,Female,0,Yes,Yes,1,Yes,No,DSL,No,No,Yes,No,No,No,Month-to-month,No,Mailed check,50.45,50.45,Yes,3216,0.6966973,1,Medium,1.0,Offer annual or long-term contract incentive; Offer technical support assistance; Promote online security service; Offer online backup package; Provide early-stage customer engagement,Proactive retention communication; Early customer onboarding support; Long-term contract conversion offer; Technical support promotion; Online security package promotion; Early intervention and retention campaign,Medium,Contract Upgrade Campaign
6838-HVLXG,Female,0,No,No,12,Yes,No,No,No internet service,No internet service,No internet service,No internet service,No internet service,No internet service,Month-to-month,No,Mailed check,20.3,246.7,No,2849,0.12353595,0,Low,1.0,Offer annual or long-term contract incentive,Maintain regular engagement; Long-term contract conversion offer; Early intervention and retention campaign,Low,Contract Upgrade Campaign
9767-FFLEM,Male,0,No,No,38,Yes,No,Fiber optic,No,No,No,No,No,No,Month-to-month,Yes,Credit card (automatic),69.5,2625.25,No,7033,0.31300247,0,Low,1.0,Offer annual or long-term contract incentive; Offer technical support assistance; Promote online security service; Offer online backup package; Offer fiber service support or loyalty benefit,Maintain regular engagement; Long-term contract conversion offer; Technical support promotion; Online security package promotion; Fiber service experience review; Early intervention and retention campaign,Low,Contract Upgrade Campaign
2245-ADZFJ,Female,0,Yes,Yes,31,Yes,Yes,DSL,No,Yes,No,Yes,Yes,Yes,Two year,No,Bank transfer (automatic),80.55,2471.6,No,1552,0.014541167,0,Low,1.0,Promote online security service; Review pricing and provide personalized offer,Maintain regular engagement; Online security package promotion; Personalized pricing review; Early intervention and retention campaign,Low,Customer Loyalty Campaign
1150-WFARN,Female,0,Yes,Yes,67,Yes,Yes,Fiber optic,Yes,No,Yes,Yes,Yes,Yes,Two year,Yes,Credit card (automatic),108.75,7156.2,Yes,3694,0.0723637,0,Low,0.0,Offer online backup package; Review pricing and provide personalized offer; Offer fiber service support or loyalty benefit,Maintain regular engagement; Personalized pricing review; Fiber service experience review; Loyalty and long-term customer engagement,Low,Customer Loyalty Campaign
9054-FOWNV,Male,0,Yes,Yes,22,Yes,Yes,Fiber optic,No,No,Yes,No,Yes,No,Month-to-month,Yes,Electronic check,88.75,1885.15,No,4253,0.7500104,1,High,1.0,Priority retention outreach; Offer annual or long-term contract incentive; Offer technical support assistance; Promote online security service; Offer online backup package; Review pricing and provide personalized offer; Offer fiber service support or loyalty benefit,Immediate retention outreach; Long-term contract conversion offer; Technical support promotion; Online security package promotion; Personalized pricing review; Fiber service experience review; Early intervention and retention campaign,High,Retention Offer Campaign
7997-EASSD,Female,0,Yes,No,63,Yes,Yes,Fiber optic,No,No,No,Yes,No,No,One year,Yes,Credit card (automatic),81.2,4965.1,No,894,0.016057389,0,Low,0.0,Promote online security service; Offer online backup package; Review pricing and provide personalized offer; Offer fiber service support or loyalty benefit,Maintain regular engagement; Online security package promotion; Personalized pricing review; Fiber service experience review; Loyalty and long-term customer engagement,Low,Customer Loyalty Campaign
7560-QJAVJ,Female,0,No,No,70,Yes,No,DSL,Yes,No,Yes,Yes,Yes,Yes,Two year,No,Bank transfer (automatic),79.6,5589.45,No,6436,0.013263712,0,Low,0.0,Offer online backup package,Maintain regular engagement; Loyalty and long-term customer engagement,Low,Customer Loyalty Campaign
2668-TZSPS,Male,0,No,No,1,Yes,No,No,No internet service,No internet service,No internet service,No internet service,No internet service,No internet service,Month-to-month,No,Mailed check,20.45,20.45,No,2892,0.5590056,1,Medium,1.0,Offer annual or long-term contract incentive; Provide early-stage customer engagement,Proactive retention communication; Early customer onboarding support; Long-term contract conversion offer; Early intervention and retention campaign,Medium,Contract Upgrade Campaign
9139-WQQDY,Female,0,Yes,Yes,49,Yes,Yes,Fiber optic,No,Yes,No,No,Yes,Yes,One year,No,Mailed check,100.45,4941.8,Yes,2005,0.064393155,0,Low,0.0,Offer technical support assistance; Promote online security service; Review pricing and provide personalized offer; Offer fiber service support or loyalty benefit,Maintain regular engagement; Technical support promotion; Online security package promotion; Personalized pricing review; Fiber service experience review; Loyalty and long-term customer engagement,Low,Customer Loyalty Campaign
6726-NNFWD,Female,1,Yes,No,71,Yes,No,Fiber optic,No,Yes,Yes,No,No,Yes,Two year,No,Credit card (automatic),89.45,6435.25,No,5470,0.01582263,0,Low,0.0,Offer technical support assistance; Promote online security service; Review pricing and provide personalized offer; Offer fiber service support or loyalty benefit,Maintain regular engagement; Technical support promotion; Online security package promotion; Personalized pricing review; Fiber service experience review; Loyalty and long-term customer engagement,Low,Customer Loyalty Campaign
9330-DHBFL,Female,0,Yes,Yes,23,Yes,No,DSL,Yes,Yes,Yes,Yes,No,No,One year,Yes,Mailed check,66.25,1533.8,No,1127,0.081909746,0,Low,1.0,Continue regular customer engagement,Maintain regular engagement; Early intervention and retention campaign,Low,Customer Loyalty Campaign
5727-MYATE,Male,0,Yes,Yes,72,Yes,Yes,DSL,Yes,Yes,Yes,Yes,Yes,Yes,Two year,Yes,Credit card (automatic),90.8,6397.6,No,5181,0.0022471352,0,Low,0.0,Review pricing and provide personalized offer,Maintain regular engagement; Personalized pricing review; Loyalty and long-term customer engagement,Low,Customer Loyalty Campaign
2824-DXNKN,Female,0,Yes,Yes,72,Yes,Yes,DSL,Yes,No,Yes,No,Yes,No,Two year,Yes,Bank transfer (automatic),71.45,5025.85,No,4408,0.0069161546,0,Low,0.0,Offer technical support assistance; Offer online backup package,Maintain regular engagement; Technical support promotion; Loyalty and long-term customer engagement,Low,Customer Loyalty Campaign
6166-ILMNY,Female,0,No,No,2,Yes,No,Fiber optic,No,No,No,No,No,No,Month-to-month,No,Bank transfer (automatic),69.75,144.55,Yes,1070,0.643993,1,Medium,1.0,Offer annual or long-term contract incentive; Offer technical support assistance; Promote online security service; Offer online backup package; Provide early-stage customer engagement; Offer fiber service support or loyalty benefit,Proactive retention communication; Early customer onboarding support; Long-term contract conversion offer; Technical support promotion; Online security package promotion; Fiber service experience review; Early intervention and retention campaign,Medium,Contract Upgrade Campaign
5236-XMZJY,Female,0,No,No,42,Yes,No,DSL,Yes,Yes,Yes,No,No,No,Month-to-month,No,Bank transfer (automatic),59.65,2536.55,No,4984,0.14089282,0,Low,1.0,Offer annual or long-term contract incentive; Offer technical support assistance,Maintain regular engagement; Long-term contract conversion offer; Technical support promotion; Early intervention and retention campaign,Low,Contract Upgrade Campaign
1709-EJDOX,Female,0,Yes,Yes,47,Yes,No,No,No internet service,No internet service,No internet service,No internet service,No internet service,No internet service,Two year,No,Mailed check,19.75,948.9,No,5886,0.005335373,0,Low,1.0,Continue regular customer engagement,Maintain regular engagement; Early intervention and retention campaign,Low,Customer Loyalty Campaign
4962-CHQPW,Male,0,No,Yes,29,Yes,No,No,No internet service,No internet service,No internet service,No internet service,No internet service,No internet service,One year,No,Mailed check,19.85,535.05,No,3155,0.0055626403,0,Low,1.0,Continue regular customer engagement,Maintain regular engagement; Early intervention and retention campaign,Low,Customer Loyalty Campaign
0301-FIDRB,Female,0,Yes,Yes,72,No,No phone service,DSL,Yes,Yes,Yes,Yes,Yes,Yes,Two year,Yes,Bank transfer (automatic),63.8,4684.3,No,2915,0.003465519,0,Low,0.0,Continue regular customer engagement,Maintain regular engagement; Loyalty and long-term customer engagement,Low,Customer Loyalty Campaign
1820-TQVEV,Male,0,No,No,1,Yes,No,Fiber optic,No,No,No,No,No,No,Month-to-month,Yes,Electronic check,69.55,69.55,Yes,809,0.9743158,1,High,1.0,Priority retention outreach; Offer annual or long-term contract incentive; Offer technical support assistance; Promote online security service; Offer online backup package; Provide early-stage customer engagement; Offer fiber service support or loyalty benefit,Immediate retention outreach; Early customer onboarding support; Long-term contract conversion offer; Technical support promotion; Online security package promotion; Fiber service experience review; Early intervention and retention campaign,Critical,Immediate Personal Outreach
9115-YQHGA,Male,0,No,No,40,Yes,No,DSL,No,No,No,Yes,No,No,Month-to-month,Yes,Electronic check,51.1,2092.9,No,5623,0.14771557,0,Low,1.0,Offer annual or long-term contract incentive; Promote online security service; Offer online backup package,Maintain regular engagement; Long-term contract conversion offer; Online security package promotion; Early intervention and retention campaign,Low,Contract Upgrade Campaign
1541-ETJZO,Male,0,No,No,1,Yes,Yes,DSL,No,No,Yes,Yes,No,No,Month-to-month,No,Mailed check,62.05,62.05,Yes,4725,0.3532546,0,Low,1.0,Offer annual or long-term contract incentive; Promote online security service; Offer online backup package; Provide early-stage customer engagement,Maintain regular engagement; Early customer onboarding support; Long-term contract conversion offer; Online security package promotion; Early intervention and retention campaign,Low,Contract Upgrade Campaign
6230-BSUXY,Female,1,No,No,1,Yes,No,Fiber optic,No,No,Yes,No,No,Yes,Month-to-month,Yes,Electronic check,85.0,85.0,Yes,6748,0.9418306,1,High,1.0,Priority retention outreach; Offer annual or long-term contract incentive; Offer technical support assistance; Promote online security service; Offer online backup package; Review pricing and provide personalized offer; Provide early-stage customer engagement; Offer fiber service support or loyalty benefit,Immediate retention outreach; Early customer onboarding support; Long-term contract conversion offer; Technical support promotion; Online security package promotion; Personalized pricing review; Fiber service experience review; Early intervention and retention campaign,Critical,Immediate Personal Outreach
6797-LNAQX,Male,0,Yes,Yes,70,Yes,Yes,Fiber optic,No,Yes,No,No,Yes,Yes,Two year,No,Bank transfer (automatic),98.3,6859.5,Yes,6945,0.04854851,0,Low,0.0,Offer technical support assistance; Promote online security service; Review pricing and provide personalized offer; Offer fiber service support or loyalty benefit,Maintain regular engagement; Technical support promotion; Online security package promotion; Personalized pricing review; Fiber service experience review; Loyalty and long-term customer engagement,Low,Customer Loyalty Campaign
9588-YRFHY,Male,0,No,No,49,Yes,No,No,No internet service,No internet service,No internet service,No internet service,No internet service,No internet service,Two year,Yes,Credit card (automatic),19.9,1022.6,No,6951,0.00813456,0,Low,1.0,Continue regular customer engagement,Maintain regular engagement; Early intervention and retention campaign,Low,Customer Loyalty Campaign
1092-GANHU,Male,0,No,No,17,Yes,No,Fiber optic,No,No,Yes,No,No,No,Month-to-month,Yes,Electronic check,76.65,1313.55,Yes,1509,0.34232113,0,Low,1.0,Offer annual or long-term contract incentive; Offer technical support assistance; Promote online security service; Offer online backup package; Offer fiber service support or loyalty benefit,Maintain regular engagement; Long-term contract conversion offer; Technical support promotion; Online security package promotion; Fiber service experience review; Early intervention and retention campaign,Low,Contract Upgrade Campaign
5951-AOFIH,Male,0,No,No,33,Yes,No,DSL,No,Yes,Yes,No,Yes,No,Month-to-month,Yes,Credit card (automatic),66.4,2245.4,No,4423,0.14981814,0,Low,1.0,Offer annual or long-term contract incentive; Offer technical support assistance; Promote online security service,Maintain regular engagement; Long-term contract conversion offer; Technical support promotion; Online security package promotion; Early intervention and retention campaign,Low,Contract Upgrade Campaign
7029-RPUAV,Male,1,Yes,No,17,Yes,Yes,Fiber optic,No,No,Yes,No,Yes,Yes,Month-to-month,Yes,Credit card (automatic),100.45,1622.45,Yes,1088,0.70559573,1,High,1.0,Priority retention outreach; Offer annual or long-term contract incentive; Offer technical support assistance; Promote online security service; Offer online backup package; Review pricing and provide personalized offer; Offer fiber service support or loyalty benefit,Immediate retention outreach; Long-term contract conversion offer; Technical support promotion; Online security package promotion; Personalized pricing review; Fiber service experience review; Early intervention and retention campaign,High,Retention Offer Campaign
4700-UBQMV,Male,0,Yes,Yes,21,Yes,Yes,DSL,Yes,No,No,No,Yes,Yes,One year,Yes,Bank transfer (automatic),75.9,1549.75,No,6098,0.14377911,0,Low,1.0,Offer technical support assistance; Offer online backup package,Maintain regular engagement; Technical support promotion; Early intervention and retention campaign,Low,Customer Loyalty Campaign
3594-UVONA,Female,0,No,No,35,Yes,Yes,DSL,Yes,No,Yes,Yes,Yes,Yes,One year,Yes,Credit card (automatic),85.95,3110.1,Yes,3844,0.047201503,0,Low,0.0,Offer online backup package; Review pricing and provide personalized offer,Maintain regular engagement; Personalized pricing review; Loyalty and long-term customer engagement,Low,Customer Loyalty Campaign
7750-EYXWZ,Female,0,No,No,12,No,No phone service,DSL,No,Yes,Yes,Yes,Yes,Yes,One year,No,Electronic check,60.65,743.3,No,7036,0.057313602,0,Low,1.0,Promote online security service,Maintain regular engagement; Online security package promotion; Early intervention and retention campaign,Low,Customer Loyalty Campaign
7054-ENNGU,Female,0,Yes,No,9,Yes,No,DSL,No,Yes,No,No,No,No,Month-to-month,No,Mailed check,50.85,466.6,No,5902,0.11251803,0,Low,1.0,Offer annual or long-term contract incentive; Offer technical support assistance; Promote online security service,Maintain regular engagement; Long-term contract conversion offer; Technical support promotion; Online security package promotion; Early intervention and retention campaign,Low,Contract Upgrade Campaign
0402-OAMEN,Female,0,Yes,Yes,72,Yes,Yes,No,No internet service,No internet service,No internet service,No internet service,No internet service,No internet service,Two year,No,Bank transfer (automatic),24.45,1709.1,No,5828,0.0012823029,0,Low,1.0,Continue regular customer engagement,Maintain regular engagement; Early intervention and retention campaign,Low,Customer Loyalty Campaign
2195-VVRJF,Male,1,Yes,No,18,Yes,No,DSL,Yes,No,No,No,No,Yes,Month-to-month,Yes,Credit card (automatic),59.1,1011.05,No,3320,0.1408516,0,Low,1.0,Offer annual or long-term contract incentive; Offer technical support assistance; Offer online backup package,Maintain regular engagement; Long-term contract conversion offer; Technical support promotion; Early intervention and retention campaign,Low,Contract Upgrade Campaign
8819-ZBYNA,Female,0,Yes,No,58,Yes,Yes,Fiber optic,Yes,Yes,No,Yes,Yes,Yes,Two year,Yes,Credit card (automatic),109.1,6393.65,No,3818,0.2284516,0,Low,0.0,Review pricing and provide personalized offer; Offer fiber service support or loyalty benefit,Maintain regular engagement; Personalized pricing review; Fiber service experience review; Loyalty and long-term customer engagement,Low,Customer Loyalty Campaign
7748-UMTRK,Female,1,No,Yes,30,Yes,Yes,Fiber optic,No,No,No,Yes,Yes,Yes,Month-to-month,Yes,Electronic check,101.3,2974.5,No,2580,0.6168336,1,Medium,0.0,Offer annual or long-term contract incentive; Promote online security service; Offer online backup package; Review pricing and provide personalized offer; Offer fiber service support or loyalty benefit,Proactive retention communication; Long-term contract conversion offer; Online security package promotion; Personalized pricing review; Fiber service experience review; Loyalty and long-term customer engagement,Medium,Contract Upgrade Campaign
1741-WTPON,Male,0,Yes,Yes,56,Yes,Yes,Fiber optic,Yes,Yes,Yes,Yes,Yes,Yes,Two year,No,Mailed check,115.85,6567.9,No,4600,0.032566976,0,Low,0.0,Review pricing and provide personalized offer; Offer fiber service support or loyalty benefit,Maintain regular engagement; Personalized pricing review; Fiber service experience review; Loyalty and long-term customer engagement,Low,Customer Loyalty Campaign
7209-JCUDS,Male,0,No,No,10,Yes,No,Fiber optic,No,No,Yes,No,Yes,Yes,Month-to-month,Yes,Electronic check,94.9,1048.85,Yes,2798,0.83058685,1,High,1.0,Priority retention outreach; Offer annual or long-term contract incentive; Offer technical support assistance; Promote online security service; Offer online backup package; Review pricing and provide personalized offer; Offer fiber service support or loyalty benefit,Immediate retention outreach; Long-term contract conversion offer; Technical support promotion; Online security package promotion; Personalized pricing review; Fiber service experience review; Early intervention and retention campaign,Critical,Immediate Personal Outreach
2485-ITVKB,Female,0,Yes,No,2,No,No phone service,DSL,No,No,No,No,No,Yes,Month-to-month,Yes,Electronic check,35.1,68.75,Yes,1851,0.7530706,1,High,1.0,Priority retention outreach; Offer annual or long-term contract incentive; Offer technical support assistance; Promote online security service; Offer online backup package; Provide early-stage customer engagement,Immediate retention outreach; Early customer onboarding support; Long-term contract conversion offer; Technical support promotion; Online security package promotion; Early intervention and retention campaign,High,Retention Offer Campaign
9648-BCHKM,Female,0,Yes,Yes,18,Yes,Yes,No,No internet service,No internet service,No internet service,No internet service,No internet service,No internet service,Two year,Yes,Credit card (automatic),24.65,471.35,No,5725,0.036585446,0,Low,1.0,Continue regular customer engagement,Maintain regular engagement; Early intervention and retention campaign,Low,Customer Loyalty Campaign
0743-HRVFF,Female,0,Yes,Yes,51,No,No phone service,DSL,No,No,Yes,Yes,Yes,Yes,One year,Yes,Electronic check,56.15,2898.95,No,4008,0.08225438,0,Low,0.0,Promote online security service; Offer online backup package,Maintain regular engagement; Online security package promotion; Loyalty and long-term customer engagement,Low,Customer Loyalty Campaign
2522-AHJXR,Male,0,Yes,No,60,Yes,Yes,Fiber optic,Yes,No,Yes,Yes,Yes,Yes,Month-to-month,Yes,Bank transfer (automatic),109.45,6572.85,No,3751,0.11281962,0,Low,0.0,Offer annual or long-term contract incentive; Offer online backup package; Review pricing and provide personalized offer; Offer fiber service support or loyalty benefit,Maintain regular engagement; Long-term contract conversion offer; Personalized pricing review; Fiber service experience review; Loyalty and long-term customer engagement,Low,Contract Upgrade Campaign
9143-CANJF,Female,0,Yes,Yes,24,Yes,No,DSL,Yes,No,No,Yes,No,No,Month-to-month,No,Electronic check,55.15,1319.85,No,3291,0.23092578,0,Low,1.0,Offer annual or long-term contract incentive; Offer online backup package,Maintain regular engagement; Long-term contract conversion offer; Early intervention and retention campaign,Low,Contract Upgrade Campaign
1444-VVSGW,Male,0,Yes,No,70,Yes,Yes,Fiber optic,Yes,Yes,Yes,Yes,Yes,Yes,One year,No,Credit card (automatic),115.65,7968.85,Yes,6537,0.35965168,0,Low,0.0,Review pricing and provide personalized offer; Offer fiber service support or loyalty benefit,Maintain regular engagement; Personalized pricing review; Fiber service experience review; Loyalty and long-term customer engagement,Low,Customer Loyalty Campaign
6898-MDLZW,Male,0,No,No,12,Yes,No,DSL,No,Yes,No,Yes,No,No,Month-to-month,Yes,Mailed check,53.75,648.65,No,2961,0.24529889,0,Low,1.0,Offer annual or long-term contract incentive; Promote online security service,Maintain regular engagement; Long-term contract conversion offer; Online security package promotion; Early intervention and retention campaign,Low,Contract Upgrade Campaign
0074-HDKDG,Male,0,Yes,Yes,25,Yes,No,DSL,Yes,Yes,Yes,No,No,No,One year,Yes,Bank transfer (automatic),61.6,1611.0,No,1123,0.0687919,0,Low,1.0,Offer technical support assistance,Maintain regular engagement; Technical support promotion; Early intervention and retention campaign,Low,Customer Loyalty Campaign
3982-JGSFD,Male,0,No,No,36,Yes,No,No,No internet service,No internet service,No internet service,No internet service,No internet service,No internet service,One year,Yes,Credit card (automatic),20.35,695.85,No,4113,0.00394613,0,Low,1.0,Continue regular customer engagement,Maintain regular engagement; Early intervention and retention campaign,Low,Customer Loyalty Campaign
7928-VJYAB,Male,0,Yes,Yes,11,Yes,No,Fiber optic,No,No,No,No,Yes,Yes,Month-to-month,No,Electronic check,90.6,1020.2,No,2319,0.6893891,1,Medium,1.0,Offer annual or long-term contract incentive; Offer technical support assistance; Promote online security service; Offer online backup package; Review pricing and provide personalized offer; Offer fiber service support or loyalty benefit,Proactive retention communication; Long-term contract conversion offer; Technical support promotion; Online security package promotion; Personalized pricing review; Fiber service experience review; Early intervention and retention campaign,Medium,Contract Upgrade Campaign
1522-VVDMG,Male,0,Yes,Yes,7,Yes,No,Fiber optic,No,Yes,No,Yes,Yes,No,Month-to-month,Yes,Electronic check,89.75,608.8,Yes,5975,0.62459743,1,Medium,1.0,Offer annual or long-term contract incentive; Promote online security service; Review pricing and provide personalized offer; Offer fiber service support or loyalty benefit,Proactive retention communication; Long-term contract conversion offer; Online security package promotion; Personalized pricing review; Fiber service experience review; Early intervention and retention campaign,Medium,Contract Upgrade Campaign
2665-NPTGL,Female,1,Yes,No,26,Yes,Yes,Fiber optic,No,No,Yes,No,Yes,Yes,Month-to-month,Yes,Bank transfer (automatic),98.1,2510.7,No,4473,0.84989315,1,High,1.0,Priority retention outreach; Offer annual or long-term contract incentive; Offer technical support assistance; Promote online security service; Offer online backup package; Review pricing and provide personalized offer; Offer fiber service support or loyalty benefit,Immediate retention outreach; Long-term contract conversion offer; Technical support promotion; Online security package promotion; Personalized pricing review; Fiber service experience review; Early intervention and retention campaign,Critical,Immediate Personal Outreach
8728-SKJLR,Male,0,No,No,41,Yes,No,Fiber optic,No,No,No,Yes,No,No,Month-to-month,Yes,Electronic check,74.25,3089.1,No,768,0.54546416,1,Medium,0.0,Offer annual or long-term contract incentive; Promote online security service; Offer online backup package; Offer fiber service support or loyalty benefit,Proactive retention communication; Long-term contract conversion offer; Online security package promotion; Fiber service experience review; Loyalty and long-term customer engagement,Medium,Contract Upgrade Campaign
7733-UDMTP,Female,1,No,No,57,No,No phone service,DSL,No,Yes,Yes,No,Yes,Yes,Month-to-month,Yes,Electronic check,55.0,3094.05,No,4151,0.51323384,1,Medium,0.0,Offer annual or long-term contract incentive; Offer technical support assistance; Promote online security service,Proactive retention communication; Long-term contract conversion offer; Technical support promotion; Online security package promotion; Loyalty and long-term customer engagement,Medium,Contract Upgrade Campaign
0431-APWVY,Female,0,Yes,Yes,28,Yes,No,Fiber optic,No,No,No,No,Yes,Yes,One year,Yes,Bank transfer (automatic),90.1,2598.95,Yes,2711,0.1842789,0,Low,1.0,Offer technical support assistance; Promote online security service; Offer online backup package; Review pricing and provide personalized offer; Offer fiber service support or loyalty benefit,Maintain regular engagement; Technical support promotion; Online security package promotion; Personalized pricing review; Fiber service experience review; Early intervention and retention campaign,Low,Customer Loyalty Campaign
5081-NWSUP,Female,0,No,No,10,Yes,No,DSL,No,Yes,No,Yes,No,Yes,One year,No,Mailed check,64.9,685.55,No,6075,0.07428537,0,Low,1.0,Promote online security service,Maintain regular engagement; Online security package promotion; Early intervention and retention campaign,Low,Customer Loyalty Campaign
2746-DIJLO,Female,0,No,No,41,Yes,Yes,DSL,No,Yes,No,No,No,No,One year,Yes,Credit card (automatic),56.3,2364.0,No,3437,0.17539734,0,Low,1.0,Offer technical support assistance; Promote online security service,Maintain regular engagement; Technical support promotion; Online security package promotion; Early intervention and retention campaign,Low,Customer Loyalty Campaign
7277-OZCGZ,Female,0,No,No,22,Yes,No,Fiber optic,Yes,No,No,Yes,No,Yes,Month-to-month,Yes,Electronic check,89.05,1886.25,No,311,0.20428593,0,Low,1.0,Offer annual or long-term contract incentive; Offer online backup package; Review pricing and provide personalized offer; Offer fiber service support or loyalty benefit,Maintain regular engagement; Long-term contract conversion offer; Personalized pricing review; Fiber service experience review; Early intervention and retention campaign,Low,Contract Upgrade Campaign
5236-PERKL,Female,0,No,No,57,Yes,Yes,Fiber optic,Yes,Yes,Yes,No,Yes,Yes,Two year,Yes,Bank transfer (automatic),112.95,6465.0,Yes,2424,0.17172879,0,Low,0.0,Offer technical support assistance; Review pricing and provide personalized offer; Offer fiber service support or loyalty benefit,Maintain regular engagement; Technical support promotion; Personalized pricing review; Fiber service experience review; Loyalty and long-term customer engagement,Low,Customer Loyalty Campaign
2788-CJQAQ,Male,0,No,No,13,Yes,No,No,No internet service,No internet service,No internet service,No internet service,No internet service,No internet service,One year,No,Mailed check,19.45,270.2,No,1237,0.007365456,0,Low,1.0,Continue regular customer engagement,Maintain regular engagement; Early intervention and retention campaign,Low,Customer Loyalty Campaign
3096-WPXBT,Female,0,Yes,Yes,61,Yes,Yes,Fiber optic,Yes,Yes,Yes,No,No,Yes,One year,Yes,Credit card (automatic),100.7,6018.65,No,3398,0.05620063,0,Low,0.0,Offer technical support assistance; Review pricing and provide personalized offer; Offer fiber service support or loyalty benefit,Maintain regular engagement; Technical support promotion; Personalized pricing review; Fiber service experience review; Loyalty and long-term customer engagement,Low,Customer Loyalty Campaign
9962-BFPDU,Female,0,Yes,Yes,1,Yes,No,No,No internet service,No internet service,No internet service,No internet service,No internet service,No internet service,Month-to-month,No,Mailed check,20.05,20.05,No,6230,0.667376,1,Medium,1.0,Offer annual or long-term contract incentive; Provide early-stage customer engagement,Proactive retention communication; Early customer onboarding support; Long-term contract conversion offer; Early intervention and retention campaign,Medium,Contract Upgrade Campaign
2892-GESUL,Female,0,Yes,Yes,18,Yes,No,No,No internet service,No internet service,No internet service,No internet service,No internet service,No internet service,Two year,No,Mailed check,19.35,309.25,No,5515,0.0066233035,0,Low,1.0,Continue regular customer engagement,Maintain regular engagement; Early intervention and retention campaign,Low,Customer Loyalty Campaign
9741-YLNTD,Male,0,No,No,6,Yes,Yes,Fiber optic,No,No,No,Yes,No,Yes,Month-to-month,Yes,Bank transfer (automatic),87.95,522.35,No,4165,0.8052049,1,High,1.0,Priority retention outreach; Offer annual or long-term contract incentive; Promote online security service; Offer online backup package; Review pricing and provide personalized offer; Provide early-stage customer engagement; Offer fiber service support or loyalty benefit,Immediate retention outreach; Early customer onboarding support; Long-term contract conversion offer; Online security package promotion; Personalized pricing review; Fiber service experience review; Early intervention and retention campaign,Critical,Immediate Personal Outreach
1205-WNWPJ,Female,0,No,No,7,Yes,No,DSL,No,No,No,Yes,Yes,No,Month-to-month,Yes,Mailed check,59.5,415.95,Yes,1578,0.2722351,0,Low,1.0,Offer annual or long-term contract incentive; Promote online security service; Offer online backup package,Maintain regular engagement; Long-term contract conversion offer; Online security package promotion; Early intervention and retention campaign,Low,Contract Upgrade Campaign
3173-NVMPX,Female,0,Yes,Yes,9,Yes,Yes,DSL,No,Yes,No,No,No,No,Month-to-month,Yes,Mailed check,55.3,501.2,No,5512,0.13464542,0,Low,1.0,Offer annual or long-term contract incentive; Offer technical support assistance; Promote online security service,Maintain regular engagement; Long-term contract conversion offer; Technical support promotion; Online security package promotion; Early intervention and retention campaign,Low,Contract Upgrade Campaign
9661-MHUMO,Male,1,Yes,Yes,1,Yes,No,DSL,No,No,No,Yes,No,No,Month-to-month,Yes,Credit card (automatic),49.25,49.25,Yes,6346,0.14737324,0,Low,1.0,Offer annual or long-term contract incentive; Promote online security service; Offer online backup package; Provide early-stage customer engagement,Maintain regular engagement; Early customer onboarding support; Long-term contract conversion offer; Online security package promotion; Early intervention and retention campaign,Low,Contract Upgrade Campaign
6000-APYLU,Male,0,No,No,9,Yes,No,Fiber optic,No,No,No,No,No,Yes,Month-to-month,Yes,Electronic check,80.8,713.1,Yes,5168,0.53316545,1,Medium,1.0,Offer annual or long-term contract incentive; Offer technical support assistance; Promote online security service; Offer online backup package; Review pricing and provide personalized offer; Offer fiber service support or loyalty benefit,Proactive retention communication; Long-term contract conversion offer; Technical support promotion; Online security package promotion; Personalized pricing review; Fiber service experience review; Early intervention and retention campaign,Medium,Contract Upgrade Campaign
0048-PIHNL,Female,0,Yes,No,49,Yes,No,No,No internet service,No internet service,No internet service,No internet service,No internet service,No internet service,One year,No,Bank transfer (automatic),20.45,900.9,No,6657,0.021585671,0,Low,1.0,Continue regular customer engagement,Maintain regular engagement; Early intervention and retention campaign,Low,Customer Loyalty Campaign
9420-LOJKX,Female,0,No,No,15,Yes,No,Fiber optic,Yes,Yes,No,No,Yes,Yes,Month-to-month,Yes,Credit card (automatic),99.1,1426.4,Yes,51,0.5873959,1,Medium,1.0,Offer annual or long-term contract incentive; Offer technical support assistance; Review pricing and provide personalized offer; Offer fiber service support or loyalty benefit,Proactive retention communication; Long-term contract conversion offer; Technical support promotion; Personalized pricing review; Fiber service experience review; Early intervention and retention campaign,Medium,Contract Upgrade Campaign
7061-OVMIM,Female,0,Yes,Yes,30,Yes,No,No,No internet service,No internet service,No internet service,No internet service,No internet service,No internet service,One year,No,Bank transfer (automatic),19.55,608.5,No,2064,0.047103982,0,Low,1.0,Continue regular customer engagement,Maintain regular engagement; Early intervention and retention campaign,Low,Customer Loyalty Campaign
5671-RQRLP,Female,1,Yes,No,70,Yes,Yes,Fiber optic,No,No,No,No,No,No,Two year,Yes,Credit card (automatic),75.65,5411.4,No,800,0.05129237,0,Low,0.0,Offer technical support assistance; Promote online security service; Offer online backup package; Offer fiber service support or loyalty benefit,Maintain regular engagement; Technical support promotion; Online security package promotion; Fiber service experience review; Loyalty and long-term customer engagement,Low,Customer Loyalty Campaign
5129-JLPIS,Male,0,No,No,25,Yes,No,Fiber optic,Yes,No,Yes,Yes,Yes,Yes,Month-to-month,Yes,Electronic check,105.5,2686.05,No,14,0.5709802,1,Medium,0.0,Offer annual or long-term contract incentive; Offer online backup package; Review pricing and provide personalized offer; Offer fiber service support or loyalty benefit,Proactive retention communication; Long-term contract conversion offer; Personalized pricing review; Fiber service experience review; Loyalty and long-term customer engagement,Medium,Contract Upgrade Campaign
5170-PTRKA,Female,0,Yes,Yes,49,No,No phone service,DSL,Yes,No,No,Yes,No,No,One year,Yes,Credit card (automatic),35.8,1782.0,No,884,0.0089728525,0,Low,1.0,Offer online backup package,Maintain regular engagement; Early intervention and retention campaign,Low,Customer Loyalty Campaign
4819-HJPIW,Male,0,No,No,18,No,No phone service,DSL,No,No,No,No,No,No,Month-to-month,No,Mailed check,25.15,476.8,No,6108,0.1447782,0,Low,1.0,Offer annual or long-term contract incentive; Offer technical support assistance; Promote online security service; Offer online backup package,Maintain regular engagement; Long-term contract conversion offer; Technical support promotion; Online security package promotion; Early intervention and retention campaign,Low,Contract Upgrade Campaign
8780-RSYYU,Female,0,No,No,25,Yes,No,No,No internet service,No internet service,No internet service,No internet service,No internet service,No internet service,Month-to-month,Yes,Credit card (automatic),19.2,532.1,No,4666,0.054984797,0,Low,1.0,Offer annual or long-term contract incentive,Maintain regular engagement; Long-term contract conversion offer; Early intervention and retention campaign,Low,Contract Upgrade Campaign
2335-GSODA,Male,0,No,Yes,23,No,No phone service,DSL,Yes,No,Yes,Yes,No,No,Two year,No,Mailed check,40.1,857.75,No,6383,0.008867243,0,Low,1.0,Offer online backup package,Maintain regular engagement; Early intervention and retention campaign,Low,Customer Loyalty Campaign
5696-CEIQJ,Male,0,Yes,Yes,67,Yes,No,Fiber optic,No,Yes,Yes,Yes,Yes,Yes,Two year,No,Bank transfer (automatic),103.15,6895.5,No,5449,0.06493945,0,Low,0.0,Promote online security service; Review pricing and provide personalized offer; Offer fiber service support or loyalty benefit,Maintain regular engagement; Online security package promotion; Personalized pricing review; Fiber service experience review; Loyalty and long-term customer engagement,Low,Customer Loyalty Campaign
6169-PPETC,Male,0,Yes,Yes,35,Yes,No,No,No internet service,No internet service,No internet service,No internet service,No internet service,No internet service,Two year,No,Bank transfer (automatic),20.5,759.35,No,949,0.004022826,0,Low,1.0,Continue regular customer engagement,Maintain regular engagement; Early intervention and retention campaign,Low,Customer Loyalty Campaign
4237-RLAQD,Male,0,No,No,1,Yes,No,DSL,No,No,No,No,No,No,Month-to-month,Yes,Mailed check,45.85,45.85,Yes,1549,0.76992536,1,High,1.0,Priority retention outreach; Offer annual or long-term contract incentive; Offer technical support assistance; Promote online security service; Offer online backup package; Provide early-stage customer engagement,Immediate retention outreach; Early customer onboarding support; Long-term contract conversion offer; Technical support promotion; Online security package promotion; Early intervention and retention campaign,High,Retention Offer Campaign
7359-WWYJV,Male,0,Yes,No,72,Yes,Yes,Fiber optic,Yes,Yes,Yes,Yes,Yes,Yes,Two year,No,Credit card (automatic),114.45,8375.05,No,1693,0.008307057,0,Low,0.0,Review pricing and provide personalized offer; Offer fiber service support or loyalty benefit,Maintain regular engagement; Personalized pricing review; Fiber service experience review; Loyalty and long-term customer engagement,Low,Customer Loyalty Campaign
8620-RJPZN,Female,0,No,No,1,Yes,No,No,No internet service,No internet service,No internet service,No internet service,No internet service,No internet service,Month-to-month,No,Electronic check,20.7,20.7,No,4185,0.2729998,0,Low,1.0,Offer annual or long-term contract incentive; Provide early-stage customer engagement,Maintain regular engagement; Early customer onboarding support; Long-term contract conversion offer; Early intervention and retention campaign,Low,Contract Upgrade Campaign
7426-WEIJX,Male,1,Yes,Yes,60,Yes,Yes,Fiber optic,Yes,No,No,No,No,No,Month-to-month,Yes,Electronic check,80.95,4859.1,No,1648,0.13087282,0,Low,0.0,Offer annual or long-term contract incentive; Offer technical support assistance; Offer online backup package; Review pricing and provide personalized offer; Offer fiber service support or loyalty benefit,Maintain regular engagement; Long-term contract conversion offer; Technical support promotion; Personalized pricing review; Fiber service experience review; Loyalty and long-term customer engagement,Low,Contract Upgrade Campaign
7629-WIXZF,Female,0,No,No,7,Yes,No,DSL,Yes,No,No,No,No,Yes,One year,Yes,Electronic check,59.1,369.25,No,2691,0.08253199,0,Low,1.0,Offer technical support assistance; Offer online backup package,Maintain regular engagement; Technical support promotion; Early intervention and retention campaign,Low,Customer Loyalty Campaign
2616-FLVQC,Male,0,No,No,64,Yes,No,No,No internet service,No internet service,No internet service,No internet service,No internet service,No internet service,Two year,No,Mailed check,19.55,1240.15,No,1288,0.019550323,0,Low,1.0,Continue regular customer engagement,Maintain regular engagement; Early intervention and retention campaign,Low,Customer Loyalty Campaign
9163-GHAYE,Female,0,No,No,15,Yes,No,DSL,No,Yes,No,No,No,No,Month-to-month,No,Electronic check,48.85,736.8,No,2792,0.15012199,0,Low,1.0,Offer annual or long-term contract incentive; Offer technical support assistance; Promote online security service,Maintain regular engagement; Long-term contract conversion offer; Technical support promotion; Online security package promotion; Early intervention and retention campaign,Low,Contract Upgrade Campaign
4464-JCOLN,Male,0,Yes,Yes,2,Yes,No,No,No internet service,No internet service,No internet service,No internet service,No internet service,No internet service,One year,No,Mailed check,19.85,35.9,Yes,658,0.013798648,0,Low,1.0,Provide early-stage customer engagement,Maintain regular engagement; Early customer onboarding support; Early intervention and retention campaign,Low,New Customer Engagement Campaign
2971-SGAFL,Female,0,No,No,13,Yes,Yes,DSL,Yes,No,Yes,No,Yes,Yes,Month-to-month,Yes,Electronic check,78.75,995.35,No,5842,0.46075132,0,Medium,1.0,Offer annual or long-term contract incentive; Offer technical support assistance; Offer online backup package,Proactive retention communication; Long-term contract conversion offer; Technical support promotion; Early intervention and retention campaign,Medium,Contract Upgrade Campaign
4735-ASGMA,Male,0,No,No,26,Yes,Yes,Fiber optic,No,No,Yes,No,Yes,Yes,Month-to-month,Yes,Electronic check,98.35,2515.3,Yes,4947,0.890909,1,High,1.0,Priority retention outreach; Offer annual or long-term contract incentive; Offer technical support assistance; Promote online security service; Offer online backup package; Review pricing and provide personalized offer; Offer fiber service support or loyalty benefit,Immediate retention outreach; Long-term contract conversion offer; Technical support promotion; Online security package promotion; Personalized pricing review; Fiber service experience review; Early intervention and retention campaign,Critical,Immediate Personal Outreach
5245-VDBUR,Female,0,Yes,No,52,No,No phone service,DSL,Yes,No,Yes,No,No,No,One year,No,Mailed check,35.45,1958.95,No,6747,0.020176357,0,Low,1.0,Offer technical support assistance; Offer online backup package,Maintain regular engagement; Technical support promotion; Early intervention and retention campaign,Low,Customer Loyalty Campaign
1493-AMTIE,Male,0,No,No,1,Yes,No,No,No internet service,No internet service,No internet service,No internet service,No internet service,No internet service,Month-to-month,Yes,Bank transfer (automatic),20.2,20.2,Yes,5615,0.14889377,0,Low,1.0,Offer annual or long-term contract incentive; Provide early-stage customer engagement,Maintain regular engagement; Early customer onboarding support; Long-term contract conversion offer; Early intervention and retention campaign,Low,Contract Upgrade Campaign
1112-CUNAO,Female,1,No,No,15,Yes,Yes,Fiber optic,No,Yes,No,No,No,Yes,Month-to-month,No,Electronic check,89.85,1424.95,Yes,4810,0.35014543,0,Low,1.0,Offer annual or long-term contract incentive; Offer technical support assistance; Promote online security service; Review pricing and provide personalized offer; Offer fiber service support or loyalty benefit,Maintain regular engagement; Long-term contract conversion offer; Technical support promotion; Online security package promotion; Personalized pricing review; Fiber service experience review; Early intervention and retention campaign,Low,Contract Upgrade Campaign
7571-YXDAD,Female,0,No,No,2,Yes,Yes,Fiber optic,No,No,No,No,No,No,Month-to-month,No,Credit card (automatic),74.9,147.15,Yes,4664,0.7860088,1,High,1.0,Priority retention outreach; Offer annual or long-term contract incentive; Offer technical support assistance; Promote online security service; Offer online backup package; Provide early-stage customer engagement; Offer fiber service support or loyalty benefit,Immediate retention outreach; Early customer onboarding support; Long-term contract conversion offer; Technical support promotion; Online security package promotion; Fiber service experience review; Early intervention and retention campaign,High,Retention Offer Campaign
8714-EUHJO,Female,0,Yes,Yes,31,Yes,Yes,Fiber optic,No,Yes,No,No,No,Yes,Month-to-month,Yes,Electronic check,91.15,2995.45,Yes,4856,0.42218047,0,Medium,0.0,Offer annual or long-term contract incentive; Offer technical support assistance; Promote online security service; Review pricing and provide personalized offer; Offer fiber service support or loyalty benefit,Proactive retention communication; Long-term contract conversion offer; Technical support promotion; Online security package promotion; Personalized pricing review; Fiber service experience review; Loyalty and long-term customer engagement,Medium,Contract Upgrade Campaign
9040-KZVWO,Male,0,No,No,26,Yes,No,Fiber optic,No,Yes,No,No,No,No,One year,No,Bank transfer (automatic),75.5,2018.1,No,3744,0.038330346,0,Low,1.0,Offer technical support assistance; Promote online security service; Offer fiber service support or loyalty benefit,Maintain regular engagement; Technical support promotion; Online security package promotion; Fiber service experience review; Early intervention and retention campaign,Low,Customer Loyalty Campaign
6713-OKOMC,Female,0,No,No,10,No,No phone service,DSL,Yes,No,No,No,No,No,Month-to-month,No,Mailed check,29.75,301.9,No,7,0.11274865,0,Low,1.0,Offer annual or long-term contract incentive; Offer technical support assistance; Offer online backup package,Maintain regular engagement; Long-term contract conversion offer; Technical support promotion; Early intervention and retention campaign,Low,Contract Upgrade Campaign
8749-CLJXC,Male,0,No,No,1,Yes,No,No,No internet service,No internet service,No internet service,No internet service,No internet service,No internet service,Month-to-month,No,Mailed check,20.05,20.05,No,5736,0.6562619,1,Medium,1.0,Offer annual or long-term contract incentive; Provide early-stage customer engagement,Proactive retention communication; Early customer onboarding support; Long-term contract conversion offer; Early intervention and retention campaign,Medium,Contract Upgrade Campaign
4713-LZDRV,Female,1,No,No,2,Yes,No,Fiber optic,No,No,No,No,No,Yes,Month-to-month,Yes,Electronic check,79.6,195.05,Yes,5039,0.92214996,1,High,1.0,Priority retention outreach; Offer annual or long-term contract incentive; Offer technical support assistance; Promote online security service; Offer online backup package; Provide early-stage customer engagement; Offer fiber service support or loyalty benefit,Immediate retention outreach; Early customer onboarding support; Long-term contract conversion offer; Technical support promotion; Online security package promotion; Fiber service experience review; Early intervention and retention campaign,Critical,Immediate Personal Outreach
6598-RFFVI,Male,0,No,No,2,Yes,No,No,No internet service,No internet service,No internet service,No internet service,No internet service,No internet service,One year,No,Credit card (automatic),19.3,28.3,Yes,3790,0.010561142,0,Low,1.0,Provide early-stage customer engagement,Maintain regular engagement; Early customer onboarding support; Early intervention and retention campaign,Low,New Customer Engagement Campaign
7470-MCQTK,Female,0,Yes,No,13,No,No phone service,DSL,No,No,Yes,No,Yes,Yes,Month-to-month,Yes,Bank transfer (automatic),48.75,633.4,Yes,2290,0.42605257,0,Medium,1.0,Offer annual or long-term contract incentive; Offer technical support assistance; Promote online security service; Offer online backup package,Proactive retention communication; Long-term contract conversion offer; Technical support promotion; Online security package promotion; Early intervention and retention campaign,Medium,Contract Upgrade Campaign
5524-KHNJP,Male,0,Yes,Yes,33,Yes,No,DSL,Yes,No,Yes,No,Yes,Yes,One year,No,Credit card (automatic),74.75,2453.3,No,183,0.08704588,0,Low,1.0,Offer technical support assistance; Offer online backup package,Maintain regular engagement; Technical support promotion; Early intervention and retention campaign,Low,Customer Loyalty Campaign
1707-HABPF,Female,1,No,No,46,Yes,No,Fiber optic,No,Yes,Yes,No,Yes,No,One year,Yes,Bank transfer (automatic),91.3,4126.35,No,5587,0.020706382,0,Low,0.0,Offer technical support assistance; Promote online security service; Review pricing and provide personalized offer; Offer fiber service support or loyalty benefit,Maintain regular engagement; Technical support promotion; Online security package promotion; Personalized pricing review; Fiber service experience review; Loyalty and long-term customer engagement,Low,Customer Loyalty Campaign
4581-LNWUM,Female,0,No,No,13,No,No phone service,DSL,No,No,Yes,No,Yes,Yes,Month-to-month,No,Electronic check,49.15,649.4,No,1037,0.3960758,0,Low,1.0,Offer annual or long-term contract incentive; Offer technical support assistance; Promote online security service; Offer online backup package,Maintain regular engagement; Long-term contract conversion offer; Technical support promotion; Online security package promotion; Early intervention and retention campaign,Low,Contract Upgrade Campaign
9710-ZUSHQ,Female,1,No,No,37,Yes,Yes,Fiber optic,Yes,Yes,No,No,Yes,Yes,Month-to-month,Yes,Bank transfer (automatic),106.75,4056.75,Yes,3251,0.2171924,0,Low,0.0,Offer annual or long-term contract incentive; Offer technical support assistance; Review pricing and provide personalized offer; Offer fiber service support or loyalty benefit,Maintain regular engagement; Long-term contract conversion offer; Technical support promotion; Personalized pricing review; Fiber service experience review; Loyalty and long-term customer engagement,Low,Contract Upgrade Campaign
1697-LYYYX,Female,0,Yes,Yes,61,Yes,No,No,No internet service,No internet service,No internet service,No internet service,No internet service,No internet service,One year,No,Credit card (automatic),19.1,1143.8,No,2701,0.0029569622,0,Low,1.0,Continue regular customer engagement,Maintain regular engagement; Early intervention and retention campaign,Low,Customer Loyalty Campaign
4013-GUXND,Male,0,No,No,1,Yes,No,No,No internet service,No internet service,No internet service,No internet service,No internet service,No internet service,Month-to-month,No,Mailed check,20.8,20.8,No,760,0.65673256,1,Medium,1.0,Offer annual or long-term contract incentive; Provide early-stage customer engagement,Proactive retention communication; Early customer onboarding support; Long-term contract conversion offer; Early intervention and retention campaign,Medium,Contract Upgrade Campaign
5022-JNQEQ,Female,0,Yes,Yes,9,Yes,No,Fiber optic,No,No,No,Yes,No,No,Month-to-month,Yes,Electronic check,75.85,647.5,No,6324,0.57932514,1,Medium,1.0,Offer annual or long-term contract incentive; Promote online security service; Offer online backup package; Offer fiber service support or loyalty benefit,Proactive retention communication; Long-term contract conversion offer; Online security package promotion; Fiber service experience review; Early intervention and retention campaign,Medium,Contract Upgrade Campaign
4983-CCWMC,Male,0,No,No,3,Yes,No,Fiber optic,No,No,No,No,No,No,Month-to-month,Yes,Mailed check,69.6,207.4,No,5675,0.55103666,1,Medium,1.0,Offer annual or long-term contract incentive; Offer technical support assistance; Promote online security service; Offer online backup package; Provide early-stage customer engagement; Offer fiber service support or loyalty benefit,Proactive retention communication; Early customer onboarding support; Long-term contract conversion offer; Technical support promotion; Online security package promotion; Fiber service experience review; Early intervention and retention campaign,Medium,Contract Upgrade Campaign
6345-FZOQH,Male,0,Yes,No,69,Yes,No,No,No internet service,No internet service,No internet service,No internet service,No internet service,No internet service,Two year,No,Mailed check,19.9,1363.45,No,165,0.004349422,0,Low,1.0,Continue regular customer engagement,Maintain regular engagement; Early intervention and retention campaign,Low,Customer Loyalty Campaign
0962-CQPWQ,Female,0,Yes,Yes,62,Yes,No,No,No internet service,No internet service,No internet service,No internet service,No internet service,No internet service,Two year,No,Bank transfer (automatic),20.3,1296.15,No,2593,0.003171828,0,Low,1.0,Continue regular customer engagement,Maintain regular engagement; Early intervention and retention campaign,Low,Customer Loyalty Campaign
5495-GPSRW,Male,0,No,No,20,Yes,No,No,No internet service,No internet service,No internet service,No internet service,No internet service,No internet service,Two year,Yes,Mailed check,19.7,419.4,No,404,0.013666286,0,Low,1.0,Continue regular customer engagement,Maintain regular engagement; Early intervention and retention campaign,Low,Customer Loyalty Campaign
2252-JHJGE,Male,0,No,No,61,Yes,Yes,Fiber optic,Yes,No,Yes,No,Yes,Yes,One year,No,Electronic check,104.0,6363.45,No,5166,0.17065294,0,Low,0.0,Offer technical support assistance; Offer online backup package; Review pricing and provide personalized offer; Offer fiber service support or loyalty benefit,Maintain regular engagement; Technical support promotion; Personalized pricing review; Fiber service experience review; Loyalty and long-term customer engagement,Low,Customer Loyalty Campaign
7356-AYNJP,Female,0,No,No,4,Yes,Yes,No,No internet service,No internet service,No internet service,No internet service,No internet service,No internet service,One year,No,Electronic check,23.9,97.5,No,6104,0.04166523,0,Low,1.0,Provide early-stage customer engagement,Maintain regular engagement; Early customer onboarding support; Early intervention and retention campaign,Low,New Customer Engagement Campaign
2019-HDCZY,Male,0,Yes,No,63,Yes,Yes,Fiber optic,No,No,Yes,No,Yes,Yes,Two year,No,Electronic check,102.6,6296.75,No,3957,0.09751685,0,Low,0.0,Offer technical support assistance; Promote online security service; Offer online backup package; Review pricing and provide personalized offer; Offer fiber service support or loyalty benefit,Maintain regular engagement; Technical support promotion; Online security package promotion; Personalized pricing review; Fiber service experience review; Loyalty and long-term customer engagement,Low,Customer Loyalty Campaign
8582-KRHPJ,Male,0,No,No,50,No,No phone service,DSL,Yes,Yes,No,No,No,No,Month-to-month,Yes,Mailed check,35.0,1782.4,No,4281,0.062354073,0,Low,1.0,Offer annual or long-term contract incentive; Offer technical support assistance,Maintain regular engagement; Long-term contract conversion offer; Technical support promotion; Early intervention and retention campaign,Low,Contract Upgrade Campaign
2867-UIMSS,Male,0,No,No,1,Yes,No,Fiber optic,No,No,No,No,No,Yes,Month-to-month,No,Electronic check,80.5,80.5,Yes,6190,0.9326126,1,High,1.0,Priority retention outreach; Offer annual or long-term contract incentive; Offer technical support assistance; Promote online security service; Offer online backup package; Review pricing and provide personalized offer; Provide early-stage customer engagement; Offer fiber service support or loyalty benefit,Immediate retention outreach; Early customer onboarding support; Long-term contract conversion offer; Technical support promotion; Online security package promotion; Personalized pricing review; Fiber service experience review; Early intervention and retention campaign,Critical,Immediate Personal Outreach
3487-EARAT,Female,0,Yes,Yes,70,Yes,No,DSL,Yes,Yes,Yes,Yes,No,Yes,One year,No,Credit card (automatic),74.1,5222.3,No,832,0.12276619,0,Low,0.0,Continue regular customer engagement,Maintain regular engagement; Loyalty and long-term customer engagement,Low,Customer Loyalty Campaign
9926-PJHDQ,Female,0,Yes,Yes,72,Yes,Yes,DSL,No,No,Yes,No,Yes,Yes,Two year,Yes,Bank transfer (automatic),76.8,5468.45,No,805,0.03601926,0,Low,0.0,Offer technical support assistance; Promote online security service; Offer online backup package,Maintain regular engagement; Technical support promotion; Online security package promotion; Loyalty and long-term customer engagement,Low,Customer Loyalty Campaign
0289-IVARM,Female,0,No,No,35,Yes,No,DSL,Yes,Yes,Yes,No,No,No,Month-to-month,No,Electronic check,60.55,1982.6,No,5773,0.12443487,0,Low,1.0,Offer annual or long-term contract incentive; Offer technical support assistance,Maintain regular engagement; Long-term contract conversion offer; Technical support promotion; Early intervention and retention campaign,Low,Contract Upgrade Campaign
4672-FOTSD,Male,0,No,No,12,Yes,Yes,DSL,Yes,Yes,No,Yes,No,No,Month-to-month,Yes,Electronic check,67.25,832.3,No,1557,0.2281452,0,Low,1.0,Offer annual or long-term contract incentive,Maintain regular engagement; Long-term contract conversion offer; Early intervention and retention campaign,Low,Contract Upgrade Campaign
6198-PNNSZ,Female,0,Yes,No,56,Yes,Yes,Fiber optic,Yes,Yes,Yes,No,Yes,Yes,One year,No,Bank transfer (automatic),109.8,6109.65,No,6127,0.19719827,0,Low,0.0,Offer technical support assistance; Review pricing and provide personalized offer; Offer fiber service support or loyalty benefit,Maintain regular engagement; Technical support promotion; Personalized pricing review; Fiber service experience review; Loyalty and long-term customer engagement,Low,Customer Loyalty Campaign
7603-USHJS,Male,0,No,Yes,12,Yes,Yes,Fiber optic,No,No,No,No,No,No,Month-to-month,Yes,Credit card (automatic),73.75,871.4,Yes,6885,0.31727728,0,Low,1.0,Offer annual or long-term contract incentive; Offer technical support assistance; Promote online security service; Offer online backup package; Offer fiber service support or loyalty benefit,Maintain regular engagement; Long-term contract conversion offer; Technical support promotion; Online security package promotion; Fiber service experience review; Early intervention and retention campaign,Low,Contract Upgrade Campaign
6784-XYJAE,Female,0,No,No,36,Yes,Yes,DSL,No,No,Yes,No,No,No,One year,No,Electronic check,55.8,1941.5,No,2088,0.021266911,0,Low,1.0,Offer technical support assistance; Promote online security service; Offer online backup package,Maintain regular engagement; Technical support promotion; Online security package promotion; Early intervention and retention campaign,Low,Customer Loyalty Campaign
3858-XHYJO,Female,0,Yes,No,40,Yes,Yes,Fiber optic,Yes,No,Yes,No,Yes,Yes,One year,No,Bank transfer (automatic),105.75,4228.55,No,5234,0.14021212,0,Low,0.0,Offer technical support assistance; Offer online backup package; Review pricing and provide personalized offer; Offer fiber service support or loyalty benefit,Maintain regular engagement; Technical support promotion; Personalized pricing review; Fiber service experience review; Loyalty and long-term customer engagement,Low,Customer Loyalty Campaign
1087-UDSIH,Female,0,No,No,3,Yes,No,No,No internet service,No internet service,No internet service,No internet service,No internet service,No internet service,Month-to-month,Yes,Mailed check,19.6,59.75,Yes,4259,0.27884832,0,Low,1.0,Offer annual or long-term contract incentive; Provide early-stage customer engagement,Maintain regular engagement; Early customer onboarding support; Long-term contract conversion offer; Early intervention and retention campaign,Low,Contract Upgrade Campaign
7251-LJBQN,Female,1,No,No,40,Yes,Yes,Fiber optic,No,No,Yes,Yes,Yes,Yes,One year,Yes,Credit card (automatic),103.75,4188.4,No,683,0.25838166,0,Low,0.0,Promote online security service; Offer online backup package; Review pricing and provide personalized offer; Offer fiber service support or loyalty benefit,Maintain regular engagement; Online security package promotion; Personalized pricing review; Fiber service experience review; Loyalty and long-term customer engagement,Low,Customer Loyalty Campaign
3200-MNQTF,Male,0,Yes,No,67,Yes,Yes,DSL,Yes,Yes,Yes,Yes,No,No,Two year,No,Credit card (automatic),70.9,4677.1,No,2472,0.0517137,0,Low,0.0,Continue regular customer engagement,Maintain regular engagement; Loyalty and long-term customer engagement,Low,Customer Loyalty Campaign
9359-UGBTK,Female,0,No,No,67,Yes,No,DSL,Yes,No,Yes,Yes,No,Yes,One year,Yes,Bank transfer (automatic),72.35,4991.5,No,1162,0.04145399,0,Low,0.0,Offer online backup package,Maintain regular engagement; Loyalty and long-term customer engagement,Low,Customer Loyalty Campaign
8160-HOWOX,Female,0,No,No,7,Yes,No,DSL,No,No,No,No,Yes,Yes,Month-to-month,Yes,Electronic check,66.85,458.1,No,2139,0.58361745,1,Medium,1.0,Offer annual or long-term contract incentive; Offer technical support assistance; Promote online security service; Offer online backup package,Proactive retention communication; Long-term contract conversion offer; Technical support promotion; Online security package promotion; Early intervention and retention campaign,Medium,Contract Upgrade Campaign
0258-NOKBL,Male,0,No,No,3,Yes,No,Fiber optic,No,Yes,Yes,No,No,Yes,Month-to-month,No,Electronic check,90.4,268.45,No,2968,0.2271547,0,Low,1.0,Offer annual or long-term contract incentive; Offer technical support assistance; Promote online security service; Review pricing and provide personalized offer; Provide early-stage customer engagement; Offer fiber service support or loyalty benefit,Maintain regular engagement; Early customer onboarding support; Long-term contract conversion offer; Technical support promotion; Online security package promotion; Personalized pricing review; Fiber service experience review; Early intervention and retention campaign,Low,Contract Upgrade Campaign
2800-QQUSO,Male,0,No,No,42,Yes,Yes,Fiber optic,No,No,No,Yes,Yes,Yes,Month-to-month,Yes,Electronic check,100.3,4222.95,No,3798,0.8663918,1,High,0.0,Priority retention outreach; Offer annual or long-term contract incentive; Promote online security service; Offer online backup package; Review pricing and provide personalized offer; Offer fiber service support or loyalty benefit,Immediate retention outreach; Long-term contract conversion offer; Online security package promotion; Personalized pricing review; Fiber service experience review; Loyalty and long-term customer engagement,Critical,Immediate Personal Outreach
2129-ALKBS,Female,0,Yes,Yes,40,Yes,Yes,No,No internet service,No internet service,No internet service,No internet service,No internet service,No internet service,Month-to-month,Yes,Electronic check,26.2,1077.5,No,3769,0.059679408,0,Low,1.0,Offer annual or long-term contract incentive,Maintain regular engagement; Long-term contract conversion offer; Early intervention and retention campaign,Low,Contract Upgrade Campaign
9972-VAFJJ,Female,1,Yes,No,53,Yes,No,Fiber optic,No,Yes,Yes,Yes,Yes,No,One year,Yes,Electronic check,94.0,4871.45,No,6973,0.11291414,0,Low,0.0,Promote online security service; Review pricing and provide personalized offer; Offer fiber service support or loyalty benefit,Maintain regular engagement; Online security package promotion; Personalized pricing review; Fiber service experience review; Loyalty and long-term customer engagement,Low,Customer Loyalty Campaign
4693-VWVBO,Female,0,No,No,3,Yes,No,No,No internet service,No internet service,No internet service,No internet service,No internet service,No internet service,Month-to-month,No,Electronic check,19.55,61.05,No,4475,0.29196477,0,Low,1.0,Offer annual or long-term contract incentive; Provide early-stage customer engagement,Maintain regular engagement; Early customer onboarding support; Long-term contract conversion offer; Early intervention and retention campaign,Low,Contract Upgrade Campaign
6969-MVBAI,Female,1,No,No,9,Yes,Yes,Fiber optic,No,No,Yes,No,Yes,No,Month-to-month,Yes,Electronic check,90.1,816.8,No,6574,0.861372,1,High,1.0,Priority retention outreach; Offer annual or long-term contract incentive; Offer technical support assistance; Promote online security service; Offer online backup package; Review pricing and provide personalized offer; Offer fiber service support or loyalty benefit,Immediate retention outreach; Long-term contract conversion offer; Technical support promotion; Online security package promotion; Personalized pricing review; Fiber service experience review; Early intervention and retention campaign,Critical,Immediate Personal Outreach
4821-WQOYN,Female,0,Yes,Yes,72,Yes,No,No,No internet service,No internet service,No internet service,No internet service,No internet service,No internet service,Two year,Yes,Credit card (automatic),20.1,1326.25,No,1277,0.001803399,0,Low,1.0,Continue regular customer engagement,Maintain regular engagement; Early intervention and retention campaign,Low,Customer Loyalty Campaign
6769-DYBQN,Male,1,No,No,46,Yes,No,Fiber optic,Yes,No,No,No,No,Yes,Month-to-month,No,Electronic check,85.0,3969.4,Yes,6207,0.5750397,1,Medium,0.0,Offer annual or long-term contract incentive; Offer technical support assistance; Offer online backup package; Review pricing and provide personalized offer; Offer fiber service support or loyalty benefit,Proactive retention communication; Long-term contract conversion offer; Technical support promotion; Personalized pricing review; Fiber service experience review; Loyalty and long-term customer engagement,Medium,Contract Upgrade Campaign
4018-PPNDW,Female,0,Yes,Yes,61,Yes,Yes,No,No internet service,No internet service,No internet service,No internet service,No internet service,No internet service,Two year,Yes,Mailed check,24.1,1551.6,No,743,0.0065858117,0,Low,1.0,Continue regular customer engagement,Maintain regular engagement; Early intervention and retention campaign,Low,Customer Loyalty Campaign
6288-CHQJB,Female,0,Yes,Yes,54,Yes,No,DSL,Yes,No,Yes,Yes,No,Yes,Two year,No,Bank transfer (automatic),69.95,3871.85,No,2138,0.0062404047,0,Low,0.0,Offer online backup package,Maintain regular engagement; Loyalty and long-term customer engagement,Low,Customer Loyalty Campaign
4905-JEFDW,Male,0,No,No,11,No,No phone service,DSL,No,No,Yes,No,Yes,No,One year,Yes,Electronic check,41.6,470.6,Yes,5891,0.32416585,0,Low,1.0,Offer technical support assistance; Promote online security service; Offer online backup package,Maintain regular engagement; Technical support promotion; Online security package promotion; Early intervention and retention campaign,Low,Customer Loyalty Campaign
0559-CKHUS,Female,0,Yes,No,29,Yes,No,No,No internet service,No internet service,No internet service,No internet service,No internet service,No internet service,Two year,Yes,Mailed check,19.55,521.8,No,4305,0.011719666,0,Low,1.0,Continue regular customer engagement,Maintain regular engagement; Early intervention and retention campaign,Low,Customer Loyalty Campaign
2659-VXMWZ,Male,0,Yes,Yes,67,Yes,Yes,Fiber optic,Yes,Yes,Yes,No,Yes,Yes,One year,Yes,Electronic check,111.3,7482.1,Yes,2204,0.07761009,0,Low,0.0,Offer technical support assistance; Review pricing and provide personalized offer; Offer fiber service support or loyalty benefit,Maintain regular engagement; Technical support promotion; Personalized pricing review; Fiber service experience review; Loyalty and long-term customer engagement,Low,Customer Loyalty Campaign
6559-RAKOZ,Male,0,Yes,Yes,49,Yes,Yes,Fiber optic,No,No,No,Yes,Yes,Yes,One year,Yes,Electronic check,97.95,4917.9,No,2467,0.4304209,0,Medium,0.0,Promote online security service; Offer online backup package; Review pricing and provide personalized offer; Offer fiber service support or loyalty benefit,Proactive retention communication; Online security package promotion; Personalized pricing review; Fiber service experience review; Loyalty and long-term customer engagement,Medium,Customer Loyalty Campaign
8809-XKHMD,Male,0,Yes,No,72,Yes,Yes,Fiber optic,Yes,Yes,No,Yes,No,Yes,Two year,Yes,Bank transfer (automatic),100.55,7325.1,No,3112,0.0056781643,0,Low,0.0,Review pricing and provide personalized offer; Offer fiber service support or loyalty benefit,Maintain regular engagement; Personalized pricing review; Fiber service experience review; Loyalty and long-term customer engagement,Low,Customer Loyalty Campaign
6365-HITVU,Female,0,Yes,Yes,71,Yes,No,DSL,Yes,Yes,Yes,Yes,Yes,Yes,Two year,No,Credit card (automatic),87.25,6328.7,No,6735,0.0028132175,0,Low,0.0,Review pricing and provide personalized offer,Maintain regular engagement; Personalized pricing review; Loyalty and long-term customer engagement,Low,Customer Loyalty Campaign
0134-XWXCE,Female,1,No,No,44,Yes,No,DSL,No,No,Yes,Yes,Yes,Yes,One year,No,Bank transfer (automatic),74.85,3268.05,No,1756,0.031107996,0,Low,0.0,Promote online security service; Offer online backup package,Maintain regular engagement; Online security package promotion; Loyalty and long-term customer engagement,Low,Customer Loyalty Campaign
9720-JJJOR,Male,0,Yes,Yes,41,Yes,No,DSL,Yes,Yes,Yes,No,No,No,One year,Yes,Bank transfer (automatic),60.3,2511.3,No,2034,0.04822259,0,Low,1.0,Offer technical support assistance,Maintain regular engagement; Technical support promotion; Early intervention and retention campaign,Low,Customer Loyalty Campaign
2782-LFZVW,Female,0,No,No,11,Yes,Yes,DSL,No,No,No,No,No,Yes,Month-to-month,Yes,Mailed check,58.95,601.6,No,541,0.33302274,0,Low,1.0,Offer annual or long-term contract incentive; Offer technical support assistance; Promote online security service; Offer online backup package,Maintain regular engagement; Long-term contract conversion offer; Technical support promotion; Online security package promotion; Early intervention and retention campaign,Low,Contract Upgrade Campaign
6112-KTHFQ,Female,0,No,No,13,Yes,No,No,No internet service,No internet service,No internet service,No internet service,No internet service,No internet service,Month-to-month,Yes,Mailed check,19.3,279.3,No,4629,0.09059946,0,Low,1.0,Offer annual or long-term contract incentive,Maintain regular engagement; Long-term contract conversion offer; Early intervention and retention campaign,Low,Contract Upgrade Campaign
9220-ZNKJI,Female,1,Yes,No,55,Yes,No,Fiber optic,No,No,Yes,Yes,Yes,No,Two year,No,Credit card (automatic),88.8,4805.3,No,1254,0.018429354,0,Low,0.0,Promote online security service; Offer online backup package; Review pricing and provide personalized offer; Offer fiber service support or loyalty benefit,Maintain regular engagement; Online security package promotion; Personalized pricing review; Fiber service experience review; Loyalty and long-term customer engagement,Low,Customer Loyalty Campaign
9820-RMCQV,Female,0,No,No,11,Yes,No,DSL,Yes,No,No,No,No,No,Month-to-month,No,Credit card (automatic),48.55,501.0,Yes,6786,0.23221682,0,Low,1.0,Offer annual or long-term contract incentive; Offer technical support assistance; Offer online backup package,Maintain regular engagement; Long-term contract conversion offer; Technical support promotion; Early intervention and retention campaign,Low,Contract Upgrade Campaign
9013-AQORL,Female,0,No,Yes,48,No,No phone service,DSL,No,Yes,Yes,No,No,Yes,Month-to-month,No,Credit card (automatic),45.55,2108.35,No,6946,0.22631463,0,Low,1.0,Offer annual or long-term contract incentive; Offer technical support assistance; Promote online security service,Maintain regular engagement; Long-term contract conversion offer; Technical support promotion; Online security package promotion; Early intervention and retention campaign,Low,Contract Upgrade Campaign
2040-OBMLJ,Male,0,No,No,31,Yes,Yes,Fiber optic,No,No,No,Yes,No,No,One year,No,Credit card (automatic),81.7,2548.65,No,796,0.057347182,0,Low,1.0,Promote online security service; Offer online backup package; Review pricing and provide personalized offer; Offer fiber service support or loyalty benefit,Maintain regular engagement; Online security package promotion; Personalized pricing review; Fiber service experience review; Early intervention and retention campaign,Low,Customer Loyalty Campaign
5574-NXZIU,Male,0,No,No,63,Yes,No,Fiber optic,Yes,Yes,Yes,Yes,Yes,Yes,Two year,No,Credit card (automatic),109.2,7049.75,No,4028,0.13369225,0,Low,0.0,Review pricing and provide personalized offer; Offer fiber service support or loyalty benefit,Maintain regular engagement; Personalized pricing review; Fiber service experience review; Loyalty and long-term customer engagement,Low,Customer Loyalty Campaign
5446-DKWYW,Female,1,Yes,Yes,61,Yes,Yes,DSL,No,No,Yes,No,Yes,No,One year,Yes,Electronic check,65.2,3965.05,No,4210,0.06363964,0,Low,0.0,Offer technical support assistance; Promote online security service; Offer online backup package,Maintain regular engagement; Technical support promotion; Online security package promotion; Loyalty and long-term customer engagement,Low,Customer Loyalty Campaign
0480-KYJVA,Female,0,Yes,Yes,72,Yes,Yes,No,No internet service,No internet service,No internet service,No internet service,No internet service,No internet service,Two year,No,Credit card (automatic),24.25,1784.5,No,6423,0.00131981,0,Low,1.0,Continue regular customer engagement,Maintain regular engagement; Early intervention and retention campaign,Low,Customer Loyalty Campaign
1074-AMIOH,Female,0,Yes,Yes,53,Yes,No,Fiber optic,No,Yes,Yes,Yes,Yes,Yes,Month-to-month,Yes,Bank transfer (automatic),108.25,5935.1,No,2576,0.10588261,0,Low,0.0,Offer annual or long-term contract incentive; Promote online security service; Review pricing and provide personalized offer; Offer fiber service support or loyalty benefit,Maintain regular engagement; Long-term contract conversion offer; Online security package promotion; Personalized pricing review; Fiber service experience review; Loyalty and long-term customer engagement,Low,Contract Upgrade Campaign
0015-UOCOJ,Female,1,No,No,7,Yes,No,DSL,Yes,No,No,No,No,No,Month-to-month,Yes,Electronic check,48.2,340.35,No,2278,0.4864997,0,Medium,1.0,Offer annual or long-term contract incentive; Offer technical support assistance; Offer online backup package,Proactive retention communication; Long-term contract conversion offer; Technical support promotion; Early intervention and retention campaign,Medium,Contract Upgrade Campaign
0256-LTHVJ,Female,0,Yes,Yes,28,Yes,No,Fiber optic,No,No,No,No,No,Yes,Month-to-month,Yes,Electronic check,81.05,2227.1,Yes,453,0.4442622,0,Medium,1.0,Offer annual or long-term contract incentive; Offer technical support assistance; Promote online security service; Offer online backup package; Review pricing and provide personalized offer; Offer fiber service support or loyalty benefit,Proactive retention communication; Long-term contract conversion offer; Technical support promotion; Online security package promotion; Personalized pricing review; Fiber service experience review; Early intervention and retention campaign,Medium,Contract Upgrade Campaign
4547-LYTDD,Female,0,No,No,16,Yes,Yes,Fiber optic,No,No,No,No,No,No,Month-to-month,No,Electronic check,72.65,1194.3,Yes,1887,0.26646355,0,Low,1.0,Offer annual or long-term contract incentive; Offer technical support assistance; Promote online security service; Offer online backup package; Offer fiber service support or loyalty benefit,Maintain regular engagement; Long-term contract conversion offer; Technical support promotion; Online security package promotion; Fiber service experience review; Early intervention and retention campaign,Low,Contract Upgrade Campaign
1077-HUUJM,Female,0,No,Yes,7,Yes,No,Fiber optic,No,No,No,No,No,No,Month-to-month,Yes,Electronic check,71.05,472.65,No,3554,0.82395583,1,High,1.0,Priority retention outreach; Offer annual or long-term contract incentive; Offer technical support assistance; Promote online security service; Offer online backup package; Offer fiber service support or loyalty benefit,Immediate retention outreach; Long-term contract conversion offer; Technical support promotion; Online security package promotion; Fiber service experience review; Early intervention and retention campaign,Critical,Immediate Personal Outreach
2041-JIJCI,Female,0,No,No,5,Yes,Yes,DSL,No,Yes,No,No,No,Yes,Month-to-month,Yes,Electronic check,64.0,370.25,No,3293,0.38745606,0,Low,1.0,Offer annual or long-term contract incentive; Offer technical support assistance; Promote online security service; Provide early-stage customer engagement,Maintain regular engagement; Early customer onboarding support; Long-term contract conversion offer; Technical support promotion; Online security package promotion; Early intervention and retention campaign,Low,Contract Upgrade Campaign
1555-HAPSU,Female,0,Yes,Yes,71,Yes,Yes,No,No internet service,No internet service,No internet service,No internet service,No internet service,No internet service,Two year,No,Credit card (automatic),23.9,1663.5,No,5804,0.0019526222,0,Low,1.0,Continue regular customer engagement,Maintain regular engagement; Early intervention and retention campaign,Low,Customer Loyalty Campaign
4323-SADQS,Male,0,Yes,Yes,7,No,No phone service,DSL,Yes,No,No,Yes,No,No,Month-to-month,Yes,Electronic check,34.5,279.25,Yes,2608,0.20333105,0,Low,1.0,Offer annual or long-term contract incentive; Offer online backup package,Maintain regular engagement; Long-term contract conversion offer; Early intervention and retention campaign,Low,Contract Upgrade Campaign
3292-PBZEJ,Male,1,No,No,11,Yes,Yes,Fiber optic,No,Yes,Yes,Yes,Yes,Yes,Month-to-month,Yes,Electronic check,111.4,1183.05,No,1568,0.76208544,1,High,1.0,Priority retention outreach; Offer annual or long-term contract incentive; Promote online security service; Review pricing and provide personalized offer; Offer fiber service support or loyalty benefit,Immediate retention outreach; Long-term contract conversion offer; Online security package promotion; Personalized pricing review; Fiber service experience review; Early intervention and retention campaign,High,Retention Offer Campaign
6203-HBZPA,Male,0,No,No,52,No,No phone service,DSL,Yes,Yes,Yes,Yes,Yes,Yes,Two year,No,Credit card (automatic),63.9,3334.95,No,2913,0.008148761,0,Low,0.0,Continue regular customer engagement,Maintain regular engagement; Loyalty and long-term customer engagement,Low,Customer Loyalty Campaign
9755-JHNMN,Female,0,No,No,49,Yes,No,DSL,Yes,Yes,Yes,Yes,No,No,Two year,No,Bank transfer (automatic),67.4,3306.85,No,2351,0.010729553,0,Low,0.0,Continue regular customer engagement,Maintain regular engagement; Loyalty and long-term customer engagement,Low,Customer Loyalty Campaign
7369-TRPFD,Male,0,No,No,19,Yes,No,No,No internet service,No internet service,No internet service,No internet service,No internet service,No internet service,One year,No,Mailed check,18.8,279.2,No,1846,0.0035581547,0,Low,1.0,Continue regular customer engagement,Maintain regular engagement; Early intervention and retention campaign,Low,Customer Loyalty Campaign
9878-TNQGW,Male,0,No,No,2,Yes,No,Fiber optic,No,No,No,No,No,Yes,Month-to-month,Yes,Electronic check,80.95,171.15,Yes,1083,0.84569323,1,High,1.0,Priority retention outreach; Offer annual or long-term contract incentive; Offer technical support assistance; Promote online security service; Offer online backup package; Review pricing and provide personalized offer; Provide early-stage customer engagement; Offer fiber service support or loyalty benefit,Immediate retention outreach; Early customer onboarding support; Long-term contract conversion offer; Technical support promotion; Online security package promotion; Personalized pricing review; Fiber service experience review; Early intervention and retention campaign,Critical,Immediate Personal Outreach
2279-AXJJK,Male,0,Yes,No,52,Yes,Yes,Fiber optic,No,Yes,No,Yes,No,Yes,Month-to-month,Yes,Credit card (automatic),95.65,5088.4,No,6206,0.15417144,0,Low,0.0,Offer annual or long-term contract incentive; Promote online security service; Review pricing and provide personalized offer; Offer fiber service support or loyalty benefit,Maintain regular engagement; Long-term contract conversion offer; Online security package promotion; Personalized pricing review; Fiber service experience review; Loyalty and long-term customer engagement,Low,Contract Upgrade Campaign
5016-IBERQ,Male,0,Yes,No,23,Yes,Yes,Fiber optic,No,Yes,Yes,No,No,No,Month-to-month,No,Electronic check,84.25,1968.1,No,626,0.41518036,0,Medium,1.0,Offer annual or long-term contract incentive; Offer technical support assistance; Promote online security service; Review pricing and provide personalized offer; Offer fiber service support or loyalty benefit,Proactive retention communication; Long-term contract conversion offer; Technical support promotion; Online security package promotion; Personalized pricing review; Fiber service experience review; Early intervention and retention campaign,Medium,Contract Upgrade Campaign
1016-DJTSV,Male,1,No,No,8,Yes,No,Fiber optic,No,No,No,No,No,No,Month-to-month,Yes,Electronic check,69.7,572.85,No,3647,0.6484348,1,Medium,1.0,Offer annual or long-term contract incentive; Offer technical support assistance; Promote online security service; Offer online backup package; Offer fiber service support or loyalty benefit,Proactive retention communication; Long-term contract conversion offer; Technical support promotion; Online security package promotion; Fiber service experience review; Early intervention and retention campaign,Medium,Contract Upgrade Campaign
8433-WPJTV,Female,1,Yes,Yes,65,Yes,Yes,Fiber optic,No,No,Yes,Yes,Yes,Yes,One year,Yes,Bank transfer (automatic),103.9,6767.1,No,2810,0.081571355,0,Low,0.0,Promote online security service; Offer online backup package; Review pricing and provide personalized offer; Offer fiber service support or loyalty benefit,Maintain regular engagement; Online security package promotion; Personalized pricing review; Fiber service experience review; Loyalty and long-term customer engagement,Low,Customer Loyalty Campaign
8903-XEBGX,Male,0,No,Yes,2,Yes,No,DSL,No,No,No,No,No,Yes,Month-to-month,Yes,Electronic check,55.3,108.65,No,5716,0.61209476,1,Medium,1.0,Offer annual or long-term contract incentive; Offer technical support assistance; Promote online security service; Offer online backup package; Provide early-stage customer engagement,Proactive retention communication; Early customer onboarding support; Long-term contract conversion offer; Technical support promotion; Online security package promotion; Early intervention and retention campaign,Medium,Contract Upgrade Campaign
2632-TACXW,Female,0,Yes,No,62,Yes,Yes,No,No internet service,No internet service,No internet service,No internet service,No internet service,No internet service,Two year,No,Bank transfer (automatic),23.65,1416.75,No,1033,0.0047194376,0,Low,1.0,Continue regular customer engagement,Maintain regular engagement; Early intervention and retention campaign,Low,Customer Loyalty Campaign
7952-OBOYL,Male,0,No,No,3,Yes,No,Fiber optic,No,No,Yes,Yes,Yes,No,Month-to-month,Yes,Mailed check,89.85,244.45,No,6889,0.84551543,1,High,1.0,Priority retention outreach; Offer annual or long-term contract incentive; Promote online security service; Offer online backup package; Review pricing and provide personalized offer; Provide early-stage customer engagement; Offer fiber service support or loyalty benefit,Immediate retention outreach; Early customer onboarding support; Long-term contract conversion offer; Online security package promotion; Personalized pricing review; Fiber service experience review; Early intervention and retention campaign,Critical,Immediate Personal Outreach
1470-PSXNM,Male,0,Yes,Yes,49,Yes,Yes,Fiber optic,No,Yes,Yes,No,Yes,No,One year,Yes,Electronic check,93.65,4520.15,No,5316,0.29050115,0,Low,0.0,Offer technical support assistance; Promote online security service; Review pricing and provide personalized offer; Offer fiber service support or loyalty benefit,Maintain regular engagement; Technical support promotion; Online security package promotion; Personalized pricing review; Fiber service experience review; Loyalty and long-term customer engagement,Low,Customer Loyalty Campaign
6227-HWPWX,Female,0,No,Yes,15,Yes,No,Fiber optic,No,No,No,No,No,No,Month-to-month,No,Bank transfer (automatic),69.0,994.8,Yes,479,0.3070253,0,Low,1.0,Offer annual or long-term contract incentive; Offer technical support assistance; Promote online security service; Offer online backup package; Offer fiber service support or loyalty benefit,Maintain regular engagement; Long-term contract conversion offer; Technical support promotion; Online security package promotion; Fiber service experience review; Early intervention and retention campaign,Low,Contract Upgrade Campaign
5924-SNGKP,Female,0,No,Yes,41,Yes,No,No,No internet service,No internet service,No internet service,No internet service,No internet service,No internet service,One year,Yes,Credit card (automatic),20.25,865.0,No,344,0.0070345146,0,Low,1.0,Continue regular customer engagement,Maintain regular engagement; Early intervention and retention campaign,Low,Customer Loyalty Campaign
8818-DOPVL,Female,1,No,No,46,Yes,Yes,Fiber optic,No,Yes,Yes,No,Yes,Yes,Month-to-month,Yes,Electronic check,104.45,4863.85,No,4264,0.72810864,1,High,0.0,Priority retention outreach; Offer annual or long-term contract incentive; Offer technical support assistance; Promote online security service; Review pricing and provide personalized offer; Offer fiber service support or loyalty benefit,Immediate retention outreach; Long-term contract conversion offer; Technical support promotion; Online security package promotion; Personalized pricing review; Fiber service experience review; Loyalty and long-term customer engagement,High,Retention Offer Campaign
4521-WFJAI,Male,0,No,No,56,Yes,Yes,No,No internet service,No internet service,No internet service,No internet service,No internet service,No internet service,Two year,Yes,Bank transfer (automatic),25.95,1444.05,No,3109,0.016355034,0,Low,1.0,Continue regular customer engagement,Maintain regular engagement; Early intervention and retention campaign,Low,Customer Loyalty Campaign
4724-WXVWF,Male,0,No,No,48,Yes,Yes,Fiber optic,Yes,No,No,Yes,No,Yes,Month-to-month,Yes,Electronic check,95.4,4445.3,No,5355,0.29675806,0,Low,0.0,Offer annual or long-term contract incentive; Offer online backup package; Review pricing and provide personalized offer; Offer fiber service support or loyalty benefit,Maintain regular engagement; Long-term contract conversion offer; Personalized pricing review; Fiber service experience review; Loyalty and long-term customer engagement,Low,Contract Upgrade Campaign
3717-OEAUQ,Male,0,No,No,2,Yes,No,Fiber optic,No,No,No,No,No,No,Month-to-month,No,Mailed check,70.7,129.2,No,1381,0.6872173,1,Medium,1.0,Offer annual or long-term contract incentive; Offer technical support assistance; Promote online security service; Offer online backup package; Provide early-stage customer engagement; Offer fiber service support or loyalty benefit,Proactive retention communication; Early customer onboarding support; Long-term contract conversion offer; Technical support promotion; Online security package promotion; Fiber service experience review; Early intervention and retention campaign,Medium,Contract Upgrade Campaign
8165-ZJRNM,Female,0,Yes,Yes,72,Yes,Yes,No,No internet service,No internet service,No internet service,No internet service,No internet service,No internet service,Two year,No,Bank transfer (automatic),23.75,1679.25,No,984,0.0013558187,0,Low,1.0,Continue regular customer engagement,Maintain regular engagement; Early intervention and retention campaign,Low,Customer Loyalty Campaign
7838-LAZFO,Male,0,Yes,No,45,Yes,No,DSL,Yes,Yes,Yes,No,Yes,Yes,One year,No,Bank transfer (automatic),78.8,3597.5,No,657,0.063883856,0,Low,0.0,Offer technical support assistance,Maintain regular engagement; Technical support promotion; Loyalty and long-term customer engagement,Low,Customer Loyalty Campaign
0513-RBGPE,Male,0,Yes,Yes,37,Yes,Yes,DSL,Yes,No,Yes,Yes,No,No,Two year,Yes,Credit card (automatic),62.8,2278.75,No,350,0.008596345,0,Low,1.0,Offer online backup package,Maintain regular engagement; Early intervention and retention campaign,Low,Customer Loyalty Campaign
7251-XFOIL,Female,0,No,No,61,Yes,Yes,Fiber optic,No,No,Yes,No,No,Yes,Month-to-month,No,Mailed check,89.2,5500.6,No,4486,0.041714095,0,Low,0.0,Offer annual or long-term contract incentive; Offer technical support assistance; Promote online security service; Offer online backup package; Review pricing and provide personalized offer; Offer fiber service support or loyalty benefit,Maintain regular engagement; Long-term contract conversion offer; Technical support promotion; Online security package promotion; Personalized pricing review; Fiber service experience review; Loyalty and long-term customer engagement,Low,Contract Upgrade Campaign
2525-GVKQU,Female,0,No,No,60,Yes,No,No,No internet service,No internet service,No internet service,No internet service,No internet service,No internet service,Two year,No,Mailed check,20.6,1093.0,No,4038,0.015787154,0,Low,1.0,Continue regular customer engagement,Maintain regular engagement; Early intervention and retention campaign,Low,Customer Loyalty Campaign
7579-OOPEC,Female,1,Yes,No,2,Yes,No,DSL,No,Yes,No,No,No,No,Month-to-month,No,Credit card (automatic),50.15,115.1,Yes,3638,0.3108038,0,Low,1.0,Offer annual or long-term contract incentive; Offer technical support assistance; Promote online security service; Provide early-stage customer engagement,Maintain regular engagement; Early customer onboarding support; Long-term contract conversion offer; Technical support promotion; Online security package promotion; Early intervention and retention campaign,Low,Contract Upgrade Campaign
3795-GWTRD,Female,0,Yes,Yes,63,Yes,No,DSL,Yes,Yes,Yes,Yes,Yes,No,Two year,No,Credit card (automatic),75.55,4707.85,No,1697,0.014071762,0,Low,0.0,Continue regular customer engagement,Maintain regular engagement; Loyalty and long-term customer engagement,Low,Customer Loyalty Campaign
4750-ZRXIU,Female,1,No,No,4,Yes,Yes,Fiber optic,No,No,No,No,No,Yes,Month-to-month,Yes,Electronic check,84.6,360.1,Yes,933,0.92742294,1,High,1.0,Priority retention outreach; Offer annual or long-term contract incentive; Offer technical support assistance; Promote online security service; Offer online backup package; Review pricing and provide personalized offer; Provide early-stage customer engagement; Offer fiber service support or loyalty benefit,Immediate retention outreach; Early customer onboarding support; Long-term contract conversion offer; Technical support promotion; Online security package promotion; Personalized pricing review; Fiber service experience review; Early intervention and retention campaign,Critical,Immediate Personal Outreach
5445-PZWGX,Male,0,No,No,62,Yes,Yes,Fiber optic,Yes,Yes,No,Yes,No,Yes,One year,No,Electronic check,102.0,6529.25,Yes,4266,0.07567894,0,Low,0.0,Review pricing and provide personalized offer; Offer fiber service support or loyalty benefit,Maintain regular engagement; Personalized pricing review; Fiber service experience review; Loyalty and long-term customer engagement,Low,Customer Loyalty Campaign
0516-UXRMT,Female,0,No,No,62,Yes,Yes,Fiber optic,Yes,Yes,Yes,No,No,No,One year,Yes,Electronic check,92.05,5755.8,No,621,0.0573432,0,Low,0.0,Offer technical support assistance; Review pricing and provide personalized offer; Offer fiber service support or loyalty benefit,Maintain regular engagement; Technical support promotion; Personalized pricing review; Fiber service experience review; Loyalty and long-term customer engagement,Low,Customer Loyalty Campaign
0727-BNRLG,Male,0,No,No,69,Yes,Yes,Fiber optic,No,Yes,Yes,Yes,Yes,No,Two year,Yes,Credit card (automatic),97.65,6743.55,No,1706,0.0429866,0,Low,0.0,Promote online security service; Review pricing and provide personalized offer; Offer fiber service support or loyalty benefit,Maintain regular engagement; Online security package promotion; Personalized pricing review; Fiber service experience review; Loyalty and long-term customer engagement,Low,Customer Loyalty Campaign
3932-CMDTD,Female,0,No,No,4,Yes,No,Fiber optic,No,Yes,Yes,Yes,Yes,Yes,One year,Yes,Electronic check,105.65,443.9,Yes,3837,0.39116868,0,Low,1.0,Promote online security service; Review pricing and provide personalized offer; Provide early-stage customer engagement; Offer fiber service support or loyalty benefit,Maintain regular engagement; Early customer onboarding support; Online security package promotion; Personalized pricing review; Fiber service experience review; Early intervention and retention campaign,Low,New Customer Engagement Campaign
1264-FUHCX,Female,0,Yes,No,49,No,No phone service,DSL,No,Yes,No,Yes,Yes,Yes,One year,Yes,Credit card (automatic),56.3,2780.6,No,6964,0.09938313,0,Low,1.0,Promote online security service,Maintain regular engagement; Online security package promotion; Early intervention and retention campaign,Low,Customer Loyalty Campaign
6194-HBGQN,Male,0,No,No,51,Yes,Yes,DSL,Yes,Yes,Yes,Yes,Yes,No,One year,Yes,Credit card (automatic),81.15,4126.2,No,3988,0.032300968,0,Low,0.0,Review pricing and provide personalized offer,Maintain regular engagement; Personalized pricing review; Loyalty and long-term customer engagement,Low,Customer Loyalty Campaign
4524-QCSSM,Male,0,No,No,26,No,No phone service,DSL,Yes,Yes,No,No,No,Yes,Month-to-month,Yes,Bank transfer (automatic),44.65,1156.55,No,1881,0.308651,0,Low,1.0,Offer annual or long-term contract incentive; Offer technical support assistance,Maintain regular engagement; Long-term contract conversion offer; Technical support promotion; Early intervention and retention campaign,Low,Contract Upgrade Campaign
4570-QHXHL,Female,0,No,No,9,Yes,No,DSL,No,No,No,No,No,No,Month-to-month,Yes,Electronic check,43.75,405.7,No,3874,0.6202954,1,Medium,1.0,Offer annual or long-term contract incentive; Offer technical support assistance; Promote online security service; Offer online backup package,Proactive retention communication; Long-term contract conversion offer; Technical support promotion; Online security package promotion; Early intervention and retention campaign,Medium,Contract Upgrade Campaign
2972-YDYUW,Female,0,No,No,57,Yes,Yes,Fiber optic,No,Yes,No,Yes,No,Yes,One year,No,Electronic check,94.7,5468.95,No,2329,0.13666268,0,Low,0.0,Promote online security service; Review pricing and provide personalized offer; Offer fiber service support or loyalty benefit,Maintain regular engagement; Online security package promotion; Personalized pricing review; Fiber service experience review; Loyalty and long-term customer engagement,Low,Customer Loyalty Campaign
2061-VVFST,Female,0,Yes,No,37,Yes,No,No,No internet service,No internet service,No internet service,No internet service,No internet service,No internet service,Month-to-month,No,Bank transfer (automatic),19.5,805.2,No,6725,0.3773505,0,Low,1.0,Offer annual or long-term contract incentive,Maintain regular engagement; Long-term contract conversion offer; Early intervention and retention campaign,Low,Contract Upgrade Campaign
6874-SGLHU,Male,0,No,No,30,Yes,No,Fiber optic,No,Yes,No,No,Yes,Yes,One year,Yes,Bank transfer (automatic),97.0,3021.3,No,4422,0.29674533,0,Low,0.0,Offer technical support assistance; Promote online security service; Review pricing and provide personalized offer; Offer fiber service support or loyalty benefit,Maintain regular engagement; Technical support promotion; Online security package promotion; Personalized pricing review; Fiber service experience review; Loyalty and long-term customer engagement,Low,Customer Loyalty Campaign
9844-FELAJ,Female,1,Yes,Yes,70,Yes,Yes,Fiber optic,No,Yes,Yes,Yes,Yes,Yes,One year,Yes,Electronic check,107.9,7475.85,No,3117,0.102709636,0,Low,0.0,Promote online security service; Review pricing and provide personalized offer; Offer fiber service support or loyalty benefit,Maintain regular engagement; Online security package promotion; Personalized pricing review; Fiber service experience review; Loyalty and long-term customer engagement,Low,Customer Loyalty Campaign
1902-XBTFB,Male,0,No,Yes,22,Yes,No,Fiber optic,No,Yes,Yes,No,Yes,No,Month-to-month,Yes,Electronic check,89.4,2001.5,Yes,5194,0.6605068,1,Medium,1.0,Offer annual or long-term contract incentive; Offer technical support assistance; Promote online security service; Review pricing and provide personalized offer; Offer fiber service support or loyalty benefit,Proactive retention communication; Long-term contract conversion offer; Technical support promotion; Online security package promotion; Personalized pricing review; Fiber service experience review; Early intervention and retention campaign,Medium,Contract Upgrade Campaign
9039-RBEEE,Male,0,No,No,39,No,No phone service,DSL,Yes,Yes,No,Yes,Yes,No,Month-to-month,Yes,Credit card (automatic),48.95,1880.85,Yes,4402,0.06897883,0,Low,1.0,Offer annual or long-term contract incentive,Maintain regular engagement; Long-term contract conversion offer; Early intervention and retention campaign,Low,Contract Upgrade Campaign
9369-XFEHK,Female,1,Yes,No,33,Yes,Yes,Fiber optic,No,Yes,No,No,No,No,Month-to-month,Yes,Bank transfer (automatic),80.6,2656.5,Yes,985,0.431416,0,Medium,1.0,Offer annual or long-term contract incentive; Offer technical support assistance; Promote online security service; Review pricing and provide personalized offer; Offer fiber service support or loyalty benefit,Proactive retention communication; Long-term contract conversion offer; Technical support promotion; Online security package promotion; Personalized pricing review; Fiber service experience review; Early intervention and retention campaign,Medium,Contract Upgrade Campaign
3680-CTHUH,Male,0,No,No,60,Yes,Yes,Fiber optic,Yes,Yes,Yes,Yes,Yes,Yes,One year,Yes,Credit card (automatic),116.6,7049.5,No,4627,0.17727064,0,Low,0.0,Review pricing and provide personalized offer; Offer fiber service support or loyalty benefit,Maintain regular engagement; Personalized pricing review; Fiber service experience review; Loyalty and long-term customer engagement,Low,Customer Loyalty Campaign
3679-XASPY,Female,0,Yes,Yes,1,Yes,No,No,No internet service,No internet service,No internet service,No internet service,No internet service,No internet service,Month-to-month,No,Electronic check,19.45,19.45,No,101,0.5344765,1,Medium,1.0,Offer annual or long-term contract incentive; Provide early-stage customer engagement,Proactive retention communication; Early customer onboarding support; Long-term contract conversion offer; Early intervention and retention campaign,Medium,Contract Upgrade Campaign
9089-UOWJG,Female,0,Yes,Yes,12,Yes,No,DSL,No,No,Yes,No,Yes,No,Month-to-month,Yes,Credit card (automatic),58.35,740.55,No,1388,0.15654849,0,Low,1.0,Offer annual or long-term contract incentive; Offer technical support assistance; Promote online security service; Offer online backup package,Maintain regular engagement; Long-term contract conversion offer; Technical support promotion; Online security package promotion; Early intervention and retention campaign,Low,Contract Upgrade Campaign
1574-DYCWE,Female,0,Yes,Yes,51,Yes,No,No,No internet service,No internet service,No internet service,No internet service,No internet service,No internet service,Two year,No,Mailed check,19.95,1028.75,No,4114,0.0051781503,0,Low,1.0,Continue regular customer engagement,Maintain regular engagement; Early intervention and retention campaign,Low,Customer Loyalty Campaign
9779-DPNEJ,Female,0,Yes,Yes,22,Yes,No,Fiber optic,No,No,No,No,No,Yes,Month-to-month,Yes,Electronic check,80.15,1790.65,No,2118,0.58868486,1,Medium,1.0,Offer annual or long-term contract incentive; Offer technical support assistance; Promote online security service; Offer online backup package; Review pricing and provide personalized offer; Offer fiber service support or loyalty benefit,Proactive retention communication; Long-term contract conversion offer; Technical support promotion; Online security package promotion; Personalized pricing review; Fiber service experience review; Early intervention and retention campaign,Medium,Contract Upgrade Campaign
2967-MXRAV,Male,0,Yes,Yes,1,Yes,No,No,No internet service,No internet service,No internet service,No internet service,No internet service,No internet service,One year,No,Mailed check,18.8,18.8,No,1654,0.017131103,0,Low,1.0,Provide early-stage customer engagement,Maintain regular engagement; Early customer onboarding support; Early intervention and retention campaign,Low,New Customer Engagement Campaign
0327-WFZSY,Male,0,Yes,Yes,39,Yes,Yes,Fiber optic,No,No,Yes,No,Yes,Yes,One year,No,Electronic check,100.0,3835.55,No,6292,0.3958074,0,Low,0.0,Offer technical support assistance; Promote online security service; Offer online backup package; Review pricing and provide personalized offer; Offer fiber service support or loyalty benefit,Maintain regular engagement; Technical support promotion; Online security package promotion; Personalized pricing review; Fiber service experience review; Loyalty and long-term customer engagement,Low,Customer Loyalty Campaign
1731-TVIUK,Female,0,No,No,4,Yes,Yes,Fiber optic,No,Yes,No,Yes,No,Yes,Month-to-month,Yes,Electronic check,93.5,362.2,Yes,3991,0.87165743,1,High,1.0,Priority retention outreach; Offer annual or long-term contract incentive; Promote online security service; Review pricing and provide personalized offer; Provide early-stage customer engagement; Offer fiber service support or loyalty benefit,Immediate retention outreach; Early customer onboarding support; Long-term contract conversion offer; Online security package promotion; Personalized pricing review; Fiber service experience review; Early intervention and retention campaign,Critical,Immediate Personal Outreach
7666-WKRON,Female,0,No,No,39,Yes,No,Fiber optic,No,No,Yes,Yes,No,No,Two year,Yes,Electronic check,80.45,3201.55,Yes,4527,0.052224543,0,Low,0.0,Promote online security service; Offer online backup package; Review pricing and provide personalized offer; Offer fiber service support or loyalty benefit,Maintain regular engagement; Online security package promotion; Personalized pricing review; Fiber service experience review; Loyalty and long-term customer engagement,Low,Customer Loyalty Campaign
3865-ZYKAD,Male,1,Yes,No,69,Yes,Yes,Fiber optic,Yes,Yes,No,No,No,No,Month-to-month,Yes,Credit card (automatic),84.9,5785.65,No,6419,0.08637632,0,Low,0.0,Offer annual or long-term contract incentive; Offer technical support assistance; Review pricing and provide personalized offer; Offer fiber service support or loyalty benefit,Maintain regular engagement; Long-term contract conversion offer; Technical support promotion; Personalized pricing review; Fiber service experience review; Loyalty and long-term customer engagement,Low,Contract Upgrade Campaign
1465-LNTLJ,Male,1,Yes,No,8,Yes,No,DSL,No,No,Yes,Yes,No,Yes,Month-to-month,Yes,Credit card (automatic),64.4,581.7,No,2286,0.042811632,0,Low,1.0,Offer annual or long-term contract incentive; Promote online security service; Offer online backup package,Maintain regular engagement; Long-term contract conversion offer; Online security package promotion; Early intervention and retention campaign,Low,Contract Upgrade Campaign
2696-RZVZW,Male,0,Yes,No,68,Yes,Yes,No,No internet service,No internet service,No internet service,No internet service,No internet service,No internet service,Two year,No,Credit card (automatic),25.05,1629.2,No,3377,0.009084956,0,Low,1.0,Continue regular customer engagement,Maintain regular engagement; Early intervention and retention campaign,Low,Customer Loyalty Campaign
0685-MLYYM,Female,1,No,No,2,Yes,No,Fiber optic,No,No,No,No,No,No,Month-to-month,No,Electronic check,70.75,154.85,Yes,6726,0.7027623,1,High,1.0,Priority retention outreach; Offer annual or long-term contract incentive; Offer technical support assistance; Promote online security service; Offer online backup package; Provide early-stage customer engagement; Offer fiber service support or loyalty benefit,Immediate retention outreach; Early customer onboarding support; Long-term contract conversion offer; Technical support promotion; Online security package promotion; Fiber service experience review; Early intervention and retention campaign,High,Retention Offer Campaign
2778-OCLGR,Male,1,Yes,No,24,No,No phone service,DSL,Yes,No,No,No,No,Yes,Month-to-month,No,Bank transfer (automatic),39.1,971.3,Yes,4740,0.71388,1,High,1.0,Priority retention outreach; Offer annual or long-term contract incentive; Offer technical support assistance; Offer online backup package,Immediate retention outreach; Long-term contract conversion offer; Technical support promotion; Early intervention and retention campaign,High,Retention Offer Campaign
3982-XWFZQ,Female,0,Yes,No,42,Yes,Yes,DSL,No,No,No,No,No,No,Month-to-month,Yes,Electronic check,50.25,2203.65,Yes,6142,0.18583651,0,Low,1.0,Offer annual or long-term contract incentive; Offer technical support assistance; Promote online security service; Offer online backup package,Maintain regular engagement; Long-term contract conversion offer; Technical support promotion; Online security package promotion; Early intervention and retention campaign,Low,Contract Upgrade Campaign
4759-PXTAN,Female,0,Yes,No,59,Yes,Yes,DSL,No,Yes,No,Yes,Yes,Yes,One year,Yes,Electronic check,80.1,4693.2,No,6245,0.07429385,0,Low,0.0,Promote online security service; Review pricing and provide personalized offer,Maintain regular engagement; Online security package promotion; Personalized pricing review; Loyalty and long-term customer engagement,Low,Customer Loyalty Campaign
1448-PWKYE,Male,0,Yes,Yes,1,Yes,No,Fiber optic,No,No,No,No,No,Yes,Month-to-month,No,Electronic check,80.0,80.0,Yes,680,0.86199963,1,High,1.0,Priority retention outreach; Offer annual or long-term contract incentive; Offer technical support assistance; Promote online security service; Offer online backup package; Review pricing and provide personalized offer; Provide early-stage customer engagement; Offer fiber service support or loyalty benefit,Immediate retention outreach; Early customer onboarding support; Long-term contract conversion offer; Technical support promotion; Online security package promotion; Personalized pricing review; Fiber service experience review; Early intervention and retention campaign,Critical,Immediate Personal Outreach
8741-LQOBK,Female,0,Yes,Yes,46,No,No phone service,DSL,Yes,Yes,No,No,No,No,Month-to-month,No,Bank transfer (automatic),35.05,1620.25,No,4670,0.1500168,0,Low,1.0,Offer annual or long-term contract incentive; Offer technical support assistance,Maintain regular engagement; Long-term contract conversion offer; Technical support promotion; Early intervention and retention campaign,Low,Contract Upgrade Campaign
8650-RHRKE,Male,0,No,No,4,No,No phone service,DSL,No,No,Yes,No,No,No,Month-to-month,Yes,Electronic check,29.65,118.5,Yes,6174,0.72161514,1,High,1.0,Priority retention outreach; Offer annual or long-term contract incentive; Offer technical support assistance; Promote online security service; Offer online backup package; Provide early-stage customer engagement,Immediate retention outreach; Early customer onboarding support; Long-term contract conversion offer; Technical support promotion; Online security package promotion; Early intervention and retention campaign,High,Retention Offer Campaign
7266-GSSJX,Male,0,Yes,Yes,11,Yes,No,No,No internet service,No internet service,No internet service,No internet service,No internet service,No internet service,Month-to-month,Yes,Electronic check,20.45,250.8,No,1351,0.030566815,0,Low,1.0,Offer annual or long-term contract incentive,Maintain regular engagement; Long-term contract conversion offer; Early intervention and retention campaign,Low,Contract Upgrade Campaign
1265-HVPZB,Male,0,Yes,No,59,Yes,No,DSL,Yes,Yes,Yes,No,Yes,No,One year,No,Credit card (automatic),66.4,3958.2,No,1844,0.07419466,0,Low,0.0,Offer technical support assistance,Maintain regular engagement; Technical support promotion; Loyalty and long-term customer engagement,Low,Customer Loyalty Campaign
9640-ZSLDC,Female,0,Yes,Yes,53,Yes,No,DSL,No,No,Yes,No,No,Yes,One year,No,Credit card (automatic),60.6,3297.0,No,2704,0.045841012,0,Low,0.0,Offer technical support assistance; Promote online security service; Offer online backup package,Maintain regular engagement; Technical support promotion; Online security package promotion; Loyalty and long-term customer engagement,Low,Customer Loyalty Campaign
0988-JRWWP,Female,0,No,No,3,Yes,No,DSL,No,No,No,No,Yes,No,Month-to-month,Yes,Electronic check,54.2,140.4,No,4478,0.73268765,1,High,1.0,Priority retention outreach; Offer annual or long-term contract incentive; Offer technical support assistance; Promote online security service; Offer online backup package; Provide early-stage customer engagement,Immediate retention outreach; Early customer onboarding support; Long-term contract conversion offer; Technical support promotion; Online security package promotion; Early intervention and retention campaign,High,Retention Offer Campaign
1926-QUZNN,Female,0,Yes,No,72,Yes,Yes,No,No internet service,No internet service,No internet service,No internet service,No internet service,No internet service,Two year,Yes,Bank transfer (automatic),25.25,1841.2,No,2509,0.0014709508,0,Low,1.0,Continue regular customer engagement,Maintain regular engagement; Early intervention and retention campaign,Low,Customer Loyalty Campaign
9025-ZRPVR,Male,0,No,No,9,Yes,No,No,No internet service,No internet service,No internet service,No internet service,No internet service,No internet service,Month-to-month,Yes,Mailed check,18.95,185.6,Yes,4171,0.05425034,0,Low,1.0,Offer annual or long-term contract incentive,Maintain regular engagement; Long-term contract conversion offer; Early intervention and retention campaign,Low,Contract Upgrade Campaign
6527-PZFPV,Male,0,Yes,Yes,24,Yes,No,No,No internet service,No internet service,No internet service,No internet service,No internet service,No internet service,One year,Yes,Credit card (automatic),20.8,469.65,No,4977,0.006857212,0,Low,1.0,Continue regular customer engagement,Maintain regular engagement; Early intervention and retention campaign,Low,Customer Loyalty Campaign
7460-ITWWP,Female,1,Yes,No,45,Yes,No,Fiber optic,No,No,Yes,No,No,Yes,Month-to-month,Yes,Electronic check,86.1,3861.45,No,1023,0.29262906,0,Low,0.0,Offer annual or long-term contract incentive; Offer technical support assistance; Promote online security service; Offer online backup package; Review pricing and provide personalized offer; Offer fiber service support or loyalty benefit,Maintain regular engagement; Long-term contract conversion offer; Technical support promotion; Online security package promotion; Personalized pricing review; Fiber service experience review; Loyalty and long-term customer engagement,Low,Contract Upgrade Campaign
1530-ZTDOZ,Female,0,Yes,No,49,No,No phone service,DSL,Yes,No,No,No,Yes,No,Month-to-month,No,Bank transfer (automatic),40.65,2070.75,No,3541,0.08376571,0,Low,1.0,Offer annual or long-term contract incentive; Offer technical support assistance; Offer online backup package,Maintain regular engagement; Long-term contract conversion offer; Technical support promotion; Early intervention and retention campaign,Low,Contract Upgrade Campaign
4785-FCIFB,Female,0,Yes,No,61,Yes,Yes,No,No internet service,No internet service,No internet service,No internet service,No internet service,No internet service,Two year,No,Mailed check,24.4,1417.9,No,454,0.005394882,0,Low,1.0,Continue regular customer engagement,Maintain regular engagement; Early intervention and retention campaign,Low,Customer Loyalty Campaign
9717-QEBGU,Male,0,No,No,2,Yes,No,Fiber optic,No,No,No,No,No,No,Month-to-month,Yes,Electronic check,70.3,144.0,No,4648,0.6889081,1,Medium,1.0,Offer annual or long-term contract incentive; Offer technical support assistance; Promote online security service; Offer online backup package; Provide early-stage customer engagement; Offer fiber service support or loyalty benefit,Proactive retention communication; Early customer onboarding support; Long-term contract conversion offer; Technical support promotion; Online security package promotion; Fiber service experience review; Early intervention and retention campaign,Medium,Contract Upgrade Campaign
0876-WDUUZ,Female,0,No,No,5,Yes,No,Fiber optic,No,No,No,Yes,No,Yes,Month-to-month,Yes,Credit card (automatic),85.4,425.9,Yes,3050,0.6297613,1,Medium,1.0,Offer annual or long-term contract incentive; Promote online security service; Offer online backup package; Review pricing and provide personalized offer; Provide early-stage customer engagement; Offer fiber service support or loyalty benefit,Proactive retention communication; Early customer onboarding support; Long-term contract conversion offer; Online security package promotion; Personalized pricing review; Fiber service experience review; Early intervention and retention campaign,Medium,Contract Upgrade Campaign
7881-EVUAD,Female,0,No,No,2,No,No phone service,DSL,Yes,Yes,No,No,No,Yes,Month-to-month,Yes,Electronic check,42.6,72.4,Yes,1519,0.69227535,1,Medium,1.0,Offer annual or long-term contract incentive; Offer technical support assistance; Provide early-stage customer engagement,Proactive retention communication; Early customer onboarding support; Long-term contract conversion offer; Technical support promotion; Early intervention and retention campaign,Medium,Contract Upgrade Campaign
4002-BQWPQ,Male,0,No,No,25,Yes,Yes,DSL,Yes,Yes,Yes,Yes,No,Yes,Month-to-month,No,Bank transfer (automatic),81.75,2028.8,No,958,0.043825,0,Low,1.0,Offer annual or long-term contract incentive; Review pricing and provide personalized offer,Maintain regular engagement; Long-term contract conversion offer; Personalized pricing review; Early intervention and retention campaign,Low,Contract Upgrade Campaign
6377-WHAOX,Female,0,Yes,No,60,Yes,Yes,Fiber optic,No,Yes,Yes,No,Yes,Yes,Month-to-month,Yes,Electronic check,106.15,6411.25,No,4572,0.6191783,1,Medium,0.0,Offer annual or long-term contract incentive; Offer technical support assistance; Promote online security service; Review pricing and provide personalized offer; Offer fiber service support or loyalty benefit,Proactive retention communication; Long-term contract conversion offer; Technical support promotion; Online security package promotion; Personalized pricing review; Fiber service experience review; Loyalty and long-term customer engagement,Medium,Contract Upgrade Campaign
5027-YOCXN,Male,0,Yes,Yes,51,Yes,Yes,Fiber optic,Yes,Yes,No,Yes,Yes,Yes,One year,No,Credit card (automatic),110.05,5686.4,No,315,0.14035599,0,Low,0.0,Review pricing and provide personalized offer; Offer fiber service support or loyalty benefit,Maintain regular engagement; Personalized pricing review; Fiber service experience review; Loyalty and long-term customer engagement,Low,Customer Loyalty Campaign
8450-JOVAH,Male,0,Yes,Yes,2,Yes,Yes,DSL,Yes,No,No,No,No,No,Month-to-month,No,Mailed check,56.7,113.55,Yes,6796,0.2154775,0,Low,1.0,Offer annual or long-term contract incentive; Offer technical support assistance; Offer online backup package; Provide early-stage customer engagement,Maintain regular engagement; Early customer onboarding support; Long-term contract conversion offer; Technical support promotion; Early intervention and retention campaign,Low,Contract Upgrade Campaign
6646-QVXLR,Male,1,Yes,No,62,Yes,Yes,Fiber optic,No,Yes,Yes,No,Yes,Yes,One year,Yes,Electronic check,103.75,6383.35,Yes,978,0.3291955,0,Low,0.0,Offer technical support assistance; Promote online security service; Review pricing and provide personalized offer; Offer fiber service support or loyalty benefit,Maintain regular engagement; Technical support promotion; Online security package promotion; Personalized pricing review; Fiber service experience review; Loyalty and long-term customer engagement,Low,Customer Loyalty Campaign
0254-KCJGT,Male,0,Yes,No,52,Yes,Yes,DSL,Yes,Yes,Yes,Yes,No,Yes,One year,Yes,Credit card (automatic),81.4,4354.45,No,2695,0.097868934,0,Low,0.0,Review pricing and provide personalized offer,Maintain regular engagement; Personalized pricing review; Loyalty and long-term customer engagement,Low,Customer Loyalty Campaign
3442-ZHHCC,Male,0,No,No,68,Yes,Yes,DSL,Yes,Yes,Yes,No,No,Yes,One year,Yes,Credit card (automatic),76.9,5023.0,No,791,0.23992118,0,Low,0.0,Offer technical support assistance,Maintain regular engagement; Technical support promotion; Loyalty and long-term customer engagement,Low,Customer Loyalty Campaign
9167-APMXZ,Female,0,No,No,22,Yes,Yes,Fiber optic,No,No,No,No,Yes,No,Month-to-month,Yes,Bank transfer (automatic),84.15,1821.95,No,156,0.50935376,1,Medium,1.0,Offer annual or long-term contract incentive; Offer technical support assistance; Promote online security service; Offer online backup package; Review pricing and provide personalized offer; Offer fiber service support or loyalty benefit,Proactive retention communication; Long-term contract conversion offer; Technical support promotion; Online security package promotion; Personalized pricing review; Fiber service experience review; Early intervention and retention campaign,Medium,Contract Upgrade Campaign
0616-ATFGB,Male,1,Yes,No,1,No,No phone service,DSL,No,No,No,No,No,No,Month-to-month,No,Electronic check,25.05,25.05,Yes,6509,0.8637947,1,High,1.0,Priority retention outreach; Offer annual or long-term contract incentive; Offer technical support assistance; Promote online security service; Offer online backup package; Provide early-stage customer engagement,Immediate retention outreach; Early customer onboarding support; Long-term contract conversion offer; Technical support promotion; Online security package promotion; Early intervention and retention campaign,Critical,Immediate Personal Outreach
7273-TEFQD,Male,1,No,No,3,No,No phone service,DSL,No,No,Yes,No,No,Yes,Month-to-month,Yes,Electronic check,41.15,132.2,Yes,260,0.90571886,1,High,1.0,Priority retention outreach; Offer annual or long-term contract incentive; Offer technical support assistance; Promote online security service; Offer online backup package; Provide early-stage customer engagement,Immediate retention outreach; Early customer onboarding support; Long-term contract conversion offer; Technical support promotion; Online security package promotion; Early intervention and retention campaign,Critical,Immediate Personal Outreach
8245-UMPYT,Female,1,No,No,16,Yes,Yes,Fiber optic,No,No,No,No,Yes,Yes,Month-to-month,Yes,Electronic check,96.4,1581.2,Yes,2516,0.8582232,1,High,1.0,Priority retention outreach; Offer annual or long-term contract incentive; Offer technical support assistance; Promote online security service; Offer online backup package; Review pricing and provide personalized offer; Offer fiber service support or loyalty benefit,Immediate retention outreach; Long-term contract conversion offer; Technical support promotion; Online security package promotion; Personalized pricing review; Fiber service experience review; Early intervention and retention campaign,Critical,Immediate Personal Outreach
6022-UGGSO,Female,1,No,No,32,Yes,No,Fiber optic,No,Yes,No,No,No,No,Month-to-month,Yes,Electronic check,74.4,2276.95,Yes,3007,0.64508873,1,Medium,1.0,Offer annual or long-term contract incentive; Offer technical support assistance; Promote online security service; Offer fiber service support or loyalty benefit,Proactive retention communication; Long-term contract conversion offer; Technical support promotion; Online security package promotion; Fiber service experience review; Early intervention and retention campaign,Medium,Contract Upgrade Campaign
6292-TOSSS,Male,0,No,No,50,Yes,Yes,No,No internet service,No internet service,No internet service,No internet service,No internet service,No internet service,Two year,No,Bank transfer (automatic),24.9,1195.25,No,266,0.024074662,0,Low,1.0,Continue regular customer engagement,Maintain regular engagement; Early intervention and retention campaign,Low,Customer Loyalty Campaign
5207-PLSTK,Male,0,Yes,Yes,1,Yes,No,DSL,Yes,No,No,No,No,No,Month-to-month,Yes,Mailed check,48.75,48.75,No,1774,0.61094517,1,Medium,1.0,Offer annual or long-term contract incentive; Offer technical support assistance; Offer online backup package; Provide early-stage customer engagement,Proactive retention communication; Early customer onboarding support; Long-term contract conversion offer; Technical support promotion; Early intervention and retention campaign,Medium,Contract Upgrade Campaign
3908-BLSYF,Female,0,No,No,6,Yes,No,Fiber optic,No,No,Yes,No,No,Yes,Month-to-month,No,Electronic check,83.9,497.55,Yes,882,0.69470817,1,Medium,1.0,Offer annual or long-term contract incentive; Offer technical support assistance; Promote online security service; Offer online backup package; Review pricing and provide personalized offer; Provide early-stage customer engagement; Offer fiber service support or loyalty benefit,Proactive retention communication; Early customer onboarding support; Long-term contract conversion offer; Technical support promotion; Online security package promotion; Personalized pricing review; Fiber service experience review; Early intervention and retention campaign,Medium,Contract Upgrade Campaign
4317-VTEOA,Male,0,No,No,1,Yes,No,DSL,No,Yes,No,No,No,No,Month-to-month,Yes,Electronic check,50.75,50.75,Yes,3565,0.6676048,1,Medium,1.0,Offer annual or long-term contract incentive; Offer technical support assistance; Promote online security service; Provide early-stage customer engagement,Proactive retention communication; Early customer onboarding support; Long-term contract conversion offer; Technical support promotion; Online security package promotion; Early intervention and retention campaign,Medium,Contract Upgrade Campaign
0625-AFOHS,Female,0,Yes,Yes,29,Yes,No,No,No internet service,No internet service,No internet service,No internet service,No internet service,No internet service,Two year,No,Mailed check,20.2,558.8,No,6270,0.0038887907,0,Low,1.0,Continue regular customer engagement,Maintain regular engagement; Early intervention and retention campaign,Low,Customer Loyalty Campaign
4667-OHGKG,Male,0,No,No,1,Yes,No,No,No internet service,No internet service,No internet service,No internet service,No internet service,No internet service,Month-to-month,Yes,Mailed check,19.3,19.3,Yes,5585,0.68261075,1,Medium,1.0,Offer annual or long-term contract incentive; Provide early-stage customer engagement,Proactive retention communication; Early customer onboarding support; Long-term contract conversion offer; Early intervention and retention campaign,Medium,Contract Upgrade Campaign
2386-OWURY,Female,0,No,No,58,Yes,No,Fiber optic,No,No,No,Yes,Yes,Yes,Month-to-month,Yes,Electronic check,95.3,5817.7,No,3787,0.17589834,0,Low,0.0,Offer annual or long-term contract incentive; Promote online security service; Offer online backup package; Review pricing and provide personalized offer; Offer fiber service support or loyalty benefit,Maintain regular engagement; Long-term contract conversion offer; Online security package promotion; Personalized pricing review; Fiber service experience review; Loyalty and long-term customer engagement,Low,Contract Upgrade Campaign
3780-DDGSE,Male,1,Yes,Yes,35,Yes,No,DSL,No,Yes,No,Yes,Yes,Yes,Month-to-month,Yes,Electronic check,76.05,2747.2,No,476,0.057477057,0,Low,1.0,Offer annual or long-term contract incentive; Promote online security service,Maintain regular engagement; Long-term contract conversion offer; Online security package promotion; Early intervention and retention campaign,Low,Contract Upgrade Campaign
1047-RNXZV,Male,0,No,No,43,Yes,No,No,No internet service,No internet service,No internet service,No internet service,No internet service,No internet service,Two year,No,Mailed check,19.55,876.15,No,6794,0.010962193,0,Low,1.0,Continue regular customer engagement,Maintain regular engagement; Early intervention and retention campaign,Low,Customer Loyalty Campaign
3926-YZVVX,Female,0,No,No,41,Yes,No,DSL,No,No,No,Yes,No,No,One year,No,Bank transfer (automatic),50.05,2029.05,No,6426,0.02524428,0,Low,1.0,Promote online security service; Offer online backup package,Maintain regular engagement; Online security package promotion; Early intervention and retention campaign,Low,Customer Loyalty Campaign
4742-TXUEX,Female,0,Yes,Yes,47,Yes,No,No,No internet service,No internet service,No internet service,No internet service,No internet service,No internet service,Two year,No,Bank transfer (automatic),19.3,890.5,No,3777,0.010772502,0,Low,1.0,Continue regular customer engagement,Maintain regular engagement; Early intervention and retention campaign,Low,Customer Loyalty Campaign
8709-KRDVL,Female,0,No,No,33,Yes,Yes,Fiber optic,No,Yes,No,No,Yes,Yes,Month-to-month,Yes,Electronic check,100.0,3320.6,No,6557,0.6339343,1,Medium,0.0,Offer annual or long-term contract incentive; Offer technical support assistance; Promote online security service; Review pricing and provide personalized offer; Offer fiber service support or loyalty benefit,Proactive retention communication; Long-term contract conversion offer; Technical support promotion; Online security package promotion; Personalized pricing review; Fiber service experience review; Loyalty and long-term customer engagement,Medium,Contract Upgrade Campaign
0397-ZXWQF,Male,0,No,No,67,Yes,No,No,No internet service,No internet service,No internet service,No internet service,No internet service,No internet service,Two year,No,Bank transfer (automatic),20.5,1430.95,No,2981,0.004769377,0,Low,1.0,Continue regular customer engagement,Maintain regular engagement; Early intervention and retention campaign,Low,Customer Loyalty Campaign
3910-MRQOY,Female,0,Yes,No,72,Yes,No,No,No internet service,No internet service,No internet service,No internet service,No internet service,No internet service,Two year,No,Bank transfer (automatic),19.4,1496.45,No,1329,0.002121072,0,Low,1.0,Continue regular customer engagement,Maintain regular engagement; Early intervention and retention campaign,Low,Customer Loyalty Campaign
2511-MORQY,Male,0,Yes,Yes,50,Yes,Yes,DSL,No,No,Yes,No,No,No,One year,No,Bank transfer (automatic),54.9,2614.1,No,1760,0.025351504,0,Low,1.0,Offer technical support assistance; Promote online security service; Offer online backup package,Maintain regular engagement; Technical support promotion; Online security package promotion; Early intervention and retention campaign,Low,Customer Loyalty Campaign
4039-PIMHX,Male,1,Yes,No,49,Yes,No,DSL,No,Yes,No,No,No,No,Two year,No,Mailed check,49.8,2398.4,No,3656,0.032302577,0,Low,1.0,Offer technical support assistance; Promote online security service,Maintain regular engagement; Technical support promotion; Online security package promotion; Early intervention and retention campaign,Low,Customer Loyalty Campaign
8083-YTZES,Male,0,No,No,4,Yes,Yes,Fiber optic,No,No,No,No,No,No,Month-to-month,Yes,Electronic check,74.35,265.35,Yes,6970,0.8514951,1,High,1.0,Priority retention outreach; Offer annual or long-term contract incentive; Offer technical support assistance; Promote online security service; Offer online backup package; Provide early-stage customer engagement; Offer fiber service support or loyalty benefit,Immediate retention outreach; Early customer onboarding support; Long-term contract conversion offer; Technical support promotion; Online security package promotion; Fiber service experience review; Early intervention and retention campaign,Critical,Immediate Personal Outreach
1346-PJWTK,Male,0,Yes,No,61,Yes,No,Fiber optic,No,Yes,Yes,Yes,No,Yes,Month-to-month,No,Credit card (automatic),94.15,5731.85,No,5560,0.015816402,0,Low,0.0,Offer annual or long-term contract incentive; Promote online security service; Review pricing and provide personalized offer; Offer fiber service support or loyalty benefit,Maintain regular engagement; Long-term contract conversion offer; Online security package promotion; Personalized pricing review; Fiber service experience review; Loyalty and long-term customer engagement,Low,Contract Upgrade Campaign
3750-YHRYO,Male,0,Yes,Yes,7,Yes,No,No,No internet service,No internet service,No internet service,No internet service,No internet service,No internet service,One year,No,Mailed check,20.65,150.0,No,1909,0.011421838,0,Low,1.0,Continue regular customer engagement,Maintain regular engagement; Early intervention and retention campaign,Low,Customer Loyalty Campaign
1236-WFCDV,Male,1,No,No,14,Yes,No,Fiber optic,No,No,No,No,Yes,Yes,Month-to-month,No,Credit card (automatic),90.45,1266.1,Yes,1040,0.6099275,1,Medium,1.0,Offer annual or long-term contract incentive; Offer technical support assistance; Promote online security service; Offer online backup package; Review pricing and provide personalized offer; Offer fiber service support or loyalty benefit,Proactive retention communication; Long-term contract conversion offer; Technical support promotion; Online security package promotion; Personalized pricing review; Fiber service experience review; Early intervention and retention campaign,Medium,Contract Upgrade Campaign
5949-HGVJL,Female,0,Yes,No,26,Yes,No,DSL,No,Yes,No,Yes,Yes,Yes,Month-to-month,Yes,Electronic check,73.05,1959.5,No,6539,0.10336793,0,Low,1.0,Offer annual or long-term contract incentive; Promote online security service,Maintain regular engagement; Long-term contract conversion offer; Online security package promotion; Early intervention and retention campaign,Low,Contract Upgrade Campaign
9112-WSNPU,Female,1,No,No,35,Yes,No,Fiber optic,No,No,No,No,No,No,Month-to-month,No,Electronic check,70.55,2419.0,No,5822,0.62722003,1,Medium,1.0,Offer annual or long-term contract incentive; Offer technical support assistance; Promote online security service; Offer online backup package; Offer fiber service support or loyalty benefit,Proactive retention communication; Long-term contract conversion offer; Technical support promotion; Online security package promotion; Fiber service experience review; Early intervention and retention campaign,Medium,Contract Upgrade Campaign
1360-JYXKQ,Female,1,Yes,No,54,Yes,No,Fiber optic,No,No,Yes,Yes,Yes,Yes,One year,Yes,Electronic check,99.1,5437.1,No,5048,0.23238604,0,Low,0.0,Promote online security service; Offer online backup package; Review pricing and provide personalized offer; Offer fiber service support or loyalty benefit,Maintain regular engagement; Online security package promotion; Personalized pricing review; Fiber service experience review; Loyalty and long-term customer engagement,Low,Customer Loyalty Campaign
3585-ISXZP,Female,0,No,No,8,Yes,Yes,Fiber optic,No,No,No,No,Yes,Yes,Month-to-month,No,Bank transfer (automatic),95.65,778.1,Yes,6991,0.86331326,1,High,1.0,Priority retention outreach; Offer annual or long-term contract incentive; Offer technical support assistance; Promote online security service; Offer online backup package; Review pricing and provide personalized offer; Offer fiber service support or loyalty benefit,Immediate retention outreach; Long-term contract conversion offer; Technical support promotion; Online security package promotion; Personalized pricing review; Fiber service experience review; Early intervention and retention campaign,Critical,Immediate Personal Outreach
8380-PEFPE,Male,0,No,Yes,1,Yes,No,Fiber optic,No,No,No,No,No,No,Month-to-month,Yes,Electronic check,71.65,71.65,Yes,1783,0.880878,1,High,1.0,Priority retention outreach; Offer annual or long-term contract incentive; Offer technical support assistance; Promote online security service; Offer online backup package; Provide early-stage customer engagement; Offer fiber service support or loyalty benefit,Immediate retention outreach; Early customer onboarding support; Long-term contract conversion offer; Technical support promotion; Online security package promotion; Fiber service experience review; Early intervention and retention campaign,Critical,Immediate Personal Outreach
9402-ROUMJ,Female,0,Yes,Yes,67,Yes,Yes,Fiber optic,Yes,No,Yes,Yes,No,Yes,One year,Yes,Bank transfer (automatic),100.25,6689.0,No,5078,0.22017662,0,Low,0.0,Offer online backup package; Review pricing and provide personalized offer; Offer fiber service support or loyalty benefit,Maintain regular engagement; Personalized pricing review; Fiber service experience review; Loyalty and long-term customer engagement,Low,Customer Loyalty Campaign
4335-UPJSI,Female,0,No,Yes,24,Yes,No,No,No internet service,No internet service,No internet service,No internet service,No internet service,No internet service,Two year,No,Mailed check,19.75,498.1,No,2154,0.008068915,0,Low,1.0,Continue regular customer engagement,Maintain regular engagement; Early intervention and retention campaign,Low,Customer Loyalty Campaign
6096-EGVTU,Female,0,Yes,Yes,64,Yes,Yes,No,No internet service,No internet service,No internet service,No internet service,No internet service,No internet service,One year,No,Mailed check,24.9,1595.5,No,6073,0.009981775,0,Low,1.0,Continue regular customer engagement,Maintain regular engagement; Early intervention and retention campaign,Low,Customer Loyalty Campaign
8988-ECPJR,Female,1,Yes,Yes,34,Yes,Yes,Fiber optic,No,Yes,No,No,No,No,Month-to-month,Yes,Mailed check,79.6,2718.3,Yes,5183,0.269051,0,Low,1.0,Offer annual or long-term contract incentive; Offer technical support assistance; Promote online security service; Offer fiber service support or loyalty benefit,Maintain regular engagement; Long-term contract conversion offer; Technical support promotion; Online security package promotion; Fiber service experience review; Early intervention and retention campaign,Low,Contract Upgrade Campaign
7677-SJJJK,Male,0,Yes,Yes,8,Yes,No,No,No internet service,No internet service,No internet service,No internet service,No internet service,No internet service,One year,No,Credit card (automatic),19.9,153.95,No,1440,0.01528811,0,Low,1.0,Continue regular customer engagement,Maintain regular engagement; Early intervention and retention campaign,Low,Customer Loyalty Campaign
5850-BDWCY,Female,0,No,No,6,Yes,No,No,No internet service,No internet service,No internet service,No internet service,No internet service,No internet service,Month-to-month,No,Mailed check,20.2,123.65,No,6650,0.17835283,0,Low,1.0,Offer annual or long-term contract incentive; Provide early-stage customer engagement,Maintain regular engagement; Early customer onboarding support; Long-term contract conversion offer; Early intervention and retention campaign,Low,Contract Upgrade Campaign
2025-JKFWI,Male,0,No,No,13,Yes,Yes,Fiber optic,No,No,No,Yes,Yes,Yes,Month-to-month,Yes,Mailed check,99.0,1301.7,Yes,6838,0.8531694,1,High,1.0,Priority retention outreach; Offer annual or long-term contract incentive; Promote online security service; Offer online backup package; Review pricing and provide personalized offer; Offer fiber service support or loyalty benefit,Immediate retention outreach; Long-term contract conversion offer; Online security package promotion; Personalized pricing review; Fiber service experience review; Early intervention and retention campaign,Critical,Immediate Personal Outreach
8028-PNXHQ,Male,0,Yes,Yes,62,Yes,Yes,No,No internet service,No internet service,No internet service,No internet service,No internet service,No internet service,Two year,Yes,Bank transfer (automatic),24.25,1424.6,No,73,0.0047831987,0,Low,1.0,Continue regular customer engagement,Maintain regular engagement; Early intervention and retention campaign,Low,Customer Loyalty Campaign
8397-MVTAZ,Male,0,Yes,No,34,Yes,Yes,Fiber optic,No,No,Yes,No,Yes,Yes,Month-to-month,Yes,Electronic check,100.05,3480.0,Yes,524,0.8663236,1,High,0.0,Priority retention outreach; Offer annual or long-term contract incentive; Offer technical support assistance; Promote online security service; Offer online backup package; Review pricing and provide personalized offer; Offer fiber service support or loyalty benefit,Immediate retention outreach; Long-term contract conversion offer; Technical support promotion; Online security package promotion; Personalized pricing review; Fiber service experience review; Loyalty and long-term customer engagement,Critical,Immediate Personal Outreach
4445-ZJNMU,Male,0,No,No,9,Yes,Yes,Fiber optic,No,Yes,No,No,Yes,Yes,Month-to-month,Yes,Credit card (automatic),99.3,918.75,No,85,0.91206336,1,High,1.0,Priority retention outreach; Offer annual or long-term contract incentive; Offer technical support assistance; Promote online security service; Review pricing and provide personalized offer; Offer fiber service support or loyalty benefit,Immediate retention outreach; Long-term contract conversion offer; Technical support promotion; Online security package promotion; Personalized pricing review; Fiber service experience review; Early intervention and retention campaign,Critical,Immediate Personal Outreach
3125-RAHBV,Male,0,No,No,22,Yes,No,No,No internet service,No internet service,No internet service,No internet service,No internet service,No internet service,One year,No,Credit card (automatic),20.3,467.15,No,4748,0.008905687,0,Low,1.0,Continue regular customer engagement,Maintain regular engagement; Early intervention and retention campaign,Low,Customer Loyalty Campaign
6682-QJDGB,Male,0,No,Yes,40,Yes,No,DSL,Yes,Yes,No,No,No,No,Month-to-month,Yes,Mailed check,55.25,2139.2,Yes,5270,0.06673911,0,Low,1.0,Offer annual or long-term contract incentive; Offer technical support assistance,Maintain regular engagement; Long-term contract conversion offer; Technical support promotion; Early intervention and retention campaign,Low,Contract Upgrade Campaign
8840-DQLGN,Female,1,Yes,No,35,Yes,Yes,Fiber optic,Yes,Yes,No,Yes,Yes,No,Month-to-month,Yes,Bank transfer (automatic),100.5,3653.35,Yes,1883,0.08739192,0,Low,0.0,Offer annual or long-term contract incentive; Review pricing and provide personalized offer; Offer fiber service support or loyalty benefit,Maintain regular engagement; Long-term contract conversion offer; Personalized pricing review; Fiber service experience review; Loyalty and long-term customer engagement,Low,Contract Upgrade Campaign
6258-NGCNG,Male,0,No,No,7,Yes,Yes,No,No internet service,No internet service,No internet service,No internet service,No internet service,No internet service,Month-to-month,No,Mailed check,23.5,173.0,No,6674,0.12734276,0,Low,1.0,Offer annual or long-term contract incentive,Maintain regular engagement; Long-term contract conversion offer; Early intervention and retention campaign,Low,Contract Upgrade Campaign
5917-RYRMG,Male,1,No,No,32,Yes,No,No,No internet service,No internet service,No internet service,No internet service,No internet service,No internet service,One year,No,Credit card (automatic),19.8,587.7,No,4166,0.0046805516,0,Low,1.0,Continue regular customer engagement,Maintain regular engagement; Early intervention and retention campaign,Low,Customer Loyalty Campaign
7157-SMCFK,Male,0,No,Yes,61,Yes,No,No,No internet service,No internet service,No internet service,No internet service,No internet service,No internet service,Two year,No,Mailed check,19.75,1124.2,No,212,0.021662557,0,Low,1.0,Continue regular customer engagement,Maintain regular engagement; Early intervention and retention campaign,Low,Customer Loyalty Campaign
0816-TSPHQ,Male,0,No,No,2,Yes,No,No,No internet service,No internet service,No internet service,No internet service,No internet service,No internet service,Month-to-month,No,Mailed check,20.75,44.2,No,5617,0.11049152,0,Low,1.0,Offer annual or long-term contract incentive; Provide early-stage customer engagement,Maintain regular engagement; Early customer onboarding support; Long-term contract conversion offer; Early intervention and retention campaign,Low,Contract Upgrade Campaign
6766-HFKLA,Female,0,Yes,No,56,Yes,Yes,Fiber optic,No,No,Yes,Yes,Yes,Yes,Two year,No,Bank transfer (automatic),103.2,5744.35,No,1250,0.06193885,0,Low,0.0,Promote online security service; Offer online backup package; Review pricing and provide personalized offer; Offer fiber service support or loyalty benefit,Maintain regular engagement; Online security package promotion; Personalized pricing review; Fiber service experience review; Loyalty and long-term customer engagement,Low,Customer Loyalty Campaign
7067-KSAZT,Female,1,Yes,No,65,Yes,Yes,Fiber optic,No,Yes,Yes,No,Yes,Yes,One year,Yes,Electronic check,106.25,6979.8,Yes,4792,0.18443356,0,Low,0.0,Offer technical support assistance; Promote online security service; Review pricing and provide personalized offer; Offer fiber service support or loyalty benefit,Maintain regular engagement; Technical support promotion; Online security package promotion; Personalized pricing review; Fiber service experience review; Loyalty and long-term customer engagement,Low,Customer Loyalty Campaign
5155-AZQPB,Female,0,Yes,Yes,28,Yes,Yes,DSL,No,No,No,No,No,No,Month-to-month,No,Mailed check,49.9,1410.25,No,2015,0.039057042,0,Low,1.0,Offer annual or long-term contract incentive; Offer technical support assistance; Promote online security service; Offer online backup package,Maintain regular engagement; Long-term contract conversion offer; Technical support promotion; Online security package promotion; Early intervention and retention campaign,Low,Contract Upgrade Campaign
6890-PFRQX,Male,0,No,No,18,Yes,Yes,DSL,Yes,No,Yes,No,Yes,No,Month-to-month,No,Mailed check,69.5,1199.4,No,1451,0.03609042,0,Low,1.0,Offer annual or long-term contract incentive; Offer technical support assistance; Offer online backup package,Maintain regular engagement; Long-term contract conversion offer; Technical support promotion; Early intervention and retention campaign,Low,Contract Upgrade Campaign
3508-VLHCZ,Female,0,Yes,Yes,71,Yes,Yes,DSL,Yes,Yes,Yes,Yes,Yes,Yes,Two year,Yes,Credit card (automatic),90.55,6239.05,No,3440,0.004190804,0,Low,0.0,Review pricing and provide personalized offer,Maintain regular engagement; Personalized pricing review; Loyalty and long-term customer engagement,Low,Customer Loyalty Campaign
3649-JPUGY,Male,0,No,No,72,Yes,Yes,DSL,No,Yes,Yes,Yes,Yes,Yes,Two year,Yes,Bank transfer (automatic),88.6,6201.95,No,487,0.003791157,0,Low,0.0,Promote online security service; Review pricing and provide personalized offer,Maintain regular engagement; Online security package promotion; Personalized pricing review; Loyalty and long-term customer engagement,Low,Customer Loyalty Campaign
9248-OJYKK,Male,1,No,No,1,Yes,Yes,Fiber optic,No,No,No,No,No,No,Month-to-month,Yes,Electronic check,76.45,76.45,Yes,6623,0.9688899,1,High,1.0,Priority retention outreach; Offer annual or long-term contract incentive; Offer technical support assistance; Promote online security service; Offer online backup package; Provide early-stage customer engagement; Offer fiber service support or loyalty benefit,Immediate retention outreach; Early customer onboarding support; Long-term contract conversion offer; Technical support promotion; Online security package promotion; Fiber service experience review; Early intervention and retention campaign,Critical,Immediate Personal Outreach
7239-HZZCX,Male,0,No,No,1,Yes,No,No,No internet service,No internet service,No internet service,No internet service,No internet service,No internet service,Month-to-month,No,Mailed check,19.75,19.75,Yes,4065,0.7378334,1,High,1.0,Priority retention outreach; Offer annual or long-term contract incentive; Provide early-stage customer engagement,Immediate retention outreach; Early customer onboarding support; Long-term contract conversion offer; Early intervention and retention campaign,High,Retention Offer Campaign
9860-LISIZ,Female,0,No,No,34,Yes,No,No,No internet service,No internet service,No internet service,No internet service,No internet service,No internet service,Month-to-month,No,Mailed check,20.35,673.2,No,5369,0.032746177,0,Low,1.0,Offer annual or long-term contract incentive,Maintain regular engagement; Long-term contract conversion offer; Early intervention and retention campaign,Low,Contract Upgrade Campaign
6979-ZNSFF,Female,0,No,No,8,Yes,Yes,Fiber optic,No,No,No,No,Yes,No,Month-to-month,Yes,Electronic check,87.05,762.1,Yes,3087,0.8523088,1,High,1.0,Priority retention outreach; Offer annual or long-term contract incentive; Offer technical support assistance; Promote online security service; Offer online backup package; Review pricing and provide personalized offer; Offer fiber service support or loyalty benefit,Immediate retention outreach; Long-term contract conversion offer; Technical support promotion; Online security package promotion; Personalized pricing review; Fiber service experience review; Early intervention and retention campaign,Critical,Immediate Personal Outreach
8938-UMKPI,Female,0,No,No,47,Yes,Yes,Fiber optic,No,Yes,Yes,No,Yes,Yes,Month-to-month,Yes,Electronic check,106.4,5127.95,Yes,3910,0.74381244,1,High,0.0,Priority retention outreach; Offer annual or long-term contract incentive; Offer technical support assistance; Promote online security service; Review pricing and provide personalized offer; Offer fiber service support or loyalty benefit,Immediate retention outreach; Long-term contract conversion offer; Technical support promotion; Online security package promotion; Personalized pricing review; Fiber service experience review; Loyalty and long-term customer engagement,High,Retention Offer Campaign
1820-DJFPH,Female,0,Yes,Yes,72,Yes,Yes,No,No internet service,No internet service,No internet service,No internet service,No internet service,No internet service,Two year,Yes,Bank transfer (automatic),24.05,1709.15,No,4633,0.0014438797,0,Low,1.0,Continue regular customer engagement,Maintain regular engagement; Early intervention and retention campaign,Low,Customer Loyalty Campaign
0732-OCQOC,Female,0,Yes,Yes,52,Yes,Yes,No,No internet service,No internet service,No internet service,No internet service,No internet service,No internet service,Two year,Yes,Bank transfer (automatic),25.05,1270.25,No,447,0.008694633,0,Low,1.0,Continue regular customer engagement,Maintain regular engagement; Early intervention and retention campaign,Low,Customer Loyalty Campaign
6776-TLWOI,Male,0,No,No,3,Yes,No,No,No internet service,No internet service,No internet service,No internet service,No internet service,No internet service,Month-to-month,No,Mailed check,19.85,64.55,Yes,6157,0.2569099,0,Low,1.0,Offer annual or long-term contract incentive; Provide early-stage customer engagement,Maintain regular engagement; Early customer onboarding support; Long-term contract conversion offer; Early intervention and retention campaign,Low,Contract Upgrade Campaign
4940-KHCWD,Female,0,Yes,No,60,No,No phone service,DSL,Yes,Yes,No,Yes,No,No,Two year,No,Bank transfer (automatic),37.7,2288.7,No,6679,0.006982543,0,Low,1.0,Continue regular customer engagement,Maintain regular engagement; Early intervention and retention campaign,Low,Customer Loyalty Campaign
9057-SIHCH,Female,0,No,No,3,Yes,Yes,Fiber optic,No,No,No,No,Yes,Yes,Month-to-month,Yes,Electronic check,96.6,291.9,Yes,3727,0.9315761,1,High,1.0,Priority retention outreach; Offer annual or long-term contract incentive; Offer technical support assistance; Promote online security service; Offer online backup package; Review pricing and provide personalized offer; Provide early-stage customer engagement; Offer fiber service support or loyalty benefit,Immediate retention outreach; Early customer onboarding support; Long-term contract conversion offer; Technical support promotion; Online security package promotion; Personalized pricing review; Fiber service experience review; Early intervention and retention campaign,Critical,Immediate Personal Outreach
9866-QEVEE,Male,0,No,No,19,Yes,Yes,Fiber optic,No,No,No,No,No,Yes,Month-to-month,Yes,Bank transfer (automatic),86.0,1532.45,Yes,1214,0.41193482,0,Medium,1.0,Offer annual or long-term contract incentive; Offer technical support assistance; Promote online security service; Offer online backup package; Review pricing and provide personalized offer; Offer fiber service support or loyalty benefit,Proactive retention communication; Long-term contract conversion offer; Technical support promotion; Online security package promotion; Personalized pricing review; Fiber service experience review; Early intervention and retention campaign,Medium,Contract Upgrade Campaign
5542-TBBWB,Male,0,No,No,1,Yes,No,Fiber optic,No,No,No,No,No,No,Month-to-month,Yes,Electronic check,69.9,69.9,No,2927,0.9739698,1,High,1.0,Priority retention outreach; Offer annual or long-term contract incentive; Offer technical support assistance; Promote online security service; Offer online backup package; Provide early-stage customer engagement; Offer fiber service support or loyalty benefit,Immediate retention outreach; Early customer onboarding support; Long-term contract conversion offer; Technical support promotion; Online security package promotion; Fiber service experience review; Early intervention and retention campaign,Critical,Immediate Personal Outreach
4587-VVTOX,Female,0,Yes,No,6,Yes,Yes,Fiber optic,No,Yes,Yes,No,Yes,Yes,Month-to-month,Yes,Electronic check,105.3,545.2,Yes,3956,0.9346493,1,High,1.0,Priority retention outreach; Offer annual or long-term contract incentive; Offer technical support assistance; Promote online security service; Review pricing and provide personalized offer; Provide early-stage customer engagement; Offer fiber service support or loyalty benefit,Immediate retention outreach; Early customer onboarding support; Long-term contract conversion offer; Technical support promotion; Online security package promotion; Personalized pricing review; Fiber service experience review; Early intervention and retention campaign,Critical,Immediate Personal Outreach
6322-HRPFA,Male,0,Yes,Yes,49,Yes,No,DSL,Yes,Yes,No,Yes,No,No,Month-to-month,No,Credit card (automatic),59.6,2970.3,No,24,0.06320388,0,Low,0.0,Offer annual or long-term contract incentive,Maintain regular engagement; Long-term contract conversion offer; Loyalty and long-term customer engagement,Low,Contract Upgrade Campaign
6284-AHOOQ,Male,1,No,No,22,Yes,Yes,Fiber optic,No,No,No,Yes,Yes,No,Month-to-month,Yes,Bank transfer (automatic),90.5,1910.6,Yes,5597,0.19105431,0,Low,1.0,Offer annual or long-term contract incentive; Promote online security service; Offer online backup package; Review pricing and provide personalized offer; Offer fiber service support or loyalty benefit,Maintain regular engagement; Long-term contract conversion offer; Online security package promotion; Personalized pricing review; Fiber service experience review; Early intervention and retention campaign,Low,Contract Upgrade Campaign
4530-NDRKU,Female,0,Yes,Yes,42,Yes,No,No,No internet service,No internet service,No internet service,No internet service,No internet service,No internet service,One year,Yes,Electronic check,19.05,761.85,No,4654,0.012222402,0,Low,1.0,Continue regular customer engagement,Maintain regular engagement; Early intervention and retention campaign,Low,Customer Loyalty Campaign
1751-NCDLI,Male,1,Yes,No,46,Yes,Yes,Fiber optic,No,No,Yes,No,Yes,Yes,Month-to-month,Yes,Electronic check,98.85,4564.9,No,1081,0.8785122,1,High,0.0,Priority retention outreach; Offer annual or long-term contract incentive; Offer technical support assistance; Promote online security service; Offer online backup package; Review pricing and provide personalized offer; Offer fiber service support or loyalty benefit,Immediate retention outreach; Long-term contract conversion offer; Technical support promotion; Online security package promotion; Personalized pricing review; Fiber service experience review; Loyalty and long-term customer engagement,Critical,Immediate Personal Outreach
3893-JRNFS,Male,0,No,No,68,No,No phone service,DSL,No,No,Yes,No,No,Yes,Month-to-month,Yes,Bank transfer (automatic),39.9,2796.35,No,2421,0.13177031,0,Low,0.0,Offer annual or long-term contract incentive; Offer technical support assistance; Promote online security service; Offer online backup package,Maintain regular engagement; Long-term contract conversion offer; Technical support promotion; Online security package promotion; Loyalty and long-term customer engagement,Low,Contract Upgrade Campaign
5857-XRECV,Female,0,No,Yes,2,Yes,No,No,No internet service,No internet service,No internet service,No internet service,No internet service,No internet service,One year,No,Bank transfer (automatic),20.5,38.25,No,6159,0.027382845,0,Low,1.0,Provide early-stage customer engagement,Maintain regular engagement; Early customer onboarding support; Early intervention and retention campaign,Low,New Customer Engagement Campaign
3115-CZMZD,Male,0,No,Yes,0,Yes,No,No,No internet service,No internet service,No internet service,No internet service,No internet service,No internet service,Two year,No,Mailed check,20.25,,No,753,0.006521641,0,Low,,Provide early-stage customer engagement,Maintain regular engagement; Early customer onboarding support,Low,New Customer Engagement Campaign
4489-SNOJF,Female,0,Yes,Yes,35,Yes,Yes,DSL,Yes,No,Yes,Yes,Yes,No,Month-to-month,No,Electronic check,72.25,2568.55,Yes,4296,0.23248479,0,Low,1.0,Offer annual or long-term contract incentive; Offer online backup package,Maintain regular engagement; Long-term contract conversion offer; Early intervention and retention campaign,Low,Contract Upgrade Campaign
1051-GEJLJ,Female,0,No,No,2,Yes,No,No,No internet service,No internet service,No internet service,No internet service,No internet service,No internet service,Month-to-month,No,Mailed check,19.5,27.55,No,900,0.25547522,0,Low,1.0,Offer annual or long-term contract incentive; Provide early-stage customer engagement,Maintain regular engagement; Early customer onboarding support; Long-term contract conversion offer; Early intervention and retention campaign,Low,Contract Upgrade Campaign
3563-SVYLG,Male,0,Yes,Yes,68,Yes,No,DSL,Yes,Yes,Yes,Yes,No,No,Two year,No,Credit card (automatic),62.65,4375.8,No,5422,0.0079892,0,Low,0.0,Continue regular customer engagement,Maintain regular engagement; Loyalty and long-term customer engagement,Low,Customer Loyalty Campaign
4301-VVZKA,Male,0,Yes,No,16,Yes,Yes,Fiber optic,No,No,No,No,No,No,Month-to-month,Yes,Electronic check,75.4,1189.4,No,922,0.74896467,1,High,1.0,Priority retention outreach; Offer annual or long-term contract incentive; Offer technical support assistance; Promote online security service; Offer online backup package; Offer fiber service support or loyalty benefit,Immediate retention outreach; Long-term contract conversion offer; Technical support promotion; Online security package promotion; Fiber service experience review; Early intervention and retention campaign,High,Retention Offer Campaign
9351-HXDMR,Male,0,Yes,No,72,Yes,Yes,Fiber optic,Yes,No,Yes,Yes,Yes,Yes,Two year,Yes,Credit card (automatic),110.9,8240.85,No,3767,0.014941393,0,Low,0.0,Offer online backup package; Review pricing and provide personalized offer; Offer fiber service support or loyalty benefit,Maintain regular engagement; Personalized pricing review; Fiber service experience review; Loyalty and long-term customer engagement,Low,Customer Loyalty Campaign
5161-XEUVX,Male,0,Yes,No,37,Yes,Yes,Fiber optic,No,No,Yes,Yes,Yes,No,Two year,No,Mailed check,94.3,3460.95,No,6690,0.0179206,0,Low,0.0,Promote online security service; Offer online backup package; Review pricing and provide personalized offer; Offer fiber service support or loyalty benefit,Maintain regular engagement; Online security package promotion; Personalized pricing review; Fiber service experience review; Loyalty and long-term customer engagement,Low,Customer Loyalty Campaign
3088-FVYWK,Male,0,Yes,Yes,53,Yes,Yes,No,No internet service,No internet service,No internet service,No internet service,No internet service,No internet service,Two year,No,Credit card (automatic),25.55,1336.1,No,671,0.022977365,0,Low,1.0,Continue regular customer engagement,Maintain regular engagement; Early intervention and retention campaign,Low,Customer Loyalty Campaign
9812-GHVRI,Female,0,No,No,40,Yes,Yes,Fiber optic,No,No,No,No,No,Yes,Month-to-month,No,Bank transfer (automatic),83.85,3532.25,No,6111,0.31203496,0,Low,0.0,Offer annual or long-term contract incentive; Offer technical support assistance; Promote online security service; Offer online backup package; Review pricing and provide personalized offer; Offer fiber service support or loyalty benefit,Maintain regular engagement; Long-term contract conversion offer; Technical support promotion; Online security package promotion; Personalized pricing review; Fiber service experience review; Loyalty and long-term customer engagement,Low,Contract Upgrade Campaign
1370-GGAWX,Female,0,No,No,46,Yes,Yes,Fiber optic,No,Yes,Yes,No,No,Yes,One year,Yes,Electronic check,94.15,4408.45,No,3368,0.14097792,0,Low,0.0,Offer technical support assistance; Promote online security service; Review pricing and provide personalized offer; Offer fiber service support or loyalty benefit,Maintain regular engagement; Technical support promotion; Online security package promotion; Personalized pricing review; Fiber service experience review; Loyalty and long-term customer engagement,Low,Customer Loyalty Campaign
6023-YEBUP,Male,0,No,No,3,Yes,Yes,Fiber optic,No,No,Yes,No,Yes,Yes,Month-to-month,Yes,Electronic check,100.95,329.95,Yes,2797,0.9322907,1,High,1.0,Priority retention outreach; Offer annual or long-term contract incentive; Offer technical support assistance; Promote online security service; Offer online backup package; Review pricing and provide personalized offer; Provide early-stage customer engagement; Offer fiber service support or loyalty benefit,Immediate retention outreach; Early customer onboarding support; Long-term contract conversion offer; Technical support promotion; Online security package promotion; Personalized pricing review; Fiber service experience review; Early intervention and retention campaign,Critical,Immediate Personal Outreach
9940-RHLFB,Female,0,No,No,1,Yes,No,Fiber optic,No,No,Yes,No,No,No,Month-to-month,No,Electronic check,75.3,75.3,Yes,5100,0.6963476,1,Medium,1.0,Offer annual or long-term contract incentive; Offer technical support assistance; Promote online security service; Offer online backup package; Provide early-stage customer engagement; Offer fiber service support or loyalty benefit,Proactive retention communication; Early customer onboarding support; Long-term contract conversion offer; Technical support promotion; Online security package promotion; Fiber service experience review; Early intervention and retention campaign,Medium,Contract Upgrade Campaign
4541-RMRLG,Male,0,No,No,7,Yes,No,No,No internet service,No internet service,No internet service,No internet service,No internet service,No internet service,Month-to-month,No,Electronic check,19.25,112.3,Yes,966,0.03159128,0,Low,1.0,Offer annual or long-term contract incentive,Maintain regular engagement; Long-term contract conversion offer; Early intervention and retention campaign,Low,Contract Upgrade Campaign
2606-RMDHZ,Male,0,No,No,6,No,No phone service,DSL,No,Yes,No,No,No,No,Month-to-month,Yes,Credit card (automatic),30.5,208.7,Yes,5091,0.37116566,0,Low,1.0,Offer annual or long-term contract incentive; Offer technical support assistance; Promote online security service; Provide early-stage customer engagement,Maintain regular engagement; Early customer onboarding support; Long-term contract conversion offer; Technical support promotion; Online security package promotion; Early intervention and retention campaign,Low,Contract Upgrade Campaign
5575-TPIZQ,Male,0,No,No,46,Yes,Yes,Fiber optic,Yes,No,No,No,Yes,No,Month-to-month,Yes,Credit card (automatic),89.15,4245.55,No,715,0.18880634,0,Low,0.0,Offer annual or long-term contract incentive; Offer technical support assistance; Offer online backup package; Review pricing and provide personalized offer; Offer fiber service support or loyalty benefit,Maintain regular engagement; Long-term contract conversion offer; Technical support promotion; Personalized pricing review; Fiber service experience review; Loyalty and long-term customer engagement,Low,Contract Upgrade Campaign
9378-FXTIZ,Female,0,Yes,No,54,Yes,Yes,DSL,No,No,No,No,Yes,Yes,One year,Yes,Credit card (automatic),70.15,3715.65,Yes,3672,0.056150716,0,Low,0.0,Offer technical support assistance; Promote online security service; Offer online backup package,Maintain regular engagement; Technical support promotion; Online security package promotion; Loyalty and long-term customer engagement,Low,Customer Loyalty Campaign
4631-OACRM,Male,1,No,No,15,Yes,No,Fiber optic,No,No,No,No,No,Yes,Month-to-month,Yes,Electronic check,79.4,1156.1,Yes,5499,0.7454398,1,High,1.0,Priority retention outreach; Offer annual or long-term contract incentive; Offer technical support assistance; Promote online security service; Offer online backup package; Offer fiber service support or loyalty benefit,Immediate retention outreach; Long-term contract conversion offer; Technical support promotion; Online security package promotion; Fiber service experience review; Early intervention and retention campaign,High,Retention Offer Campaign
8593-WHYHV,Male,0,No,No,3,Yes,Yes,Fiber optic,No,No,No,No,No,Yes,Month-to-month,Yes,Electronic check,85.3,264.8,Yes,1696,0.9035024,1,High,1.0,Priority retention outreach; Offer annual or long-term contract incentive; Offer technical support assistance; Promote online security service; Offer online backup package; Review pricing and provide personalized offer; Provide early-stage customer engagement; Offer fiber service support or loyalty benefit,Immediate retention outreach; Early customer onboarding support; Long-term contract conversion offer; Technical support promotion; Online security package promotion; Personalized pricing review; Fiber service experience review; Early intervention and retention campaign,Critical,Immediate Personal Outreach
1403-GYAFU,Male,0,Yes,Yes,70,Yes,No,No,No internet service,No internet service,No internet service,No internet service,No internet service,No internet service,Two year,No,Credit card (automatic),20.05,1360.25,No,531,0.001593554,0,Low,1.0,Continue regular customer engagement,Maintain regular engagement; Early intervention and retention campaign,Low,Customer Loyalty Campaign
7641-TQFHN,Male,0,No,Yes,39,Yes,Yes,Fiber optic,No,No,No,Yes,Yes,Yes,Two year,No,Mailed check,100.55,3895.35,No,2490,0.040897,0,Low,0.0,Promote online security service; Offer online backup package; Review pricing and provide personalized offer; Offer fiber service support or loyalty benefit,Maintain regular engagement; Online security package promotion; Personalized pricing review; Fiber service experience review; Loyalty and long-term customer engagement,Low,Customer Loyalty Campaign
4237-CLSMM,Male,0,Yes,No,2,Yes,No,No,No internet service,No internet service,No internet service,No internet service,No internet service,No internet service,Month-to-month,No,Mailed check,20.0,38.0,No,458,0.120142296,0,Low,1.0,Offer annual or long-term contract incentive; Provide early-stage customer engagement,Maintain regular engagement; Early customer onboarding support; Long-term contract conversion offer; Early intervention and retention campaign,Low,Contract Upgrade Campaign
4360-PNRQB,Male,0,No,No,18,Yes,Yes,Fiber optic,No,No,No,No,No,No,Month-to-month,Yes,Bank transfer (automatic),75.6,1395.05,No,428,0.36566213,0,Low,1.0,Offer annual or long-term contract incentive; Offer technical support assistance; Promote online security service; Offer online backup package; Offer fiber service support or loyalty benefit,Maintain regular engagement; Long-term contract conversion offer; Technical support promotion; Online security package promotion; Fiber service experience review; Early intervention and retention campaign,Low,Contract Upgrade Campaign
5334-AFQJB,Male,1,No,No,72,Yes,Yes,No,No internet service,No internet service,No internet service,No internet service,No internet service,No internet service,Two year,Yes,Credit card (automatic),25.1,1789.9,No,2279,0.0038877549,0,Low,1.0,Continue regular customer engagement,Maintain regular engagement; Early intervention and retention campaign,Low,Customer Loyalty Campaign
9308-ANMVE,Male,0,No,Yes,47,Yes,No,DSL,Yes,Yes,No,No,No,No,Month-to-month,Yes,Electronic check,55.3,2654.05,No,2377,0.1749753,0,Low,1.0,Offer annual or long-term contract incentive; Offer technical support assistance,Maintain regular engagement; Long-term contract conversion offer; Technical support promotion; Early intervention and retention campaign,Low,Contract Upgrade Campaign
3530-VWVGU,Female,0,Yes,Yes,22,Yes,No,No,No internet service,No internet service,No internet service,No internet service,No internet service,No internet service,Month-to-month,No,Mailed check,19.9,400.3,No,4508,0.100129314,0,Low,1.0,Offer annual or long-term contract incentive,Maintain regular engagement; Long-term contract conversion offer; Early intervention and retention campaign,Low,Contract Upgrade Campaign
4674-HGNUA,Male,0,Yes,Yes,71,Yes,Yes,DSL,Yes,Yes,Yes,Yes,Yes,Yes,Two year,No,Credit card (automatic),89.9,6457.15,No,2983,0.003977193,0,Low,0.0,Review pricing and provide personalized offer,Maintain regular engagement; Personalized pricing review; Loyalty and long-term customer engagement,Low,Customer Loyalty Campaign
3030-YDNRM,Male,0,No,No,8,Yes,Yes,Fiber optic,No,No,No,No,No,No,Month-to-month,Yes,Electronic check,74.85,572.45,No,1829,0.8264388,1,High,1.0,Priority retention outreach; Offer annual or long-term contract incentive; Offer technical support assistance; Promote online security service; Offer online backup package; Offer fiber service support or loyalty benefit,Immediate retention outreach; Long-term contract conversion offer; Technical support promotion; Online security package promotion; Fiber service experience review; Early intervention and retention campaign,Critical,Immediate Personal Outreach
3642-BYHDO,Female,0,Yes,Yes,71,Yes,No,No,No internet service,No internet service,No internet service,No internet service,No internet service,No internet service,Two year,No,Bank transfer (automatic),19.9,1389.35,No,3375,0.00218717,0,Low,1.0,Continue regular customer engagement,Maintain regular engagement; Early intervention and retention campaign,Low,Customer Loyalty Campaign
0440-UEDAI,Female,0,No,No,53,Yes,No,Fiber optic,No,Yes,Yes,Yes,No,Yes,One year,Yes,Credit card (automatic),94.45,5042.75,No,4853,0.04490228,0,Low,0.0,Promote online security service; Review pricing and provide personalized offer; Offer fiber service support or loyalty benefit,Maintain regular engagement; Online security package promotion; Personalized pricing review; Fiber service experience review; Loyalty and long-term customer engagement,Low,Customer Loyalty Campaign
9819-FBNSV,Male,1,Yes,No,37,Yes,No,Fiber optic,No,No,No,No,No,No,Month-to-month,Yes,Bank transfer (automatic),72.25,2575.45,No,3623,0.47860754,0,Medium,1.0,Offer annual or long-term contract incentive; Offer technical support assistance; Promote online security service; Offer online backup package; Offer fiber service support or loyalty benefit,Proactive retention communication; Long-term contract conversion offer; Technical support promotion; Online security package promotion; Fiber service experience review; Early intervention and retention campaign,Medium,Contract Upgrade Campaign
9289-LBQVU,Male,0,Yes,No,64,Yes,Yes,DSL,No,Yes,No,Yes,No,Yes,One year,Yes,Mailed check,70.15,4480.7,No,5462,0.100049466,0,Low,0.0,Promote online security service,Maintain regular engagement; Online security package promotion; Loyalty and long-term customer engagement,Low,Customer Loyalty Campaign
4468-YDOVK,Male,0,No,Yes,5,Yes,No,DSL,No,No,No,Yes,No,No,Month-to-month,Yes,Bank transfer (automatic),48.65,235.2,No,4340,0.3611297,0,Low,1.0,Offer annual or long-term contract incentive; Promote online security service; Offer online backup package; Provide early-stage customer engagement,Maintain regular engagement; Early customer onboarding support; Long-term contract conversion offer; Online security package promotion; Early intervention and retention campaign,Low,Contract Upgrade Campaign
2001-EWBQU,Female,0,No,No,60,Yes,Yes,Fiber optic,No,Yes,Yes,No,Yes,Yes,Two year,No,Electronic check,104.7,6333.8,No,4449,0.0629,0,Low,0.0,Offer technical support assistance; Promote online security service; Review pricing and provide personalized offer; Offer fiber service support or loyalty benefit,Maintain regular engagement; Technical support promotion; Online security package promotion; Personalized pricing review; Fiber service experience review; Loyalty and long-term customer engagement,Low,Customer Loyalty Campaign
9992-UJOEL,Male,0,No,No,2,Yes,No,DSL,No,Yes,No,No,No,No,Month-to-month,Yes,Mailed check,50.3,92.75,No,1260,0.67394143,1,Medium,1.0,Offer annual or long-term contract incentive; Offer technical support assistance; Promote online security service; Provide early-stage customer engagement,Proactive retention communication; Early customer onboarding support; Long-term contract conversion offer; Technical support promotion; Online security package promotion; Early intervention and retention campaign,Medium,Contract Upgrade Campaign
8409-WQJUX,Female,0,No,No,25,No,No phone service,DSL,No,No,Yes,Yes,Yes,Yes,One year,No,Electronic check,54.2,1423.15,No,6263,0.033010315,0,Low,1.0,Promote online security service; Offer online backup package,Maintain regular engagement; Online security package promotion; Early intervention and retention campaign,Low,Customer Loyalty Campaign
3077-RSNTJ,Female,0,Yes,Yes,6,Yes,No,No,No internet service,No internet service,No internet service,No internet service,No internet service,No internet service,Month-to-month,No,Mailed check,19.7,113.5,No,154,0.15316367,0,Low,1.0,Offer annual or long-term contract incentive; Provide early-stage customer engagement,Maintain regular engagement; Early customer onboarding support; Long-term contract conversion offer; Early intervention and retention campaign,Low,Contract Upgrade Campaign
6993-YCOBK,Male,0,Yes,Yes,60,Yes,Yes,Fiber optic,Yes,No,Yes,Yes,Yes,Yes,Two year,Yes,Electronic check,110.6,6586.85,No,3514,0.09375457,0,Low,0.0,Offer online backup package; Review pricing and provide personalized offer; Offer fiber service support or loyalty benefit,Maintain regular engagement; Personalized pricing review; Fiber service experience review; Loyalty and long-term customer engagement,Low,Customer Loyalty Campaign
4817-VYYWS,Female,0,No,No,30,Yes,Yes,Fiber optic,No,Yes,No,No,Yes,Yes,Month-to-month,Yes,Electronic check,100.2,2983.8,Yes,3864,0.73400176,1,High,0.0,Priority retention outreach; Offer annual or long-term contract incentive; Offer technical support assistance; Promote online security service; Review pricing and provide personalized offer; Offer fiber service support or loyalty benefit,Immediate retention outreach; Long-term contract conversion offer; Technical support promotion; Online security package promotion; Personalized pricing review; Fiber service experience review; Loyalty and long-term customer engagement,High,Retention Offer Campaign
4702-HDRKD,Male,0,No,No,67,No,No phone service,DSL,Yes,No,Yes,Yes,Yes,No,One year,Yes,Bank transfer (automatic),49.35,3321.35,No,3036,0.0071415855,0,Low,0.0,Offer online backup package,Maintain regular engagement; Loyalty and long-term customer engagement,Low,Customer Loyalty Campaign
3251-YMVWZ,Male,0,No,No,53,Yes,Yes,No,No internet service,No internet service,No internet service,No internet service,No internet service,No internet service,One year,No,Bank transfer (automatic),24.05,1301.9,No,2820,0.14600952,0,Low,1.0,Continue regular customer engagement,Maintain regular engagement; Early intervention and retention campaign,Low,Customer Loyalty Campaign
4190-MFLUW,Female,0,Yes,Yes,10,Yes,No,DSL,No,No,Yes,Yes,No,No,Month-to-month,No,Credit card (automatic),55.2,528.35,Yes,18,0.17216156,0,Low,1.0,Offer annual or long-term contract incentive; Promote online security service; Offer online backup package,Maintain regular engagement; Long-term contract conversion offer; Online security package promotion; Early intervention and retention campaign,Low,Contract Upgrade Campaign
4678-DVQEO,Female,0,No,No,1,Yes,No,DSL,No,No,No,Yes,No,No,Month-to-month,Yes,Electronic check,52.2,52.2,Yes,783,0.8083983,1,High,1.0,Priority retention outreach; Offer annual or long-term contract incentive; Promote online security service; Offer online backup package; Provide early-stage customer engagement,Immediate retention outreach; Early customer onboarding support; Long-term contract conversion offer; Online security package promotion; Early intervention and retention campaign,Critical,Immediate Personal Outreach
4701-AHWMW,Male,0,Yes,No,55,No,No phone service,DSL,No,No,Yes,Yes,Yes,Yes,Month-to-month,Yes,Bank transfer (automatic),54.55,2978.3,Yes,6593,0.03157819,0,Low,0.0,Offer annual or long-term contract incentive; Promote online security service; Offer online backup package,Maintain regular engagement; Long-term contract conversion offer; Online security package promotion; Loyalty and long-term customer engagement,Low,Contract Upgrade Campaign
2987-BJXIK,Female,0,No,No,70,Yes,Yes,DSL,Yes,Yes,Yes,No,Yes,Yes,Two year,No,Mailed check,84.7,5991.05,No,3992,0.0046452465,0,Low,0.0,Offer technical support assistance; Review pricing and provide personalized offer,Maintain regular engagement; Technical support promotion; Personalized pricing review; Loyalty and long-term customer engagement,Low,Customer Loyalty Campaign
1730-VFMWO,Female,0,Yes,No,34,Yes,No,DSL,No,No,No,Yes,No,No,Month-to-month,No,Bank transfer (automatic),50.2,1815.3,No,1062,0.042702008,0,Low,1.0,Offer annual or long-term contract incentive; Promote online security service; Offer online backup package,Maintain regular engagement; Long-term contract conversion offer; Online security package promotion; Early intervention and retention campaign,Low,Contract Upgrade Campaign
1936-UAFEH,Female,0,No,No,68,Yes,Yes,Fiber optic,Yes,Yes,No,Yes,Yes,Yes,Two year,No,Credit card (automatic),110.25,7279.35,No,6355,0.091932364,0,Low,0.0,Review pricing and provide personalized offer; Offer fiber service support or loyalty benefit,Maintain regular engagement; Personalized pricing review; Fiber service experience review; Loyalty and long-term customer engagement,Low,Customer Loyalty Campaign
5140-FOMCQ,Female,0,Yes,No,59,Yes,Yes,Fiber optic,Yes,Yes,Yes,No,Yes,Yes,One year,Yes,Credit card (automatic),109.15,6557.75,No,2663,0.19780582,0,Low,0.0,Offer technical support assistance; Review pricing and provide personalized offer; Offer fiber service support or loyalty benefit,Maintain regular engagement; Technical support promotion; Personalized pricing review; Fiber service experience review; Loyalty and long-term customer engagement,Low,Customer Loyalty Campaign
8778-LMWTJ,Female,0,No,No,9,Yes,No,Fiber optic,Yes,No,No,No,No,No,Month-to-month,Yes,Electronic check,74.85,708.2,No,6363,0.60347104,1,Medium,1.0,Offer annual or long-term contract incentive; Offer technical support assistance; Offer online backup package; Offer fiber service support or loyalty benefit,Proactive retention communication; Long-term contract conversion offer; Technical support promotion; Fiber service experience review; Early intervention and retention campaign,Medium,Contract Upgrade Campaign
9840-DVNDC,Male,0,No,No,6,Yes,No,Fiber optic,No,No,No,No,Yes,No,Month-to-month,Yes,Credit card (automatic),80.5,463.05,Yes,5718,0.5596378,1,Medium,1.0,Offer annual or long-term contract incentive; Offer technical support assistance; Promote online security service; Offer online backup package; Review pricing and provide personalized offer; Provide early-stage customer engagement; Offer fiber service support or loyalty benefit,Proactive retention communication; Early customer onboarding support; Long-term contract conversion offer; Technical support promotion; Online security package promotion; Personalized pricing review; Fiber service experience review; Early intervention and retention campaign,Medium,Contract Upgrade Campaign
8033-VCZGH,Male,0,Yes,No,50,Yes,Yes,Fiber optic,Yes,No,Yes,No,Yes,Yes,One year,Yes,Electronic check,103.95,5231.3,No,6185,0.47508153,0,Medium,0.0,Offer technical support assistance; Offer online backup package; Review pricing and provide personalized offer; Offer fiber service support or loyalty benefit,Proactive retention communication; Technical support promotion; Personalized pricing review; Fiber service experience review; Loyalty and long-term customer engagement,Medium,Customer Loyalty Campaign
8580-QVLOC,Female,1,Yes,Yes,72,Yes,Yes,DSL,Yes,Yes,Yes,Yes,Yes,Yes,Two year,No,Credit card (automatic),92.45,6440.25,Yes,4513,0.0032765202,0,Low,0.0,Review pricing and provide personalized offer,Maintain regular engagement; Personalized pricing review; Loyalty and long-term customer engagement,Low,Customer Loyalty Campaign
6128-AQBMT,Male,1,Yes,No,41,No,No phone service,DSL,No,Yes,Yes,No,Yes,Yes,Month-to-month,Yes,Electronic check,53.95,2215.4,No,2709,0.7545649,1,High,1.0,Priority retention outreach; Offer annual or long-term contract incentive; Offer technical support assistance; Promote online security service,Immediate retention outreach; Long-term contract conversion offer; Technical support promotion; Online security package promotion; Early intervention and retention campaign,High,Retention Offer Campaign
6257-RJOHI,Male,0,No,No,4,Yes,No,DSL,No,No,No,Yes,No,No,Month-to-month,Yes,Mailed check,50.8,202.3,No,3664,0.31293255,0,Low,1.0,Offer annual or long-term contract incentive; Promote online security service; Offer online backup package; Provide early-stage customer engagement,Maintain regular engagement; Early customer onboarding support; Long-term contract conversion offer; Online security package promotion; Early intervention and retention campaign,Low,Contract Upgrade Campaign
1929-ZCBHE,Male,0,Yes,Yes,47,No,No phone service,DSL,Yes,No,Yes,Yes,No,No,One year,No,Electronic check,40.3,1794.8,No,6331,0.041160673,0,Low,1.0,Offer online backup package,Maintain regular engagement; Early intervention and retention campaign,Low,Customer Loyalty Campaign
6242-SGYTS,Male,0,Yes,Yes,62,Yes,Yes,Fiber optic,Yes,Yes,No,No,Yes,No,One year,Yes,Credit card (automatic),94.95,5791.85,No,2664,0.035713267,0,Low,0.0,Offer technical support assistance; Review pricing and provide personalized offer; Offer fiber service support or loyalty benefit,Maintain regular engagement; Technical support promotion; Personalized pricing review; Fiber service experience review; Loyalty and long-term customer engagement,Low,Customer Loyalty Campaign
7010-ZMVBF,Female,0,Yes,Yes,18,Yes,No,No,No internet service,No internet service,No internet service,No internet service,No internet service,No internet service,Month-to-month,No,Mailed check,20.45,357.0,No,3723,0.064547166,0,Low,1.0,Offer annual or long-term contract incentive,Maintain regular engagement; Long-term contract conversion offer; Early intervention and retention campaign,Low,Contract Upgrade Campaign
3519-ZKXGG,Female,0,Yes,No,3,Yes,Yes,Fiber optic,No,No,No,No,No,No,Month-to-month,Yes,Electronic check,75.85,256.6,Yes,4226,0.83764255,1,High,1.0,Priority retention outreach; Offer annual or long-term contract incentive; Offer technical support assistance; Promote online security service; Offer online backup package; Provide early-stage customer engagement; Offer fiber service support or loyalty benefit,Immediate retention outreach; Early customer onboarding support; Long-term contract conversion offer; Technical support promotion; Online security package promotion; Fiber service experience review; Early intervention and retention campaign,Critical,Immediate Personal Outreach
5666-MBJPT,Male,0,No,No,65,Yes,Yes,No,No internet service,No internet service,No internet service,No internet service,No internet service,No internet service,Two year,Yes,Bank transfer (automatic),25.1,1725.0,No,5655,0.0054421653,0,Low,1.0,Continue regular customer engagement,Maintain regular engagement; Early intervention and retention campaign,Low,Customer Loyalty Campaign
3313-QKNKB,Male,0,Yes,No,59,Yes,Yes,Fiber optic,No,No,No,No,No,Yes,One year,No,Electronic check,85.55,5084.65,Yes,868,0.14194004,0,Low,0.0,Offer technical support assistance; Promote online security service; Offer online backup package; Review pricing and provide personalized offer; Offer fiber service support or loyalty benefit,Maintain regular engagement; Technical support promotion; Online security package promotion; Personalized pricing review; Fiber service experience review; Loyalty and long-term customer engagement,Low,Customer Loyalty Campaign
7581-EBBOU,Female,0,No,No,60,Yes,No,DSL,No,Yes,Yes,Yes,Yes,No,One year,Yes,Credit card (automatic),70.15,4224.7,No,4722,0.03367033,0,Low,0.0,Promote online security service,Maintain regular engagement; Online security package promotion; Loyalty and long-term customer engagement,Low,Customer Loyalty Campaign
1784-BXEFA,Female,0,No,No,10,Yes,No,No,No internet service,No internet service,No internet service,No internet service,No internet service,No internet service,Month-to-month,Yes,Mailed check,20.55,187.35,No,3069,0.07051856,0,Low,1.0,Offer annual or long-term contract incentive,Maintain regular engagement; Long-term contract conversion offer; Early intervention and retention campaign,Low,Contract Upgrade Campaign
7492-TAFJD,Male,0,Yes,Yes,7,No,No phone service,DSL,Yes,Yes,Yes,No,No,No,Two year,No,Mailed check,38.55,280.0,No,1802,0.022610161,0,Low,1.0,Offer technical support assistance,Maintain regular engagement; Technical support promotion; Early intervention and retention campaign,Low,Customer Loyalty Campaign
5213-TWWJU,Male,0,No,No,28,Yes,No,Fiber optic,No,No,Yes,Yes,No,Yes,Month-to-month,No,Electronic check,91.0,2626.15,No,2687,0.044360023,0,Low,1.0,Offer annual or long-term contract incentive; Promote online security service; Offer online backup package; Review pricing and provide personalized offer; Offer fiber service support or loyalty benefit,Maintain regular engagement; Long-term contract conversion offer; Online security package promotion; Personalized pricing review; Fiber service experience review; Early intervention and retention campaign,Low,Contract Upgrade Campaign
3312-ZWLGF,Male,1,Yes,No,29,Yes,Yes,Fiber optic,No,No,No,Yes,No,No,Month-to-month,Yes,Electronic check,79.3,2414.55,No,5700,0.70084035,1,High,1.0,Priority retention outreach; Offer annual or long-term contract incentive; Promote online security service; Offer online backup package; Offer fiber service support or loyalty benefit,Immediate retention outreach; Long-term contract conversion offer; Online security package promotion; Fiber service experience review; Early intervention and retention campaign,High,Retention Offer Campaign
2923-ARZLG,Male,0,Yes,Yes,0,Yes,No,No,No internet service,No internet service,No internet service,No internet service,No internet service,No internet service,One year,Yes,Mailed check,19.7,,No,5218,0.06013521,0,Low,,Provide early-stage customer engagement,Maintain regular engagement; Early customer onboarding support,Low,New Customer Engagement Campaign
7032-LMBHI,Female,0,No,No,37,Yes,Yes,DSL,Yes,No,No,No,Yes,No,One year,No,Bank transfer (automatic),64.65,2347.85,No,3693,0.01512969,0,Low,1.0,Offer technical support assistance; Offer online backup package,Maintain regular engagement; Technical support promotion; Early intervention and retention campaign,Low,Customer Loyalty Campaign
8292-ITGYJ,Female,0,Yes,Yes,45,Yes,Yes,No,No internet service,No internet service,No internet service,No internet service,No internet service,No internet service,Two year,Yes,Bank transfer (automatic),24.65,1138.8,No,1154,0.011478731,0,Low,1.0,Continue regular customer engagement,Maintain regular engagement; Early intervention and retention campaign,Low,Customer Loyalty Campaign
9107-UKCKY,Male,0,Yes,No,61,Yes,Yes,DSL,No,Yes,Yes,No,Yes,Yes,One year,Yes,Electronic check,79.8,4914.8,No,5571,0.22342543,0,Low,0.0,Offer technical support assistance; Promote online security service,Maintain regular engagement; Technical support promotion; Online security package promotion; Loyalty and long-term customer engagement,Low,Customer Loyalty Campaign
6848-HJTXY,Female,0,Yes,No,64,Yes,No,No,No internet service,No internet service,No internet service,No internet service,No internet service,No internet service,Two year,No,Credit card (automatic),19.45,1208.6,No,6875,0.004009143,0,Low,1.0,Continue regular customer engagement,Maintain regular engagement; Early intervention and retention campaign,Low,Customer Loyalty Campaign
4184-VODJZ,Male,0,Yes,Yes,63,Yes,Yes,Fiber optic,No,Yes,No,No,No,Yes,One year,Yes,Electronic check,91.35,5764.7,No,6519,0.10280994,0,Low,0.0,Offer technical support assistance; Promote online security service; Review pricing and provide personalized offer; Offer fiber service support or loyalty benefit,Maintain regular engagement; Technical support promotion; Online security package promotion; Personalized pricing review; Fiber service experience review; Loyalty and long-term customer engagement,Low,Customer Loyalty Campaign
4846-WHAFZ,Female,1,Yes,No,37,Yes,Yes,Fiber optic,No,No,No,No,No,No,Month-to-month,Yes,Electronic check,76.5,2868.15,Yes,113,0.67942405,1,Medium,0.0,Offer annual or long-term contract incentive; Offer technical support assistance; Promote online security service; Offer online backup package; Offer fiber service support or loyalty benefit,Proactive retention communication; Long-term contract conversion offer; Technical support promotion; Online security package promotion; Fiber service experience review; Loyalty and long-term customer engagement,Medium,Contract Upgrade Campaign
8735-SDUFN,Female,1,Yes,No,72,Yes,Yes,No,No internet service,No internet service,No internet service,No internet service,No internet service,No internet service,Two year,No,Bank transfer (automatic),24.3,1778.7,No,2506,0.0019442617,0,Low,1.0,Continue regular customer engagement,Maintain regular engagement; Early intervention and retention campaign,Low,Customer Loyalty Campaign
0839-JTCUD,Female,0,Yes,Yes,66,Yes,Yes,DSL,Yes,Yes,Yes,Yes,Yes,Yes,Two year,No,Credit card (automatic),89.9,5958.85,No,2217,0.016961116,0,Low,0.0,Review pricing and provide personalized offer,Maintain regular engagement; Personalized pricing review; Loyalty and long-term customer engagement,Low,Customer Loyalty Campaign
6857-VWJDT,Female,0,No,No,1,Yes,Yes,Fiber optic,No,No,No,No,Yes,Yes,Month-to-month,No,Mailed check,95.65,95.65,Yes,2753,0.9224997,1,High,1.0,Priority retention outreach; Offer annual or long-term contract incentive; Offer technical support assistance; Promote online security service; Offer online backup package; Review pricing and provide personalized offer; Provide early-stage customer engagement; Offer fiber service support or loyalty benefit,Immediate retention outreach; Early customer onboarding support; Long-term contract conversion offer; Technical support promotion; Online security package promotion; Personalized pricing review; Fiber service experience review; Early intervention and retention campaign,Critical,Immediate Personal Outreach
7363-QTBIW,Female,0,Yes,No,9,Yes,No,Fiber optic,No,No,No,No,No,Yes,Month-to-month,Yes,Electronic check,79.75,769.1,No,1105,0.7592472,1,High,1.0,Priority retention outreach; Offer annual or long-term contract incentive; Offer technical support assistance; Promote online security service; Offer online backup package; Offer fiber service support or loyalty benefit,Immediate retention outreach; Long-term contract conversion offer; Technical support promotion; Online security package promotion; Fiber service experience review; Early intervention and retention campaign,High,Retention Offer Campaign
6158-HDPXZ,Male,0,No,No,1,No,No phone service,DSL,No,No,No,No,No,No,Month-to-month,No,Mailed check,25.35,25.35,No,376,0.6873182,1,Medium,1.0,Offer annual or long-term contract incentive; Offer technical support assistance; Promote online security service; Offer online backup package; Provide early-stage customer engagement,Proactive retention communication; Early customer onboarding support; Long-term contract conversion offer; Technical support promotion; Online security package promotion; Early intervention and retention campaign,Medium,Contract Upgrade Campaign
5419-CONWX,Female,1,No,No,4,Yes,No,Fiber optic,No,Yes,Yes,No,Yes,Yes,Month-to-month,Yes,Credit card (automatic),99.8,442.85,Yes,1401,0.909331,1,High,1.0,Priority retention outreach; Offer annual or long-term contract incentive; Offer technical support assistance; Promote online security service; Review pricing and provide personalized offer; Provide early-stage customer engagement; Offer fiber service support or loyalty benefit,Immediate retention outreach; Early customer onboarding support; Long-term contract conversion offer; Technical support promotion; Online security package promotion; Personalized pricing review; Fiber service experience review; Early intervention and retention campaign,Critical,Immediate Personal Outreach
9286-DOJGF,Female,1,Yes,No,38,Yes,Yes,Fiber optic,No,No,No,No,No,No,Month-to-month,Yes,Bank transfer (automatic),74.95,2869.85,Yes,6344,0.47546455,0,Medium,0.0,Offer annual or long-term contract incentive; Offer technical support assistance; Promote online security service; Offer online backup package; Offer fiber service support or loyalty benefit,Proactive retention communication; Long-term contract conversion offer; Technical support promotion; Online security package promotion; Fiber service experience review; Loyalty and long-term customer engagement,Medium,Contract Upgrade Campaign
2408-PSJVE,Male,0,Yes,Yes,44,Yes,No,DSL,No,Yes,Yes,Yes,No,No,Month-to-month,Yes,Mailed check,61.9,2924.05,No,6852,0.02686804,0,Low,1.0,Offer annual or long-term contract incentive; Promote online security service,Maintain regular engagement; Long-term contract conversion offer; Online security package promotion; Early intervention and retention campaign,Low,Contract Upgrade Campaign
2087-QAREY,Female,0,Yes,No,22,Yes,No,DSL,No,Yes,Yes,No,No,No,Month-to-month,Yes,Mailed check,54.7,1178.75,No,5635,0.1985003,0,Low,1.0,Offer annual or long-term contract incentive; Offer technical support assistance; Promote online security service,Maintain regular engagement; Long-term contract conversion offer; Technical support promotion; Online security package promotion; Early intervention and retention campaign,Low,Contract Upgrade Campaign
6777-TGHTM,Female,0,No,No,53,Yes,Yes,Fiber optic,Yes,No,Yes,No,Yes,Yes,One year,Yes,Credit card (automatic),106.95,5785.5,Yes,5877,0.29896274,0,Low,0.0,Offer technical support assistance; Offer online backup package; Review pricing and provide personalized offer; Offer fiber service support or loyalty benefit,Maintain regular engagement; Technical support promotion; Personalized pricing review; Fiber service experience review; Loyalty and long-term customer engagement,Low,Customer Loyalty Campaign
6507-ZJSUR,Male,1,Yes,No,23,Yes,No,Fiber optic,No,No,No,No,Yes,Yes,Month-to-month,Yes,Electronic check,90.45,2117.25,No,1245,0.6232685,1,Medium,1.0,Offer annual or long-term contract incentive; Offer technical support assistance; Promote online security service; Offer online backup package; Review pricing and provide personalized offer; Offer fiber service support or loyalty benefit,Proactive retention communication; Long-term contract conversion offer; Technical support promotion; Online security package promotion; Personalized pricing review; Fiber service experience review; Early intervention and retention campaign,Medium,Contract Upgrade Campaign
5025-GOOKI,Female,0,No,No,20,Yes,No,No,No internet service,No internet service,No internet service,No internet service,No internet service,No internet service,Month-to-month,Yes,Credit card (automatic),18.9,347.65,No,6022,0.0849003,0,Low,1.0,Offer annual or long-term contract incentive,Maintain regular engagement; Long-term contract conversion offer; Early intervention and retention campaign,Low,Contract Upgrade Campaign
6080-LNESI,Male,0,No,No,51,Yes,Yes,No,No internet service,No internet service,No internet service,No internet service,No internet service,No internet service,Two year,No,Mailed check,24.75,1234.6,No,5927,0.0115259765,0,Low,1.0,Continue regular customer engagement,Maintain regular engagement; Early intervention and retention campaign,Low,Customer Loyalty Campaign
2236-HILPA,Male,0,Yes,Yes,62,Yes,No,No,No internet service,No internet service,No internet service,No internet service,No internet service,No internet service,Two year,No,Credit card (automatic),20.65,1218.45,No,5924,0.0019753238,0,Low,1.0,Continue regular customer engagement,Maintain regular engagement; Early intervention and retention campaign,Low,Customer Loyalty Campaign
1386-ZIKUV,Male,0,No,No,7,Yes,No,No,No internet service,No internet service,No internet service,No internet service,No internet service,No internet service,Month-to-month,Yes,Mailed check,18.95,130.55,No,4570,0.061229642,0,Low,1.0,Offer annual or long-term contract incentive,Maintain regular engagement; Long-term contract conversion offer; Early intervention and retention campaign,Low,Contract Upgrade Campaign
3365-SAIGS,Female,0,No,No,17,Yes,No,Fiber optic,No,Yes,No,No,Yes,No,Month-to-month,Yes,Electronic check,83.55,1329.15,No,1992,0.6016029,1,Medium,1.0,Offer annual or long-term contract incentive; Offer technical support assistance; Promote online security service; Review pricing and provide personalized offer; Offer fiber service support or loyalty benefit,Proactive retention communication; Long-term contract conversion offer; Technical support promotion; Online security package promotion; Personalized pricing review; Fiber service experience review; Early intervention and retention campaign,Medium,Contract Upgrade Campaign
6061-GWWAV,Male,0,No,Yes,41,Yes,No,DSL,Yes,Yes,Yes,No,Yes,No,One year,No,Mailed check,70.2,2894.55,No,2499,0.031738687,0,Low,0.0,Offer technical support assistance,Maintain regular engagement; Technical support promotion; Loyalty and long-term customer engagement,Low,Customer Loyalty Campaign
9979-RGMZT,Female,0,No,No,7,Yes,No,Fiber optic,No,Yes,No,No,Yes,Yes,One year,Yes,Mailed check,94.05,633.45,No,6628,0.3921041,0,Low,1.0,Offer technical support assistance; Promote online security service; Review pricing and provide personalized offer; Offer fiber service support or loyalty benefit,Maintain regular engagement; Technical support promotion; Online security package promotion; Personalized pricing review; Fiber service experience review; Early intervention and retention campaign,Low,Customer Loyalty Campaign
8445-DNBAE,Male,0,No,Yes,1,Yes,Yes,DSL,No,No,No,No,No,No,Month-to-month,Yes,Electronic check,50.05,50.05,No,1446,0.43182063,0,Medium,1.0,Offer annual or long-term contract incentive; Offer technical support assistance; Promote online security service; Offer online backup package; Provide early-stage customer engagement,Proactive retention communication; Early customer onboarding support; Long-term contract conversion offer; Technical support promotion; Online security package promotion; Early intervention and retention campaign,Medium,Contract Upgrade Campaign
6872-HXFNF,Female,0,Yes,No,64,Yes,Yes,DSL,No,No,Yes,Yes,No,No,One year,No,Bank transfer (automatic),58.35,3756.45,No,3836,0.009286636,0,Low,0.0,Promote online security service; Offer online backup package,Maintain regular engagement; Online security package promotion; Loyalty and long-term customer engagement,Low,Customer Loyalty Campaign
1320-HTRDR,Female,0,No,No,3,Yes,Yes,Fiber optic,No,No,No,No,No,No,Month-to-month,Yes,Electronic check,75.5,220.6,Yes,5610,0.8455261,1,High,1.0,Priority retention outreach; Offer annual or long-term contract incentive; Offer technical support assistance; Promote online security service; Offer online backup package; Provide early-stage customer engagement; Offer fiber service support or loyalty benefit,Immediate retention outreach; Early customer onboarding support; Long-term contract conversion offer; Technical support promotion; Online security package promotion; Fiber service experience review; Early intervention and retention campaign,Critical,Immediate Personal Outreach
3923-CSIHK,Female,1,Yes,No,50,Yes,No,Fiber optic,No,No,No,No,No,No,Month-to-month,Yes,Electronic check,71.05,3444.85,Yes,3031,0.45046607,0,Medium,0.0,Offer annual or long-term contract incentive; Offer technical support assistance; Promote online security service; Offer online backup package; Offer fiber service support or loyalty benefit,Proactive retention communication; Long-term contract conversion offer; Technical support promotion; Online security package promotion; Fiber service experience review; Loyalty and long-term customer engagement,Medium,Contract Upgrade Campaign
2446-ZKVAF,Male,0,Yes,No,18,Yes,Yes,DSL,No,Yes,No,No,No,No,Month-to-month,No,Credit card (automatic),56.8,1074.65,No,1143,0.13422078,0,Low,1.0,Offer annual or long-term contract incentive; Offer technical support assistance; Promote online security service,Maintain regular engagement; Long-term contract conversion offer; Technical support promotion; Online security package promotion; Early intervention and retention campaign,Low,Contract Upgrade Campaign
4640-UHDOS,Female,0,Yes,Yes,13,Yes,No,DSL,No,No,No,No,No,Yes,Month-to-month,No,Electronic check,55.95,734.35,Yes,469,0.29388407,0,Low,1.0,Offer annual or long-term contract incentive; Offer technical support assistance; Promote online security service; Offer online backup package,Maintain regular engagement; Long-term contract conversion offer; Technical support promotion; Online security package promotion; Early intervention and retention campaign,Low,Contract Upgrade Campaign
5457-COLHT,Male,0,Yes,Yes,69,Yes,No,DSL,Yes,Yes,No,Yes,Yes,Yes,Two year,No,Bank transfer (automatic),80.65,5542.55,No,4227,0.0062599843,0,Low,0.0,Review pricing and provide personalized offer,Maintain regular engagement; Personalized pricing review; Loyalty and long-term customer engagement,Low,Customer Loyalty Campaign
2254-DLXRI,Female,0,No,No,1,Yes,Yes,Fiber optic,No,Yes,No,No,No,No,Month-to-month,Yes,Mailed check,79.15,79.15,No,3536,0.93234384,1,High,1.0,Priority retention outreach; Offer annual or long-term contract incentive; Offer technical support assistance; Promote online security service; Provide early-stage customer engagement; Offer fiber service support or loyalty benefit,Immediate retention outreach; Early customer onboarding support; Long-term contract conversion offer; Technical support promotion; Online security package promotion; Fiber service experience review; Early intervention and retention campaign,Critical,Immediate Personal Outreach
5339-PXDVH,Male,0,No,No,4,Yes,Yes,Fiber optic,Yes,No,No,No,Yes,No,Month-to-month,No,Electronic check,90.65,367.95,No,6445,0.45428416,0,Medium,1.0,Offer annual or long-term contract incentive; Offer technical support assistance; Offer online backup package; Review pricing and provide personalized offer; Provide early-stage customer engagement; Offer fiber service support or loyalty benefit,Proactive retention communication; Early customer onboarding support; Long-term contract conversion offer; Technical support promotion; Personalized pricing review; Fiber service experience review; Early intervention and retention campaign,Medium,Contract Upgrade Campaign
2386-LAHRK,Male,0,No,No,1,Yes,No,DSL,No,No,No,No,Yes,No,Month-to-month,Yes,Mailed check,53.5,53.5,Yes,3090,0.7661958,1,High,1.0,Priority retention outreach; Offer annual or long-term contract incentive; Offer technical support assistance; Promote online security service; Offer online backup package; Provide early-stage customer engagement,Immediate retention outreach; Early customer onboarding support; Long-term contract conversion offer; Technical support promotion; Online security package promotion; Early intervention and retention campaign,High,Retention Offer Campaign
5062-CJJKH,Male,0,Yes,Yes,25,Yes,No,DSL,No,Yes,Yes,No,No,No,One year,No,Mailed check,53.65,1355.45,No,3537,0.107843414,0,Low,1.0,Offer technical support assistance; Promote online security service,Maintain regular engagement; Technical support promotion; Online security package promotion; Early intervention and retention campaign,Low,Customer Loyalty Campaign
8930-XOTDP,Female,0,Yes,Yes,18,Yes,No,DSL,No,No,No,No,Yes,No,Month-to-month,No,Mailed check,55.95,1082.8,No,6847,0.23218268,0,Low,1.0,Offer annual or long-term contract incentive; Offer technical support assistance; Promote online security service; Offer online backup package,Maintain regular engagement; Long-term contract conversion offer; Technical support promotion; Online security package promotion; Early intervention and retention campaign,Low,Contract Upgrade Campaign
4779-ZGICK,Male,0,Yes,Yes,48,Yes,Yes,No,No internet service,No internet service,No internet service,No internet service,No internet service,No internet service,Two year,No,Mailed check,23.55,1173.35,No,6656,0.007492979,0,Low,1.0,Continue regular customer engagement,Maintain regular engagement; Early intervention and retention campaign,Low,Customer Loyalty Campaign
9534-NSXEM,Male,0,No,No,26,Yes,No,No,No internet service,No internet service,No internet service,No internet service,No internet service,No internet service,One year,Yes,Credit card (automatic),20.65,595.5,No,2760,0.0051644277,0,Low,1.0,Continue regular customer engagement,Maintain regular engagement; Early intervention and retention campaign,Low,Customer Loyalty Campaign
3716-BDVDB,Male,0,No,No,1,Yes,No,Fiber optic,No,No,No,No,No,No,Month-to-month,Yes,Electronic check,69.1,69.1,Yes,3682,0.97408175,1,High,1.0,Priority retention outreach; Offer annual or long-term contract incentive; Offer technical support assistance; Promote online security service; Offer online backup package; Provide early-stage customer engagement; Offer fiber service support or loyalty benefit,Immediate retention outreach; Early customer onboarding support; Long-term contract conversion offer; Technical support promotion; Online security package promotion; Fiber service experience review; Early intervention and retention campaign,Critical,Immediate Personal Outreach
9842-EFSYY,Female,0,No,Yes,4,No,No phone service,DSL,Yes,Yes,Yes,No,Yes,Yes,Month-to-month,Yes,Mailed check,57.2,223.75,No,4933,0.38510776,0,Low,1.0,Offer annual or long-term contract incentive; Offer technical support assistance; Provide early-stage customer engagement,Maintain regular engagement; Early customer onboarding support; Long-term contract conversion offer; Technical support promotion; Early intervention and retention campaign,Low,Contract Upgrade Campaign
9122-UMROB,Male,0,No,No,1,Yes,No,No,No internet service,No internet service,No internet service,No internet service,No internet service,No internet service,Month-to-month,No,Mailed check,20.3,20.3,No,3312,0.6157503,1,Medium,1.0,Offer annual or long-term contract incentive; Provide early-stage customer engagement,Proactive retention communication; Early customer onboarding support; Long-term contract conversion offer; Early intervention and retention campaign,Medium,Contract Upgrade Campaign
1867-BDVFH,Male,0,Yes,Yes,11,Yes,Yes,Fiber optic,No,No,No,No,No,No,Month-to-month,Yes,Electronic check,74.35,834.2,Yes,5003,0.7447263,1,High,1.0,Priority retention outreach; Offer annual or long-term contract incentive; Offer technical support assistance; Promote online security service; Offer online backup package; Offer fiber service support or loyalty benefit,Immediate retention outreach; Long-term contract conversion offer; Technical support promotion; Online security package promotion; Fiber service experience review; Early intervention and retention campaign,High,Retention Offer Campaign
5949-EBSQK,Male,0,Yes,Yes,4,Yes,No,DSL,No,No,No,Yes,No,Yes,Month-to-month,No,Credit card (automatic),61.45,229.55,Yes,3448,0.06854615,0,Low,1.0,Offer annual or long-term contract incentive; Promote online security service; Offer online backup package; Provide early-stage customer engagement,Maintain regular engagement; Early customer onboarding support; Long-term contract conversion offer; Online security package promotion; Early intervention and retention campaign,Low,Contract Upgrade Campaign
4160-AMJTL,Female,1,No,No,8,Yes,No,No,No internet service,No internet service,No internet service,No internet service,No internet service,No internet service,Month-to-month,No,Electronic check,19.65,164.3,Yes,654,0.2690282,0,Low,1.0,Offer annual or long-term contract incentive,Maintain regular engagement; Long-term contract conversion offer; Early intervention and retention campaign,Low,Contract Upgrade Campaign
8622-ZLFKO,Female,0,Yes,No,6,Yes,Yes,Fiber optic,No,Yes,No,No,No,Yes,Month-to-month,Yes,Electronic check,90.75,512.25,No,2493,0.93970937,1,High,1.0,Priority retention outreach; Offer annual or long-term contract incentive; Offer technical support assistance; Promote online security service; Review pricing and provide personalized offer; Provide early-stage customer engagement; Offer fiber service support or loyalty benefit,Immediate retention outreach; Early customer onboarding support; Long-term contract conversion offer; Technical support promotion; Online security package promotion; Personalized pricing review; Fiber service experience review; Early intervention and retention campaign,Critical,Immediate Personal Outreach
2990-IAJSV,Male,0,No,No,72,Yes,Yes,DSL,Yes,Yes,Yes,Yes,Yes,Yes,Two year,No,Bank transfer (automatic),92.0,6632.75,No,4216,0.0015740539,0,Low,0.0,Review pricing and provide personalized offer,Maintain regular engagement; Personalized pricing review; Loyalty and long-term customer engagement,Low,Customer Loyalty Campaign
6064-ZATLR,Female,0,No,No,27,Yes,No,DSL,Yes,Yes,No,No,No,No,Two year,No,Bank transfer (automatic),52.85,1498.65,No,5721,0.00422621,0,Low,1.0,Offer technical support assistance,Maintain regular engagement; Technical support promotion; Early intervention and retention campaign,Low,Customer Loyalty Campaign
7409-KIUTL,Female,1,No,Yes,1,Yes,No,Fiber optic,No,No,No,No,No,No,Month-to-month,Yes,Electronic check,71.0,71.0,Yes,2888,0.85471463,1,High,1.0,Priority retention outreach; Offer annual or long-term contract incentive; Offer technical support assistance; Promote online security service; Offer online backup package; Provide early-stage customer engagement; Offer fiber service support or loyalty benefit,Immediate retention outreach; Early customer onboarding support; Long-term contract conversion offer; Technical support promotion; Online security package promotion; Fiber service experience review; Early intervention and retention campaign,Critical,Immediate Personal Outreach
5505-OVWQW,Female,0,No,No,17,Yes,No,No,No internet service,No internet service,No internet service,No internet service,No internet service,No internet service,One year,No,Mailed check,20.15,353.65,No,3099,0.015954316,0,Low,1.0,Continue regular customer engagement,Maintain regular engagement; Early intervention and retention campaign,Low,Customer Loyalty Campaign
3948-KXDUF,Male,0,No,No,66,Yes,Yes,DSL,Yes,Yes,Yes,Yes,No,No,Two year,No,Bank transfer (automatic),68.75,4447.55,No,2742,0.0042956234,0,Low,0.0,Continue regular customer engagement,Maintain regular engagement; Loyalty and long-term customer engagement,Low,Customer Loyalty Campaign
9814-AOUDH,Male,0,No,No,53,Yes,No,No,No internet service,No internet service,No internet service,No internet service,No internet service,No internet service,Two year,No,Credit card (automatic),19.5,1050.5,No,4781,0.09707043,0,Low,1.0,Continue regular customer engagement,Maintain regular engagement; Early intervention and retention campaign,Low,Customer Loyalty Campaign
7398-LXGYX,Male,0,Yes,No,44,Yes,Yes,Fiber optic,Yes,No,Yes,No,No,No,Month-to-month,Yes,Credit card (automatic),84.8,3626.35,No,7024,0.20625661,0,Low,0.0,Offer annual or long-term contract incentive; Offer technical support assistance; Offer online backup package; Review pricing and provide personalized offer; Offer fiber service support or loyalty benefit,Maintain regular engagement; Long-term contract conversion offer; Technical support promotion; Personalized pricing review; Fiber service experience review; Loyalty and long-term customer engagement,Low,Contract Upgrade Campaign
5266-PFRQK,Male,0,Yes,Yes,52,Yes,No,No,No internet service,No internet service,No internet service,No internet service,No internet service,No internet service,One year,Yes,Credit card (automatic),20.85,1071.6,No,2982,0.011938218,0,Low,1.0,Continue regular customer engagement,Maintain regular engagement; Early intervention and retention campaign,Low,Customer Loyalty Campaign
1568-BEKZM,Male,1,Yes,No,70,Yes,Yes,DSL,Yes,Yes,Yes,Yes,Yes,Yes,Two year,No,Credit card (automatic),90.05,6333.4,No,3547,0.018658973,0,Low,0.0,Review pricing and provide personalized offer,Maintain regular engagement; Personalized pricing review; Loyalty and long-term customer engagement,Low,Customer Loyalty Campaign
2692-PFYTJ,Female,0,No,No,1,Yes,Yes,No,No internet service,No internet service,No internet service,No internet service,No internet service,No internet service,Month-to-month,Yes,Mailed check,25.75,25.75,No,4275,0.26630127,0,Low,1.0,Offer annual or long-term contract incentive; Provide early-stage customer engagement,Maintain regular engagement; Early customer onboarding support; Long-term contract conversion offer; Early intervention and retention campaign,Low,Contract Upgrade Campaign
2533-QVMSK,Male,0,Yes,No,61,Yes,Yes,Fiber optic,No,Yes,No,Yes,Yes,No,Two year,Yes,Electronic check,94.1,5638.3,Yes,3803,0.038236562,0,Low,0.0,Promote online security service; Review pricing and provide personalized offer; Offer fiber service support or loyalty benefit,Maintain regular engagement; Online security package promotion; Personalized pricing review; Fiber service experience review; Loyalty and long-term customer engagement,Low,Customer Loyalty Campaign
5828-AVIPD,Male,0,Yes,Yes,19,Yes,Yes,Fiber optic,No,No,No,Yes,Yes,Yes,One year,Yes,Electronic check,100.95,1875.55,Yes,3287,0.42517158,0,Medium,1.0,Promote online security service; Offer online backup package; Review pricing and provide personalized offer; Offer fiber service support or loyalty benefit,Proactive retention communication; Online security package promotion; Personalized pricing review; Fiber service experience review; Early intervention and retention campaign,Medium,Customer Loyalty Campaign
2907-ILJBN,Female,0,Yes,Yes,11,Yes,No,No,No internet service,No internet service,No internet service,No internet service,No internet service,No internet service,One year,No,Mailed check,20.6,233.9,No,164,0.024035472,0,Low,1.0,Continue regular customer engagement,Maintain regular engagement; Early intervention and retention campaign,Low,Customer Loyalty Campaign
5226-NOZFC,Male,0,No,No,26,Yes,No,Fiber optic,No,Yes,No,No,Yes,No,Month-to-month,Yes,Electronic check,85.75,2146.5,No,2868,0.6720395,1,Medium,1.0,Offer annual or long-term contract incentive; Offer technical support assistance; Promote online security service; Review pricing and provide personalized offer; Offer fiber service support or loyalty benefit,Proactive retention communication; Long-term contract conversion offer; Technical support promotion; Online security package promotion; Personalized pricing review; Fiber service experience review; Early intervention and retention campaign,Medium,Contract Upgrade Campaign
7114-AEOZE,Female,0,No,No,60,Yes,No,No,No internet service,No internet service,No internet service,No internet service,No internet service,No internet service,Two year,No,Bank transfer (automatic),19.85,1128.1,No,1546,0.011279291,0,Low,1.0,Continue regular customer engagement,Maintain regular engagement; Early intervention and retention campaign,Low,Customer Loyalty Campaign
2202-CUYXZ,Male,0,No,No,1,Yes,No,Fiber optic,No,No,Yes,No,Yes,No,Month-to-month,Yes,Electronic check,84.85,84.85,Yes,5943,0.92950225,1,High,1.0,Priority retention outreach; Offer annual or long-term contract incentive; Offer technical support assistance; Promote online security service; Offer online backup package; Review pricing and provide personalized offer; Provide early-stage customer engagement; Offer fiber service support or loyalty benefit,Immediate retention outreach; Early customer onboarding support; Long-term contract conversion offer; Technical support promotion; Online security package promotion; Personalized pricing review; Fiber service experience review; Early intervention and retention campaign,Critical,Immediate Personal Outreach
3466-RITXD,Male,0,No,No,26,Yes,Yes,Fiber optic,Yes,Yes,No,No,Yes,No,Month-to-month,Yes,Credit card (automatic),92.4,2349.8,No,6393,0.4959457,0,Medium,1.0,Offer annual or long-term contract incentive; Offer technical support assistance; Review pricing and provide personalized offer; Offer fiber service support or loyalty benefit,Proactive retention communication; Long-term contract conversion offer; Technical support promotion; Personalized pricing review; Fiber service experience review; Early intervention and retention campaign,Medium,Contract Upgrade Campaign
7278-CKDNC,Male,1,No,No,24,Yes,Yes,Fiber optic,No,Yes,No,No,No,No,Month-to-month,Yes,Electronic check,80.5,2088.45,No,4139,0.82197475,1,High,1.0,Priority retention outreach; Offer annual or long-term contract incentive; Offer technical support assistance; Promote online security service; Review pricing and provide personalized offer; Offer fiber service support or loyalty benefit,Immediate retention outreach; Long-term contract conversion offer; Technical support promotion; Online security package promotion; Personalized pricing review; Fiber service experience review; Early intervention and retention campaign,Critical,Immediate Personal Outreach
1956-YIFGE,Male,0,Yes,Yes,22,Yes,No,Fiber optic,No,Yes,Yes,No,Yes,Yes,One year,Yes,Mailed check,100.05,2090.25,No,6898,0.5151753,1,Medium,1.0,Offer technical support assistance; Promote online security service; Review pricing and provide personalized offer; Offer fiber service support or loyalty benefit,Proactive retention communication; Technical support promotion; Online security package promotion; Personalized pricing review; Fiber service experience review; Early intervention and retention campaign,Medium,Customer Loyalty Campaign
0422-UXFAP,Female,0,Yes,No,51,Yes,Yes,Fiber optic,No,No,Yes,No,Yes,Yes,One year,Yes,Electronic check,98.85,4947.55,No,6974,0.27194005,0,Low,0.0,Offer technical support assistance; Promote online security service; Offer online backup package; Review pricing and provide personalized offer; Offer fiber service support or loyalty benefit,Maintain regular engagement; Technical support promotion; Online security package promotion; Personalized pricing review; Fiber service experience review; Loyalty and long-term customer engagement,Low,Customer Loyalty Campaign
3733-UOCWF,Male,1,Yes,No,61,Yes,Yes,Fiber optic,No,Yes,No,Yes,No,No,One year,Yes,Bank transfer (automatic),85.55,5251.75,No,5412,0.017239045,0,Low,0.0,Promote online security service; Review pricing and provide personalized offer; Offer fiber service support or loyalty benefit,Maintain regular engagement; Online security package promotion; Personalized pricing review; Fiber service experience review; Loyalty and long-term customer engagement,Low,Customer Loyalty Campaign
7191-ADRGF,Male,0,Yes,No,44,No,No phone service,DSL,No,Yes,Yes,No,Yes,Yes,Two year,No,Bank transfer (automatic),54.3,2390.45,No,5066,0.06560947,0,Low,1.0,Offer technical support assistance; Promote online security service,Maintain regular engagement; Technical support promotion; Online security package promotion; Early intervention and retention campaign,Low,Customer Loyalty Campaign
5709-LVOEQ,Female,0,Yes,Yes,0,Yes,No,DSL,Yes,Yes,Yes,No,Yes,Yes,Two year,No,Mailed check,80.85,,No,936,0.015852092,0,Low,,Offer technical support assistance; Review pricing and provide personalized offer; Provide early-stage customer engagement,Maintain regular engagement; Early customer onboarding support; Technical support promotion; Personalized pricing review,Low,New Customer Engagement Campaign
6034-YMTOB,Female,0,No,No,5,Yes,No,Fiber optic,No,No,No,Yes,No,No,Month-to-month,Yes,Mailed check,75.65,399.45,No,5119,0.47043326,0,Medium,1.0,Offer annual or long-term contract incentive; Promote online security service; Offer online backup package; Provide early-stage customer engagement; Offer fiber service support or loyalty benefit,Proactive retention communication; Early customer onboarding support; Long-term contract conversion offer; Online security package promotion; Fiber service experience review; Early intervention and retention campaign,Medium,Contract Upgrade Campaign
6372-RFVNS,Female,0,Yes,No,1,Yes,No,Fiber optic,No,No,No,No,Yes,No,Month-to-month,No,Electronic check,78.8,78.8,Yes,3906,0.95619935,1,High,1.0,Priority retention outreach; Offer annual or long-term contract incentive; Offer technical support assistance; Promote online security service; Offer online backup package; Provide early-stage customer engagement; Offer fiber service support or loyalty benefit,Immediate retention outreach; Early customer onboarding support; Long-term contract conversion offer; Technical support promotion; Online security package promotion; Fiber service experience review; Early intervention and retention campaign,Critical,Immediate Personal Outreach
9052-DHNKM,Male,0,No,No,26,Yes,Yes,DSL,Yes,Yes,No,No,No,No,One year,No,Electronic check,61.55,1581.95,No,3394,0.047164053,0,Low,1.0,Offer technical support assistance,Maintain regular engagement; Technical support promotion; Early intervention and retention campaign,Low,Customer Loyalty Campaign
5609-IMCGG,Female,0,No,No,15,Yes,Yes,Fiber optic,Yes,No,Yes,No,No,No,Month-to-month,Yes,Credit card (automatic),84.35,1302.65,No,2650,0.27801767,0,Low,1.0,Offer annual or long-term contract incentive; Offer technical support assistance; Offer online backup package; Review pricing and provide personalized offer; Offer fiber service support or loyalty benefit,Maintain regular engagement; Long-term contract conversion offer; Technical support promotion; Personalized pricing review; Fiber service experience review; Early intervention and retention campaign,Low,Contract Upgrade Campaign
2959-MJHIC,Male,0,Yes,No,4,Yes,No,Fiber optic,No,No,No,No,Yes,No,Month-to-month,Yes,Electronic check,80.35,307.4,Yes,3763,0.8038036,1,High,1.0,Priority retention outreach; Offer annual or long-term contract incentive; Offer technical support assistance; Promote online security service; Offer online backup package; Review pricing and provide personalized offer; Provide early-stage customer engagement; Offer fiber service support or loyalty benefit,Immediate retention outreach; Early customer onboarding support; Long-term contract conversion offer; Technical support promotion; Online security package promotion; Personalized pricing review; Fiber service experience review; Early intervention and retention campaign,Critical,Immediate Personal Outreach
1319-YLZJG,Male,0,Yes,No,12,Yes,No,Fiber optic,Yes,Yes,Yes,No,No,No,Month-to-month,Yes,Electronic check,84.6,959.9,No,4733,0.7146836,1,High,1.0,Priority retention outreach; Offer annual or long-term contract incentive; Offer technical support assistance; Review pricing and provide personalized offer; Offer fiber service support or loyalty benefit,Immediate retention outreach; Long-term contract conversion offer; Technical support promotion; Personalized pricing review; Fiber service experience review; Early intervention and retention campaign,High,Retention Offer Campaign
7623-TRNQN,Male,0,No,Yes,1,Yes,No,DSL,No,No,No,Yes,No,No,Month-to-month,Yes,Mailed check,49.9,49.9,Yes,6339,0.09831899,0,Low,1.0,Offer annual or long-term contract incentive; Promote online security service; Offer online backup package; Provide early-stage customer engagement,Maintain regular engagement; Early customer onboarding support; Long-term contract conversion offer; Online security package promotion; Early intervention and retention campaign,Low,Contract Upgrade Campaign
0377-JBKKT,Male,0,Yes,Yes,22,Yes,No,DSL,Yes,Yes,No,Yes,No,No,Month-to-month,Yes,Mailed check,57.95,1271.8,No,4390,0.046057917,0,Low,1.0,Offer annual or long-term contract incentive,Maintain regular engagement; Long-term contract conversion offer; Early intervention and retention campaign,Low,Contract Upgrade Campaign
1936-CZAKF,Male,0,Yes,No,49,No,No phone service,DSL,No,Yes,No,No,Yes,Yes,Two year,No,Credit card (automatic),49.65,2409.9,No,2919,0.044566825,0,Low,1.0,Offer technical support assistance; Promote online security service,Maintain regular engagement; Technical support promotion; Online security package promotion; Early intervention and retention campaign,Low,Customer Loyalty Campaign
5063-IUOKK,Male,0,No,No,13,Yes,No,No,No internet service,No internet service,No internet service,No internet service,No internet service,No internet service,Two year,No,Mailed check,19.75,265.75,No,5592,0.008144711,0,Low,1.0,Continue regular customer engagement,Maintain regular engagement; Early intervention and retention campaign,Low,Customer Loyalty Campaign
8646-JCOMS,Female,0,Yes,No,66,Yes,Yes,Fiber optic,No,Yes,Yes,Yes,No,No,One year,Yes,Bank transfer (automatic),90.55,6130.95,No,1738,0.03170405,0,Low,0.0,Promote online security service; Review pricing and provide personalized offer; Offer fiber service support or loyalty benefit,Maintain regular engagement; Online security package promotion; Personalized pricing review; Fiber service experience review; Loyalty and long-term customer engagement,Low,Customer Loyalty Campaign
0979-MOZQI,Male,0,Yes,No,62,No,No phone service,DSL,No,No,No,Yes,Yes,No,Two year,Yes,Bank transfer (automatic),39.0,2337.45,No,866,0.016631348,0,Low,1.0,Promote online security service; Offer online backup package,Maintain regular engagement; Online security package promotion; Early intervention and retention campaign,Low,Customer Loyalty Campaign
1525-LNLOJ,Male,0,Yes,Yes,66,Yes,Yes,DSL,No,No,Yes,No,Yes,No,Two year,Yes,Bank transfer (automatic),63.3,4189.7,No,700,0.014869013,0,Low,0.0,Offer technical support assistance; Promote online security service; Offer online backup package,Maintain regular engagement; Technical support promotion; Online security package promotion; Loyalty and long-term customer engagement,Low,Customer Loyalty Campaign
5759-RCVCB,Female,0,No,No,3,No,No phone service,DSL,No,No,No,No,Yes,No,Month-to-month,No,Credit card (automatic),35.2,108.95,Yes,3905,0.31013486,0,Low,1.0,Offer annual or long-term contract incentive; Offer technical support assistance; Promote online security service; Offer online backup package; Provide early-stage customer engagement,Maintain regular engagement; Early customer onboarding support; Long-term contract conversion offer; Technical support promotion; Online security package promotion; Early intervention and retention campaign,Low,Contract Upgrade Campaign
9968-FFVVH,Male,0,No,No,63,Yes,Yes,DSL,Yes,Yes,Yes,Yes,No,No,One year,No,Bank transfer (automatic),68.8,4111.35,No,1289,0.006048755,0,Low,0.0,Continue regular customer engagement,Maintain regular engagement; Loyalty and long-term customer engagement,Low,Customer Loyalty Campaign
2266-FUBDZ,Male,0,Yes,Yes,15,Yes,No,No,No internet service,No internet service,No internet service,No internet service,No internet service,No internet service,Two year,No,Mailed check,19.35,278.85,No,2568,0.004710889,0,Low,1.0,Continue regular customer engagement,Maintain regular engagement; Early intervention and retention campaign,Low,Customer Loyalty Campaign
4760-THGOT,Female,0,Yes,No,43,Yes,Yes,Fiber optic,Yes,Yes,No,No,No,Yes,Month-to-month,Yes,Electronic check,94.1,4107.3,No,2783,0.3329941,0,Low,0.0,Offer annual or long-term contract incentive; Offer technical support assistance; Review pricing and provide personalized offer; Offer fiber service support or loyalty benefit,Maintain regular engagement; Long-term contract conversion offer; Technical support promotion; Personalized pricing review; Fiber service experience review; Loyalty and long-term customer engagement,Low,Contract Upgrade Campaign
2307-FYNNL,Male,1,No,No,65,Yes,Yes,Fiber optic,Yes,No,Yes,Yes,Yes,Yes,Two year,Yes,Electronic check,109.05,7108.2,No,1775,0.74511826,1,High,0.0,Priority retention outreach; Offer online backup package; Review pricing and provide personalized offer; Offer fiber service support or loyalty benefit,Immediate retention outreach; Personalized pricing review; Fiber service experience review; Loyalty and long-term customer engagement,High,Retention Offer Campaign
1143-NMNQJ,Female,0,No,No,2,Yes,Yes,Fiber optic,No,No,No,No,No,Yes,Month-to-month,Yes,Electronic check,85.7,169.8,Yes,2729,0.9676257,1,High,1.0,Priority retention outreach; Offer annual or long-term contract incentive; Offer technical support assistance; Promote online security service; Offer online backup package; Review pricing and provide personalized offer; Provide early-stage customer engagement; Offer fiber service support or loyalty benefit,Immediate retention outreach; Early customer onboarding support; Long-term contract conversion offer; Technical support promotion; Online security package promotion; Personalized pricing review; Fiber service experience review; Early intervention and retention campaign,Critical,Immediate Personal Outreach
1629-DQQVB,Female,0,No,No,14,Yes,No,DSL,Yes,No,No,No,No,No,Month-to-month,No,Bank transfer (automatic),50.1,709.5,No,4061,0.13671663,0,Low,1.0,Offer annual or long-term contract incentive; Offer technical support assistance; Offer online backup package,Maintain regular engagement; Long-term contract conversion offer; Technical support promotion; Early intervention and retention campaign,Low,Contract Upgrade Campaign
3766-EJLFL,Female,0,Yes,Yes,68,Yes,Yes,Fiber optic,Yes,No,Yes,Yes,Yes,Yes,Two year,Yes,Bank transfer (automatic),109.05,7508.55,No,1586,0.23280871,0,Low,0.0,Offer online backup package; Review pricing and provide personalized offer; Offer fiber service support or loyalty benefit,Maintain regular engagement; Personalized pricing review; Fiber service experience review; Loyalty and long-term customer engagement,Low,Customer Loyalty Campaign
8457-XIGKN,Male,0,No,No,20,Yes,No,No,No internet service,No internet service,No internet service,No internet service,No internet service,No internet service,Month-to-month,Yes,Credit card (automatic),19.6,356.15,No,5551,0.054805644,0,Low,1.0,Offer annual or long-term contract incentive,Maintain regular engagement; Long-term contract conversion offer; Early intervention and retention campaign,Low,Contract Upgrade Campaign
4981-FLTMF,Female,0,Yes,Yes,57,Yes,Yes,DSL,Yes,Yes,No,Yes,No,No,Month-to-month,No,Bank transfer (automatic),65.2,3687.85,No,2333,0.024020497,0,Low,0.0,Offer annual or long-term contract incentive,Maintain regular engagement; Long-term contract conversion offer; Loyalty and long-term customer engagement,Low,Contract Upgrade Campaign
7606-BPHHN,Male,0,No,No,72,Yes,No,No,No internet service,No internet service,No internet service,No internet service,No internet service,No internet service,Two year,Yes,Credit card (automatic),19.8,1468.75,No,405,0.0016750124,0,Low,1.0,Continue regular customer engagement,Maintain regular engagement; Early intervention and retention campaign,Low,Customer Loyalty Campaign
7005-CCBKV,Male,0,No,No,6,Yes,No,Fiber optic,No,Yes,No,No,No,Yes,Month-to-month,Yes,Electronic check,84.4,556.35,Yes,3067,0.79364574,1,High,1.0,Priority retention outreach; Offer annual or long-term contract incentive; Offer technical support assistance; Promote online security service; Review pricing and provide personalized offer; Provide early-stage customer engagement; Offer fiber service support or loyalty benefit,Immediate retention outreach; Early customer onboarding support; Long-term contract conversion offer; Technical support promotion; Online security package promotion; Personalized pricing review; Fiber service experience review; Early intervention and retention campaign,High,Retention Offer Campaign
4648-YPBTM,Male,0,No,No,53,Yes,Yes,DSL,No,Yes,Yes,Yes,No,Yes,Two year,Yes,Bank transfer (automatic),73.9,3958.25,No,163,0.008725722,0,Low,0.0,Promote online security service,Maintain regular engagement; Online security package promotion; Loyalty and long-term customer engagement,Low,Customer Loyalty Campaign
2325-ZUSFD,Female,0,Yes,Yes,57,Yes,No,DSL,Yes,No,No,No,Yes,Yes,One year,Yes,Bank transfer (automatic),70.1,3913.3,Yes,3834,0.015370478,0,Low,0.0,Offer technical support assistance; Offer online backup package,Maintain regular engagement; Technical support promotion; Loyalty and long-term customer engagement,Low,Customer Loyalty Campaign
1240-KNSEZ,Male,0,No,No,1,Yes,No,No,No internet service,No internet service,No internet service,No internet service,No internet service,No internet service,Month-to-month,Yes,Mailed check,20.1,20.1,Yes,3679,0.8883426,1,High,1.0,Priority retention outreach; Offer annual or long-term contract incentive; Provide early-stage customer engagement,Immediate retention outreach; Early customer onboarding support; Long-term contract conversion offer; Early intervention and retention campaign,Critical,Immediate Personal Outreach
0430-IHCDJ,Male,0,No,No,15,Yes,Yes,DSL,No,No,No,No,No,No,Month-to-month,Yes,Electronic check,49.0,749.25,No,3762,0.8194492,1,High,1.0,Priority retention outreach; Offer annual or long-term contract incentive; Offer technical support assistance; Promote online security service; Offer online backup package,Immediate retention outreach; Long-term contract conversion offer; Technical support promotion; Online security package promotion; Early intervention and retention campaign,Critical,Immediate Personal Outreach
7957-RYHQD,Female,1,No,No,40,Yes,No,Fiber optic,Yes,Yes,No,No,No,No,Month-to-month,Yes,Credit card (automatic),79.2,3233.85,Yes,6740,0.70232505,1,High,0.0,Priority retention outreach; Offer annual or long-term contract incentive; Offer technical support assistance; Offer fiber service support or loyalty benefit,Immediate retention outreach; Long-term contract conversion offer; Technical support promotion; Fiber service experience review; Loyalty and long-term customer engagement,High,Retention Offer Campaign
6164-HAQTX,Male,0,No,No,71,No,No phone service,DSL,Yes,Yes,Yes,Yes,Yes,No,Two year,No,Bank transfer (automatic),53.95,3888.65,No,2899,0.0031933878,0,Low,0.0,Continue regular customer engagement,Maintain regular engagement; Loyalty and long-term customer engagement,Low,Customer Loyalty Campaign
0749-IRGQE,Female,1,Yes,No,13,No,No phone service,DSL,No,No,No,No,Yes,Yes,Month-to-month,No,Electronic check,45.3,528.45,No,6727,0.66692704,1,Medium,1.0,Offer annual or long-term contract incentive; Offer technical support assistance; Promote online security service; Offer online backup package,Proactive retention communication; Long-term contract conversion offer; Technical support promotion; Online security package promotion; Early intervention and retention campaign,Medium,Contract Upgrade Campaign
1227-UDMZR,Female,0,Yes,No,72,Yes,Yes,DSL,Yes,Yes,Yes,Yes,Yes,Yes,Two year,Yes,Bank transfer (automatic),91.15,6637.9,No,4267,0.0022536768,0,Low,0.0,Review pricing and provide personalized offer,Maintain regular engagement; Personalized pricing review; Loyalty and long-term customer engagement,Low,Customer Loyalty Campaign
5473-KHBPS,Female,0,Yes,Yes,52,Yes,Yes,Fiber optic,No,Yes,Yes,No,Yes,No,One year,Yes,Credit card (automatic),95.7,4976.15,No,3449,0.034897603,0,Low,0.0,Offer technical support assistance; Promote online security service; Review pricing and provide personalized offer; Offer fiber service support or loyalty benefit,Maintain regular engagement; Technical support promotion; Online security package promotion; Personalized pricing review; Fiber service experience review; Loyalty and long-term customer engagement,Low,Customer Loyalty Campaign
5297-MDOIR,Female,0,Yes,No,63,Yes,No,Fiber optic,Yes,No,Yes,No,No,No,One year,Yes,Credit card (automatic),81.15,5224.5,No,6872,0.01259661,0,Low,0.0,Offer technical support assistance; Offer online backup package; Review pricing and provide personalized offer; Offer fiber service support or loyalty benefit,Maintain regular engagement; Technical support promotion; Personalized pricing review; Fiber service experience review; Loyalty and long-term customer engagement,Low,Customer Loyalty Campaign
8873-TMKGR,Male,0,No,No,29,Yes,No,No,No internet service,No internet service,No internet service,No internet service,No internet service,No internet service,One year,No,Mailed check,19.1,529.5,No,3781,0.0024690174,0,Low,1.0,Continue regular customer engagement,Maintain regular engagement; Early intervention and retention campaign,Low,Customer Loyalty Campaign
6481-ESCNL,Female,0,No,No,29,Yes,Yes,Fiber optic,No,No,Yes,No,Yes,Yes,Month-to-month,No,Bank transfer (automatic),100.55,2878.75,No,2604,0.3854295,0,Low,0.0,Offer annual or long-term contract incentive; Offer technical support assistance; Promote online security service; Offer online backup package; Review pricing and provide personalized offer; Offer fiber service support or loyalty benefit,Maintain regular engagement; Long-term contract conversion offer; Technical support promotion; Online security package promotion; Personalized pricing review; Fiber service experience review; Loyalty and long-term customer engagement,Low,Contract Upgrade Campaign
0463-WZZKO,Male,0,No,No,3,Yes,No,No,No internet service,No internet service,No internet service,No internet service,No internet service,No internet service,Month-to-month,Yes,Credit card (automatic),20.75,67.1,No,1878,0.09634985,0,Low,1.0,Offer annual or long-term contract incentive; Provide early-stage customer engagement,Maintain regular engagement; Early customer onboarding support; Long-term contract conversion offer; Early intervention and retention campaign,Low,Contract Upgrade Campaign
1038-RQOST,Male,0,Yes,Yes,19,Yes,No,No,No internet service,No internet service,No internet service,No internet service,No internet service,No internet service,Month-to-month,No,Mailed check,20.6,414.95,No,2999,0.020938449,0,Low,1.0,Offer annual or long-term contract incentive,Maintain regular engagement; Long-term contract conversion offer; Early intervention and retention campaign,Low,Contract Upgrade Campaign
4937-QPZPO,Male,0,Yes,Yes,61,Yes,Yes,Fiber optic,No,No,Yes,No,Yes,Yes,One year,Yes,Electronic check,99.9,6241.35,No,6181,0.5794763,1,Medium,0.0,Offer technical support assistance; Promote online security service; Offer online backup package; Review pricing and provide personalized offer; Offer fiber service support or loyalty benefit,Proactive retention communication; Technical support promotion; Online security package promotion; Personalized pricing review; Fiber service experience review; Loyalty and long-term customer engagement,Medium,Customer Loyalty Campaign
3604-WLABM,Female,0,No,No,10,Yes,No,DSL,No,No,Yes,Yes,No,No,Month-to-month,No,Electronic check,54.25,583.0,No,3658,0.2572537,0,Low,1.0,Offer annual or long-term contract incentive; Promote online security service; Offer online backup package,Maintain regular engagement; Long-term contract conversion offer; Online security package promotion; Early intervention and retention campaign,Low,Contract Upgrade Campaign
1360-XFJMR,Female,0,Yes,No,67,Yes,Yes,Fiber optic,No,Yes,Yes,Yes,Yes,Yes,One year,Yes,Credit card (automatic),109.7,7344.45,No,4838,0.15554325,0,Low,0.0,Promote online security service; Review pricing and provide personalized offer; Offer fiber service support or loyalty benefit,Maintain regular engagement; Online security package promotion; Personalized pricing review; Fiber service experience review; Loyalty and long-term customer engagement,Low,Customer Loyalty Campaign
8717-VCTXJ,Male,0,No,No,42,Yes,No,No,No internet service,No internet service,No internet service,No internet service,No internet service,No internet service,One year,Yes,Mailed check,19.55,839.4,No,1104,0.013856062,0,Low,1.0,Continue regular customer engagement,Maintain regular engagement; Early intervention and retention campaign,Low,Customer Loyalty Campaign
5196-SGOAK,Female,0,No,No,1,Yes,No,Fiber optic,No,Yes,No,No,No,No,Month-to-month,Yes,Electronic check,75.7,75.7,Yes,5706,0.91877645,1,High,1.0,Priority retention outreach; Offer annual or long-term contract incentive; Offer technical support assistance; Promote online security service; Provide early-stage customer engagement; Offer fiber service support or loyalty benefit,Immediate retention outreach; Early customer onboarding support; Long-term contract conversion offer; Technical support promotion; Online security package promotion; Fiber service experience review; Early intervention and retention campaign,Critical,Immediate Personal Outreach
8739-XNIKG,Female,0,No,No,5,Yes,Yes,Fiber optic,No,No,No,No,Yes,No,Month-to-month,Yes,Electronic check,84.0,424.75,No,2350,0.8622874,1,High,1.0,Priority retention outreach; Offer annual or long-term contract incentive; Offer technical support assistance; Promote online security service; Offer online backup package; Review pricing and provide personalized offer; Provide early-stage customer engagement; Offer fiber service support or loyalty benefit,Immediate retention outreach; Early customer onboarding support; Long-term contract conversion offer; Technical support promotion; Online security package promotion; Personalized pricing review; Fiber service experience review; Early intervention and retention campaign,Critical,Immediate Personal Outreach
2320-TZRRH,Female,0,No,No,20,Yes,No,No,No internet service,No internet service,No internet service,No internet service,No internet service,No internet service,One year,No,Mailed check,19.5,403.15,No,5642,0.010637145,0,Low,1.0,Continue regular customer engagement,Maintain regular engagement; Early intervention and retention campaign,Low,Customer Loyalty Campaign
5186-SAMNZ,Male,1,No,No,1,Yes,No,Fiber optic,No,No,No,No,No,No,Month-to-month,Yes,Bank transfer (automatic),69.5,69.5,Yes,2517,0.9404329,1,High,1.0,Priority retention outreach; Offer annual or long-term contract incentive; Offer technical support assistance; Promote online security service; Offer online backup package; Provide early-stage customer engagement; Offer fiber service support or loyalty benefit,Immediate retention outreach; Early customer onboarding support; Long-term contract conversion offer; Technical support promotion; Online security package promotion; Fiber service experience review; Early intervention and retention campaign,Critical,Immediate Personal Outreach
5760-FXFVO,Male,0,No,No,6,Yes,No,Fiber optic,Yes,Yes,No,No,No,No,Month-to-month,Yes,Electronic check,78.95,494.95,No,4705,0.68206334,1,Medium,1.0,Offer annual or long-term contract incentive; Offer technical support assistance; Provide early-stage customer engagement; Offer fiber service support or loyalty benefit,Proactive retention communication; Early customer onboarding support; Long-term contract conversion offer; Technical support promotion; Fiber service experience review; Early intervention and retention campaign,Medium,Contract Upgrade Campaign
5380-WJKOV,Male,0,No,No,34,Yes,Yes,Fiber optic,No,Yes,Yes,No,Yes,Yes,Month-to-month,Yes,Electronic check,106.35,3549.25,Yes,38,0.7578313,1,High,0.0,Priority retention outreach; Offer annual or long-term contract incentive; Offer technical support assistance; Promote online security service; Review pricing and provide personalized offer; Offer fiber service support or loyalty benefit,Immediate retention outreach; Long-term contract conversion offer; Technical support promotion; Online security package promotion; Personalized pricing review; Fiber service experience review; Loyalty and long-term customer engagement,High,Retention Offer Campaign
4703-MQYKT,Male,0,No,No,21,Yes,No,No,No internet service,No internet service,No internet service,No internet service,No internet service,No internet service,Two year,No,Mailed check,19.6,390.4,No,1975,0.009367384,0,Low,1.0,Continue regular customer engagement,Maintain regular engagement; Early intervention and retention campaign,Low,Customer Loyalty Campaign
2001-MCUUW,Male,0,No,No,46,Yes,Yes,Fiber optic,No,Yes,Yes,Yes,Yes,Yes,Two year,No,Electronic check,108.65,4903.2,No,603,0.16916175,0,Low,0.0,Promote online security service; Review pricing and provide personalized offer; Offer fiber service support or loyalty benefit,Maintain regular engagement; Online security package promotion; Personalized pricing review; Fiber service experience review; Loyalty and long-term customer engagement,Low,Customer Loyalty Campaign
4947-DSMXK,Male,0,Yes,Yes,34,Yes,Yes,Fiber optic,No,Yes,No,No,Yes,Yes,Month-to-month,Yes,Bank transfer (automatic),97.7,3410.0,No,2305,0.50529736,1,Medium,0.0,Offer annual or long-term contract incentive; Offer technical support assistance; Promote online security service; Review pricing and provide personalized offer; Offer fiber service support or loyalty benefit,Proactive retention communication; Long-term contract conversion offer; Technical support promotion; Online security package promotion; Personalized pricing review; Fiber service experience review; Loyalty and long-term customer engagement,Medium,Contract Upgrade Campaign
0076-LVEPS,Male,0,No,Yes,29,No,No phone service,DSL,Yes,Yes,Yes,Yes,No,No,Month-to-month,Yes,Mailed check,45.0,1242.45,No,6779,0.029377908,0,Low,1.0,Offer annual or long-term contract incentive,Maintain regular engagement; Long-term contract conversion offer; Early intervention and retention campaign,Low,Contract Upgrade Campaign
5566-SOEZD,Male,0,Yes,Yes,27,Yes,No,Fiber optic,Yes,Yes,No,No,No,No,One year,Yes,Credit card (automatic),80.65,2209.75,No,4932,0.03441466,0,Low,1.0,Offer technical support assistance; Review pricing and provide personalized offer; Offer fiber service support or loyalty benefit,Maintain regular engagement; Technical support promotion; Personalized pricing review; Fiber service experience review; Early intervention and retention campaign,Low,Customer Loyalty Campaign
7408-OFWXJ,Female,0,Yes,Yes,72,Yes,Yes,DSL,Yes,Yes,Yes,Yes,Yes,Yes,Two year,No,Credit card (automatic),89.8,6510.45,No,849,0.002514221,0,Low,0.0,Review pricing and provide personalized offer,Maintain regular engagement; Personalized pricing review; Loyalty and long-term customer engagement,Low,Customer Loyalty Campaign
1097-FSPVW,Female,0,No,No,42,Yes,No,DSL,Yes,No,Yes,No,No,No,Month-to-month,No,Credit card (automatic),54.55,2455.05,No,3720,0.19729936,0,Low,1.0,Offer annual or long-term contract incentive; Offer technical support assistance; Offer online backup package,Maintain regular engagement; Long-term contract conversion offer; Technical support promotion; Early intervention and retention campaign,Low,Contract Upgrade Campaign
4412-YLTKF,Female,1,No,No,27,Yes,Yes,Fiber optic,No,No,Yes,No,No,No,Month-to-month,Yes,Electronic check,78.05,2135.5,Yes,126,0.5292636,1,Medium,1.0,Offer annual or long-term contract incentive; Offer technical support assistance; Promote online security service; Offer online backup package; Offer fiber service support or loyalty benefit,Proactive retention communication; Long-term contract conversion offer; Technical support promotion; Online security package promotion; Fiber service experience review; Early intervention and retention campaign,Medium,Contract Upgrade Campaign
0420-TXVSG,Male,0,Yes,No,66,Yes,Yes,DSL,Yes,Yes,Yes,No,No,No,Two year,Yes,Credit card (automatic),66.1,4428.45,No,4415,0.010950056,0,Low,0.0,Offer technical support assistance,Maintain regular engagement; Technical support promotion; Loyalty and long-term customer engagement,Low,Customer Loyalty Campaign
7817-BOQPW,Female,0,No,No,2,Yes,Yes,Fiber optic,No,No,No,No,No,No,Month-to-month,Yes,Electronic check,75.55,166.3,Yes,4638,0.8279167,1,High,1.0,Priority retention outreach; Offer annual or long-term contract incentive; Offer technical support assistance; Promote online security service; Offer online backup package; Provide early-stage customer engagement; Offer fiber service support or loyalty benefit,Immediate retention outreach; Early customer onboarding support; Long-term contract conversion offer; Technical support promotion; Online security package promotion; Fiber service experience review; Early intervention and retention campaign,Critical,Immediate Personal Outreach
0963-ZBDRN,Male,0,No,No,32,Yes,No,Fiber optic,No,No,No,Yes,Yes,Yes,Month-to-month,Yes,Electronic check,96.2,3183.4,Yes,3550,0.43028477,0,Medium,0.0,Offer annual or long-term contract incentive; Promote online security service; Offer online backup package; Review pricing and provide personalized offer; Offer fiber service support or loyalty benefit,Proactive retention communication; Long-term contract conversion offer; Online security package promotion; Personalized pricing review; Fiber service experience review; Loyalty and long-term customer engagement,Medium,Contract Upgrade Campaign
9685-WKZGT,Male,1,No,No,14,Yes,Yes,Fiber optic,No,No,No,No,No,No,Month-to-month,Yes,Electronic check,74.95,1036.75,Yes,3006,0.85931206,1,High,1.0,Priority retention outreach; Offer annual or long-term contract incentive; Offer technical support assistance; Promote online security service; Offer online backup package; Offer fiber service support or loyalty benefit,Immediate retention outreach; Long-term contract conversion offer; Technical support promotion; Online security package promotion; Fiber service experience review; Early intervention and retention campaign,Critical,Immediate Personal Outreach
2139-FQHLM,Male,0,No,No,19,Yes,No,Fiber optic,No,No,Yes,Yes,Yes,No,Month-to-month,No,Mailed check,89.95,1682.4,No,3907,0.26375484,0,Low,1.0,Offer annual or long-term contract incentive; Promote online security service; Offer online backup package; Review pricing and provide personalized offer; Offer fiber service support or loyalty benefit,Maintain regular engagement; Long-term contract conversion offer; Online security package promotion; Personalized pricing review; Fiber service experience review; Early intervention and retention campaign,Low,Contract Upgrade Campaign
5825-XJOCM,Male,0,No,Yes,48,Yes,Yes,DSL,Yes,Yes,Yes,No,No,No,One year,Yes,Bank transfer (automatic),64.4,3035.35,No,4870,0.02926718,0,Low,0.0,Offer technical support assistance,Maintain regular engagement; Technical support promotion; Loyalty and long-term customer engagement,Low,Customer Loyalty Campaign
0004-TLHLJ,Male,0,No,No,4,Yes,No,Fiber optic,No,No,Yes,No,No,No,Month-to-month,Yes,Electronic check,73.9,280.85,Yes,3845,0.6228967,1,Medium,1.0,Offer annual or long-term contract incentive; Offer technical support assistance; Promote online security service; Offer online backup package; Provide early-stage customer engagement; Offer fiber service support or loyalty benefit,Proactive retention communication; Early customer onboarding support; Long-term contract conversion offer; Technical support promotion; Online security package promotion; Fiber service experience review; Early intervention and retention campaign,Medium,Contract Upgrade Campaign
7529-ZDFXI,Male,1,Yes,No,57,Yes,Yes,Fiber optic,No,Yes,No,No,No,Yes,Month-to-month,Yes,Electronic check,89.85,4925.35,No,262,0.50242794,1,Medium,0.0,Offer annual or long-term contract incentive; Offer technical support assistance; Promote online security service; Review pricing and provide personalized offer; Offer fiber service support or loyalty benefit,Proactive retention communication; Long-term contract conversion offer; Technical support promotion; Online security package promotion; Personalized pricing review; Fiber service experience review; Loyalty and long-term customer engagement,Medium,Contract Upgrade Campaign
6848-YLDFR,Male,0,Yes,Yes,58,Yes,No,DSL,No,Yes,No,Yes,Yes,Yes,One year,Yes,Credit card (automatic),75.2,4300.8,No,4871,0.04637248,0,Low,0.0,Promote online security service,Maintain regular engagement; Online security package promotion; Loyalty and long-term customer engagement,Low,Customer Loyalty Campaign
5820-PTRYM,Female,1,Yes,No,56,Yes,Yes,DSL,Yes,Yes,Yes,Yes,No,No,One year,Yes,Credit card (automatic),68.45,4014.0,No,6902,0.01679129,0,Low,0.0,Continue regular customer engagement,Maintain regular engagement; Loyalty and long-term customer engagement,Low,Customer Loyalty Campaign
2984-RGEYA,Female,0,Yes,Yes,69,Yes,No,No,No internet service,No internet service,No internet service,No internet service,No internet service,No internet service,Two year,No,Bank transfer (automatic),19.75,1375.4,No,192,0.0047766864,0,Low,1.0,Continue regular customer engagement,Maintain regular engagement; Early intervention and retention campaign,Low,Customer Loyalty Campaign
6434-TTGJP,Male,0,Yes,Yes,10,No,No phone service,DSL,Yes,Yes,Yes,Yes,No,Yes,Two year,No,Credit card (automatic),53.7,521.0,No,6220,0.008422837,0,Low,1.0,Continue regular customer engagement,Maintain regular engagement; Early intervention and retention campaign,Low,Customer Loyalty Campaign
9643-AVVWI,Female,0,Yes,Yes,3,Yes,No,Fiber optic,No,Yes,No,Yes,No,No,Month-to-month,Yes,Electronic check,80.0,241.3,No,3306,0.7570193,1,High,1.0,Priority retention outreach; Offer annual or long-term contract incentive; Promote online security service; Review pricing and provide personalized offer; Provide early-stage customer engagement; Offer fiber service support or loyalty benefit,Immediate retention outreach; Early customer onboarding support; Long-term contract conversion offer; Online security package promotion; Personalized pricing review; Fiber service experience review; Early intervention and retention campaign,High,Retention Offer Campaign
3506-OVLKD,Male,0,No,No,35,Yes,Yes,No,No internet service,No internet service,No internet service,No internet service,No internet service,No internet service,One year,No,Bank transfer (automatic),26.2,954.9,No,1798,0.038610525,0,Low,1.0,Continue regular customer engagement,Maintain regular engagement; Early intervention and retention campaign,Low,Customer Loyalty Campaign
4946-EDSEW,Female,0,Yes,Yes,11,Yes,No,No,No internet service,No internet service,No internet service,No internet service,No internet service,No internet service,Month-to-month,Yes,Mailed check,19.25,180.3,Yes,3371,0.060819622,0,Low,1.0,Offer annual or long-term contract incentive,Maintain regular engagement; Long-term contract conversion offer; Early intervention and retention campaign,Low,Contract Upgrade Campaign
2924-KHUVI,Male,0,Yes,No,56,Yes,Yes,Fiber optic,Yes,No,No,No,Yes,Yes,One year,Yes,Electronic check,100.55,5514.95,No,1517,0.47520524,0,Medium,0.0,Offer technical support assistance; Offer online backup package; Review pricing and provide personalized offer; Offer fiber service support or loyalty benefit,Proactive retention communication; Technical support promotion; Personalized pricing review; Fiber service experience review; Loyalty and long-term customer engagement,Medium,Customer Loyalty Campaign
2263-SFSQZ,Male,0,Yes,Yes,51,Yes,Yes,No,No internet service,No internet service,No internet service,No internet service,No internet service,No internet service,Two year,Yes,Mailed check,24.95,1222.25,No,4438,0.008890604,0,Low,1.0,Continue regular customer engagement,Maintain regular engagement; Early intervention and retention campaign,Low,Customer Loyalty Campaign
5281-BUZGT,Male,1,No,No,36,Yes,Yes,Fiber optic,Yes,No,No,No,Yes,No,Month-to-month,Yes,Electronic check,90.85,3186.7,Yes,4912,0.35339952,0,Low,0.0,Offer annual or long-term contract incentive; Offer technical support assistance; Offer online backup package; Review pricing and provide personalized offer; Offer fiber service support or loyalty benefit,Maintain regular engagement; Long-term contract conversion offer; Technical support promotion; Personalized pricing review; Fiber service experience review; Loyalty and long-term customer engagement,Low,Contract Upgrade Campaign
3717-FDJFU,Male,0,No,Yes,5,Yes,No,No,No internet service,No internet service,No internet service,No internet service,No internet service,No internet service,Two year,No,Mailed check,20.45,106.9,No,3242,0.0047216485,0,Low,1.0,Provide early-stage customer engagement,Maintain regular engagement; Early customer onboarding support; Early intervention and retention campaign,Low,New Customer Engagement Campaign
2239-CFOUJ,Male,0,Yes,Yes,1,Yes,No,No,No internet service,No internet service,No internet service,No internet service,No internet service,No internet service,One year,No,Mailed check,20.4,20.4,No,2993,0.03512328,0,Low,1.0,Provide early-stage customer engagement,Maintain regular engagement; Early customer onboarding support; Early intervention and retention campaign,Low,New Customer Engagement Campaign
8699-ASUFO,Male,1,Yes,No,7,Yes,Yes,Fiber optic,No,No,No,No,No,No,Month-to-month,Yes,Mailed check,74.4,527.9,Yes,2168,0.8677528,1,High,1.0,Priority retention outreach; Offer annual or long-term contract incentive; Offer technical support assistance; Promote online security service; Offer online backup package; Offer fiber service support or loyalty benefit,Immediate retention outreach; Long-term contract conversion offer; Technical support promotion; Online security package promotion; Fiber service experience review; Early intervention and retention campaign,Critical,Immediate Personal Outreach
1122-YJBCS,Male,0,Yes,No,69,Yes,No,DSL,Yes,Yes,No,No,No,No,One year,Yes,Credit card (automatic),53.65,3804.4,No,6637,0.019841343,0,Low,0.0,Offer technical support assistance,Maintain regular engagement; Technical support promotion; Loyalty and long-term customer engagement,Low,Customer Loyalty Campaign
0628-CNQRM,Male,0,Yes,Yes,22,Yes,No,DSL,Yes,No,Yes,Yes,Yes,No,One year,Yes,Bank transfer (automatic),67.5,1544.05,Yes,4078,0.023848852,0,Low,1.0,Offer online backup package,Maintain regular engagement; Early intervention and retention campaign,Low,Customer Loyalty Campaign
1705-GUHPV,Female,0,No,No,63,Yes,Yes,No,No internet service,No internet service,No internet service,No internet service,No internet service,No internet service,Two year,No,Mailed check,24.2,1618.2,No,6655,0.0038506088,0,Low,1.0,Continue regular customer engagement,Maintain regular engagement; Early intervention and retention campaign,Low,Customer Loyalty Campaign
4877-TSOFF,Female,0,Yes,Yes,55,Yes,Yes,DSL,Yes,Yes,No,Yes,No,Yes,One year,Yes,Bank transfer (automatic),75.75,4264.25,No,3711,0.024205131,0,Low,0.0,Continue regular customer engagement,Maintain regular engagement; Loyalty and long-term customer engagement,Low,Customer Loyalty Campaign
7404-JLKQG,Female,0,No,No,3,Yes,No,DSL,No,No,Yes,No,Yes,No,Month-to-month,No,Electronic check,57.55,161.45,No,3960,0.4179038,0,Medium,1.0,Offer annual or long-term contract incentive; Offer technical support assistance; Promote online security service; Offer online backup package; Provide early-stage customer engagement,Proactive retention communication; Early customer onboarding support; Long-term contract conversion offer; Technical support promotion; Online security package promotion; Early intervention and retention campaign,Medium,Contract Upgrade Campaign
0379-DJQHR,Male,0,Yes,Yes,67,Yes,No,DSL,Yes,Yes,Yes,No,Yes,Yes,Two year,No,Credit card (automatic),81.35,5398.6,No,904,0.021398509,0,Low,0.0,Offer technical support assistance; Review pricing and provide personalized offer,Maintain regular engagement; Technical support promotion; Personalized pricing review; Loyalty and long-term customer engagement,Low,Customer Loyalty Campaign
8993-PHFWD,Female,0,No,No,3,No,No phone service,DSL,No,No,No,No,No,No,Month-to-month,No,Electronic check,25.25,58.9,Yes,4898,0.45659047,0,Medium,1.0,Offer annual or long-term contract incentive; Offer technical support assistance; Promote online security service; Offer online backup package; Provide early-stage customer engagement,Proactive retention communication; Early customer onboarding support; Long-term contract conversion offer; Technical support promotion; Online security package promotion; Early intervention and retention campaign,Medium,Contract Upgrade Campaign
3930-ZGWVE,Male,0,No,No,1,Yes,No,No,No internet service,No internet service,No internet service,No internet service,No internet service,No internet service,Month-to-month,No,Mailed check,19.75,19.75,No,128,0.7378334,1,High,1.0,Priority retention outreach; Offer annual or long-term contract incentive; Provide early-stage customer engagement,Immediate retention outreach; Early customer onboarding support; Long-term contract conversion offer; Early intervention and retention campaign,High,Retention Offer Campaign
1965-DDBWU,Male,0,No,No,16,Yes,Yes,Fiber optic,No,No,No,Yes,No,Yes,Month-to-month,Yes,Credit card (automatic),89.05,1448.6,Yes,3726,0.3690515,0,Low,1.0,Offer annual or long-term contract incentive; Promote online security service; Offer online backup package; Review pricing and provide personalized offer; Offer fiber service support or loyalty benefit,Maintain regular engagement; Long-term contract conversion offer; Online security package promotion; Personalized pricing review; Fiber service experience review; Early intervention and retention campaign,Low,Contract Upgrade Campaign
7572-KPVKK,Male,0,No,Yes,62,Yes,Yes,Fiber optic,No,No,Yes,Yes,Yes,Yes,Two year,Yes,Electronic check,104.05,6590.5,No,4186,0.24287142,0,Low,0.0,Promote online security service; Offer online backup package; Review pricing and provide personalized offer; Offer fiber service support or loyalty benefit,Maintain regular engagement; Online security package promotion; Personalized pricing review; Fiber service experience review; Loyalty and long-term customer engagement,Low,Customer Loyalty Campaign
6854-EXGSF,Female,0,No,No,8,Yes,Yes,DSL,Yes,Yes,Yes,No,No,No,Month-to-month,Yes,Bank transfer (automatic),65.5,573.15,No,5222,0.0980583,0,Low,1.0,Offer annual or long-term contract incentive; Offer technical support assistance,Maintain regular engagement; Long-term contract conversion offer; Technical support promotion; Early intervention and retention campaign,Low,Contract Upgrade Campaign
9483-GCPWE,Male,0,No,Yes,9,Yes,No,No,No internet service,No internet service,No internet service,No internet service,No internet service,No internet service,One year,No,Mailed check,20.1,190.25,No,3703,0.02479933,0,Low,1.0,Continue regular customer engagement,Maintain regular engagement; Early intervention and retention campaign,Low,Customer Loyalty Campaign
8053-WWDRO,Female,0,Yes,No,6,Yes,No,No,No internet service,No internet service,No internet service,No internet service,No internet service,No internet service,Month-to-month,No,Bank transfer (automatic),19.5,146.3,Yes,5311,0.40332037,0,Medium,1.0,Offer annual or long-term contract incentive; Provide early-stage customer engagement,Proactive retention communication; Early customer onboarding support; Long-term contract conversion offer; Early intervention and retention campaign,Medium,Contract Upgrade Campaign
9473-CBZOP,Female,0,No,No,28,Yes,Yes,DSL,Yes,No,Yes,No,No,No,One year,No,Mailed check,59.0,1654.45,No,4017,0.0066077383,0,Low,1.0,Offer technical support assistance; Offer online backup package,Maintain regular engagement; Technical support promotion; Early intervention and retention campaign,Low,Customer Loyalty Campaign
3985-HOYPM,Male,0,No,No,26,Yes,No,No,No internet service,No internet service,No internet service,No internet service,No internet service,No internet service,One year,No,Mailed check,19.4,525.55,No,6490,0.008333189,0,Low,1.0,Continue regular customer engagement,Maintain regular engagement; Early intervention and retention campaign,Low,Customer Loyalty Campaign
8378-LKJAF,Male,0,Yes,Yes,38,Yes,Yes,Fiber optic,No,No,Yes,No,Yes,Yes,Month-to-month,Yes,Credit card (automatic),101.15,3956.7,No,2222,0.6055488,1,Medium,0.0,Offer annual or long-term contract incentive; Offer technical support assistance; Promote online security service; Offer online backup package; Review pricing and provide personalized offer; Offer fiber service support or loyalty benefit,Proactive retention communication; Long-term contract conversion offer; Technical support promotion; Online security package promotion; Personalized pricing review; Fiber service experience review; Loyalty and long-term customer engagement,Medium,Contract Upgrade Campaign
1310-QRITU,Female,0,No,No,18,Yes,Yes,DSL,No,No,No,No,No,No,Month-to-month,Yes,Electronic check,50.3,913.3,No,5415,0.32439202,0,Low,1.0,Offer annual or long-term contract incentive; Offer technical support assistance; Promote online security service; Offer online backup package,Maintain regular engagement; Long-term contract conversion offer; Technical support promotion; Online security package promotion; Early intervention and retention campaign,Low,Contract Upgrade Campaign
3237-AJGEH,Female,0,Yes,Yes,3,No,No phone service,DSL,No,No,No,Yes,No,No,Month-to-month,Yes,Mailed check,31.0,95.05,Yes,2962,0.21574222,0,Low,1.0,Offer annual or long-term contract incentive; Promote online security service; Offer online backup package; Provide early-stage customer engagement,Maintain regular engagement; Early customer onboarding support; Long-term contract conversion offer; Online security package promotion; Early intervention and retention campaign,Low,Contract Upgrade Campaign
6542-LWGXJ,Male,0,Yes,No,3,No,No phone service,DSL,No,No,No,No,No,No,Month-to-month,No,Mailed check,25.0,78.25,No,5631,0.46273306,0,Medium,1.0,Offer annual or long-term contract incentive; Offer technical support assistance; Promote online security service; Offer online backup package; Provide early-stage customer engagement,Proactive retention communication; Early customer onboarding support; Long-term contract conversion offer; Technical support promotion; Online security package promotion; Early intervention and retention campaign,Medium,Contract Upgrade Campaign
6953-PBDIN,Male,0,Yes,No,70,Yes,Yes,DSL,No,Yes,Yes,Yes,Yes,No,Two year,No,Bank transfer (automatic),72.95,5265.55,No,6577,0.017888369,0,Low,0.0,Promote online security service,Maintain regular engagement; Online security package promotion; Loyalty and long-term customer engagement,Low,Customer Loyalty Campaign
6332-FBZRI,Male,0,Yes,Yes,67,Yes,Yes,DSL,Yes,Yes,Yes,Yes,No,No,One year,Yes,Credit card (automatic),69.35,4653.25,No,6429,0.058692116,0,Low,0.0,Continue regular customer engagement,Maintain regular engagement; Loyalty and long-term customer engagement,Low,Customer Loyalty Campaign
9365-CSLBQ,Male,0,No,Yes,71,Yes,Yes,No,No internet service,No internet service,No internet service,No internet service,No internet service,No internet service,Two year,No,Mailed check,24.35,1654.6,No,3982,0.0015162815,0,Low,1.0,Continue regular customer engagement,Maintain regular engagement; Early intervention and retention campaign,Low,Customer Loyalty Campaign
3466-WAESX,Male,0,No,Yes,16,Yes,Yes,DSL,Yes,Yes,No,No,No,Yes,Month-to-month,Yes,Electronic check,69.1,1083.7,No,1893,0.24148871,0,Low,1.0,Offer annual or long-term contract incentive; Offer technical support assistance,Maintain regular engagement; Long-term contract conversion offer; Technical support promotion; Early intervention and retention campaign,Low,Contract Upgrade Campaign
9700-ISPUP,Female,0,Yes,Yes,10,Yes,No,DSL,No,Yes,No,Yes,No,Yes,Month-to-month,Yes,Electronic check,65.5,616.9,No,5302,0.2535026,0,Low,1.0,Offer annual or long-term contract incentive; Promote online security service,Maintain regular engagement; Long-term contract conversion offer; Online security package promotion; Early intervention and retention campaign,Low,Contract Upgrade Campaign
5167-ZFFMM,Male,0,No,No,1,Yes,Yes,Fiber optic,No,Yes,No,No,No,Yes,Month-to-month,Yes,Credit card (automatic),90.85,90.85,Yes,383,0.93534154,1,High,1.0,Priority retention outreach; Offer annual or long-term contract incentive; Offer technical support assistance; Promote online security service; Review pricing and provide personalized offer; Provide early-stage customer engagement; Offer fiber service support or loyalty benefit,Immediate retention outreach; Early customer onboarding support; Long-term contract conversion offer; Technical support promotion; Online security package promotion; Personalized pricing review; Fiber service experience review; Early intervention and retention campaign,Critical,Immediate Personal Outreach
7669-LCRSD,Male,0,Yes,Yes,12,Yes,No,DSL,No,No,No,No,Yes,No,Month-to-month,Yes,Mailed check,56.3,628.65,No,3227,0.16226433,0,Low,1.0,Offer annual or long-term contract incentive; Offer technical support assistance; Promote online security service; Offer online backup package,Maintain regular engagement; Long-term contract conversion offer; Technical support promotion; Online security package promotion; Early intervention and retention campaign,Low,Contract Upgrade Campaign
0870-VEMYL,Female,0,No,No,5,Yes,No,DSL,Yes,No,No,Yes,No,No,Month-to-month,No,Credit card (automatic),53.85,259.8,Yes,6137,0.3346752,0,Low,1.0,Offer annual or long-term contract incentive; Offer online backup package; Provide early-stage customer engagement,Maintain regular engagement; Early customer onboarding support; Long-term contract conversion offer; Early intervention and retention campaign,Low,Contract Upgrade Campaign
2995-UPRYS,Female,1,Yes,No,40,Yes,No,Fiber optic,No,Yes,No,Yes,Yes,Yes,One year,Yes,Credit card (automatic),99.2,4062.2,Yes,5105,0.13826412,0,Low,0.0,Promote online security service; Review pricing and provide personalized offer; Offer fiber service support or loyalty benefit,Maintain regular engagement; Online security package promotion; Personalized pricing review; Fiber service experience review; Loyalty and long-term customer engagement,Low,Customer Loyalty Campaign
3179-GBRWV,Male,1,Yes,No,21,Yes,No,DSL,Yes,Yes,No,No,No,Yes,Month-to-month,Yes,Bank transfer (automatic),64.95,1339.8,No,277,0.14001463,0,Low,1.0,Offer annual or long-term contract incentive; Offer technical support assistance,Maintain regular engagement; Long-term contract conversion offer; Technical support promotion; Early intervention and retention campaign,Low,Contract Upgrade Campaign
0701-TJSEF,Male,0,No,No,9,Yes,No,DSL,Yes,No,Yes,Yes,No,Yes,Month-to-month,Yes,Bank transfer (automatic),68.25,576.95,No,3936,0.040547945,0,Low,1.0,Offer annual or long-term contract incentive; Offer online backup package,Maintain regular engagement; Long-term contract conversion offer; Early intervention and retention campaign,Low,Contract Upgrade Campaign
1848-LBZHY,Female,0,Yes,No,7,Yes,No,DSL,Yes,No,No,No,No,No,Month-to-month,Yes,Bank transfer (automatic),50.3,355.1,No,5029,0.19261205,0,Low,1.0,Offer annual or long-term contract incentive; Offer technical support assistance; Offer online backup package,Maintain regular engagement; Long-term contract conversion offer; Technical support promotion; Early intervention and retention campaign,Low,Contract Upgrade Campaign
5380-XPJNZ,Female,0,No,No,38,Yes,No,No,No internet service,No internet service,No internet service,No internet service,No internet service,No internet service,One year,No,Mailed check,20.05,678.2,No,2558,0.0078544915,0,Low,1.0,Continue regular customer engagement,Maintain regular engagement; Early intervention and retention campaign,Low,Customer Loyalty Campaign
6608-QQLVK,Male,0,No,No,1,Yes,No,DSL,No,No,Yes,No,No,No,Month-to-month,Yes,Electronic check,50.5,50.5,Yes,6434,0.7671215,1,High,1.0,Priority retention outreach; Offer annual or long-term contract incentive; Offer technical support assistance; Promote online security service; Offer online backup package; Provide early-stage customer engagement,Immediate retention outreach; Early customer onboarding support; Long-term contract conversion offer; Technical support promotion; Online security package promotion; Early intervention and retention campaign,High,Retention Offer Campaign
1475-VWVDO,Male,0,No,No,7,Yes,No,Fiber optic,No,No,Yes,No,No,No,Month-to-month,Yes,Electronic check,74.9,490.55,No,2447,0.66604966,1,Medium,1.0,Offer annual or long-term contract incentive; Offer technical support assistance; Promote online security service; Offer online backup package; Offer fiber service support or loyalty benefit,Proactive retention communication; Long-term contract conversion offer; Technical support promotion; Online security package promotion; Fiber service experience review; Early intervention and retention campaign,Medium,Contract Upgrade Campaign
3721-CNEYS,Female,0,No,No,2,Yes,No,Fiber optic,No,No,No,No,No,No,Month-to-month,Yes,Electronic check,70.95,137.95,Yes,4862,0.7716516,1,High,1.0,Priority retention outreach; Offer annual or long-term contract incentive; Offer technical support assistance; Promote online security service; Offer online backup package; Provide early-stage customer engagement; Offer fiber service support or loyalty benefit,Immediate retention outreach; Early customer onboarding support; Long-term contract conversion offer; Technical support promotion; Online security package promotion; Fiber service experience review; Early intervention and retention campaign,High,Retention Offer Campaign
4299-OPXEJ,Female,0,No,No,56,Yes,No,No,No internet service,No internet service,No internet service,No internet service,No internet service,No internet service,Two year,Yes,Bank transfer (automatic),19.55,1080.55,No,3401,0.07177418,0,Low,1.0,Continue regular customer engagement,Maintain regular engagement; Early intervention and retention campaign,Low,Customer Loyalty Campaign
0096-BXERS,Female,0,Yes,No,6,Yes,Yes,DSL,No,No,No,No,No,No,Month-to-month,No,Electronic check,50.35,314.55,No,4355,0.39266008,0,Low,1.0,Offer annual or long-term contract incentive; Offer technical support assistance; Promote online security service; Offer online backup package; Provide early-stage customer engagement,Maintain regular engagement; Early customer onboarding support; Long-term contract conversion offer; Technical support promotion; Online security package promotion; Early intervention and retention campaign,Low,Contract Upgrade Campaign
3055-VTCGS,Female,0,No,No,63,Yes,No,DSL,No,No,Yes,No,No,Yes,One year,No,Credit card (automatic),58.55,3503.5,No,1768,0.017471723,0,Low,0.0,Offer technical support assistance; Promote online security service; Offer online backup package,Maintain regular engagement; Technical support promotion; Online security package promotion; Loyalty and long-term customer engagement,Low,Customer Loyalty Campaign
9405-GPBBG,Female,0,No,No,64,Yes,Yes,Fiber optic,No,Yes,Yes,Yes,Yes,Yes,Two year,Yes,Credit card (automatic),110.5,7069.25,No,2508,0.040892866,0,Low,0.0,Promote online security service; Review pricing and provide personalized offer; Offer fiber service support or loyalty benefit,Maintain regular engagement; Online security package promotion; Personalized pricing review; Fiber service experience review; Loyalty and long-term customer engagement,Low,Customer Loyalty Campaign
6704-UTUKK,Male,0,Yes,No,29,No,No phone service,DSL,No,No,No,No,Yes,Yes,Month-to-month,Yes,Electronic check,45.9,1332.4,No,3955,0.51077974,1,Medium,1.0,Offer annual or long-term contract incentive; Offer technical support assistance; Promote online security service; Offer online backup package,Proactive retention communication; Long-term contract conversion offer; Technical support promotion; Online security package promotion; Early intervention and retention campaign,Medium,Contract Upgrade Campaign
9944-AEXBM,Male,0,No,No,32,Yes,Yes,Fiber optic,No,No,No,No,No,Yes,Month-to-month,Yes,Bank transfer (automatic),85.65,2664.3,No,717,0.35883757,0,Low,1.0,Offer annual or long-term contract incentive; Offer technical support assistance; Promote online security service; Offer online backup package; Review pricing and provide personalized offer; Offer fiber service support or loyalty benefit,Maintain regular engagement; Long-term contract conversion offer; Technical support promotion; Online security package promotion; Personalized pricing review; Fiber service experience review; Early intervention and retention campaign,Low,Contract Upgrade Campaign
2545-EBUPK,Female,1,No,No,2,Yes,Yes,Fiber optic,No,No,No,No,No,Yes,Month-to-month,Yes,Electronic check,84.05,186.05,No,3346,0.967856,1,High,1.0,Priority retention outreach; Offer annual or long-term contract incentive; Offer technical support assistance; Promote online security service; Offer online backup package; Review pricing and provide personalized offer; Provide early-stage customer engagement; Offer fiber service support or loyalty benefit,Immediate retention outreach; Early customer onboarding support; Long-term contract conversion offer; Technical support promotion; Online security package promotion; Personalized pricing review; Fiber service experience review; Early intervention and retention campaign,Critical,Immediate Personal Outreach
6270-OMFIW,Male,0,Yes,No,60,Yes,No,Fiber optic,No,Yes,No,No,Yes,Yes,One year,Yes,Electronic check,94.4,5610.25,Yes,1171,0.22011524,0,Low,0.0,Offer technical support assistance; Promote online security service; Review pricing and provide personalized offer; Offer fiber service support or loyalty benefit,Maintain regular engagement; Technical support promotion; Online security package promotion; Personalized pricing review; Fiber service experience review; Loyalty and long-term customer engagement,Low,Customer Loyalty Campaign
1852-XEMDW,Male,0,No,No,22,Yes,Yes,DSL,Yes,Yes,Yes,No,No,No,Month-to-month,No,Mailed check,65.05,1427.55,No,4630,0.05998248,0,Low,1.0,Offer annual or long-term contract incentive; Offer technical support assistance,Maintain regular engagement; Long-term contract conversion offer; Technical support promotion; Early intervention and retention campaign,Low,Contract Upgrade Campaign
8158-WPEZG,Male,0,No,No,11,No,No phone service,DSL,No,Yes,No,Yes,No,No,Month-to-month,Yes,Electronic check,35.65,425.1,No,1703,0.33360583,0,Low,1.0,Offer annual or long-term contract incentive; Promote online security service,Maintain regular engagement; Long-term contract conversion offer; Online security package promotion; Early intervention and retention campaign,Low,Contract Upgrade Campaign
5198-EFNBM,Male,1,Yes,No,57,Yes,No,Fiber optic,No,Yes,Yes,No,Yes,No,One year,Yes,Electronic check,90.65,5199.8,No,2457,0.104708634,0,Low,0.0,Offer technical support assistance; Promote online security service; Review pricing and provide personalized offer; Offer fiber service support or loyalty benefit,Maintain regular engagement; Technical support promotion; Online security package promotion; Personalized pricing review; Fiber service experience review; Loyalty and long-term customer engagement,Low,Customer Loyalty Campaign
7663-RGWBC,Male,0,No,No,1,Yes,No,DSL,No,No,No,No,No,No,Month-to-month,Yes,Mailed check,44.15,44.15,Yes,3350,0.45936212,0,Medium,1.0,Offer annual or long-term contract incentive; Offer technical support assistance; Promote online security service; Offer online backup package; Provide early-stage customer engagement,Proactive retention communication; Early customer onboarding support; Long-term contract conversion offer; Technical support promotion; Online security package promotion; Early intervention and retention campaign,Medium,Contract Upgrade Campaign
3970-XGJDU,Female,0,No,No,62,Yes,No,No,No internet service,No internet service,No internet service,No internet service,No internet service,No internet service,Two year,Yes,Credit card (automatic),19.2,1123.65,No,5149,0.013112895,0,Low,1.0,Continue regular customer engagement,Maintain regular engagement; Early intervention and retention campaign,Low,Customer Loyalty Campaign
6845-RGTYS,Female,0,Yes,No,47,Yes,Yes,Fiber optic,Yes,Yes,Yes,No,Yes,No,Month-to-month,Yes,Electronic check,98.75,4533.7,Yes,2012,0.45038277,0,Medium,0.0,Offer annual or long-term contract incentive; Offer technical support assistance; Review pricing and provide personalized offer; Offer fiber service support or loyalty benefit,Proactive retention communication; Long-term contract conversion offer; Technical support promotion; Personalized pricing review; Fiber service experience review; Loyalty and long-term customer engagement,Medium,Contract Upgrade Campaign
0123-CRBRT,Female,0,Yes,Yes,61,Yes,Yes,DSL,Yes,Yes,Yes,Yes,Yes,Yes,Two year,No,Mailed check,88.1,5526.75,No,265,0.0029616896,0,Low,0.0,Review pricing and provide personalized offer,Maintain regular engagement; Personalized pricing review; Loyalty and long-term customer engagement,Low,Customer Loyalty Campaign
6077-BDPXA,Female,0,No,No,3,Yes,No,Fiber optic,No,No,No,No,No,No,Month-to-month,Yes,Electronic check,70.15,194.2,No,1206,0.76989186,1,High,1.0,Priority retention outreach; Offer annual or long-term contract incentive; Offer technical support assistance; Promote online security service; Offer online backup package; Provide early-stage customer engagement; Offer fiber service support or loyalty benefit,Immediate retention outreach; Early customer onboarding support; Long-term contract conversion offer; Technical support promotion; Online security package promotion; Fiber service experience review; Early intervention and retention campaign,High,Retention Offer Campaign
2250-IVBWA,Male,0,Yes,Yes,64,Yes,No,Fiber optic,Yes,Yes,No,No,No,No,Month-to-month,No,Electronic check,81.05,5135.35,No,2763,0.082554646,0,Low,0.0,Offer annual or long-term contract incentive; Offer technical support assistance; Review pricing and provide personalized offer; Offer fiber service support or loyalty benefit,Maintain regular engagement; Long-term contract conversion offer; Technical support promotion; Personalized pricing review; Fiber service experience review; Loyalty and long-term customer engagement,Low,Contract Upgrade Campaign
6137-NICCO,Female,0,Yes,Yes,6,Yes,Yes,Fiber optic,No,Yes,Yes,No,Yes,No,Month-to-month,Yes,Mailed check,94.05,518.75,No,3822,0.9358248,1,High,1.0,Priority retention outreach; Offer annual or long-term contract incentive; Offer technical support assistance; Promote online security service; Review pricing and provide personalized offer; Provide early-stage customer engagement; Offer fiber service support or loyalty benefit,Immediate retention outreach; Early customer onboarding support; Long-term contract conversion offer; Technical support promotion; Online security package promotion; Personalized pricing review; Fiber service experience review; Early intervention and retention campaign,Critical,Immediate Personal Outreach
8129-GMVGI,Female,0,Yes,Yes,56,Yes,No,No,No internet service,No internet service,No internet service,No internet service,No internet service,No internet service,Two year,No,Mailed check,20.05,1090.1,No,2550,0.011926541,0,Low,1.0,Continue regular customer engagement,Maintain regular engagement; Early intervention and retention campaign,Low,Customer Loyalty Campaign
4353-HYOJD,Female,0,Yes,Yes,27,Yes,No,DSL,No,Yes,No,No,No,No,Month-to-month,No,Mailed check,49.85,1336.15,No,5122,0.053596545,0,Low,1.0,Offer annual or long-term contract incentive; Offer technical support assistance; Promote online security service,Maintain regular engagement; Long-term contract conversion offer; Technical support promotion; Online security package promotion; Early intervention and retention campaign,Low,Contract Upgrade Campaign
8671-KKKOS,Female,0,Yes,No,46,No,No phone service,DSL,Yes,Yes,No,No,Yes,No,Month-to-month,No,Electronic check,45.55,2062.15,No,4521,0.10975708,0,Low,1.0,Offer annual or long-term contract incentive; Offer technical support assistance,Maintain regular engagement; Long-term contract conversion offer; Technical support promotion; Early intervention and retention campaign,Low,Contract Upgrade Campaign
8080-DDEMJ,Male,1,No,No,1,Yes,No,DSL,No,No,No,No,No,No,Month-to-month,No,Electronic check,45.1,45.1,Yes,1834,0.6704743,1,Medium,1.0,Offer annual or long-term contract incentive; Offer technical support assistance; Promote online security service; Offer online backup package; Provide early-stage customer engagement,Proactive retention communication; Early customer onboarding support; Long-term contract conversion offer; Technical support promotion; Online security package promotion; Early intervention and retention campaign,Medium,Contract Upgrade Campaign
6698-OXETB,Male,0,No,No,11,Yes,No,No,No internet service,No internet service,No internet service,No internet service,No internet service,No internet service,Two year,No,Mailed check,20.4,231.45,No,3708,0.005638614,0,Low,1.0,Continue regular customer engagement,Maintain regular engagement; Early intervention and retention campaign,Low,Customer Loyalty Campaign
3312-UUMZW,Male,0,Yes,No,32,Yes,Yes,Fiber optic,No,Yes,No,No,Yes,Yes,Month-to-month,Yes,Credit card (automatic),98.85,3145.9,No,1114,0.7102042,1,High,0.0,Priority retention outreach; Offer annual or long-term contract incentive; Offer technical support assistance; Promote online security service; Review pricing and provide personalized offer; Offer fiber service support or loyalty benefit,Immediate retention outreach; Long-term contract conversion offer; Technical support promotion; Online security package promotion; Personalized pricing review; Fiber service experience review; Loyalty and long-term customer engagement,High,Retention Offer Campaign
6376-GAHQE,Male,0,No,No,4,Yes,No,Fiber optic,No,No,No,No,Yes,No,Month-to-month,No,Electronic check,77.85,299.2,Yes,3081,0.7489154,1,High,1.0,Priority retention outreach; Offer annual or long-term contract incentive; Offer technical support assistance; Promote online security service; Offer online backup package; Provide early-stage customer engagement; Offer fiber service support or loyalty benefit,Immediate retention outreach; Early customer onboarding support; Long-term contract conversion offer; Technical support promotion; Online security package promotion; Fiber service experience review; Early intervention and retention campaign,High,Retention Offer Campaign
0733-VUNUW,Male,0,No,No,24,Yes,Yes,DSL,Yes,No,No,No,No,No,Month-to-month,Yes,Bank transfer (automatic),55.65,1400.55,Yes,5871,0.10080328,0,Low,1.0,Offer annual or long-term contract incentive; Offer technical support assistance; Offer online backup package,Maintain regular engagement; Long-term contract conversion offer; Technical support promotion; Early intervention and retention campaign,Low,Contract Upgrade Campaign
6733-LRIZX,Male,0,No,No,35,Yes,Yes,Fiber optic,Yes,No,Yes,Yes,Yes,Yes,Two year,Yes,Electronic check,108.95,4025.5,No,5999,0.24127842,0,Low,0.0,Offer online backup package; Review pricing and provide personalized offer; Offer fiber service support or loyalty benefit,Maintain regular engagement; Personalized pricing review; Fiber service experience review; Loyalty and long-term customer engagement,Low,Customer Loyalty Campaign
2165-VOEGB,Female,0,No,Yes,46,Yes,No,Fiber optic,Yes,Yes,No,Yes,Yes,Yes,One year,Yes,Bank transfer (automatic),105.2,4822.85,Yes,3534,0.13304628,0,Low,0.0,Review pricing and provide personalized offer; Offer fiber service support or loyalty benefit,Maintain regular engagement; Personalized pricing review; Fiber service experience review; Loyalty and long-term customer engagement,Low,Customer Loyalty Campaign
1853-UDXBW,Male,0,Yes,Yes,1,Yes,No,Fiber optic,No,No,No,No,No,No,Month-to-month,Yes,Electronic check,70.0,70.0,Yes,4640,0.8687862,1,High,1.0,Priority retention outreach; Offer annual or long-term contract incentive; Offer technical support assistance; Promote online security service; Offer online backup package; Provide early-stage customer engagement; Offer fiber service support or loyalty benefit,Immediate retention outreach; Early customer onboarding support; Long-term contract conversion offer; Technical support promotion; Online security package promotion; Fiber service experience review; Early intervention and retention campaign,Critical,Immediate Personal Outreach
9070-BCKQP,Female,0,Yes,No,72,Yes,Yes,Fiber optic,Yes,No,Yes,Yes,Yes,Yes,Two year,Yes,Credit card (automatic),110.15,7881.2,No,5102,0.0075147087,0,Low,0.0,Offer online backup package; Review pricing and provide personalized offer; Offer fiber service support or loyalty benefit,Maintain regular engagement; Personalized pricing review; Fiber service experience review; Loyalty and long-term customer engagement,Low,Customer Loyalty Campaign
1035-IPQPU,Female,1,Yes,No,63,Yes,Yes,Fiber optic,No,Yes,Yes,No,Yes,Yes,Month-to-month,Yes,Electronic check,103.5,6479.4,No,7023,0.58856034,1,Medium,0.0,Offer annual or long-term contract incentive; Offer technical support assistance; Promote online security service; Review pricing and provide personalized offer; Offer fiber service support or loyalty benefit,Proactive retention communication; Long-term contract conversion offer; Technical support promotion; Online security package promotion; Personalized pricing review; Fiber service experience review; Loyalty and long-term customer engagement,Medium,Contract Upgrade Campaign
2057-ZBLPD,Female,0,Yes,No,21,Yes,Yes,Fiber optic,No,No,No,No,No,Yes,Month-to-month,Yes,Electronic check,86.5,1808.7,Yes,4393,0.7306695,1,High,1.0,Priority retention outreach; Offer annual or long-term contract incentive; Offer technical support assistance; Promote online security service; Offer online backup package; Review pricing and provide personalized offer; Offer fiber service support or loyalty benefit,Immediate retention outreach; Long-term contract conversion offer; Technical support promotion; Online security package promotion; Personalized pricing review; Fiber service experience review; Early intervention and retention campaign,High,Retention Offer Campaign
6967-PEJLL,Male,0,Yes,Yes,37,No,No phone service,DSL,Yes,No,Yes,Yes,No,No,One year,Yes,Electronic check,40.2,1525.35,No,6985,0.03977891,0,Low,1.0,Offer online backup package,Maintain regular engagement; Early intervention and retention campaign,Low,Customer Loyalty Campaign
7879-CGSFV,Male,0,No,No,55,Yes,No,Fiber optic,Yes,Yes,No,No,Yes,Yes,One year,Yes,Mailed check,100.9,5552.05,No,5433,0.17005448,0,Low,0.0,Offer technical support assistance; Review pricing and provide personalized offer; Offer fiber service support or loyalty benefit,Maintain regular engagement; Technical support promotion; Personalized pricing review; Fiber service experience review; Loyalty and long-term customer engagement,Low,Customer Loyalty Campaign
2257-BOVXD,Male,0,Yes,No,14,Yes,Yes,DSL,No,No,No,Yes,Yes,No,Month-to-month,Yes,Credit card (automatic),66.6,979.5,No,6603,0.112515435,0,Low,1.0,Offer annual or long-term contract incentive; Promote online security service; Offer online backup package,Maintain regular engagement; Long-term contract conversion offer; Online security package promotion; Early intervention and retention campaign,Low,Contract Upgrade Campaign
9822-BIIGN,Male,0,Yes,Yes,53,Yes,Yes,DSL,Yes,No,No,Yes,No,Yes,Month-to-month,No,Electronic check,71.85,3827.9,No,5838,0.072875604,0,Low,0.0,Offer annual or long-term contract incentive; Offer online backup package,Maintain regular engagement; Long-term contract conversion offer; Loyalty and long-term customer engagement,Low,Contract Upgrade Campaign
1136-XGEQU,Female,0,Yes,Yes,50,Yes,Yes,DSL,No,Yes,Yes,Yes,Yes,Yes,One year,Yes,Credit card (automatic),84.15,4164.4,No,2181,0.03998131,0,Low,0.0,Promote online security service; Review pricing and provide personalized offer,Maintain regular engagement; Online security package promotion; Personalized pricing review; Loyalty and long-term customer engagement,Low,Customer Loyalty Campaign
2439-LYPMQ,Male,1,Yes,No,38,Yes,Yes,Fiber optic,No,Yes,Yes,No,Yes,Yes,Month-to-month,Yes,Electronic check,102.6,4009.2,No,1630,0.8166863,1,High,0.0,Priority retention outreach; Offer annual or long-term contract incentive; Offer technical support assistance; Promote online security service; Review pricing and provide personalized offer; Offer fiber service support or loyalty benefit,Immediate retention outreach; Long-term contract conversion offer; Technical support promotion; Online security package promotion; Personalized pricing review; Fiber service experience review; Loyalty and long-term customer engagement,Critical,Immediate Personal Outreach
6543-XRMYR,Female,1,No,No,30,Yes,Yes,Fiber optic,No,Yes,No,No,Yes,Yes,Month-to-month,Yes,Electronic check,99.7,2967.35,Yes,4448,0.7221145,1,High,0.0,Priority retention outreach; Offer annual or long-term contract incentive; Offer technical support assistance; Promote online security service; Review pricing and provide personalized offer; Offer fiber service support or loyalty benefit,Immediate retention outreach; Long-term contract conversion offer; Technical support promotion; Online security package promotion; Personalized pricing review; Fiber service experience review; Loyalty and long-term customer engagement,High,Retention Offer Campaign
5753-QQWPW,Female,0,No,No,28,Yes,No,DSL,Yes,Yes,No,Yes,No,No,One year,Yes,Electronic check,59.9,1654.7,No,5507,0.03556536,0,Low,1.0,Continue regular customer engagement,Maintain regular engagement; Early intervention and retention campaign,Low,Customer Loyalty Campaign
4785-QRJHC,Male,1,Yes,No,46,No,No phone service,DSL,No,Yes,Yes,Yes,Yes,Yes,One year,Yes,Bank transfer (automatic),59.9,2816.65,Yes,5884,0.1460512,0,Low,1.0,Promote online security service,Maintain regular engagement; Online security package promotion; Early intervention and retention campaign,Low,Customer Loyalty Campaign
0052-YNYOT,Female,0,No,No,67,Yes,No,No,No internet service,No internet service,No internet service,No internet service,No internet service,No internet service,One year,No,Electronic check,20.55,1343.4,No,7000,0.012544206,0,Low,1.0,Continue regular customer engagement,Maintain regular engagement; Early intervention and retention campaign,Low,Customer Loyalty Campaign
7054-LGEQW,Female,0,No,No,1,Yes,No,DSL,No,No,No,No,No,No,Month-to-month,No,Mailed check,45.95,45.95,Yes,1861,0.663169,1,Medium,1.0,Offer annual or long-term contract incentive; Offer technical support assistance; Promote online security service; Offer online backup package; Provide early-stage customer engagement,Proactive retention communication; Early customer onboarding support; Long-term contract conversion offer; Technical support promotion; Online security package promotion; Early intervention and retention campaign,Medium,Contract Upgrade Campaign
0608-JDVEC,Male,0,Yes,No,50,Yes,No,No,No internet service,No internet service,No internet service,No internet service,No internet service,No internet service,Two year,No,Electronic check,19.8,1013.2,No,4100,0.008431534,0,Low,1.0,Continue regular customer engagement,Maintain regular engagement; Early intervention and retention campaign,Low,Customer Loyalty Campaign
6284-KMNUF,Female,0,Yes,No,56,Yes,Yes,Fiber optic,Yes,No,No,No,Yes,Yes,One year,Yes,Electronic check,98.0,5270.6,No,5379,0.25510338,0,Low,0.0,Offer technical support assistance; Offer online backup package; Review pricing and provide personalized offer; Offer fiber service support or loyalty benefit,Maintain regular engagement; Technical support promotion; Personalized pricing review; Fiber service experience review; Loyalty and long-term customer engagement,Low,Customer Loyalty Campaign
6286-SUUWT,Male,0,No,No,1,Yes,No,No,No internet service,No internet service,No internet service,No internet service,No internet service,No internet service,Month-to-month,No,Mailed check,19.95,19.95,No,6107,0.76275504,1,High,1.0,Priority retention outreach; Offer annual or long-term contract incentive; Provide early-stage customer engagement,Immediate retention outreach; Early customer onboarding support; Long-term contract conversion offer; Early intervention and retention campaign,High,Retention Offer Campaign
3594-KADLU,Male,0,Yes,No,3,No,No phone service,DSL,Yes,No,No,Yes,No,No,Month-to-month,No,Mailed check,35.1,101.1,No,4603,0.3206449,0,Low,1.0,Offer annual or long-term contract incentive; Offer online backup package; Provide early-stage customer engagement,Maintain regular engagement; Early customer onboarding support; Long-term contract conversion offer; Early intervention and retention campaign,Low,Contract Upgrade Campaign
0536-ACXIP,Female,0,Yes,No,72,Yes,Yes,Fiber optic,Yes,Yes,Yes,No,Yes,Yes,Two year,Yes,Electronic check,109.55,8165.1,No,2816,0.015435433,0,Low,0.0,Offer technical support assistance; Review pricing and provide personalized offer; Offer fiber service support or loyalty benefit,Maintain regular engagement; Technical support promotion; Personalized pricing review; Fiber service experience review; Loyalty and long-term customer engagement,Low,Customer Loyalty Campaign
8869-TORSS,Female,0,No,No,48,Yes,No,DSL,Yes,No,Yes,Yes,No,No,One year,Yes,Credit card (automatic),60.35,2896.4,Yes,2894,0.02958478,0,Low,0.0,Offer online backup package,Maintain regular engagement; Loyalty and long-term customer engagement,Low,Customer Loyalty Campaign
0373-AIVNJ,Male,0,No,No,9,No,No phone service,DSL,Yes,Yes,Yes,No,No,No,One year,No,Mailed check,39.55,373.0,No,4750,0.07039831,0,Low,1.0,Offer technical support assistance,Maintain regular engagement; Technical support promotion; Early intervention and retention campaign,Low,Customer Loyalty Campaign
6429-SHBCB,Male,0,No,No,19,Yes,Yes,DSL,No,No,No,No,Yes,Yes,Month-to-month,No,Mailed check,69.6,1394.55,No,3162,0.097260326,0,Low,1.0,Offer annual or long-term contract incentive; Offer technical support assistance; Promote online security service; Offer online backup package,Maintain regular engagement; Long-term contract conversion offer; Technical support promotion; Online security package promotion; Early intervention and retention campaign,Low,Contract Upgrade Campaign
5751-USDBL,Male,0,Yes,Yes,46,Yes,No,DSL,Yes,No,Yes,Yes,Yes,Yes,Two year,No,Mailed check,81.0,3846.35,No,3088,0.007906012,0,Low,0.0,Offer online backup package; Review pricing and provide personalized offer,Maintain regular engagement; Personalized pricing review; Loyalty and long-term customer engagement,Low,Customer Loyalty Campaign
6815-ABQFQ,Male,0,Yes,No,56,Yes,Yes,Fiber optic,No,Yes,No,Yes,Yes,Yes,One year,Yes,Electronic check,107.25,6033.3,No,560,0.44224447,0,Medium,0.0,Promote online security service; Review pricing and provide personalized offer; Offer fiber service support or loyalty benefit,Proactive retention communication; Online security package promotion; Personalized pricing review; Fiber service experience review; Loyalty and long-term customer engagement,Medium,Customer Loyalty Campaign
9450-TRJUU,Male,0,No,No,35,Yes,Yes,Fiber optic,No,No,No,No,Yes,No,Month-to-month,No,Electronic check,83.15,2848.45,No,701,0.51608604,1,Medium,0.0,Offer annual or long-term contract incentive; Offer technical support assistance; Promote online security service; Offer online backup package; Review pricing and provide personalized offer; Offer fiber service support or loyalty benefit,Proactive retention communication; Long-term contract conversion offer; Technical support promotion; Online security package promotion; Personalized pricing review; Fiber service experience review; Loyalty and long-term customer engagement,Medium,Contract Upgrade Campaign
2805-AUFQN,Female,0,No,No,25,Yes,No,No,No internet service,No internet service,No internet service,No internet service,No internet service,No internet service,Two year,No,Credit card (automatic),19.8,475.2,No,5789,0.009323273,0,Low,1.0,Continue regular customer engagement,Maintain regular engagement; Early intervention and retention campaign,Low,Customer Loyalty Campaign
7855-DIWPO,Female,0,No,No,21,Yes,No,Fiber optic,No,No,No,No,No,No,Month-to-month,Yes,Electronic check,68.65,1493.2,No,3064,0.6552953,1,Medium,1.0,Offer annual or long-term contract incentive; Offer technical support assistance; Promote online security service; Offer online backup package; Offer fiber service support or loyalty benefit,Proactive retention communication; Long-term contract conversion offer; Technical support promotion; Online security package promotion; Fiber service experience review; Early intervention and retention campaign,Medium,Contract Upgrade Campaign
0174-QRVVY,Male,0,Yes,Yes,71,Yes,Yes,No,No internet service,No internet service,No internet service,No internet service,No internet service,No internet service,Two year,No,Credit card (automatic),25.35,1847.55,No,3649,0.0019095616,0,Low,1.0,Continue regular customer engagement,Maintain regular engagement; Early intervention and retention campaign,Low,Customer Loyalty Campaign
9507-EXLTT,Female,0,Yes,No,1,Yes,No,Fiber optic,No,No,No,No,Yes,No,Month-to-month,Yes,Bank transfer (automatic),79.35,79.35,Yes,5826,0.9274301,1,High,1.0,Priority retention outreach; Offer annual or long-term contract incentive; Offer technical support assistance; Promote online security service; Offer online backup package; Provide early-stage customer engagement; Offer fiber service support or loyalty benefit,Immediate retention outreach; Early customer onboarding support; Long-term contract conversion offer; Technical support promotion; Online security package promotion; Fiber service experience review; Early intervention and retention campaign,Critical,Immediate Personal Outreach
8390-FESFV,Female,0,No,No,62,Yes,Yes,DSL,No,Yes,Yes,Yes,Yes,Yes,Two year,No,Bank transfer (automatic),84.5,5193.2,No,1292,0.006315385,0,Low,0.0,Promote online security service; Review pricing and provide personalized offer,Maintain regular engagement; Online security package promotion; Personalized pricing review; Loyalty and long-term customer engagement,Low,Customer Loyalty Campaign
0661-KBKPA,Male,0,Yes,Yes,53,Yes,Yes,DSL,No,No,Yes,Yes,Yes,Yes,One year,Yes,Mailed check,78.75,3942.45,No,2522,0.12844336,0,Low,0.0,Promote online security service; Offer online backup package,Maintain regular engagement; Online security package promotion; Loyalty and long-term customer engagement,Low,Customer Loyalty Campaign
6856-RAURS,Female,0,No,No,2,Yes,Yes,Fiber optic,No,No,No,No,No,No,Month-to-month,Yes,Mailed check,74.9,136.05,No,6362,0.81400007,1,High,1.0,Priority retention outreach; Offer annual or long-term contract incentive; Offer technical support assistance; Promote online security service; Offer online backup package; Provide early-stage customer engagement; Offer fiber service support or loyalty benefit,Immediate retention outreach; Early customer onboarding support; Long-term contract conversion offer; Technical support promotion; Online security package promotion; Fiber service experience review; Early intervention and retention campaign,Critical,Immediate Personal Outreach
7322-OCWHC,Male,1,Yes,No,72,Yes,Yes,Fiber optic,Yes,Yes,Yes,Yes,No,No,Two year,Yes,Bank transfer (automatic),93.05,6735.05,No,2254,0.0035817963,0,Low,0.0,Review pricing and provide personalized offer; Offer fiber service support or loyalty benefit,Maintain regular engagement; Personalized pricing review; Fiber service experience review; Loyalty and long-term customer engagement,Low,Customer Loyalty Campaign
2203-GHNWN,Female,0,Yes,No,24,Yes,Yes,Fiber optic,No,No,Yes,No,No,No,Month-to-month,Yes,Mailed check,79.65,1928.7,No,3632,0.23971763,0,Low,1.0,Offer annual or long-term contract incentive; Offer technical support assistance; Promote online security service; Offer online backup package; Offer fiber service support or loyalty benefit,Maintain regular engagement; Long-term contract conversion offer; Technical support promotion; Online security package promotion; Fiber service experience review; Early intervention and retention campaign,Low,Contract Upgrade Campaign
3413-CSSTH,Male,0,No,No,41,Yes,Yes,DSL,No,No,Yes,No,No,No,Month-to-month,Yes,Bank transfer (automatic),55.7,2237.55,No,6184,0.10502513,0,Low,1.0,Offer annual or long-term contract incentive; Offer technical support assistance; Promote online security service; Offer online backup package,Maintain regular engagement; Long-term contract conversion offer; Technical support promotion; Online security package promotion; Early intervention and retention campaign,Low,Contract Upgrade Campaign
3006-XIMLN,Female,0,No,Yes,2,Yes,Yes,Fiber optic,No,No,No,No,Yes,Yes,Month-to-month,Yes,Bank transfer (automatic),94.2,193.8,Yes,4678,0.9735078,1,High,1.0,Priority retention outreach; Offer annual or long-term contract incentive; Offer technical support assistance; Promote online security service; Offer online backup package; Review pricing and provide personalized offer; Provide early-stage customer engagement; Offer fiber service support or loyalty benefit,Immediate retention outreach; Early customer onboarding support; Long-term contract conversion offer; Technical support promotion; Online security package promotion; Personalized pricing review; Fiber service experience review; Early intervention and retention campaign,Critical,Immediate Personal Outreach
3750-CKVKH,Male,0,No,No,2,Yes,No,Fiber optic,No,No,No,No,No,No,Month-to-month,Yes,Electronic check,67.75,116.65,Yes,4556,0.7045558,1,High,1.0,Priority retention outreach; Offer annual or long-term contract incentive; Offer technical support assistance; Promote online security service; Offer online backup package; Provide early-stage customer engagement; Offer fiber service support or loyalty benefit,Immediate retention outreach; Early customer onboarding support; Long-term contract conversion offer; Technical support promotion; Online security package promotion; Fiber service experience review; Early intervention and retention campaign,High,Retention Offer Campaign
0576-WNXXC,Male,1,Yes,No,27,Yes,Yes,Fiber optic,No,Yes,Yes,No,No,Yes,Month-to-month,Yes,Electronic check,95.55,2510.2,Yes,4121,0.53058493,1,Medium,1.0,Offer annual or long-term contract incentive; Offer technical support assistance; Promote online security service; Review pricing and provide personalized offer; Offer fiber service support or loyalty benefit,Proactive retention communication; Long-term contract conversion offer; Technical support promotion; Online security package promotion; Personalized pricing review; Fiber service experience review; Early intervention and retention campaign,Medium,Contract Upgrade Campaign
7056-IMHCC,Male,1,Yes,No,53,Yes,Yes,Fiber optic,No,Yes,No,No,Yes,Yes,Month-to-month,Yes,Electronic check,101.9,5549.4,Yes,3411,0.8702401,1,High,0.0,Priority retention outreach; Offer annual or long-term contract incentive; Offer technical support assistance; Promote online security service; Review pricing and provide personalized offer; Offer fiber service support or loyalty benefit,Immediate retention outreach; Long-term contract conversion offer; Technical support promotion; Online security package promotion; Personalized pricing review; Fiber service experience review; Loyalty and long-term customer engagement,Critical,Immediate Personal Outreach
0866-QLSIR,Female,0,No,No,34,Yes,Yes,DSL,Yes,Yes,No,Yes,No,No,One year,Yes,Mailed check,64.4,2088.75,Yes,2244,0.011499419,0,Low,1.0,Continue regular customer engagement,Maintain regular engagement; Early intervention and retention campaign,Low,Customer Loyalty Campaign
1628-BIZYP,Male,0,No,No,1,Yes,No,Fiber optic,No,Yes,No,No,No,Yes,Month-to-month,Yes,Electronic check,85.0,85.0,No,5905,0.9057921,1,High,1.0,Priority retention outreach; Offer annual or long-term contract incentive; Offer technical support assistance; Promote online security service; Review pricing and provide personalized offer; Provide early-stage customer engagement; Offer fiber service support or loyalty benefit,Immediate retention outreach; Early customer onboarding support; Long-term contract conversion offer; Technical support promotion; Online security package promotion; Personalized pricing review; Fiber service experience review; Early intervention and retention campaign,Critical,Immediate Personal Outreach
2230-XTUWL,Female,0,Yes,Yes,48,Yes,No,No,No internet service,No internet service,No internet service,No internet service,No internet service,No internet service,Two year,No,Mailed check,19.55,883.35,No,2460,0.0057923547,0,Low,1.0,Continue regular customer engagement,Maintain regular engagement; Early intervention and retention campaign,Low,Customer Loyalty Campaign
1980-KXVPM,Female,1,No,No,3,Yes,Yes,Fiber optic,No,No,No,No,No,No,Month-to-month,Yes,Credit card (automatic),75.05,256.25,Yes,7008,0.8678079,1,High,1.0,Priority retention outreach; Offer annual or long-term contract incentive; Offer technical support assistance; Promote online security service; Offer online backup package; Provide early-stage customer engagement; Offer fiber service support or loyalty benefit,Immediate retention outreach; Early customer onboarding support; Long-term contract conversion offer; Technical support promotion; Online security package promotion; Fiber service experience review; Early intervention and retention campaign,Critical,Immediate Personal Outreach
8619-IJNDK,Female,0,Yes,Yes,71,Yes,No,DSL,Yes,Yes,Yes,Yes,No,No,Two year,No,Credit card (automatic),64.05,4492.9,No,2221,0.009314219,0,Low,0.0,Continue regular customer engagement,Maintain regular engagement; Loyalty and long-term customer engagement,Low,Customer Loyalty Campaign
2960-NKRSO,Male,0,No,No,24,Yes,No,Fiber optic,No,Yes,Yes,Yes,No,No,Month-to-month,Yes,Electronic check,85.95,2107.15,No,2978,0.31968153,0,Low,1.0,Offer annual or long-term contract incentive; Promote online security service; Review pricing and provide personalized offer; Offer fiber service support or loyalty benefit,Maintain regular engagement; Long-term contract conversion offer; Online security package promotion; Personalized pricing review; Fiber service experience review; Early intervention and retention campaign,Low,Contract Upgrade Campaign
6705-LXORM,Female,1,Yes,No,5,Yes,No,Fiber optic,No,No,No,No,No,No,Month-to-month,No,Electronic check,70.05,302.6,No,517,0.6057088,1,Medium,1.0,Offer annual or long-term contract incentive; Offer technical support assistance; Promote online security service; Offer online backup package; Provide early-stage customer engagement; Offer fiber service support or loyalty benefit,Proactive retention communication; Early customer onboarding support; Long-term contract conversion offer; Technical support promotion; Online security package promotion; Fiber service experience review; Early intervention and retention campaign,Medium,Contract Upgrade Campaign
7130-VTEWQ,Female,1,No,No,8,Yes,Yes,Fiber optic,No,No,No,No,No,No,Month-to-month,Yes,Electronic check,75.75,606.25,Yes,4343,0.75641716,1,High,1.0,Priority retention outreach; Offer annual or long-term contract incentive; Offer technical support assistance; Promote online security service; Offer online backup package; Offer fiber service support or loyalty benefit,Immediate retention outreach; Long-term contract conversion offer; Technical support promotion; Online security package promotion; Fiber service experience review; Early intervention and retention campaign,High,Retention Offer Campaign
9364-YKUVW,Male,0,No,No,15,Yes,No,No,No internet service,No internet service,No internet service,No internet service,No internet service,No internet service,Month-to-month,Yes,Mailed check,19.8,309.4,No,6954,0.29885074,0,Low,1.0,Offer annual or long-term contract incentive,Maintain regular engagement; Long-term contract conversion offer; Early intervention and retention campaign,Low,Contract Upgrade Campaign
2761-OCIAX,Male,1,No,No,2,Yes,No,Fiber optic,No,Yes,No,No,No,No,Month-to-month,Yes,Electronic check,74.7,165.4,Yes,1595,0.5556511,1,Medium,1.0,Offer annual or long-term contract incentive; Offer technical support assistance; Promote online security service; Provide early-stage customer engagement; Offer fiber service support or loyalty benefit,Proactive retention communication; Early customer onboarding support; Long-term contract conversion offer; Technical support promotion; Online security package promotion; Fiber service experience review; Early intervention and retention campaign,Medium,Contract Upgrade Campaign
7996-BPXHY,Female,0,Yes,Yes,13,Yes,Yes,No,No internet service,No internet service,No internet service,No internet service,No internet service,No internet service,Two year,Yes,Bank transfer (automatic),25.0,332.5,No,2565,0.018471375,0,Low,1.0,Continue regular customer engagement,Maintain regular engagement; Early intervention and retention campaign,Low,Customer Loyalty Campaign
4248-QPAVC,Female,1,Yes,No,17,Yes,Yes,Fiber optic,Yes,No,Yes,No,No,No,Month-to-month,Yes,Bank transfer (automatic),85.35,1463.45,Yes,1631,0.41580236,0,Medium,1.0,Offer annual or long-term contract incentive; Offer technical support assistance; Offer online backup package; Review pricing and provide personalized offer; Offer fiber service support or loyalty benefit,Proactive retention communication; Long-term contract conversion offer; Technical support promotion; Personalized pricing review; Fiber service experience review; Early intervention and retention campaign,Medium,Contract Upgrade Campaign
9357-UJRUN,Male,0,Yes,No,24,Yes,Yes,DSL,Yes,No,No,Yes,No,No,One year,Yes,Electronic check,58.35,1346.9,No,2964,0.1255032,0,Low,1.0,Offer online backup package,Maintain regular engagement; Early intervention and retention campaign,Low,Customer Loyalty Campaign
6340-DACFT,Female,0,Yes,Yes,50,Yes,No,No,No internet service,No internet service,No internet service,No internet service,No internet service,No internet service,Two year,No,Credit card (automatic),20.55,1070.25,No,6584,0.0037565774,0,Low,1.0,Continue regular customer engagement,Maintain regular engagement; Early intervention and retention campaign,Low,Customer Loyalty Campaign
1023-BQXZE,Male,0,No,No,57,Yes,No,DSL,Yes,No,Yes,No,Yes,Yes,Two year,Yes,Bank transfer (automatic),74.35,4317.35,No,2791,0.012643794,0,Low,0.0,Offer technical support assistance; Offer online backup package,Maintain regular engagement; Technical support promotion; Loyalty and long-term customer engagement,Low,Customer Loyalty Campaign
5480-HPRRX,Female,1,No,No,3,No,No phone service,DSL,No,No,No,No,No,No,Month-to-month,No,Electronic check,25.3,77.75,Yes,6864,0.7146045,1,High,1.0,Priority retention outreach; Offer annual or long-term contract incentive; Offer technical support assistance; Promote online security service; Offer online backup package; Provide early-stage customer engagement,Immediate retention outreach; Early customer onboarding support; Long-term contract conversion offer; Technical support promotion; Online security package promotion; Early intervention and retention campaign,High,Retention Offer Campaign
9576-SYUHJ,Male,0,No,No,37,Yes,Yes,Fiber optic,Yes,No,No,No,Yes,No,Month-to-month,Yes,Electronic check,91.15,3369.25,No,3463,0.2916621,0,Low,0.0,Offer annual or long-term contract incentive; Offer technical support assistance; Offer online backup package; Review pricing and provide personalized offer; Offer fiber service support or loyalty benefit,Maintain regular engagement; Long-term contract conversion offer; Technical support promotion; Personalized pricing review; Fiber service experience review; Loyalty and long-term customer engagement,Low,Contract Upgrade Campaign
2169-RRLFW,Female,0,Yes,No,71,Yes,Yes,No,No internet service,No internet service,No internet service,No internet service,No internet service,No internet service,Two year,No,Credit card (automatic),25.6,1888.25,No,6309,0.0029874027,0,Low,1.0,Continue regular customer engagement,Maintain regular engagement; Early intervention and retention campaign,Low,Customer Loyalty Campaign
8338-QIUNR,Male,0,Yes,Yes,72,Yes,Yes,DSL,Yes,No,Yes,Yes,No,No,Two year,Yes,Credit card (automatic),66.5,4811.6,No,699,0.0065090386,0,Low,0.0,Offer online backup package,Maintain regular engagement; Loyalty and long-term customer engagement,Low,Customer Loyalty Campaign
0463-TXOAK,Male,0,No,Yes,52,Yes,Yes,No,No internet service,No internet service,No internet service,No internet service,No internet service,No internet service,Two year,No,Credit card (automatic),25.6,1334.5,No,4693,0.0155356005,0,Low,1.0,Continue regular customer engagement,Maintain regular engagement; Early intervention and retention campaign,Low,Customer Loyalty Campaign
4396-KLSEH,Male,0,No,No,4,Yes,No,No,No internet service,No internet service,No internet service,No internet service,No internet service,No internet service,Month-to-month,Yes,Electronic check,19.85,63.0,No,5661,0.15691283,0,Low,1.0,Offer annual or long-term contract incentive; Provide early-stage customer engagement,Maintain regular engagement; Early customer onboarding support; Long-term contract conversion offer; Early intervention and retention campaign,Low,Contract Upgrade Campaign
5186-EJEGL,Male,0,No,No,9,Yes,No,DSL,Yes,No,Yes,Yes,Yes,No,Month-to-month,Yes,Mailed check,69.5,653.25,No,3628,0.16483988,0,Low,1.0,Offer annual or long-term contract incentive; Offer online backup package,Maintain regular engagement; Long-term contract conversion offer; Early intervention and retention campaign,Low,Contract Upgrade Campaign
9334-GWGOW,Male,1,Yes,No,7,Yes,Yes,Fiber optic,No,No,No,No,No,No,Month-to-month,Yes,Electronic check,74.85,485.25,No,5627,0.90796375,1,High,1.0,Priority retention outreach; Offer annual or long-term contract incentive; Offer technical support assistance; Promote online security service; Offer online backup package; Offer fiber service support or loyalty benefit,Immediate retention outreach; Long-term contract conversion offer; Technical support promotion; Online security package promotion; Fiber service experience review; Early intervention and retention campaign,Critical,Immediate Personal Outreach
5696-JVVQY,Female,0,Yes,Yes,48,Yes,No,DSL,Yes,Yes,Yes,No,No,Yes,Two year,Yes,Credit card (automatic),70.1,3238.4,No,6315,0.0124132,0,Low,0.0,Offer technical support assistance,Maintain regular engagement; Technical support promotion; Loyalty and long-term customer engagement,Low,Customer Loyalty Campaign
9633-DENPU,Female,0,Yes,No,47,Yes,No,DSL,No,Yes,No,No,Yes,No,Month-to-month,Yes,Bank transfer (automatic),58.6,2723.4,No,5107,0.12355339,0,Low,1.0,Offer annual or long-term contract incentive; Offer technical support assistance; Promote online security service,Maintain regular engagement; Long-term contract conversion offer; Technical support promotion; Online security package promotion; Early intervention and retention campaign,Low,Contract Upgrade Campaign
0581-BXBUB,Female,1,No,No,4,Yes,No,Fiber optic,No,Yes,No,No,No,No,Month-to-month,No,Electronic check,72.75,317.75,No,3154,0.24806401,0,Low,1.0,Offer annual or long-term contract incentive; Offer technical support assistance; Promote online security service; Provide early-stage customer engagement; Offer fiber service support or loyalty benefit,Maintain regular engagement; Early customer onboarding support; Long-term contract conversion offer; Technical support promotion; Online security package promotion; Fiber service experience review; Early intervention and retention campaign,Low,Contract Upgrade Campaign
2750-BJLSB,Female,0,No,No,47,Yes,No,Fiber optic,Yes,No,Yes,Yes,Yes,Yes,One year,Yes,Electronic check,103.7,4730.6,No,6948,0.2043004,0,Low,0.0,Offer online backup package; Review pricing and provide personalized offer; Offer fiber service support or loyalty benefit,Maintain regular engagement; Personalized pricing review; Fiber service experience review; Loyalty and long-term customer engagement,Low,Customer Loyalty Campaign
2770-NSVDG,Male,0,Yes,No,24,No,No phone service,DSL,No,No,Yes,No,No,No,Month-to-month,No,Electronic check,29.1,688.0,No,2773,0.3946018,0,Low,1.0,Offer annual or long-term contract incentive; Offer technical support assistance; Promote online security service; Offer online backup package,Maintain regular engagement; Long-term contract conversion offer; Technical support promotion; Online security package promotion; Early intervention and retention campaign,Low,Contract Upgrade Campaign
8280-MQRQN,Female,0,No,No,1,Yes,No,DSL,No,No,Yes,No,No,No,Month-to-month,Yes,Mailed check,50.45,50.45,Yes,4455,0.7671341,1,High,1.0,Priority retention outreach; Offer annual or long-term contract incentive; Offer technical support assistance; Promote online security service; Offer online backup package; Provide early-stage customer engagement,Immediate retention outreach; Early customer onboarding support; Long-term contract conversion offer; Technical support promotion; Online security package promotion; Early intervention and retention campaign,High,Retention Offer Campaign
7851-FLGGQ,Male,0,No,No,1,No,No phone service,DSL,No,Yes,No,Yes,No,Yes,Month-to-month,Yes,Mailed check,44.65,44.65,Yes,6377,0.35767603,0,Low,1.0,Offer annual or long-term contract incentive; Promote online security service; Provide early-stage customer engagement,Maintain regular engagement; Early customer onboarding support; Long-term contract conversion offer; Online security package promotion; Early intervention and retention campaign,Low,Contract Upgrade Campaign
9374-YOLBJ,Female,0,Yes,Yes,1,Yes,No,No,No internet service,No internet service,No internet service,No internet service,No internet service,No internet service,Month-to-month,No,Electronic check,19.25,19.25,No,6251,0.1814108,0,Low,1.0,Offer annual or long-term contract incentive; Provide early-stage customer engagement,Maintain regular engagement; Early customer onboarding support; Long-term contract conversion offer; Early intervention and retention campaign,Low,Contract Upgrade Campaign
6583-SZVGP,Male,0,No,No,48,Yes,Yes,Fiber optic,No,Yes,Yes,No,Yes,Yes,Two year,Yes,Bank transfer (automatic),108.1,5067.45,No,384,0.39449024,0,Low,0.0,Offer technical support assistance; Promote online security service; Review pricing and provide personalized offer; Offer fiber service support or loyalty benefit,Maintain regular engagement; Technical support promotion; Online security package promotion; Personalized pricing review; Fiber service experience review; Loyalty and long-term customer engagement,Low,Customer Loyalty Campaign
2150-OEGBV,Male,0,No,No,27,Yes,No,No,No internet service,No internet service,No internet service,No internet service,No internet service,No internet service,One year,No,Bank transfer (automatic),20.1,562.6,No,2672,0.025857395,0,Low,1.0,Continue regular customer engagement,Maintain regular engagement; Early intervention and retention campaign,Low,Customer Loyalty Campaign
9372-TXXPS,Female,0,Yes,No,60,Yes,No,DSL,Yes,Yes,No,Yes,No,No,Two year,No,Bank transfer (automatic),59.85,3483.45,No,2805,0.004148958,0,Low,0.0,Continue regular customer engagement,Maintain regular engagement; Loyalty and long-term customer engagement,Low,Customer Loyalty Campaign
6933-FHBZC,Female,0,No,No,26,Yes,No,DSL,No,Yes,Yes,No,No,No,One year,Yes,Mailed check,56.05,1553.2,No,5465,0.055368196,0,Low,1.0,Offer technical support assistance; Promote online security service,Maintain regular engagement; Technical support promotion; Online security package promotion; Early intervention and retention campaign,Low,Customer Loyalty Campaign
4698-KVLLG,Female,1,No,No,51,Yes,No,No,No internet service,No internet service,No internet service,No internet service,No internet service,No internet service,Two year,No,Credit card (automatic),19.6,967.9,No,6023,0.008004789,0,Low,1.0,Continue regular customer engagement,Maintain regular engagement; Early intervention and retention campaign,Low,Customer Loyalty Campaign
8752-STIVR,Female,0,No,No,4,Yes,No,Fiber optic,No,No,No,No,Yes,No,Month-to-month,Yes,Electronic check,79.0,303.15,Yes,6322,0.8674213,1,High,1.0,Priority retention outreach; Offer annual or long-term contract incentive; Offer technical support assistance; Promote online security service; Offer online backup package; Provide early-stage customer engagement; Offer fiber service support or loyalty benefit,Immediate retention outreach; Early customer onboarding support; Long-term contract conversion offer; Technical support promotion; Online security package promotion; Fiber service experience review; Early intervention and retention campaign,Critical,Immediate Personal Outreach
8623-ULFNQ,Female,1,No,No,26,Yes,Yes,DSL,No,No,No,Yes,No,Yes,Month-to-month,Yes,Electronic check,66.05,1652.4,No,1782,0.23547514,0,Low,1.0,Offer annual or long-term contract incentive; Promote online security service; Offer online backup package,Maintain regular engagement; Long-term contract conversion offer; Online security package promotion; Early intervention and retention campaign,Low,Contract Upgrade Campaign
9822-WMWVG,Female,0,No,No,41,Yes,Yes,Fiber optic,Yes,Yes,Yes,Yes,Yes,No,Month-to-month,Yes,Electronic check,106.5,4282.4,No,3742,0.5557521,1,Medium,0.0,Offer annual or long-term contract incentive; Review pricing and provide personalized offer; Offer fiber service support or loyalty benefit,Proactive retention communication; Long-term contract conversion offer; Personalized pricing review; Fiber service experience review; Loyalty and long-term customer engagement,Medium,Contract Upgrade Campaign
4304-TSPVK,Female,0,Yes,No,68,Yes,Yes,Fiber optic,Yes,Yes,Yes,Yes,Yes,Yes,Two year,No,Bank transfer (automatic),114.9,7843.55,No,2341,0.14499952,0,Low,0.0,Review pricing and provide personalized offer; Offer fiber service support or loyalty benefit,Maintain regular engagement; Personalized pricing review; Fiber service experience review; Loyalty and long-term customer engagement,Low,Customer Loyalty Campaign
1716-LSAMB,Male,0,Yes,Yes,45,Yes,No,DSL,Yes,No,No,Yes,No,No,Two year,No,Bank transfer (automatic),54.65,2553.7,No,5524,0.01133218,0,Low,1.0,Offer online backup package,Maintain regular engagement; Early intervention and retention campaign,Low,Customer Loyalty Campaign
3523-QRQLL,Female,0,Yes,Yes,22,Yes,No,DSL,No,Yes,No,No,Yes,Yes,One year,Yes,Bank transfer (automatic),69.5,1498.2,Yes,3197,0.1647279,0,Low,1.0,Offer technical support assistance; Promote online security service,Maintain regular engagement; Technical support promotion; Online security package promotion; Early intervention and retention campaign,Low,Customer Loyalty Campaign
2187-PKZAY,Male,0,No,No,12,Yes,No,Fiber optic,No,No,No,No,No,Yes,Month-to-month,Yes,Bank transfer (automatic),79.95,1043.4,No,2880,0.5908544,1,Medium,1.0,Offer annual or long-term contract incentive; Offer technical support assistance; Promote online security service; Offer online backup package; Offer fiber service support or loyalty benefit,Proactive retention communication; Long-term contract conversion offer; Technical support promotion; Online security package promotion; Fiber service experience review; Early intervention and retention campaign,Medium,Contract Upgrade Campaign
1895-QTKDO,Female,0,No,No,1,Yes,No,DSL,No,No,No,No,No,No,Month-to-month,No,Credit card (automatic),43.95,43.95,No,2172,0.33923745,0,Low,1.0,Offer annual or long-term contract incentive; Offer technical support assistance; Promote online security service; Offer online backup package; Provide early-stage customer engagement,Maintain regular engagement; Early customer onboarding support; Long-term contract conversion offer; Technical support promotion; Online security package promotion; Early intervention and retention campaign,Low,Contract Upgrade Campaign
8161-QYMTT,Male,0,No,No,7,Yes,Yes,Fiber optic,No,No,No,No,Yes,Yes,Month-to-month,Yes,Electronic check,94.1,701.3,No,4039,0.9613807,1,High,1.0,Priority retention outreach; Offer annual or long-term contract incentive; Offer technical support assistance; Promote online security service; Offer online backup package; Review pricing and provide personalized offer; Offer fiber service support or loyalty benefit,Immediate retention outreach; Long-term contract conversion offer; Technical support promotion; Online security package promotion; Personalized pricing review; Fiber service experience review; Early intervention and retention campaign,Critical,Immediate Personal Outreach
2955-PSXOE,Female,0,No,No,1,Yes,No,No,No internet service,No internet service,No internet service,No internet service,No internet service,No internet service,Month-to-month,Yes,Bank transfer (automatic),20.2,20.2,Yes,5049,0.1987989,0,Low,1.0,Offer annual or long-term contract incentive; Provide early-stage customer engagement,Maintain regular engagement; Early customer onboarding support; Long-term contract conversion offer; Early intervention and retention campaign,Low,Contract Upgrade Campaign
6834-NXDCA,Female,0,No,No,13,No,No phone service,DSL,No,No,No,No,No,No,Month-to-month,Yes,Electronic check,23.9,300.8,Yes,4132,0.72777003,1,High,1.0,Priority retention outreach; Offer annual or long-term contract incentive; Offer technical support assistance; Promote online security service; Offer online backup package,Immediate retention outreach; Long-term contract conversion offer; Technical support promotion; Online security package promotion; Early intervention and retention campaign,High,Retention Offer Campaign
8701-DGLVH,Male,0,No,No,51,Yes,No,No,No internet service,No internet service,No internet service,No internet service,No internet service,No internet service,Two year,No,Mailed check,20.45,1042.65,No,4669,0.008237099,0,Low,1.0,Continue regular customer engagement,Maintain regular engagement; Early intervention and retention campaign,Low,Customer Loyalty Campaign
2480-SQIOB,Male,0,Yes,Yes,4,Yes,No,DSL,No,No,No,No,No,No,Month-to-month,No,Electronic check,44.8,169.65,No,5173,0.43919405,0,Medium,1.0,Offer annual or long-term contract incentive; Offer technical support assistance; Promote online security service; Offer online backup package; Provide early-stage customer engagement,Proactive retention communication; Early customer onboarding support; Long-term contract conversion offer; Technical support promotion; Online security package promotion; Early intervention and retention campaign,Medium,Contract Upgrade Campaign
4993-JCRGJ,Male,0,No,No,26,Yes,Yes,Fiber optic,No,No,Yes,Yes,No,No,Month-to-month,Yes,Mailed check,84.3,2281.6,No,3706,0.12356086,0,Low,1.0,Offer annual or long-term contract incentive; Promote online security service; Offer online backup package; Review pricing and provide personalized offer; Offer fiber service support or loyalty benefit,Maintain regular engagement; Long-term contract conversion offer; Online security package promotion; Personalized pricing review; Fiber service experience review; Early intervention and retention campaign,Low,Contract Upgrade Campaign
0581-MDMPW,Female,0,No,No,24,Yes,Yes,Fiber optic,No,No,Yes,No,Yes,No,Month-to-month,Yes,Credit card (automatic),88.95,2072.75,No,2789,0.5021113,1,Medium,1.0,Offer annual or long-term contract incentive; Offer technical support assistance; Promote online security service; Offer online backup package; Review pricing and provide personalized offer; Offer fiber service support or loyalty benefit,Proactive retention communication; Long-term contract conversion offer; Technical support promotion; Online security package promotion; Personalized pricing review; Fiber service experience review; Early intervention and retention campaign,Medium,Contract Upgrade Campaign
7789-CRUVC,Female,1,Yes,No,61,Yes,Yes,Fiber optic,Yes,Yes,Yes,Yes,No,No,Month-to-month,Yes,Credit card (automatic),94.2,5895.45,No,6965,0.038760617,0,Low,0.0,Offer annual or long-term contract incentive; Review pricing and provide personalized offer; Offer fiber service support or loyalty benefit,Maintain regular engagement; Long-term contract conversion offer; Personalized pricing review; Fiber service experience review; Loyalty and long-term customer engagement,Low,Contract Upgrade Campaign
0164-APGRB,Female,0,No,No,72,Yes,Yes,Fiber optic,Yes,Yes,Yes,Yes,Yes,Yes,Two year,Yes,Electronic check,114.9,8496.7,No,2603,0.0071664723,0,Low,0.0,Review pricing and provide personalized offer; Offer fiber service support or loyalty benefit,Maintain regular engagement; Personalized pricing review; Fiber service experience review; Loyalty and long-term customer engagement,Low,Customer Loyalty Campaign
8034-RYTVV,Female,0,No,No,55,Yes,Yes,Fiber optic,Yes,No,Yes,No,No,No,One year,Yes,Credit card (automatic),84.25,4589.85,No,5520,0.021925734,0,Low,0.0,Offer technical support assistance; Offer online backup package; Review pricing and provide personalized offer; Offer fiber service support or loyalty benefit,Maintain regular engagement; Technical support promotion; Personalized pricing review; Fiber service experience review; Loyalty and long-term customer engagement,Low,Customer Loyalty Campaign
3018-TFTSU,Male,0,No,No,12,Yes,No,Fiber optic,Yes,No,Yes,No,No,No,Month-to-month,No,Bank transfer (automatic),81.7,858.6,Yes,4464,0.17927527,0,Low,1.0,Offer annual or long-term contract incentive; Offer technical support assistance; Offer online backup package; Review pricing and provide personalized offer; Offer fiber service support or loyalty benefit,Maintain regular engagement; Long-term contract conversion offer; Technical support promotion; Personalized pricing review; Fiber service experience review; Early intervention and retention campaign,Low,Contract Upgrade Campaign
9777-IQHWP,Male,0,Yes,Yes,64,Yes,Yes,Fiber optic,Yes,No,Yes,No,No,Yes,Two year,No,Bank transfer (automatic),93.4,5822.3,No,861,0.023872657,0,Low,0.0,Offer technical support assistance; Offer online backup package; Review pricing and provide personalized offer; Offer fiber service support or loyalty benefit,Maintain regular engagement; Technical support promotion; Personalized pricing review; Fiber service experience review; Loyalty and long-term customer engagement,Low,Customer Loyalty Campaign
6899-PPEEA,Female,1,No,No,37,Yes,Yes,Fiber optic,No,No,No,No,Yes,Yes,Month-to-month,Yes,Electronic check,96.55,3580.3,Yes,4307,0.78969634,1,High,0.0,Priority retention outreach; Offer annual or long-term contract incentive; Offer technical support assistance; Promote online security service; Offer online backup package; Review pricing and provide personalized offer; Offer fiber service support or loyalty benefit,Immediate retention outreach; Long-term contract conversion offer; Technical support promotion; Online security package promotion; Personalized pricing review; Fiber service experience review; Loyalty and long-term customer engagement,High,Retention Offer Campaign
6701-YVNQG,Male,0,Yes,No,72,Yes,Yes,DSL,Yes,Yes,Yes,Yes,Yes,Yes,Two year,Yes,Credit card (automatic),88.7,6301.7,No,3814,0.0020244352,0,Low,0.0,Review pricing and provide personalized offer,Maintain regular engagement; Personalized pricing review; Loyalty and long-term customer engagement,Low,Customer Loyalty Campaign
7649-PHJVR,Male,0,No,No,11,Yes,No,No,No internet service,No internet service,No internet service,No internet service,No internet service,No internet service,One year,No,Mailed check,19.5,226.8,No,2381,0.010524844,0,Low,1.0,Continue regular customer engagement,Maintain regular engagement; Early intervention and retention campaign,Low,Customer Loyalty Campaign
9278-VZKCD,Female,1,Yes,No,52,Yes,Yes,Fiber optic,Yes,Yes,Yes,No,Yes,Yes,Month-to-month,Yes,Electronic check,109.1,5647.95,No,3899,0.3686115,0,Low,0.0,Offer annual or long-term contract incentive; Offer technical support assistance; Review pricing and provide personalized offer; Offer fiber service support or loyalty benefit,Maintain regular engagement; Long-term contract conversion offer; Technical support promotion; Personalized pricing review; Fiber service experience review; Loyalty and long-term customer engagement,Low,Contract Upgrade Campaign
7636-PEPNS,Female,0,Yes,Yes,58,Yes,No,DSL,No,No,No,No,No,No,One year,Yes,Mailed check,44.1,2413.05,No,3392,0.035819102,0,Low,1.0,Offer technical support assistance; Promote online security service; Offer online backup package,Maintain regular engagement; Technical support promotion; Online security package promotion; Early intervention and retention campaign,Low,Customer Loyalty Campaign
1575-KRZZE,Female,0,No,No,4,Yes,No,DSL,Yes,Yes,No,No,No,No,Month-to-month,No,Electronic check,55.2,220.65,No,2819,0.2641274,0,Low,1.0,Offer annual or long-term contract incentive; Offer technical support assistance; Provide early-stage customer engagement,Maintain regular engagement; Early customer onboarding support; Long-term contract conversion offer; Technical support promotion; Early intervention and retention campaign,Low,Contract Upgrade Campaign
8590-OHDIW,Female,0,Yes,Yes,38,Yes,No,No,No internet service,No internet service,No internet service,No internet service,No internet service,No internet service,One year,No,Mailed check,20.3,749.35,No,3896,0.011023916,0,Low,1.0,Continue regular customer engagement,Maintain regular engagement; Early intervention and retention campaign,Low,Customer Loyalty Campaign
7764-BDPEE,Male,0,No,Yes,3,Yes,No,No,No internet service,No internet service,No internet service,No internet service,No internet service,No internet service,Month-to-month,No,Mailed check,20.85,60.65,No,967,0.0634974,0,Low,1.0,Offer annual or long-term contract incentive; Provide early-stage customer engagement,Maintain regular engagement; Early customer onboarding support; Long-term contract conversion offer; Early intervention and retention campaign,Low,Contract Upgrade Campaign
9480-BQJEI,Male,0,No,No,62,Yes,Yes,Fiber optic,Yes,Yes,No,No,No,Yes,One year,Yes,Bank transfer (automatic),92.3,5731.45,No,1468,0.048425894,0,Low,0.0,Offer technical support assistance; Review pricing and provide personalized offer; Offer fiber service support or loyalty benefit,Maintain regular engagement; Technical support promotion; Personalized pricing review; Fiber service experience review; Loyalty and long-term customer engagement,Low,Customer Loyalty Campaign
3354-OADJP,Female,0,No,No,8,Yes,No,DSL,Yes,No,No,Yes,No,No,One year,No,Bank transfer (automatic),54.25,447.75,No,1044,0.021225408,0,Low,1.0,Offer online backup package,Maintain regular engagement; Early intervention and retention campaign,Low,Customer Loyalty Campaign
3181-MIZBN,Male,0,Yes,Yes,16,Yes,No,No,No internet service,No internet service,No internet service,No internet service,No internet service,No internet service,Month-to-month,No,Electronic check,19.75,313.4,No,4576,0.09392604,0,Low,1.0,Offer annual or long-term contract incentive,Maintain regular engagement; Long-term contract conversion offer; Early intervention and retention campaign,Low,Contract Upgrade Campaign
9327-QSDED,Male,0,No,No,8,Yes,No,DSL,No,No,No,No,No,No,Month-to-month,No,Mailed check,43.55,335.4,No,1523,0.36440426,0,Low,1.0,Offer annual or long-term contract incentive; Offer technical support assistance; Promote online security service; Offer online backup package,Maintain regular engagement; Long-term contract conversion offer; Technical support promotion; Online security package promotion; Early intervention and retention campaign,Low,Contract Upgrade Campaign
4892-VLANZ,Male,0,No,No,1,Yes,No,No,No internet service,No internet service,No internet service,No internet service,No internet service,No internet service,Month-to-month,No,Mailed check,19.8,19.8,Yes,3142,0.74694264,1,High,1.0,Priority retention outreach; Offer annual or long-term contract incentive; Provide early-stage customer engagement,Immediate retention outreach; Early customer onboarding support; Long-term contract conversion offer; Early intervention and retention campaign,High,Retention Offer Campaign
0298-XACET,Male,0,Yes,Yes,52,No,No phone service,DSL,No,Yes,Yes,Yes,Yes,No,Two year,No,Mailed check,50.2,2554.0,No,6435,0.010019259,0,Low,1.0,Promote online security service,Maintain regular engagement; Online security package promotion; Early intervention and retention campaign,Low,Customer Loyalty Campaign
6917-FIJHC,Female,0,Yes,No,72,Yes,Yes,No,No internet service,No internet service,No internet service,No internet service,No internet service,No internet service,Two year,Yes,Mailed check,26.0,1776.0,No,4505,0.0020468517,0,Low,1.0,Continue regular customer engagement,Maintain regular engagement; Early intervention and retention campaign,Low,Customer Loyalty Campaign
6557-BZXLQ,Male,1,No,No,16,Yes,No,Fiber optic,No,No,No,No,No,No,Month-to-month,No,Electronic check,69.65,1043.3,No,2043,0.56936026,1,Medium,1.0,Offer annual or long-term contract incentive; Offer technical support assistance; Promote online security service; Offer online backup package; Offer fiber service support or loyalty benefit,Proactive retention communication; Long-term contract conversion offer; Technical support promotion; Online security package promotion; Fiber service experience review; Early intervention and retention campaign,Medium,Contract Upgrade Campaign
2432-TFSMK,Male,0,No,No,18,Yes,Yes,Fiber optic,No,No,Yes,No,Yes,No,One year,Yes,Credit card (automatic),89.6,1633.0,No,4596,0.10482828,0,Low,1.0,Offer technical support assistance; Promote online security service; Offer online backup package; Review pricing and provide personalized offer; Offer fiber service support or loyalty benefit,Maintain regular engagement; Technical support promotion; Online security package promotion; Personalized pricing review; Fiber service experience review; Early intervention and retention campaign,Low,Customer Loyalty Campaign
4211-MMAZN,Male,0,No,No,1,Yes,No,No,No internet service,No internet service,No internet service,No internet service,No internet service,No internet service,Month-to-month,No,Mailed check,20.25,20.25,Yes,4721,0.6157503,1,Medium,1.0,Offer annual or long-term contract incentive; Provide early-stage customer engagement,Proactive retention communication; Early customer onboarding support; Long-term contract conversion offer; Early intervention and retention campaign,Medium,Contract Upgrade Campaign
4751-ERMAN,Male,0,Yes,Yes,72,Yes,No,DSL,No,Yes,Yes,No,Yes,Yes,Two year,Yes,Bank transfer (automatic),75.4,5480.25,No,1566,0.019064004,0,Low,0.0,Offer technical support assistance; Promote online security service,Maintain regular engagement; Technical support promotion; Online security package promotion; Loyalty and long-term customer engagement,Low,Customer Loyalty Campaign
8430-TWCBX,Female,0,Yes,No,49,Yes,No,No,No internet service,No internet service,No internet service,No internet service,No internet service,No internet service,One year,No,Credit card (automatic),20.7,1032.05,No,4362,0.010124986,0,Low,1.0,Continue regular customer engagement,Maintain regular engagement; Early intervention and retention campaign,Low,Customer Loyalty Campaign
1942-OQFRW,Male,0,No,No,1,Yes,No,DSL,No,No,No,No,No,No,Month-to-month,No,Electronic check,44.0,44.0,No,2702,0.50057805,1,Medium,1.0,Offer annual or long-term contract incentive; Offer technical support assistance; Promote online security service; Offer online backup package; Provide early-stage customer engagement,Proactive retention communication; Early customer onboarding support; Long-term contract conversion offer; Technical support promotion; Online security package promotion; Early intervention and retention campaign,Medium,Contract Upgrade Campaign
4075-JFPGR,Female,0,Yes,No,51,Yes,No,Fiber optic,Yes,Yes,Yes,No,Yes,No,One year,Yes,Electronic check,93.5,4619.55,No,250,0.06348936,0,Low,0.0,Offer technical support assistance; Review pricing and provide personalized offer; Offer fiber service support or loyalty benefit,Maintain regular engagement; Technical support promotion; Personalized pricing review; Fiber service experience review; Loyalty and long-term customer engagement,Low,Customer Loyalty Campaign
3339-EAQNV,Male,1,Yes,No,72,Yes,Yes,Fiber optic,No,Yes,No,No,Yes,Yes,One year,Yes,Credit card (automatic),97.25,7133.1,No,4824,0.11280561,0,Low,0.0,Offer technical support assistance; Promote online security service; Review pricing and provide personalized offer; Offer fiber service support or loyalty benefit,Maintain regular engagement; Technical support promotion; Online security package promotion; Personalized pricing review; Fiber service experience review; Loyalty and long-term customer engagement,Low,Customer Loyalty Campaign
5329-KRDTM,Male,1,Yes,No,72,Yes,Yes,DSL,No,Yes,Yes,Yes,Yes,No,Two year,No,Credit card (automatic),77.35,5396.25,No,4506,0.0142263835,0,Low,0.0,Promote online security service,Maintain regular engagement; Online security package promotion; Loyalty and long-term customer engagement,Low,Customer Loyalty Campaign
0307-BCOPK,Female,0,No,No,16,Yes,No,No,No internet service,No internet service,No internet service,No internet service,No internet service,No internet service,One year,No,Mailed check,19.05,326.65,No,4234,0.004653091,0,Low,1.0,Continue regular customer engagement,Maintain regular engagement; Early intervention and retention campaign,Low,Customer Loyalty Campaign
6473-ULUHT,Male,0,Yes,Yes,16,Yes,Yes,DSL,Yes,Yes,No,Yes,Yes,Yes,Month-to-month,No,Electronic check,84.9,1398.25,No,3678,0.12826301,0,Low,1.0,Offer annual or long-term contract incentive; Review pricing and provide personalized offer,Maintain regular engagement; Long-term contract conversion offer; Personalized pricing review; Early intervention and retention campaign,Low,Contract Upgrade Campaign
1194-SPVSP,Male,0,No,No,1,Yes,No,No,No internet service,No internet service,No internet service,No internet service,No internet service,No internet service,Month-to-month,No,Bank transfer (automatic),19.65,19.65,No,2759,0.24942471,0,Low,1.0,Offer annual or long-term contract incentive; Provide early-stage customer engagement,Maintain regular engagement; Early customer onboarding support; Long-term contract conversion offer; Early intervention and retention campaign,Low,Contract Upgrade Campaign
7249-WBIYX,Male,0,Yes,No,10,Yes,Yes,Fiber optic,No,No,No,No,Yes,No,Month-to-month,Yes,Electronic check,85.6,813.85,Yes,1366,0.92563677,1,High,1.0,Priority retention outreach; Offer annual or long-term contract incentive; Offer technical support assistance; Promote online security service; Offer online backup package; Review pricing and provide personalized offer; Offer fiber service support or loyalty benefit,Immediate retention outreach; Long-term contract conversion offer; Technical support promotion; Online security package promotion; Personalized pricing review; Fiber service experience review; Early intervention and retention campaign,Critical,Immediate Personal Outreach
2293-IJWPS,Female,0,Yes,No,57,Yes,Yes,Fiber optic,No,No,Yes,No,Yes,Yes,One year,Yes,Credit card (automatic),100.75,5985.0,No,1345,0.2902999,0,Low,0.0,Offer technical support assistance; Promote online security service; Offer online backup package; Review pricing and provide personalized offer; Offer fiber service support or loyalty benefit,Maintain regular engagement; Technical support promotion; Online security package promotion; Personalized pricing review; Fiber service experience review; Loyalty and long-term customer engagement,Low,Customer Loyalty Campaign
4377-VDHYI,Male,0,Yes,Yes,32,Yes,No,Fiber optic,Yes,Yes,No,No,No,Yes,One year,Yes,Electronic check,90.8,3023.85,No,6175,0.09023681,0,Low,0.0,Offer technical support assistance; Review pricing and provide personalized offer; Offer fiber service support or loyalty benefit,Maintain regular engagement; Technical support promotion; Personalized pricing review; Fiber service experience review; Loyalty and long-term customer engagement,Low,Customer Loyalty Campaign
0019-EFAEP,Female,0,No,No,72,Yes,Yes,Fiber optic,Yes,Yes,Yes,No,Yes,No,Two year,Yes,Bank transfer (automatic),101.3,7261.25,No,1956,0.0056236186,0,Low,0.0,Offer technical support assistance; Review pricing and provide personalized offer; Offer fiber service support or loyalty benefit,Maintain regular engagement; Technical support promotion; Personalized pricing review; Fiber service experience review; Loyalty and long-term customer engagement,Low,Customer Loyalty Campaign
2480-EJWYP,Female,1,Yes,No,58,Yes,Yes,Fiber optic,No,Yes,No,No,Yes,Yes,One year,Yes,Bank transfer (automatic),97.8,5458.8,No,1441,0.46723,0,Medium,0.0,Offer technical support assistance; Promote online security service; Review pricing and provide personalized offer; Offer fiber service support or loyalty benefit,Proactive retention communication; Technical support promotion; Online security package promotion; Personalized pricing review; Fiber service experience review; Loyalty and long-term customer engagement,Medium,Customer Loyalty Campaign
8970-ANWXO,Female,0,No,No,23,Yes,Yes,DSL,No,No,No,Yes,Yes,Yes,One year,Yes,Mailed check,73.75,1756.6,No,1467,0.05062713,0,Low,1.0,Promote online security service; Offer online backup package,Maintain regular engagement; Online security package promotion; Early intervention and retention campaign,Low,Customer Loyalty Campaign
8739-WWKDU,Male,1,No,No,25,Yes,Yes,Fiber optic,No,Yes,No,No,Yes,No,Month-to-month,Yes,Electronic check,89.5,2196.15,Yes,6967,0.85441506,1,High,1.0,Priority retention outreach; Offer annual or long-term contract incentive; Offer technical support assistance; Promote online security service; Review pricing and provide personalized offer; Offer fiber service support or loyalty benefit,Immediate retention outreach; Long-term contract conversion offer; Technical support promotion; Online security package promotion; Personalized pricing review; Fiber service experience review; Early intervention and retention campaign,Critical,Immediate Personal Outreach
2171-UDMFD,Male,0,Yes,Yes,32,Yes,No,No,No internet service,No internet service,No internet service,No internet service,No internet service,No internet service,Month-to-month,Yes,Credit card (automatic),19.45,674.55,No,2440,0.137322,0,Low,1.0,Offer annual or long-term contract incentive,Maintain regular engagement; Long-term contract conversion offer; Early intervention and retention campaign,Low,Contract Upgrade Campaign
7036-TYDEC,Female,0,No,No,69,Yes,Yes,Fiber optic,No,No,Yes,Yes,Yes,Yes,Two year,No,Electronic check,104.0,7028.5,No,2210,0.13580655,0,Low,0.0,Promote online security service; Offer online backup package; Review pricing and provide personalized offer; Offer fiber service support or loyalty benefit,Maintain regular engagement; Online security package promotion; Personalized pricing review; Fiber service experience review; Loyalty and long-term customer engagement,Low,Customer Loyalty Campaign
3831-YCPUO,Female,0,Yes,Yes,72,Yes,No,Fiber optic,Yes,Yes,Yes,Yes,Yes,Yes,Two year,Yes,Credit card (automatic),109.5,7854.9,No,6115,0.004210943,0,Low,0.0,Review pricing and provide personalized offer; Offer fiber service support or loyalty benefit,Maintain regular engagement; Personalized pricing review; Fiber service experience review; Loyalty and long-term customer engagement,Low,Customer Loyalty Campaign
0121-SNYRK,Male,0,No,No,50,No,No phone service,DSL,Yes,No,No,Yes,No,No,One year,Yes,Mailed check,35.4,1748.9,No,1333,0.0053377748,0,Low,1.0,Offer online backup package,Maintain regular engagement; Early intervention and retention campaign,Low,Customer Loyalty Campaign
3325-FUYCG,Male,0,Yes,Yes,28,Yes,Yes,Fiber optic,Yes,Yes,No,No,Yes,Yes,One year,No,Electronic check,106.1,2847.4,Yes,2451,0.12046275,0,Low,0.0,Offer technical support assistance; Review pricing and provide personalized offer; Offer fiber service support or loyalty benefit,Maintain regular engagement; Technical support promotion; Personalized pricing review; Fiber service experience review; Loyalty and long-term customer engagement,Low,Customer Loyalty Campaign
1952-DVVSW,Female,0,Yes,No,10,Yes,No,No,No internet service,No internet service,No internet service,No internet service,No internet service,No internet service,One year,No,Mailed check,20.1,184.4,No,6384,0.037718788,0,Low,1.0,Continue regular customer engagement,Maintain regular engagement; Early intervention and retention campaign,Low,Customer Loyalty Campaign
3571-DPYUH,Male,0,Yes,Yes,58,Yes,Yes,Fiber optic,No,Yes,No,Yes,Yes,No,One year,Yes,Credit card (automatic),94.7,5430.35,No,527,0.059762754,0,Low,0.0,Promote online security service; Review pricing and provide personalized offer; Offer fiber service support or loyalty benefit,Maintain regular engagement; Online security package promotion; Personalized pricing review; Fiber service experience review; Loyalty and long-term customer engagement,Low,Customer Loyalty Campaign
2077-MPJQO,Male,1,Yes,No,7,Yes,Yes,Fiber optic,No,No,No,No,No,No,Month-to-month,Yes,Electronic check,75.4,533.05,No,5839,0.8831669,1,High,1.0,Priority retention outreach; Offer annual or long-term contract incentive; Offer technical support assistance; Promote online security service; Offer online backup package; Offer fiber service support or loyalty benefit,Immediate retention outreach; Long-term contract conversion offer; Technical support promotion; Online security package promotion; Fiber service experience review; Early intervention and retention campaign,Critical,Immediate Personal Outreach
2391-SOORI,Male,0,No,Yes,4,Yes,No,DSL,Yes,No,No,No,No,No,Month-to-month,No,Electronic check,49.35,219.65,Yes,3743,0.40466842,0,Medium,1.0,Offer annual or long-term contract incentive; Offer technical support assistance; Offer online backup package; Provide early-stage customer engagement,Proactive retention communication; Early customer onboarding support; Long-term contract conversion offer; Technical support promotion; Early intervention and retention campaign,Medium,Contract Upgrade Campaign
4086-ATNFV,Female,0,Yes,Yes,34,Yes,No,DSL,Yes,Yes,Yes,No,No,No,One year,Yes,Mailed check,60.8,2042.05,No,3441,0.027613929,0,Low,1.0,Offer technical support assistance,Maintain regular engagement; Technical support promotion; Early intervention and retention campaign,Low,Customer Loyalty Campaign
3396-DKDEL,Female,0,Yes,Yes,70,Yes,Yes,Fiber optic,Yes,Yes,Yes,Yes,Yes,Yes,Two year,Yes,Credit card (automatic),115.15,8250.0,No,5819,0.022638788,0,Low,0.0,Review pricing and provide personalized offer; Offer fiber service support or loyalty benefit,Maintain regular engagement; Personalized pricing review; Fiber service experience review; Loyalty and long-term customer engagement,Low,Customer Loyalty Campaign
7471-MQPOS,Male,1,Yes,Yes,71,Yes,Yes,DSL,No,Yes,Yes,Yes,No,Yes,One year,Yes,Bank transfer (automatic),72.9,5139.65,No,6763,0.16383073,0,Low,0.0,Promote online security service,Maintain regular engagement; Online security package promotion; Loyalty and long-term customer engagement,Low,Customer Loyalty Campaign
7181-OQCUT,Male,0,No,No,21,Yes,Yes,Fiber optic,Yes,No,Yes,No,Yes,Yes,Month-to-month,No,Mailed check,103.85,2215.0,No,4144,0.6219533,1,Medium,1.0,Offer annual or long-term contract incentive; Offer technical support assistance; Offer online backup package; Review pricing and provide personalized offer; Offer fiber service support or loyalty benefit,Proactive retention communication; Long-term contract conversion offer; Technical support promotion; Personalized pricing review; Fiber service experience review; Early intervention and retention campaign,Medium,Contract Upgrade Campaign
3489-VSFRD,Female,0,No,No,56,Yes,No,DSL,Yes,No,Yes,Yes,No,No,One year,Yes,Credit card (automatic),60.25,3282.75,No,2949,0.025010742,0,Low,0.0,Offer online backup package,Maintain regular engagement; Loyalty and long-term customer engagement,Low,Customer Loyalty Campaign
6283-GITPX,Male,0,No,Yes,71,Yes,No,DSL,Yes,Yes,Yes,Yes,Yes,No,Two year,Yes,Credit card (automatic),76.9,5522.7,No,5344,0.00546727,0,Low,0.0,Continue regular customer engagement,Maintain regular engagement; Loyalty and long-term customer engagement,Low,Customer Loyalty Campaign
2845-HSJCY,Female,0,Yes,Yes,14,Yes,Yes,Fiber optic,No,No,Yes,No,No,Yes,Month-to-month,Yes,Electronic check,87.25,1258.6,Yes,1346,0.8055715,1,High,1.0,Priority retention outreach; Offer annual or long-term contract incentive; Offer technical support assistance; Promote online security service; Offer online backup package; Review pricing and provide personalized offer; Offer fiber service support or loyalty benefit,Immediate retention outreach; Long-term contract conversion offer; Technical support promotion; Online security package promotion; Personalized pricing review; Fiber service experience review; Early intervention and retention campaign,Critical,Immediate Personal Outreach
7216-KAOID,Male,0,Yes,Yes,41,Yes,No,No,No internet service,No internet service,No internet service,No internet service,No internet service,No internet service,One year,No,Bank transfer (automatic),19.5,798.2,No,4543,0.018193068,0,Low,1.0,Continue regular customer engagement,Maintain regular engagement; Early intervention and retention campaign,Low,Customer Loyalty Campaign
6680-WKXRZ,Female,0,No,No,3,Yes,Yes,Fiber optic,No,No,No,No,No,No,Month-to-month,No,Bank transfer (automatic),74.4,215.8,Yes,945,0.67553705,1,Medium,1.0,Offer annual or long-term contract incentive; Offer technical support assistance; Promote online security service; Offer online backup package; Provide early-stage customer engagement; Offer fiber service support or loyalty benefit,Proactive retention communication; Early customer onboarding support; Long-term contract conversion offer; Technical support promotion; Online security package promotion; Fiber service experience review; Early intervention and retention campaign,Medium,Contract Upgrade Campaign
2346-LOCWC,Female,0,Yes,Yes,58,Yes,No,No,No internet service,No internet service,No internet service,No internet service,No internet service,No internet service,Two year,No,Credit card (automatic),20.5,1191.4,No,6433,0.0022443314,0,Low,1.0,Continue regular customer engagement,Maintain regular engagement; Early intervention and retention campaign,Low,Customer Loyalty Campaign
0769-MURVM,Female,0,Yes,Yes,72,No,No phone service,DSL,Yes,Yes,Yes,Yes,Yes,Yes,Two year,No,Bank transfer (automatic),65.7,4575.35,No,4162,0.0024681555,0,Low,0.0,Continue regular customer engagement,Maintain regular engagement; Loyalty and long-term customer engagement,Low,Customer Loyalty Campaign
3374-LXDEV,Female,0,No,No,13,Yes,Yes,Fiber optic,No,Yes,Yes,Yes,No,No,Month-to-month,No,Electronic check,89.4,1132.35,Yes,5728,0.5015314,1,Medium,1.0,Offer annual or long-term contract incentive; Promote online security service; Review pricing and provide personalized offer; Offer fiber service support or loyalty benefit,Proactive retention communication; Long-term contract conversion offer; Online security package promotion; Personalized pricing review; Fiber service experience review; Early intervention and retention campaign,Medium,Contract Upgrade Campaign
5318-YKDPV,Male,0,Yes,Yes,43,Yes,No,DSL,Yes,No,Yes,Yes,Yes,Yes,Two year,Yes,Credit card (automatic),79.15,3566.6,No,821,0.009835223,0,Low,0.0,Offer online backup package,Maintain regular engagement; Loyalty and long-term customer engagement,Low,Customer Loyalty Campaign
8190-ZTQFB,Male,0,No,No,41,No,No phone service,DSL,No,No,Yes,No,Yes,Yes,One year,Yes,Electronic check,51.35,2075.1,No,4849,0.26318815,0,Low,1.0,Offer technical support assistance; Promote online security service; Offer online backup package,Maintain regular engagement; Technical support promotion; Online security package promotion; Early intervention and retention campaign,Low,Customer Loyalty Campaign
4512-ZUIYL,Female,0,No,No,2,Yes,No,Fiber optic,No,No,No,No,No,No,Month-to-month,No,Bank transfer (automatic),70.0,153.05,Yes,5860,0.6626862,1,Medium,1.0,Offer annual or long-term contract incentive; Offer technical support assistance; Promote online security service; Offer online backup package; Provide early-stage customer engagement; Offer fiber service support or loyalty benefit,Proactive retention communication; Early customer onboarding support; Long-term contract conversion offer; Technical support promotion; Online security package promotion; Fiber service experience review; Early intervention and retention campaign,Medium,Contract Upgrade Campaign
3090-QFUVD,Female,0,No,No,1,Yes,No,No,No internet service,No internet service,No internet service,No internet service,No internet service,No internet service,Month-to-month,No,Credit card (automatic),20.3,20.3,No,5778,0.17852288,0,Low,1.0,Offer annual or long-term contract incentive; Provide early-stage customer engagement,Maintain regular engagement; Early customer onboarding support; Long-term contract conversion offer; Early intervention and retention campaign,Low,Contract Upgrade Campaign
4806-KEXQR,Male,0,No,No,4,Yes,No,Fiber optic,No,No,No,No,No,Yes,Month-to-month,Yes,Electronic check,79.9,324.3,Yes,4466,0.753611,1,High,1.0,Priority retention outreach; Offer annual or long-term contract incentive; Offer technical support assistance; Promote online security service; Offer online backup package; Provide early-stage customer engagement; Offer fiber service support or loyalty benefit,Immediate retention outreach; Early customer onboarding support; Long-term contract conversion offer; Technical support promotion; Online security package promotion; Fiber service experience review; Early intervention and retention campaign,High,Retention Offer Campaign
2369-FEVNO,Male,0,No,No,1,Yes,No,No,No internet service,No internet service,No internet service,No internet service,No internet service,No internet service,Month-to-month,Yes,Mailed check,19.9,19.9,No,6761,0.8316054,1,High,1.0,Priority retention outreach; Offer annual or long-term contract incentive; Provide early-stage customer engagement,Immediate retention outreach; Early customer onboarding support; Long-term contract conversion offer; Early intervention and retention campaign,Critical,Immediate Personal Outreach
9637-CDTKZ,Male,0,Yes,No,72,Yes,Yes,Fiber optic,Yes,Yes,Yes,Yes,Yes,Yes,Two year,Yes,Credit card (automatic),114.1,8086.4,No,1875,0.0054299836,0,Low,0.0,Review pricing and provide personalized offer; Offer fiber service support or loyalty benefit,Maintain regular engagement; Personalized pricing review; Fiber service experience review; Loyalty and long-term customer engagement,Low,Customer Loyalty Campaign
2954-PIBKO,Female,0,Yes,Yes,69,Yes,Yes,DSL,Yes,No,Yes,Yes,No,No,Two year,Yes,Credit card (automatic),64.15,4254.1,No,49,0.018690415,0,Low,0.0,Offer online backup package,Maintain regular engagement; Loyalty and long-term customer engagement,Low,Customer Loyalty Campaign
2212-LYASK,Male,0,Yes,Yes,27,No,No phone service,DSL,No,Yes,Yes,No,No,Yes,One year,Yes,Credit card (automatic),45.85,1246.4,No,2237,0.100190036,0,Low,1.0,Offer technical support assistance; Promote online security service,Maintain regular engagement; Technical support promotion; Online security package promotion; Early intervention and retention campaign,Low,Customer Loyalty Campaign
9481-SFCQY,Female,0,No,Yes,14,Yes,No,DSL,No,No,Yes,No,Yes,No,Month-to-month,Yes,Credit card (automatic),59.8,824.85,No,2435,0.22400679,0,Low,1.0,Offer annual or long-term contract incentive; Offer technical support assistance; Promote online security service; Offer online backup package,Maintain regular engagement; Long-term contract conversion offer; Technical support promotion; Online security package promotion; Early intervention and retention campaign,Low,Contract Upgrade Campaign
2828-SLQPF,Male,0,No,No,19,Yes,No,DSL,No,No,No,No,No,No,Month-to-month,Yes,Bank transfer (automatic),45.0,865.85,No,3482,0.42517978,0,Medium,1.0,Offer annual or long-term contract incentive; Offer technical support assistance; Promote online security service; Offer online backup package,Proactive retention communication; Long-term contract conversion offer; Technical support promotion; Online security package promotion; Early intervention and retention campaign,Medium,Contract Upgrade Campaign
4647-MUZON,Female,0,Yes,No,18,Yes,No,Fiber optic,No,No,Yes,No,Yes,Yes,Month-to-month,Yes,Credit card (automatic),95.95,1745.5,No,3928,0.5004319,1,Medium,1.0,Offer annual or long-term contract incentive; Offer technical support assistance; Promote online security service; Offer online backup package; Review pricing and provide personalized offer; Offer fiber service support or loyalty benefit,Proactive retention communication; Long-term contract conversion offer; Technical support promotion; Online security package promotion; Personalized pricing review; Fiber service experience review; Early intervention and retention campaign,Medium,Contract Upgrade Campaign
8212-DJRCH,Male,0,Yes,Yes,5,Yes,No,Fiber optic,Yes,No,Yes,No,No,Yes,Month-to-month,Yes,Mailed check,90.35,434.5,No,6804,0.70364773,1,High,1.0,Priority retention outreach; Offer annual or long-term contract incentive; Offer technical support assistance; Offer online backup package; Review pricing and provide personalized offer; Provide early-stage customer engagement; Offer fiber service support or loyalty benefit,Immediate retention outreach; Early customer onboarding support; Long-term contract conversion offer; Technical support promotion; Personalized pricing review; Fiber service experience review; Early intervention and retention campaign,High,Retention Offer Campaign
0516-OOHAR,Male,0,Yes,Yes,28,Yes,No,Fiber optic,No,Yes,Yes,No,Yes,Yes,One year,No,Bank transfer (automatic),100.35,2799.0,No,6701,0.14493343,0,Low,0.0,Offer technical support assistance; Promote online security service; Review pricing and provide personalized offer; Offer fiber service support or loyalty benefit,Maintain regular engagement; Technical support promotion; Online security package promotion; Personalized pricing review; Fiber service experience review; Loyalty and long-term customer engagement,Low,Customer Loyalty Campaign
4973-RLZVI,Female,0,No,No,30,Yes,No,DSL,Yes,Yes,Yes,Yes,Yes,No,One year,No,Credit card (automatic),74.65,2308.6,No,4877,0.12793045,0,Low,1.0,Continue regular customer engagement,Maintain regular engagement; Early intervention and retention campaign,Low,Customer Loyalty Campaign
8089-UZWLX,Female,1,No,No,71,Yes,Yes,Fiber optic,No,No,Yes,No,Yes,Yes,Two year,No,Bank transfer (automatic),104.05,7413.55,No,1187,0.048457984,0,Low,0.0,Offer technical support assistance; Promote online security service; Offer online backup package; Review pricing and provide personalized offer; Offer fiber service support or loyalty benefit,Maintain regular engagement; Technical support promotion; Online security package promotion; Personalized pricing review; Fiber service experience review; Loyalty and long-term customer engagement,Low,Customer Loyalty Campaign
9732-KPKBW,Male,0,No,No,1,Yes,No,DSL,Yes,No,No,Yes,No,No,Month-to-month,Yes,Electronic check,53.95,53.95,Yes,4823,0.50682473,1,Medium,1.0,Offer annual or long-term contract incentive; Offer online backup package; Provide early-stage customer engagement,Proactive retention communication; Early customer onboarding support; Long-term contract conversion offer; Early intervention and retention campaign,Medium,Contract Upgrade Campaign
9715-WZCLW,Male,0,Yes,Yes,71,Yes,Yes,Fiber optic,Yes,No,No,No,Yes,Yes,Two year,Yes,Electronic check,97.2,6910.3,No,5406,0.061540414,0,Low,0.0,Offer technical support assistance; Offer online backup package; Review pricing and provide personalized offer; Offer fiber service support or loyalty benefit,Maintain regular engagement; Technical support promotion; Personalized pricing review; Fiber service experience review; Loyalty and long-term customer engagement,Low,Customer Loyalty Campaign
0257-KXZGU,Female,0,Yes,Yes,32,Yes,Yes,DSL,No,Yes,Yes,No,No,No,Month-to-month,No,Bank transfer (automatic),62.45,2045.55,No,4403,0.07991365,0,Low,1.0,Offer annual or long-term contract incentive; Offer technical support assistance; Promote online security service,Maintain regular engagement; Long-term contract conversion offer; Technical support promotion; Online security package promotion; Early intervention and retention campaign,Low,Contract Upgrade Campaign
0707-HOVVN,Female,1,No,No,70,Yes,Yes,DSL,No,Yes,Yes,Yes,Yes,No,Two year,Yes,Bank transfer (automatic),75.5,5212.65,No,4512,0.034204282,0,Low,0.0,Promote online security service,Maintain regular engagement; Online security package promotion; Loyalty and long-term customer engagement,Low,Customer Loyalty Campaign
5501-TVMGM,Male,0,No,No,1,Yes,No,DSL,No,No,No,No,No,Yes,Month-to-month,Yes,Electronic check,55.25,55.25,No,3202,0.7144595,1,High,1.0,Priority retention outreach; Offer annual or long-term contract incentive; Offer technical support assistance; Promote online security service; Offer online backup package; Provide early-stage customer engagement,Immediate retention outreach; Early customer onboarding support; Long-term contract conversion offer; Technical support promotion; Online security package promotion; Early intervention and retention campaign,High,Retention Offer Campaign
3422-LYEPQ,Male,0,Yes,Yes,1,Yes,No,Fiber optic,No,No,No,No,No,No,Month-to-month,Yes,Electronic check,71.0,71.0,Yes,5812,0.88266164,1,High,1.0,Priority retention outreach; Offer annual or long-term contract incentive; Offer technical support assistance; Promote online security service; Offer online backup package; Provide early-stage customer engagement; Offer fiber service support or loyalty benefit,Immediate retention outreach; Early customer onboarding support; Long-term contract conversion offer; Technical support promotion; Online security package promotion; Fiber service experience review; Early intervention and retention campaign,Critical,Immediate Personal Outreach
2277-VWCNI,Female,1,No,No,4,Yes,Yes,DSL,No,No,No,No,No,No,Month-to-month,No,Mailed check,48.75,179.85,No,4382,0.67164993,1,Medium,1.0,Offer annual or long-term contract incentive; Offer technical support assistance; Promote online security service; Offer online backup package; Provide early-stage customer engagement,Proactive retention communication; Early customer onboarding support; Long-term contract conversion offer; Technical support promotion; Online security package promotion; Early intervention and retention campaign,Medium,Contract Upgrade Campaign
5461-QKNTN,Male,1,Yes,No,43,Yes,Yes,Fiber optic,No,Yes,No,Yes,Yes,No,Month-to-month,Yes,Electronic check,94.3,3953.15,No,1179,0.41297397,0,Medium,0.0,Offer annual or long-term contract incentive; Promote online security service; Review pricing and provide personalized offer; Offer fiber service support or loyalty benefit,Proactive retention communication; Long-term contract conversion offer; Online security package promotion; Personalized pricing review; Fiber service experience review; Loyalty and long-term customer engagement,Medium,Contract Upgrade Campaign
3967-KXAPS,Male,0,Yes,No,72,Yes,Yes,DSL,Yes,Yes,Yes,Yes,Yes,Yes,Two year,No,Credit card (automatic),92.3,6719.9,No,6659,0.0020787497,0,Low,0.0,Review pricing and provide personalized offer,Maintain regular engagement; Personalized pricing review; Loyalty and long-term customer engagement,Low,Customer Loyalty Campaign
6919-ELBGL,Male,1,Yes,Yes,72,Yes,Yes,Fiber optic,Yes,Yes,Yes,Yes,Yes,Yes,Two year,Yes,Bank transfer (automatic),114.95,8196.4,No,746,0.00833538,0,Low,0.0,Review pricing and provide personalized offer; Offer fiber service support or loyalty benefit,Maintain regular engagement; Personalized pricing review; Fiber service experience review; Loyalty and long-term customer engagement,Low,Customer Loyalty Campaign
8361-LTMKD,Male,1,Yes,No,4,Yes,Yes,Fiber optic,No,No,No,No,No,No,Month-to-month,Yes,Mailed check,74.4,306.6,Yes,7041,0.8216486,1,High,1.0,Priority retention outreach; Offer annual or long-term contract incentive; Offer technical support assistance; Promote online security service; Offer online backup package; Provide early-stage customer engagement; Offer fiber service support or loyalty benefit,Immediate retention outreach; Early customer onboarding support; Long-term contract conversion offer; Technical support promotion; Online security package promotion; Fiber service experience review; Early intervention and retention campaign,Critical,Immediate Personal Outreach
1131-ALZWV,Female,0,No,No,24,Yes,Yes,No,No internet service,No internet service,No internet service,No internet service,No internet service,No internet service,One year,No,Bank transfer (automatic),24.6,605.25,No,4300,0.08083947,0,Low,1.0,Continue regular customer engagement,Maintain regular engagement; Early intervention and retention campaign,Low,Customer Loyalty Campaign
5178-LMXOP,Male,1,Yes,No,1,Yes,Yes,Fiber optic,No,No,No,No,Yes,Yes,Month-to-month,Yes,Electronic check,95.1,95.1,Yes,3380,0.95171344,1,High,1.0,Priority retention outreach; Offer annual or long-term contract incentive; Offer technical support assistance; Promote online security service; Offer online backup package; Review pricing and provide personalized offer; Provide early-stage customer engagement; Offer fiber service support or loyalty benefit,Immediate retention outreach; Early customer onboarding support; Long-term contract conversion offer; Technical support promotion; Online security package promotion; Personalized pricing review; Fiber service experience review; Early intervention and retention campaign,Critical,Immediate Personal Outreach
8992-CEUEN,Female,0,No,No,1,Yes,No,No,No internet service,No internet service,No internet service,No internet service,No internet service,No internet service,Month-to-month,No,Electronic check,18.85,18.85,No,1151,0.15288134,0,Low,1.0,Offer annual or long-term contract incentive; Provide early-stage customer engagement,Maintain regular engagement; Early customer onboarding support; Long-term contract conversion offer; Early intervention and retention campaign,Low,Contract Upgrade Campaign
3320-VEOYC,Male,1,No,No,14,Yes,Yes,Fiber optic,No,No,No,No,Yes,Yes,Month-to-month,Yes,Electronic check,95.6,1273.3,No,5019,0.9055877,1,High,1.0,Priority retention outreach; Offer annual or long-term contract incentive; Offer technical support assistance; Promote online security service; Offer online backup package; Review pricing and provide personalized offer; Offer fiber service support or loyalty benefit,Immediate retention outreach; Long-term contract conversion offer; Technical support promotion; Online security package promotion; Personalized pricing review; Fiber service experience review; Early intervention and retention campaign,Critical,Immediate Personal Outreach
3672-YITQD,Male,1,Yes,No,36,Yes,Yes,Fiber optic,No,No,No,No,No,Yes,Month-to-month,Yes,Electronic check,84.1,3021.6,Yes,5177,0.86720794,1,High,0.0,Priority retention outreach; Offer annual or long-term contract incentive; Offer technical support assistance; Promote online security service; Offer online backup package; Review pricing and provide personalized offer; Offer fiber service support or loyalty benefit,Immediate retention outreach; Long-term contract conversion offer; Technical support promotion; Online security package promotion; Personalized pricing review; Fiber service experience review; Loyalty and long-term customer engagement,Critical,Immediate Personal Outreach
6080-TCMYC,Male,0,Yes,Yes,40,Yes,Yes,Fiber optic,No,No,Yes,No,No,No,Month-to-month,Yes,Electronic check,81.2,3292.3,No,3579,0.65884984,1,Medium,0.0,Offer annual or long-term contract incentive; Offer technical support assistance; Promote online security service; Offer online backup package; Review pricing and provide personalized offer; Offer fiber service support or loyalty benefit,Proactive retention communication; Long-term contract conversion offer; Technical support promotion; Online security package promotion; Personalized pricing review; Fiber service experience review; Loyalty and long-term customer engagement,Medium,Contract Upgrade Campaign
6734-FQAJX,Male,1,No,No,67,Yes,No,Fiber optic,Yes,Yes,No,Yes,Yes,Yes,Two year,Yes,Electronic check,105.05,7171.7,No,6369,0.05728304,0,Low,0.0,Review pricing and provide personalized offer; Offer fiber service support or loyalty benefit,Maintain regular engagement; Personalized pricing review; Fiber service experience review; Loyalty and long-term customer engagement,Low,Customer Loyalty Campaign
1063-DHQJF,Male,0,Yes,Yes,69,Yes,No,Fiber optic,No,Yes,No,Yes,Yes,No,Two year,Yes,Mailed check,92.15,6480.9,No,3419,0.0067321025,0,Low,0.0,Promote online security service; Review pricing and provide personalized offer; Offer fiber service support or loyalty benefit,Maintain regular engagement; Online security package promotion; Personalized pricing review; Fiber service experience review; Loyalty and long-term customer engagement,Low,Customer Loyalty Campaign
3976-NLDEZ,Male,0,No,No,1,Yes,No,No,No internet service,No internet service,No internet service,No internet service,No internet service,No internet service,Month-to-month,No,Mailed check,20.6,20.6,No,5219,0.6810193,1,Medium,1.0,Offer annual or long-term contract incentive; Provide early-stage customer engagement,Proactive retention communication; Early customer onboarding support; Long-term contract conversion offer; Early intervention and retention campaign,Medium,Contract Upgrade Campaign
1729-VLAZJ,Female,0,No,Yes,10,No,No phone service,DSL,Yes,Yes,No,Yes,No,No,One year,No,Mailed check,40.25,411.45,No,3934,0.01529468,0,Low,1.0,Continue regular customer engagement,Maintain regular engagement; Early intervention and retention campaign,Low,Customer Loyalty Campaign
3400-ESFUW,Male,0,Yes,Yes,55,Yes,No,DSL,Yes,Yes,No,Yes,No,No,Two year,No,Bank transfer (automatic),57.55,3046.4,Yes,4386,0.0064984118,0,Low,0.0,Continue regular customer engagement,Maintain regular engagement; Loyalty and long-term customer engagement,Low,Customer Loyalty Campaign
5271-YNWVR,Male,0,Yes,Yes,68,Yes,Yes,Fiber optic,Yes,Yes,Yes,Yes,Yes,Yes,Two year,Yes,Electronic check,113.15,7856.0,Yes,5581,0.02737756,0,Low,0.0,Review pricing and provide personalized offer; Offer fiber service support or loyalty benefit,Maintain regular engagement; Personalized pricing review; Fiber service experience review; Loyalty and long-term customer engagement,Low,Customer Loyalty Campaign
1587-FKLZB,Male,1,Yes,Yes,66,Yes,Yes,Fiber optic,No,No,Yes,No,Yes,Yes,Month-to-month,Yes,Credit card (automatic),99.5,6822.15,Yes,2282,0.67445254,1,Medium,0.0,Offer annual or long-term contract incentive; Offer technical support assistance; Promote online security service; Offer online backup package; Review pricing and provide personalized offer; Offer fiber service support or loyalty benefit,Proactive retention communication; Long-term contract conversion offer; Technical support promotion; Online security package promotion; Personalized pricing review; Fiber service experience review; Loyalty and long-term customer engagement,Medium,Contract Upgrade Campaign
0958-YHXGP,Female,0,No,No,7,Yes,No,Fiber optic,No,No,No,No,No,No,Month-to-month,Yes,Mailed check,69.9,497.3,No,4327,0.6553407,1,Medium,1.0,Offer annual or long-term contract incentive; Offer technical support assistance; Promote online security service; Offer online backup package; Offer fiber service support or loyalty benefit,Proactive retention communication; Long-term contract conversion offer; Technical support promotion; Online security package promotion; Fiber service experience review; Early intervention and retention campaign,Medium,Contract Upgrade Campaign
1494-EJZDW,Female,0,Yes,Yes,10,Yes,No,No,No internet service,No internet service,No internet service,No internet service,No internet service,No internet service,Two year,No,Mailed check,20.15,220.8,No,4589,0.00988055,0,Low,1.0,Continue regular customer engagement,Maintain regular engagement; Early intervention and retention campaign,Low,Customer Loyalty Campaign
1816-FLZDK,Male,0,No,No,1,No,No phone service,DSL,No,No,No,Yes,No,No,Month-to-month,No,Mailed check,29.15,29.15,No,3753,0.36667022,0,Low,1.0,Offer annual or long-term contract incentive; Promote online security service; Offer online backup package; Provide early-stage customer engagement,Maintain regular engagement; Early customer onboarding support; Long-term contract conversion offer; Online security package promotion; Early intervention and retention campaign,Low,Contract Upgrade Campaign
2075-PUEPR,Male,0,Yes,Yes,55,Yes,No,No,No internet service,No internet service,No internet service,No internet service,No internet service,No internet service,Two year,No,Bank transfer (automatic),19.35,1153.25,No,552,0.025483768,0,Low,1.0,Continue regular customer engagement,Maintain regular engagement; Early intervention and retention campaign,Low,Customer Loyalty Campaign
1833-TCXKK,Male,0,Yes,No,45,Yes,Yes,Fiber optic,No,Yes,Yes,No,Yes,Yes,Month-to-month,Yes,Bank transfer (automatic),107.75,4882.8,No,5444,0.74593246,1,High,0.0,Priority retention outreach; Offer annual or long-term contract incentive; Offer technical support assistance; Promote online security service; Review pricing and provide personalized offer; Offer fiber service support or loyalty benefit,Immediate retention outreach; Long-term contract conversion offer; Technical support promotion; Online security package promotion; Personalized pricing review; Fiber service experience review; Loyalty and long-term customer engagement,High,Retention Offer Campaign
1436-ZMJAN,Female,0,Yes,No,10,Yes,No,DSL,No,No,Yes,No,Yes,Yes,Month-to-month,Yes,Credit card (automatic),67.8,653.15,No,1567,0.1564051,0,Low,1.0,Offer annual or long-term contract incentive; Offer technical support assistance; Promote online security service; Offer online backup package,Maintain regular engagement; Long-term contract conversion offer; Technical support promotion; Online security package promotion; Early intervention and retention campaign,Low,Contract Upgrade Campaign
0106-UGRDO,Female,0,Yes,No,69,Yes,Yes,Fiber optic,Yes,Yes,Yes,Yes,Yes,Yes,Two year,Yes,Electronic check,116.0,8182.85,No,2926,0.032382786,0,Low,0.0,Review pricing and provide personalized offer; Offer fiber service support or loyalty benefit,Maintain regular engagement; Personalized pricing review; Fiber service experience review; Loyalty and long-term customer engagement,Low,Customer Loyalty Campaign
1069-XAIEM,Female,1,No,No,1,Yes,Yes,Fiber optic,No,No,No,No,No,Yes,Month-to-month,Yes,Electronic check,85.05,85.05,Yes,4585,0.97185105,1,High,1.0,Priority retention outreach; Offer annual or long-term contract incentive; Offer technical support assistance; Promote online security service; Offer online backup package; Review pricing and provide personalized offer; Provide early-stage customer engagement; Offer fiber service support or loyalty benefit,Immediate retention outreach; Early customer onboarding support; Long-term contract conversion offer; Technical support promotion; Online security package promotion; Personalized pricing review; Fiber service experience review; Early intervention and retention campaign,Critical,Immediate Personal Outreach
4213-HKBJO,Female,0,No,No,33,Yes,Yes,No,No internet service,No internet service,No internet service,No internet service,No internet service,No internet service,Two year,No,Credit card (automatic),25.7,826.1,No,2627,0.049008314,0,Low,1.0,Continue regular customer engagement,Maintain regular engagement; Early intervention and retention campaign,Low,Customer Loyalty Campaign
8345-MVDYC,Female,0,No,No,45,Yes,No,DSL,Yes,No,Yes,Yes,Yes,Yes,Two year,No,Bank transfer (automatic),81.65,3618.7,No,1728,0.008628901,0,Low,0.0,Offer online backup package; Review pricing and provide personalized offer,Maintain regular engagement; Personalized pricing review; Loyalty and long-term customer engagement,Low,Customer Loyalty Campaign
2672-OJQZP,Female,0,No,No,1,Yes,No,DSL,No,No,No,No,No,No,Month-to-month,No,Mailed check,44.75,44.75,No,4443,0.5008918,1,Medium,1.0,Offer annual or long-term contract incentive; Offer technical support assistance; Promote online security service; Offer online backup package; Provide early-stage customer engagement,Proactive retention communication; Early customer onboarding support; Long-term contract conversion offer; Technical support promotion; Online security package promotion; Early intervention and retention campaign,Medium,Contract Upgrade Campaign
5136-RGMZO,Male,0,No,No,31,Yes,Yes,DSL,No,Yes,No,Yes,Yes,No,Month-to-month,Yes,Electronic check,71.05,2168.15,No,1727,0.13375308,0,Low,1.0,Offer annual or long-term contract incentive; Promote online security service,Maintain regular engagement; Long-term contract conversion offer; Online security package promotion; Early intervention and retention campaign,Low,Contract Upgrade Campaign
5774-QPLTF,Male,0,Yes,Yes,50,Yes,No,No,No internet service,No internet service,No internet service,No internet service,No internet service,No internet service,One year,Yes,Mailed check,20.35,938.95,No,6143,0.0059304223,0,Low,1.0,Continue regular customer engagement,Maintain regular engagement; Early intervention and retention campaign,Low,Customer Loyalty Campaign
5240-CAOYT,Female,0,No,No,57,Yes,Yes,Fiber optic,Yes,Yes,No,Yes,No,No,Month-to-month,Yes,Bank transfer (automatic),87.55,4884.85,No,618,0.024848534,0,Low,0.0,Offer annual or long-term contract incentive; Review pricing and provide personalized offer; Offer fiber service support or loyalty benefit,Maintain regular engagement; Long-term contract conversion offer; Personalized pricing review; Fiber service experience review; Loyalty and long-term customer engagement,Low,Contract Upgrade Campaign
3707-GNWHM,Male,0,No,No,1,Yes,Yes,Fiber optic,No,No,No,No,No,No,Month-to-month,Yes,Mailed check,74.25,74.25,Yes,2510,0.9245568,1,High,1.0,Priority retention outreach; Offer annual or long-term contract incentive; Offer technical support assistance; Promote online security service; Offer online backup package; Provide early-stage customer engagement; Offer fiber service support or loyalty benefit,Immediate retention outreach; Early customer onboarding support; Long-term contract conversion offer; Technical support promotion; Online security package promotion; Fiber service experience review; Early intervention and retention campaign,Critical,Immediate Personal Outreach
5159-YFPKQ,Female,0,No,No,2,Yes,No,Fiber optic,No,No,Yes,No,No,No,Month-to-month,Yes,Electronic check,75.8,160.75,Yes,2161,0.81659037,1,High,1.0,Priority retention outreach; Offer annual or long-term contract incentive; Offer technical support assistance; Promote online security service; Offer online backup package; Provide early-stage customer engagement; Offer fiber service support or loyalty benefit,Immediate retention outreach; Early customer onboarding support; Long-term contract conversion offer; Technical support promotion; Online security package promotion; Fiber service experience review; Early intervention and retention campaign,Critical,Immediate Personal Outreach
5052-PNLOS,Male,0,No,No,3,Yes,Yes,Fiber optic,No,Yes,Yes,No,Yes,Yes,Month-to-month,Yes,Bank transfer (automatic),105.35,323.25,Yes,3085,0.811885,1,High,1.0,Priority retention outreach; Offer annual or long-term contract incentive; Offer technical support assistance; Promote online security service; Review pricing and provide personalized offer; Provide early-stage customer engagement; Offer fiber service support or loyalty benefit,Immediate retention outreach; Early customer onboarding support; Long-term contract conversion offer; Technical support promotion; Online security package promotion; Personalized pricing review; Fiber service experience review; Early intervention and retention campaign,Critical,Immediate Personal Outreach
6173-GOLSU,Male,1,Yes,No,67,Yes,Yes,Fiber optic,No,No,No,No,Yes,Yes,Month-to-month,Yes,Credit card (automatic),94.65,6079.0,No,3922,0.772051,1,High,0.0,Priority retention outreach; Offer annual or long-term contract incentive; Offer technical support assistance; Promote online security service; Offer online backup package; Review pricing and provide personalized offer; Offer fiber service support or loyalty benefit,Immediate retention outreach; Long-term contract conversion offer; Technical support promotion; Online security package promotion; Personalized pricing review; Fiber service experience review; Loyalty and long-term customer engagement,High,Retention Offer Campaign
6661-HBGWL,Female,1,No,No,42,Yes,Yes,Fiber optic,No,Yes,Yes,No,Yes,Yes,Month-to-month,Yes,Bank transfer (automatic),104.75,4323.45,Yes,6544,0.8281919,1,High,0.0,Priority retention outreach; Offer annual or long-term contract incentive; Offer technical support assistance; Promote online security service; Review pricing and provide personalized offer; Offer fiber service support or loyalty benefit,Immediate retention outreach; Long-term contract conversion offer; Technical support promotion; Online security package promotion; Personalized pricing review; Fiber service experience review; Loyalty and long-term customer engagement,Critical,Immediate Personal Outreach
8207-VVMYB,Female,0,Yes,No,70,Yes,Yes,No,No internet service,No internet service,No internet service,No internet service,No internet service,No internet service,Two year,Yes,Bank transfer (automatic),26.0,2006.95,No,4256,0.0037207825,0,Low,1.0,Continue regular customer engagement,Maintain regular engagement; Early intervention and retention campaign,Low,Customer Loyalty Campaign
5324-KTGCG,Male,0,Yes,No,71,Yes,No,No,No internet service,No internet service,No internet service,No internet service,No internet service,No internet service,One year,No,Electronic check,20.85,1539.75,No,4320,0.012492199,0,Low,1.0,Continue regular customer engagement,Maintain regular engagement; Early intervention and retention campaign,Low,Customer Loyalty Campaign
7354-OIJLX,Male,0,No,No,9,Yes,Yes,Fiber optic,No,No,No,No,No,No,Month-to-month,Yes,Electronic check,75.85,724.65,No,5057,0.6596112,1,Medium,1.0,Offer annual or long-term contract incentive; Offer technical support assistance; Promote online security service; Offer online backup package; Offer fiber service support or loyalty benefit,Proactive retention communication; Long-term contract conversion offer; Technical support promotion; Online security package promotion; Fiber service experience review; Early intervention and retention campaign,Medium,Contract Upgrade Campaign
9286-BHDQG,Male,0,Yes,Yes,72,No,No phone service,DSL,Yes,Yes,Yes,Yes,No,No,Two year,No,Credit card (automatic),45.25,3139.8,No,216,0.0033585266,0,Low,0.0,Continue regular customer engagement,Maintain regular engagement; Loyalty and long-term customer engagement,Low,Customer Loyalty Campaign
3567-PQTSO,Male,0,Yes,Yes,53,Yes,Yes,Fiber optic,No,Yes,Yes,No,Yes,Yes,One year,Yes,Electronic check,105.25,5576.3,No,3228,0.25494772,0,Low,0.0,Offer technical support assistance; Promote online security service; Review pricing and provide personalized offer; Offer fiber service support or loyalty benefit,Maintain regular engagement; Technical support promotion; Online security package promotion; Personalized pricing review; Fiber service experience review; Loyalty and long-term customer engagement,Low,Customer Loyalty Campaign
3197-ARFOY,Female,1,No,No,19,Yes,No,Fiber optic,Yes,Yes,No,Yes,Yes,Yes,Month-to-month,Yes,Mailed check,105.0,2007.25,No,267,0.5875542,1,Medium,1.0,Offer annual or long-term contract incentive; Review pricing and provide personalized offer; Offer fiber service support or loyalty benefit,Proactive retention communication; Long-term contract conversion offer; Personalized pricing review; Fiber service experience review; Early intervention and retention campaign,Medium,Contract Upgrade Campaign
5698-BQJOH,Female,0,No,No,9,Yes,Yes,Fiber optic,No,No,No,No,Yes,Yes,Month-to-month,No,Electronic check,94.4,857.25,Yes,64,0.8410557,1,High,1.0,Priority retention outreach; Offer annual or long-term contract incentive; Offer technical support assistance; Promote online security service; Offer online backup package; Review pricing and provide personalized offer; Offer fiber service support or loyalty benefit,Immediate retention outreach; Long-term contract conversion offer; Technical support promotion; Online security package promotion; Personalized pricing review; Fiber service experience review; Early intervention and retention campaign,Critical,Immediate Personal Outreach
1090-ESELR,Male,0,Yes,Yes,72,Yes,No,Fiber optic,Yes,Yes,No,Yes,Yes,Yes,Two year,No,Bank transfer (automatic),105.5,7611.55,No,449,0.009941326,0,Low,0.0,Review pricing and provide personalized offer; Offer fiber service support or loyalty benefit,Maintain regular engagement; Personalized pricing review; Fiber service experience review; Loyalty and long-term customer engagement,Low,Customer Loyalty Campaign
0056-EPFBG,Male,0,Yes,Yes,20,No,No phone service,DSL,Yes,No,Yes,Yes,No,No,Two year,Yes,Credit card (automatic),39.4,825.4,No,4845,0.011544402,0,Low,1.0,Offer online backup package,Maintain regular engagement; Early intervention and retention campaign,Low,Customer Loyalty Campaign
4955-VCWBI,Female,0,Yes,Yes,43,Yes,No,No,No internet service,No internet service,No internet service,No internet service,No internet service,No internet service,One year,No,Mailed check,20.0,817.95,No,6585,0.015317606,0,Low,1.0,Continue regular customer engagement,Maintain regular engagement; Early intervention and retention campaign,Low,Customer Loyalty Campaign
4717-GHADL,Female,0,No,No,50,Yes,Yes,DSL,No,Yes,No,Yes,Yes,Yes,Two year,Yes,Mailed check,79.6,4024.2,No,3201,0.0072263503,0,Low,0.0,Promote online security service,Maintain regular engagement; Online security package promotion; Loyalty and long-term customer engagement,Low,Customer Loyalty Campaign
0058-EVZWM,Female,0,Yes,No,55,Yes,Yes,Fiber optic,Yes,No,No,No,Yes,No,Month-to-month,Yes,Bank transfer (automatic),89.8,4959.6,No,2796,0.15028496,0,Low,0.0,Offer annual or long-term contract incentive; Offer technical support assistance; Offer online backup package; Review pricing and provide personalized offer; Offer fiber service support or loyalty benefit,Maintain regular engagement; Long-term contract conversion offer; Technical support promotion; Personalized pricing review; Fiber service experience review; Loyalty and long-term customer engagement,Low,Contract Upgrade Campaign
7218-HKQFK,Male,0,Yes,No,2,Yes,No,Fiber optic,No,No,No,Yes,Yes,Yes,Month-to-month,Yes,Electronic check,94.2,167.5,Yes,507,0.704824,1,High,1.0,Priority retention outreach; Offer annual or long-term contract incentive; Promote online security service; Offer online backup package; Review pricing and provide personalized offer; Provide early-stage customer engagement; Offer fiber service support or loyalty benefit,Immediate retention outreach; Early customer onboarding support; Long-term contract conversion offer; Online security package promotion; Personalized pricing review; Fiber service experience review; Early intervention and retention campaign,High,Retention Offer Campaign
5057-RKGLH,Female,0,Yes,Yes,9,Yes,No,No,No internet service,No internet service,No internet service,No internet service,No internet service,No internet service,Two year,No,Mailed check,20.35,191.1,No,5402,0.0075954823,0,Low,1.0,Continue regular customer engagement,Maintain regular engagement; Early intervention and retention campaign,Low,Customer Loyalty Campaign
2309-OSFEU,Male,0,No,No,10,No,No phone service,DSL,No,No,No,No,No,Yes,Month-to-month,Yes,Mailed check,33.9,298.45,Yes,2990,0.52654266,1,Medium,1.0,Offer annual or long-term contract incentive; Offer technical support assistance; Promote online security service; Offer online backup package,Proactive retention communication; Long-term contract conversion offer; Technical support promotion; Online security package promotion; Early intervention and retention campaign,Medium,Contract Upgrade Campaign
3429-IFLEM,Female,0,No,No,71,Yes,No,DSL,Yes,Yes,Yes,Yes,Yes,No,Two year,No,Credit card (automatic),77.35,5550.1,No,968,0.0059044682,0,Low,0.0,Continue regular customer engagement,Maintain regular engagement; Loyalty and long-term customer engagement,Low,Customer Loyalty Campaign
1550-LOAHA,Female,0,Yes,No,32,Yes,No,Fiber optic,No,Yes,No,No,No,Yes,Month-to-month,No,Bank transfer (automatic),84.15,2585.95,Yes,3047,0.33796644,0,Low,1.0,Offer annual or long-term contract incentive; Offer technical support assistance; Promote online security service; Review pricing and provide personalized offer; Offer fiber service support or loyalty benefit,Maintain regular engagement; Long-term contract conversion offer; Technical support promotion; Online security package promotion; Personalized pricing review; Fiber service experience review; Early intervention and retention campaign,Low,Contract Upgrade Campaign
1400-MMYXY,Male,1,Yes,No,3,Yes,Yes,Fiber optic,No,Yes,Yes,No,Yes,Yes,Month-to-month,Yes,Electronic check,105.9,334.65,Yes,6894,0.8356554,1,High,1.0,Priority retention outreach; Offer annual or long-term contract incentive; Offer technical support assistance; Promote online security service; Review pricing and provide personalized offer; Provide early-stage customer engagement; Offer fiber service support or loyalty benefit,Immediate retention outreach; Early customer onboarding support; Long-term contract conversion offer; Technical support promotion; Online security package promotion; Personalized pricing review; Fiber service experience review; Early intervention and retention campaign,Critical,Immediate Personal Outreach
7503-QQRVF,Male,1,Yes,No,16,Yes,No,Fiber optic,No,Yes,No,No,No,No,Month-to-month,Yes,Credit card (automatic),74.3,1178.25,Yes,2776,0.505362,1,Medium,1.0,Offer annual or long-term contract incentive; Offer technical support assistance; Promote online security service; Offer fiber service support or loyalty benefit,Proactive retention communication; Long-term contract conversion offer; Technical support promotion; Online security package promotion; Fiber service experience review; Early intervention and retention campaign,Medium,Contract Upgrade Campaign
7504-UWHNB,Male,0,No,No,25,Yes,No,Fiber optic,No,No,No,No,No,No,Month-to-month,No,Electronic check,69.75,1729.35,No,4308,0.44938207,0,Medium,1.0,Offer annual or long-term contract incentive; Offer technical support assistance; Promote online security service; Offer online backup package; Offer fiber service support or loyalty benefit,Proactive retention communication; Long-term contract conversion offer; Technical support promotion; Online security package promotion; Fiber service experience review; Early intervention and retention campaign,Medium,Contract Upgrade Campaign
9565-JSNFM,Male,0,No,No,38,Yes,No,Fiber optic,No,No,No,No,No,No,One year,Yes,Bank transfer (automatic),70.45,2597.6,Yes,4815,0.04745357,0,Low,1.0,Offer technical support assistance; Promote online security service; Offer online backup package; Offer fiber service support or loyalty benefit,Maintain regular engagement; Technical support promotion; Online security package promotion; Fiber service experience review; Early intervention and retention campaign,Low,Customer Loyalty Campaign
4735-BJKOU,Female,0,No,No,40,Yes,No,No,No internet service,No internet service,No internet service,No internet service,No internet service,No internet service,Two year,No,Mailed check,20.15,804.85,No,1688,0.00490721,0,Low,1.0,Continue regular customer engagement,Maintain regular engagement; Early intervention and retention campaign,Low,Customer Loyalty Campaign
3580-GICBM,Female,0,Yes,Yes,61,Yes,Yes,No,No internet service,No internet service,No internet service,No internet service,No internet service,No internet service,Two year,Yes,Mailed check,24.2,1445.2,No,5745,0.0075565865,0,Low,1.0,Continue regular customer engagement,Maintain regular engagement; Early intervention and retention campaign,Low,Customer Loyalty Campaign
7632-YUTXB,Female,0,Yes,Yes,25,Yes,No,No,No internet service,No internet service,No internet service,No internet service,No internet service,No internet service,One year,No,Mailed check,20.05,520.1,No,4373,0.019257328,0,Low,1.0,Continue regular customer engagement,Maintain regular engagement; Early intervention and retention campaign,Low,Customer Loyalty Campaign
9412-ARGBX,Female,0,No,Yes,48,Yes,No,Fiber optic,No,Yes,Yes,Yes,Yes,No,Two year,Yes,Mailed check,95.5,4627.85,Yes,6680,0.011403514,0,Low,0.0,Promote online security service; Review pricing and provide personalized offer; Offer fiber service support or loyalty benefit,Maintain regular engagement; Online security package promotion; Personalized pricing review; Fiber service experience review; Loyalty and long-term customer engagement,Low,Customer Loyalty Campaign
9576-ANLXO,Female,0,No,No,3,Yes,No,Fiber optic,No,No,No,No,No,No,Month-to-month,Yes,Bank transfer (automatic),69.55,222.3,Yes,650,0.6608651,1,Medium,1.0,Offer annual or long-term contract incentive; Offer technical support assistance; Promote online security service; Offer online backup package; Provide early-stage customer engagement; Offer fiber service support or loyalty benefit,Proactive retention communication; Early customer onboarding support; Long-term contract conversion offer; Technical support promotion; Online security package promotion; Fiber service experience review; Early intervention and retention campaign,Medium,Contract Upgrade Campaign
1110-KYLGQ,Female,0,No,No,63,Yes,Yes,Fiber optic,Yes,Yes,Yes,No,Yes,Yes,Month-to-month,No,Credit card (automatic),108.25,6780.1,No,2731,0.085280746,0,Low,0.0,Offer annual or long-term contract incentive; Offer technical support assistance; Review pricing and provide personalized offer; Offer fiber service support or loyalty benefit,Maintain regular engagement; Long-term contract conversion offer; Technical support promotion; Personalized pricing review; Fiber service experience review; Loyalty and long-term customer engagement,Low,Contract Upgrade Campaign
8696-JKZNU,Female,1,No,No,37,Yes,Yes,Fiber optic,No,No,No,No,No,No,Month-to-month,Yes,Electronic check,76.25,2841.55,Yes,4847,0.6546271,1,Medium,0.0,Offer annual or long-term contract incentive; Offer technical support assistance; Promote online security service; Offer online backup package; Offer fiber service support or loyalty benefit,Proactive retention communication; Long-term contract conversion offer; Technical support promotion; Online security package promotion; Fiber service experience review; Loyalty and long-term customer engagement,Medium,Contract Upgrade Campaign
8757-TFHHJ,Male,0,No,No,1,Yes,No,DSL,Yes,No,No,No,No,No,Month-to-month,Yes,Credit card (automatic),49.8,49.8,No,6081,0.24217923,0,Low,1.0,Offer annual or long-term contract incentive; Offer technical support assistance; Offer online backup package; Provide early-stage customer engagement,Maintain regular engagement; Early customer onboarding support; Long-term contract conversion offer; Technical support promotion; Early intervention and retention campaign,Low,Contract Upgrade Campaign
2955-BJZHG,Male,0,Yes,Yes,17,Yes,No,Fiber optic,No,No,No,No,Yes,No,Month-to-month,No,Electronic check,80.85,1400.85,Yes,2086,0.6048793,1,Medium,1.0,Offer annual or long-term contract incentive; Offer technical support assistance; Promote online security service; Offer online backup package; Review pricing and provide personalized offer; Offer fiber service support or loyalty benefit,Proactive retention communication; Long-term contract conversion offer; Technical support promotion; Online security package promotion; Personalized pricing review; Fiber service experience review; Early intervention and retention campaign,Medium,Contract Upgrade Campaign
9048-JVYVF,Male,0,No,No,3,Yes,No,DSL,No,No,No,Yes,Yes,Yes,Month-to-month,Yes,Electronic check,69.35,191.35,Yes,5179,0.14480779,0,Low,1.0,Offer annual or long-term contract incentive; Promote online security service; Offer online backup package; Provide early-stage customer engagement,Maintain regular engagement; Early customer onboarding support; Long-term contract conversion offer; Online security package promotion; Early intervention and retention campaign,Low,Contract Upgrade Campaign
0682-USIXD,Female,0,Yes,No,21,Yes,No,Fiber optic,No,No,No,Yes,Yes,No,Month-to-month,Yes,Electronic check,86.05,1818.9,No,6879,0.5954828,1,Medium,1.0,Offer annual or long-term contract incentive; Promote online security service; Offer online backup package; Review pricing and provide personalized offer; Offer fiber service support or loyalty benefit,Proactive retention communication; Long-term contract conversion offer; Online security package promotion; Personalized pricing review; Fiber service experience review; Early intervention and retention campaign,Medium,Contract Upgrade Campaign
3884-UEBXB,Female,0,Yes,Yes,67,No,No phone service,DSL,Yes,Yes,No,No,No,No,Two year,No,Bank transfer (automatic),36.15,2434.45,No,4665,0.004443945,0,Low,1.0,Offer technical support assistance,Maintain regular engagement; Technical support promotion; Early intervention and retention campaign,Low,Customer Loyalty Campaign
1776-SPBWV,Female,0,Yes,Yes,34,Yes,No,No,No internet service,No internet service,No internet service,No internet service,No internet service,No internet service,One year,Yes,Bank transfer (automatic),20.1,682.1,No,2505,0.03180593,0,Low,1.0,Continue regular customer engagement,Maintain regular engagement; Early intervention and retention campaign,Low,Customer Loyalty Campaign
9050-QLROH,Male,0,No,No,18,Yes,Yes,Fiber optic,No,No,Yes,No,No,Yes,Month-to-month,Yes,Credit card (automatic),90.7,1597.25,Yes,5364,0.3510519,0,Low,1.0,Offer annual or long-term contract incentive; Offer technical support assistance; Promote online security service; Offer online backup package; Review pricing and provide personalized offer; Offer fiber service support or loyalty benefit,Maintain regular engagement; Long-term contract conversion offer; Technical support promotion; Online security package promotion; Personalized pricing review; Fiber service experience review; Early intervention and retention campaign,Low,Contract Upgrade Campaign
2925-VDZHY,Male,0,Yes,Yes,72,Yes,Yes,DSL,Yes,Yes,Yes,Yes,Yes,Yes,Two year,No,Credit card (automatic),88.7,6501.35,No,6182,0.0018969238,0,Low,0.0,Review pricing and provide personalized offer,Maintain regular engagement; Personalized pricing review; Loyalty and long-term customer engagement,Low,Customer Loyalty Campaign
9512-UIBFX,Male,0,Yes,Yes,18,Yes,No,Fiber optic,No,No,Yes,No,Yes,Yes,Month-to-month,No,Mailed check,95.15,1779.95,Yes,284,0.30669022,0,Low,1.0,Offer annual or long-term contract incentive; Offer technical support assistance; Promote online security service; Offer online backup package; Review pricing and provide personalized offer; Offer fiber service support or loyalty benefit,Maintain regular engagement; Long-term contract conversion offer; Technical support promotion; Online security package promotion; Personalized pricing review; Fiber service experience review; Early intervention and retention campaign,Low,Contract Upgrade Campaign
8676-TRMJS,Male,0,No,No,3,Yes,Yes,Fiber optic,No,No,No,No,No,No,Month-to-month,No,Mailed check,75.0,209.1,Yes,6718,0.6261343,1,Medium,1.0,Offer annual or long-term contract incentive; Offer technical support assistance; Promote online security service; Offer online backup package; Provide early-stage customer engagement; Offer fiber service support or loyalty benefit,Proactive retention communication; Early customer onboarding support; Long-term contract conversion offer; Technical support promotion; Online security package promotion; Fiber service experience review; Early intervention and retention campaign,Medium,Contract Upgrade Campaign
3334-CTHOL,Female,0,No,No,1,Yes,Yes,DSL,No,No,No,No,No,No,Month-to-month,Yes,Bank transfer (automatic),49.95,49.95,Yes,1383,0.36535147,0,Low,1.0,Offer annual or long-term contract incentive; Offer technical support assistance; Promote online security service; Offer online backup package; Provide early-stage customer engagement,Maintain regular engagement; Early customer onboarding support; Long-term contract conversion offer; Technical support promotion; Online security package promotion; Early intervention and retention campaign,Low,Contract Upgrade Campaign
6331-LWDTQ,Male,0,No,No,10,Yes,Yes,DSL,No,No,No,No,Yes,Yes,Month-to-month,Yes,Credit card (automatic),72.15,794.25,Yes,5430,0.3135038,0,Low,1.0,Offer annual or long-term contract incentive; Offer technical support assistance; Promote online security service; Offer online backup package,Maintain regular engagement; Long-term contract conversion offer; Technical support promotion; Online security package promotion; Early intervention and retention campaign,Low,Contract Upgrade Campaign
3847-BAERP,Female,0,No,No,10,Yes,No,No,No internet service,No internet service,No internet service,No internet service,No internet service,No internet service,Month-to-month,Yes,Mailed check,20.9,247.0,No,4087,0.07818357,0,Low,1.0,Offer annual or long-term contract incentive,Maintain regular engagement; Long-term contract conversion offer; Early intervention and retention campaign,Low,Contract Upgrade Campaign
4709-LKHYG,Female,0,Yes,Yes,29,Yes,No,No,No internet service,No internet service,No internet service,No internet service,No internet service,No internet service,One year,No,Electronic check,20.0,540.05,No,213,0.014907504,0,Low,1.0,Continue regular customer engagement,Maintain regular engagement; Early intervention and retention campaign,Low,Customer Loyalty Campaign
8621-MNIHH,Female,1,Yes,No,34,Yes,Yes,Fiber optic,No,Yes,Yes,No,No,Yes,Month-to-month,Yes,Electronic check,94.25,3217.55,Yes,1389,0.5058697,1,Medium,0.0,Offer annual or long-term contract incentive; Offer technical support assistance; Promote online security service; Review pricing and provide personalized offer; Offer fiber service support or loyalty benefit,Proactive retention communication; Long-term contract conversion offer; Technical support promotion; Online security package promotion; Personalized pricing review; Fiber service experience review; Loyalty and long-term customer engagement,Medium,Contract Upgrade Campaign
8884-ADFVN,Male,1,Yes,No,7,Yes,Yes,Fiber optic,No,No,Yes,No,Yes,Yes,Month-to-month,Yes,Electronic check,101.95,700.85,Yes,6365,0.95445496,1,High,1.0,Priority retention outreach; Offer annual or long-term contract incentive; Offer technical support assistance; Promote online security service; Offer online backup package; Review pricing and provide personalized offer; Offer fiber service support or loyalty benefit,Immediate retention outreach; Long-term contract conversion offer; Technical support promotion; Online security package promotion; Personalized pricing review; Fiber service experience review; Early intervention and retention campaign,Critical,Immediate Personal Outreach
2885-HIJDH,Male,0,Yes,Yes,69,Yes,Yes,DSL,Yes,No,Yes,Yes,Yes,Yes,Two year,No,Bank transfer (automatic),86.9,6194.1,No,5268,0.02374982,0,Low,0.0,Offer online backup package; Review pricing and provide personalized offer,Maintain regular engagement; Personalized pricing review; Loyalty and long-term customer engagement,Low,Customer Loyalty Campaign
8570-KLJYJ,Female,0,No,No,36,Yes,Yes,DSL,Yes,No,No,No,No,No,One year,No,Mailed check,54.45,1893.5,No,4015,0.005802298,0,Low,1.0,Offer technical support assistance; Offer online backup package,Maintain regular engagement; Technical support promotion; Early intervention and retention campaign,Low,Customer Loyalty Campaign
9339-FIIJL,Male,0,Yes,No,72,Yes,Yes,DSL,No,Yes,Yes,Yes,Yes,Yes,Two year,No,Bank transfer (automatic),85.95,6151.9,No,2293,0.002876612,0,Low,0.0,Promote online security service; Review pricing and provide personalized offer,Maintain regular engagement; Online security package promotion; Personalized pricing review; Loyalty and long-term customer engagement,Low,Customer Loyalty Campaign
6223-DHJGV,Female,0,No,No,42,Yes,No,No,No internet service,No internet service,No internet service,No internet service,No internet service,No internet service,One year,Yes,Mailed check,20.65,958.1,No,1699,0.0065157735,0,Low,1.0,Continue regular customer engagement,Maintain regular engagement; Early intervention and retention campaign,Low,Customer Loyalty Campaign
0959-WHOKV,Male,0,No,No,42,Yes,Yes,Fiber optic,Yes,Yes,Yes,No,No,Yes,One year,Yes,Electronic check,99.0,4298.45,No,249,0.1631754,0,Low,0.0,Offer technical support assistance; Review pricing and provide personalized offer; Offer fiber service support or loyalty benefit,Maintain regular engagement; Technical support promotion; Personalized pricing review; Fiber service experience review; Loyalty and long-term customer engagement,Low,Customer Loyalty Campaign
9610-WCESF,Male,0,No,No,67,No,No phone service,DSL,Yes,No,No,Yes,Yes,No,Two year,No,Electronic check,43.9,3097.2,No,6416,0.0519001,0,Low,0.0,Offer online backup package,Maintain regular engagement; Loyalty and long-term customer engagement,Low,Customer Loyalty Campaign
9279-CJEOJ,Female,1,No,No,21,Yes,Yes,Fiber optic,No,No,No,No,Yes,Yes,Month-to-month,Yes,Bank transfer (automatic),95.4,2025.1,No,5533,0.7443579,1,High,1.0,Priority retention outreach; Offer annual or long-term contract incentive; Offer technical support assistance; Promote online security service; Offer online backup package; Review pricing and provide personalized offer; Offer fiber service support or loyalty benefit,Immediate retention outreach; Long-term contract conversion offer; Technical support promotion; Online security package promotion; Personalized pricing review; Fiber service experience review; Early intervention and retention campaign,High,Retention Offer Campaign
2985-FMWYF,Female,0,No,No,23,Yes,Yes,Fiber optic,No,No,No,No,Yes,Yes,Month-to-month,Yes,Electronic check,93.5,2341.55,No,6284,0.7860837,1,High,1.0,Priority retention outreach; Offer annual or long-term contract incentive; Offer technical support assistance; Promote online security service; Offer online backup package; Review pricing and provide personalized offer; Offer fiber service support or loyalty benefit,Immediate retention outreach; Long-term contract conversion offer; Technical support promotion; Online security package promotion; Personalized pricing review; Fiber service experience review; Early intervention and retention campaign,High,Retention Offer Campaign
3540-RZJYU,Female,0,No,No,15,Yes,No,Fiber optic,Yes,No,No,No,Yes,No,Month-to-month,No,Electronic check,86.2,1270.2,Yes,4651,0.36238265,0,Low,1.0,Offer annual or long-term contract incentive; Offer technical support assistance; Offer online backup package; Review pricing and provide personalized offer; Offer fiber service support or loyalty benefit,Maintain regular engagement; Long-term contract conversion offer; Technical support promotion; Personalized pricing review; Fiber service experience review; Early intervention and retention campaign,Low,Contract Upgrade Campaign
2522-WLNSF,Female,1,Yes,No,34,Yes,No,DSL,No,No,Yes,Yes,Yes,No,One year,No,Bank transfer (automatic),64.2,2106.3,No,5681,0.02613002,0,Low,1.0,Promote online security service; Offer online backup package,Maintain regular engagement; Online security package promotion; Early intervention and retention campaign,Low,Customer Loyalty Campaign
6861-XWTWQ,Male,1,Yes,No,7,Yes,Yes,Fiber optic,No,No,Yes,No,Yes,Yes,Month-to-month,Yes,Electronic check,99.25,665.45,Yes,2631,0.9788673,1,High,1.0,Priority retention outreach; Offer annual or long-term contract incentive; Offer technical support assistance; Promote online security service; Offer online backup package; Review pricing and provide personalized offer; Offer fiber service support or loyalty benefit,Immediate retention outreach; Long-term contract conversion offer; Technical support promotion; Online security package promotion; Personalized pricing review; Fiber service experience review; Early intervention and retention campaign,Critical,Immediate Personal Outreach
8735-NBLWT,Male,0,No,Yes,9,Yes,No,No,No internet service,No internet service,No internet service,No internet service,No internet service,No internet service,Month-to-month,No,Mailed check,20.4,184.1,No,3024,0.046952743,0,Low,1.0,Offer annual or long-term contract incentive,Maintain regular engagement; Long-term contract conversion offer; Early intervention and retention campaign,Low,Contract Upgrade Campaign
1744-JHKYS,Female,0,Yes,No,34,Yes,Yes,No,No internet service,No internet service,No internet service,No internet service,No internet service,No internet service,Month-to-month,No,Electronic check,24.7,780.2,No,175,0.073058285,0,Low,1.0,Offer annual or long-term contract incentive,Maintain regular engagement; Long-term contract conversion offer; Early intervention and retention campaign,Low,Contract Upgrade Campaign
0841-NULXI,Male,0,No,No,1,No,No phone service,DSL,No,No,No,No,No,Yes,Month-to-month,Yes,Electronic check,35.55,35.55,Yes,1144,0.9503297,1,High,1.0,Priority retention outreach; Offer annual or long-term contract incentive; Offer technical support assistance; Promote online security service; Offer online backup package; Provide early-stage customer engagement,Immediate retention outreach; Early customer onboarding support; Long-term contract conversion offer; Technical support promotion; Online security package promotion; Early intervention and retention campaign,Critical,Immediate Personal Outreach
4016-BJKTZ,Female,0,No,No,25,Yes,Yes,Fiber optic,No,Yes,Yes,Yes,Yes,Yes,Two year,No,Electronic check,108.9,2809.05,No,2785,0.23748821,0,Low,0.0,Promote online security service; Review pricing and provide personalized offer; Offer fiber service support or loyalty benefit,Maintain regular engagement; Online security package promotion; Personalized pricing review; Fiber service experience review; Loyalty and long-term customer engagement,Low,Customer Loyalty Campaign
9298-WGMRW,Female,0,Yes,No,72,Yes,Yes,Fiber optic,Yes,Yes,Yes,Yes,Yes,Yes,Two year,Yes,Bank transfer (automatic),115.5,8312.75,No,4737,0.0083432235,0,Low,0.0,Review pricing and provide personalized offer; Offer fiber service support or loyalty benefit,Maintain regular engagement; Personalized pricing review; Fiber service experience review; Loyalty and long-term customer engagement,Low,Customer Loyalty Campaign
7893-IXHRQ,Male,0,No,No,1,Yes,No,No,No internet service,No internet service,No internet service,No internet service,No internet service,No internet service,Month-to-month,No,Electronic check,20.55,20.55,Yes,1458,0.20257245,0,Low,1.0,Offer annual or long-term contract incentive; Provide early-stage customer engagement,Maintain regular engagement; Early customer onboarding support; Long-term contract conversion offer; Early intervention and retention campaign,Low,Contract Upgrade Campaign
8785-CJSHH,Female,0,Yes,No,60,Yes,Yes,Fiber optic,No,Yes,No,No,Yes,Yes,Month-to-month,Yes,Electronic check,99.8,5985.75,No,1420,0.6087246,1,Medium,0.0,Offer annual or long-term contract incentive; Offer technical support assistance; Promote online security service; Review pricing and provide personalized offer; Offer fiber service support or loyalty benefit,Proactive retention communication; Long-term contract conversion offer; Technical support promotion; Online security package promotion; Personalized pricing review; Fiber service experience review; Loyalty and long-term customer engagement,Medium,Contract Upgrade Campaign
7654-YWJUF,Male,0,Yes,No,43,Yes,No,Fiber optic,Yes,No,Yes,Yes,No,No,One year,Yes,Bank transfer (automatic),84.25,3539.25,No,170,0.03195536,0,Low,0.0,Offer online backup package; Review pricing and provide personalized offer; Offer fiber service support or loyalty benefit,Maintain regular engagement; Personalized pricing review; Fiber service experience review; Loyalty and long-term customer engagement,Low,Customer Loyalty Campaign
8909-BOLNL,Male,0,No,No,3,Yes,No,No,No internet service,No internet service,No internet service,No internet service,No internet service,No internet service,One year,No,Mailed check,21.2,52.05,No,5878,0.027601141,0,Low,1.0,Provide early-stage customer engagement,Maintain regular engagement; Early customer onboarding support; Early intervention and retention campaign,Low,New Customer Engagement Campaign
9919-FZDED,Male,1,Yes,No,72,Yes,Yes,DSL,Yes,Yes,Yes,No,Yes,Yes,Two year,Yes,Credit card (automatic),84.1,5981.65,No,2080,0.006033062,0,Low,0.0,Offer technical support assistance; Review pricing and provide personalized offer,Maintain regular engagement; Technical support promotion; Personalized pricing review; Loyalty and long-term customer engagement,Low,Customer Loyalty Campaign
0322-CHQRU,Male,0,No,No,2,Yes,No,DSL,No,No,No,No,No,No,Month-to-month,No,Electronic check,45.35,89.5,Yes,779,0.6142132,1,Medium,1.0,Offer annual or long-term contract incentive; Offer technical support assistance; Promote online security service; Offer online backup package; Provide early-stage customer engagement,Proactive retention communication; Early customer onboarding support; Long-term contract conversion offer; Technical support promotion; Online security package promotion; Early intervention and retention campaign,Medium,Contract Upgrade Campaign
3587-PMCOY,Male,0,No,No,10,Yes,No,Fiber optic,Yes,No,Yes,No,Yes,Yes,One year,Yes,Electronic check,98.9,1064.95,No,6356,0.6414584,1,Medium,1.0,Offer technical support assistance; Offer online backup package; Review pricing and provide personalized offer; Offer fiber service support or loyalty benefit,Proactive retention communication; Technical support promotion; Personalized pricing review; Fiber service experience review; Early intervention and retention campaign,Medium,Customer Loyalty Campaign
0655-RBDUG,Male,0,No,No,7,Yes,Yes,Fiber optic,No,No,Yes,No,Yes,Yes,Month-to-month,Yes,Bank transfer (automatic),98.05,713.0,Yes,1073,0.96300924,1,High,1.0,Priority retention outreach; Offer annual or long-term contract incentive; Offer technical support assistance; Promote online security service; Offer online backup package; Review pricing and provide personalized offer; Offer fiber service support or loyalty benefit,Immediate retention outreach; Long-term contract conversion offer; Technical support promotion; Online security package promotion; Personalized pricing review; Fiber service experience review; Early intervention and retention campaign,Critical,Immediate Personal Outreach
0983-TATYJ,Female,0,Yes,No,33,Yes,No,DSL,No,No,No,Yes,No,No,One year,Yes,Mailed check,51.45,1758.9,No,5694,0.03093074,0,Low,1.0,Promote online security service; Offer online backup package,Maintain regular engagement; Online security package promotion; Early intervention and retention campaign,Low,Customer Loyalty Campaign
5650-YLIBA,Male,0,No,No,31,Yes,Yes,Fiber optic,No,Yes,No,No,No,No,Month-to-month,Yes,Electronic check,81.15,2640.55,No,4579,0.6818363,1,Medium,1.0,Offer annual or long-term contract incentive; Offer technical support assistance; Promote online security service; Review pricing and provide personalized offer; Offer fiber service support or loyalty benefit,Proactive retention communication; Long-term contract conversion offer; Technical support promotion; Online security package promotion; Personalized pricing review; Fiber service experience review; Early intervention and retention campaign,Medium,Contract Upgrade Campaign
5144-TVGLP,Male,1,No,No,38,Yes,Yes,Fiber optic,No,No,No,No,Yes,Yes,Month-to-month,No,Electronic check,94.75,3653.0,No,3305,0.4964548,0,Medium,0.0,Offer annual or long-term contract incentive; Offer technical support assistance; Promote online security service; Offer online backup package; Review pricing and provide personalized offer; Offer fiber service support or loyalty benefit,Proactive retention communication; Long-term contract conversion offer; Technical support promotion; Online security package promotion; Personalized pricing review; Fiber service experience review; Loyalty and long-term customer engagement,Medium,Contract Upgrade Campaign
3569-EDBPQ,Female,0,No,No,24,Yes,Yes,Fiber optic,Yes,No,No,Yes,No,No,Month-to-month,Yes,Electronic check,84.35,1938.05,No,1398,0.51438695,1,Medium,1.0,Offer annual or long-term contract incentive; Offer online backup package; Review pricing and provide personalized offer; Offer fiber service support or loyalty benefit,Proactive retention communication; Long-term contract conversion offer; Personalized pricing review; Fiber service experience review; Early intervention and retention campaign,Medium,Contract Upgrade Campaign
4945-RVMTE,Female,0,No,No,28,Yes,No,DSL,No,No,Yes,No,Yes,No,Month-to-month,Yes,Bank transfer (automatic),59.55,1646.45,No,1305,0.090391904,0,Low,1.0,Offer annual or long-term contract incentive; Offer technical support assistance; Promote online security service; Offer online backup package,Maintain regular engagement; Long-term contract conversion offer; Technical support promotion; Online security package promotion; Early intervention and retention campaign,Low,Contract Upgrade Campaign
3511-BFTJW,Male,0,Yes,Yes,72,No,No phone service,DSL,Yes,Yes,Yes,No,No,No,Two year,No,Credit card (automatic),38.5,2763.0,No,5212,0.004922588,0,Low,0.0,Offer technical support assistance,Maintain regular engagement; Technical support promotion; Loyalty and long-term customer engagement,Low,Customer Loyalty Campaign
5537-UXXVS,Female,0,Yes,No,20,Yes,No,No,No internet service,No internet service,No internet service,No internet service,No internet service,No internet service,Month-to-month,No,Bank transfer (automatic),19.25,375.25,No,4667,0.09669976,0,Low,1.0,Offer annual or long-term contract incentive,Maintain regular engagement; Long-term contract conversion offer; Early intervention and retention campaign,Low,Contract Upgrade Campaign
8782-NUUOL,Male,0,No,No,60,Yes,No,DSL,Yes,No,Yes,Yes,Yes,Yes,One year,No,Mailed check,79.0,4801.1,No,6447,0.025872191,0,Low,0.0,Offer online backup package,Maintain regular engagement; Loyalty and long-term customer engagement,Low,Customer Loyalty Campaign
2865-TCHJW,Female,1,No,No,4,Yes,Yes,Fiber optic,No,No,Yes,No,Yes,No,Month-to-month,Yes,Electronic check,89.2,346.2,Yes,582,0.8686898,1,High,1.0,Priority retention outreach; Offer annual or long-term contract incentive; Offer technical support assistance; Promote online security service; Offer online backup package; Review pricing and provide personalized offer; Provide early-stage customer engagement; Offer fiber service support or loyalty benefit,Immediate retention outreach; Early customer onboarding support; Long-term contract conversion offer; Technical support promotion; Online security package promotion; Personalized pricing review; Fiber service experience review; Early intervention and retention campaign,Critical,Immediate Personal Outreach
9931-KGHOA,Female,0,Yes,No,46,Yes,Yes,DSL,Yes,No,No,No,No,No,Month-to-month,No,Bank transfer (automatic),55.0,2473.95,No,631,0.05763233,0,Low,1.0,Offer annual or long-term contract incentive; Offer technical support assistance; Offer online backup package,Maintain regular engagement; Long-term contract conversion offer; Technical support promotion; Early intervention and retention campaign,Low,Contract Upgrade Campaign
3071-MVJCD,Male,0,Yes,Yes,72,Yes,Yes,DSL,Yes,Yes,Yes,Yes,Yes,No,Two year,No,Bank transfer (automatic),82.3,5815.15,No,1377,0.003447493,0,Low,0.0,Review pricing and provide personalized offer,Maintain regular engagement; Personalized pricing review; Loyalty and long-term customer engagement,Low,Customer Loyalty Campaign
7279-BUYWN,Female,1,No,No,41,Yes,Yes,Fiber optic,Yes,Yes,Yes,No,Yes,Yes,Month-to-month,Yes,Electronic check,113.2,4689.5,Yes,1770,0.6235943,1,Medium,0.0,Offer annual or long-term contract incentive; Offer technical support assistance; Review pricing and provide personalized offer; Offer fiber service support or loyalty benefit,Proactive retention communication; Long-term contract conversion offer; Technical support promotion; Personalized pricing review; Fiber service experience review; Loyalty and long-term customer engagement,Medium,Contract Upgrade Campaign
3756-VNWDH,Male,1,Yes,No,65,Yes,Yes,Fiber optic,Yes,No,No,No,Yes,Yes,One year,Yes,Electronic check,100.75,6674.65,No,3476,0.08434188,0,Low,0.0,Offer technical support assistance; Offer online backup package; Review pricing and provide personalized offer; Offer fiber service support or loyalty benefit,Maintain regular engagement; Technical support promotion; Personalized pricing review; Fiber service experience review; Loyalty and long-term customer engagement,Low,Customer Loyalty Campaign
1395-OFUWC,Male,0,Yes,Yes,43,No,No phone service,DSL,No,Yes,No,No,No,No,Month-to-month,No,Credit card (automatic),29.3,1224.05,No,6665,0.13875633,0,Low,1.0,Offer annual or long-term contract incentive; Offer technical support assistance; Promote online security service,Maintain regular engagement; Long-term contract conversion offer; Technical support promotion; Online security package promotion; Early intervention and retention campaign,Low,Contract Upgrade Campaign
4223-BKEOR,Female,0,No,Yes,21,Yes,No,DSL,Yes,No,Yes,No,No,Yes,One year,No,Mailed check,64.85,1336.8,No,2142,0.034846928,0,Low,1.0,Offer technical support assistance; Offer online backup package,Maintain regular engagement; Technical support promotion; Early intervention and retention campaign,Low,Customer Loyalty Campaign
0040-HALCW,Male,0,Yes,Yes,54,Yes,No,No,No internet service,No internet service,No internet service,No internet service,No internet service,No internet service,Two year,No,Credit card (automatic),20.4,1090.6,No,1216,0.010251921,0,Low,1.0,Continue regular customer engagement,Maintain regular engagement; Early intervention and retention campaign,Low,Customer Loyalty Campaign
7124-UGSUR,Female,1,Yes,No,61,Yes,Yes,Fiber optic,No,Yes,Yes,No,Yes,Yes,One year,Yes,Credit card (automatic),104.4,6405.0,Yes,4982,0.118890025,0,Low,0.0,Offer technical support assistance; Promote online security service; Review pricing and provide personalized offer; Offer fiber service support or loyalty benefit,Maintain regular engagement; Technical support promotion; Online security package promotion; Personalized pricing review; Fiber service experience review; Loyalty and long-term customer engagement,Low,Customer Loyalty Campaign
7395-XWZOY,Male,0,No,No,20,No,No phone service,DSL,Yes,Yes,Yes,Yes,Yes,No,Month-to-month,Yes,Credit card (automatic),55.0,1165.55,No,5954,0.24187025,0,Low,1.0,Offer annual or long-term contract incentive,Maintain regular engagement; Long-term contract conversion offer; Early intervention and retention campaign,Low,Contract Upgrade Campaign
5440-VHLUL,Male,0,No,No,69,Yes,Yes,Fiber optic,No,Yes,No,Yes,Yes,Yes,One year,Yes,Bank transfer (automatic),105.2,7386.05,No,2684,0.61143416,1,Medium,0.0,Promote online security service; Review pricing and provide personalized offer; Offer fiber service support or loyalty benefit,Proactive retention communication; Online security package promotion; Personalized pricing review; Fiber service experience review; Loyalty and long-term customer engagement,Medium,Customer Loyalty Campaign
4706-DGAHW,Male,1,No,No,1,Yes,No,DSL,No,No,No,No,No,No,Month-to-month,No,Electronic check,45.2,45.2,No,2296,0.7460617,1,High,1.0,Priority retention outreach; Offer annual or long-term contract incentive; Offer technical support assistance; Promote online security service; Offer online backup package; Provide early-stage customer engagement,Immediate retention outreach; Early customer onboarding support; Long-term contract conversion offer; Technical support promotion; Online security package promotion; Early intervention and retention campaign,High,Retention Offer Campaign
8166-ORCHU,Male,1,Yes,No,33,Yes,No,Fiber optic,Yes,Yes,No,Yes,No,Yes,One year,Yes,Electronic check,93.55,3055.5,No,2665,0.05298774,0,Low,0.0,Review pricing and provide personalized offer; Offer fiber service support or loyalty benefit,Maintain regular engagement; Personalized pricing review; Fiber service experience review; Loyalty and long-term customer engagement,Low,Customer Loyalty Campaign
3978-YNKDD,Male,0,No,Yes,19,Yes,No,No,No internet service,No internet service,No internet service,No internet service,No internet service,No internet service,Two year,No,Credit card (automatic),20.85,467.5,No,6678,0.0043939236,0,Low,1.0,Continue regular customer engagement,Maintain regular engagement; Early intervention and retention campaign,Low,Customer Loyalty Campaign
7198-GLXTC,Male,0,No,No,2,Yes,No,Fiber optic,No,No,No,No,Yes,No,Month-to-month,No,Electronic check,79.0,143.65,Yes,1772,0.82328784,1,High,1.0,Priority retention outreach; Offer annual or long-term contract incentive; Offer technical support assistance; Promote online security service; Offer online backup package; Provide early-stage customer engagement; Offer fiber service support or loyalty benefit,Immediate retention outreach; Early customer onboarding support; Long-term contract conversion offer; Technical support promotion; Online security package promotion; Fiber service experience review; Early intervention and retention campaign,Critical,Immediate Personal Outreach
6366-XIVKZ,Female,0,Yes,Yes,13,Yes,No,DSL,Yes,No,Yes,No,No,Yes,Month-to-month,Yes,Mailed check,63.15,816.8,No,2771,0.2266564,0,Low,1.0,Offer annual or long-term contract incentive; Offer technical support assistance; Offer online backup package,Maintain regular engagement; Long-term contract conversion offer; Technical support promotion; Early intervention and retention campaign,Low,Contract Upgrade Campaign
5133-POWUA,Male,0,No,No,1,Yes,No,DSL,No,No,No,No,No,No,Month-to-month,Yes,Mailed check,45.8,45.8,No,3065,0.76992536,1,High,1.0,Priority retention outreach; Offer annual or long-term contract incentive; Offer technical support assistance; Promote online security service; Offer online backup package; Provide early-stage customer engagement,Immediate retention outreach; Early customer onboarding support; Long-term contract conversion offer; Technical support promotion; Online security package promotion; Early intervention and retention campaign,High,Retention Offer Campaign
8400-WZICQ,Female,0,Yes,Yes,55,Yes,No,DSL,Yes,Yes,No,No,No,No,Month-to-month,No,Electronic check,55.7,3131.8,No,3461,0.057636745,0,Low,0.0,Offer annual or long-term contract incentive; Offer technical support assistance,Maintain regular engagement; Long-term contract conversion offer; Technical support promotion; Loyalty and long-term customer engagement,Low,Contract Upgrade Campaign
5382-SOYZL,Male,0,No,No,22,Yes,Yes,Fiber optic,No,No,No,No,Yes,Yes,Month-to-month,Yes,Electronic check,95.1,2162.6,No,954,0.8411406,1,High,1.0,Priority retention outreach; Offer annual or long-term contract incentive; Offer technical support assistance; Promote online security service; Offer online backup package; Review pricing and provide personalized offer; Offer fiber service support or loyalty benefit,Immediate retention outreach; Long-term contract conversion offer; Technical support promotion; Online security package promotion; Personalized pricing review; Fiber service experience review; Early intervention and retention campaign,Critical,Immediate Personal Outreach
1989-PRJHP,Male,1,Yes,No,27,Yes,Yes,Fiber optic,No,No,No,No,No,No,Month-to-month,Yes,Electronic check,75.5,1893.95,Yes,1001,0.56441593,1,Medium,1.0,Offer annual or long-term contract incentive; Offer technical support assistance; Promote online security service; Offer online backup package; Offer fiber service support or loyalty benefit,Proactive retention communication; Long-term contract conversion offer; Technical support promotion; Online security package promotion; Fiber service experience review; Early intervention and retention campaign,Medium,Contract Upgrade Campaign
4154-AQUGT,Male,1,Yes,No,13,Yes,No,Fiber optic,No,Yes,No,Yes,No,Yes,Month-to-month,Yes,Bank transfer (automatic),89.05,1169.35,Yes,1607,0.41940516,0,Medium,1.0,Offer annual or long-term contract incentive; Promote online security service; Review pricing and provide personalized offer; Offer fiber service support or loyalty benefit,Proactive retention communication; Long-term contract conversion offer; Online security package promotion; Personalized pricing review; Fiber service experience review; Early intervention and retention campaign,Medium,Contract Upgrade Campaign
0980-FEXWF,Male,0,Yes,Yes,26,Yes,No,DSL,No,No,Yes,No,No,No,One year,No,Mailed check,50.35,1285.8,No,4674,0.028180713,0,Low,1.0,Offer technical support assistance; Promote online security service; Offer online backup package,Maintain regular engagement; Technical support promotion; Online security package promotion; Early intervention and retention campaign,Low,Customer Loyalty Campaign
5845-BZZIB,Male,0,Yes,Yes,35,Yes,No,No,No internet service,No internet service,No internet service,No internet service,No internet service,No internet service,Two year,No,Mailed check,20.1,655.3,No,652,0.0043735593,0,Low,1.0,Continue regular customer engagement,Maintain regular engagement; Early intervention and retention campaign,Low,Customer Loyalty Campaign
4840-ORQXB,Female,1,No,No,56,Yes,Yes,Fiber optic,No,Yes,Yes,No,Yes,Yes,Month-to-month,No,Electronic check,104.75,5841.35,No,3472,0.37786412,0,Low,0.0,Offer annual or long-term contract incentive; Offer technical support assistance; Promote online security service; Review pricing and provide personalized offer; Offer fiber service support or loyalty benefit,Maintain regular engagement; Long-term contract conversion offer; Technical support promotion; Online security package promotion; Personalized pricing review; Fiber service experience review; Loyalty and long-term customer engagement,Low,Contract Upgrade Campaign
0295-PPHDO,Male,0,No,No,1,Yes,Yes,Fiber optic,No,No,No,No,Yes,Yes,Month-to-month,Yes,Electronic check,95.45,95.45,Yes,6866,0.97016925,1,High,1.0,Priority retention outreach; Offer annual or long-term contract incentive; Offer technical support assistance; Promote online security service; Offer online backup package; Review pricing and provide personalized offer; Provide early-stage customer engagement; Offer fiber service support or loyalty benefit,Immediate retention outreach; Early customer onboarding support; Long-term contract conversion offer; Technical support promotion; Online security package promotion; Personalized pricing review; Fiber service experience review; Early intervention and retention campaign,Critical,Immediate Personal Outreach
8775-ERLNB,Male,1,Yes,No,1,Yes,Yes,Fiber optic,No,No,No,No,No,No,Month-to-month,No,Electronic check,74.3,74.3,No,2036,0.8767017,1,High,1.0,Priority retention outreach; Offer annual or long-term contract incentive; Offer technical support assistance; Promote online security service; Offer online backup package; Provide early-stage customer engagement; Offer fiber service support or loyalty benefit,Immediate retention outreach; Early customer onboarding support; Long-term contract conversion offer; Technical support promotion; Online security package promotion; Fiber service experience review; Early intervention and retention campaign,Critical,Immediate Personal Outreach
0376-YMCJC,Male,0,No,No,23,Yes,Yes,Fiber optic,No,No,No,Yes,Yes,No,Month-to-month,Yes,Electronic check,90.6,1943.2,Yes,1059,0.7634814,1,High,1.0,Priority retention outreach; Offer annual or long-term contract incentive; Promote online security service; Offer online backup package; Review pricing and provide personalized offer; Offer fiber service support or loyalty benefit,Immediate retention outreach; Long-term contract conversion offer; Online security package promotion; Personalized pricing review; Fiber service experience review; Early intervention and retention campaign,High,Retention Offer Campaign
7410-YTJIK,Female,0,No,No,7,Yes,Yes,Fiber optic,No,No,No,No,No,No,Month-to-month,No,Mailed check,75.45,480.75,Yes,2954,0.68810153,1,Medium,1.0,Offer annual or long-term contract incentive; Offer technical support assistance; Promote online security service; Offer online backup package; Offer fiber service support or loyalty benefit,Proactive retention communication; Long-term contract conversion offer; Technical support promotion; Online security package promotion; Fiber service experience review; Early intervention and retention campaign,Medium,Contract Upgrade Campaign
9927-DSWDF,Male,0,Yes,No,22,Yes,No,Fiber optic,Yes,Yes,No,Yes,Yes,Yes,Month-to-month,Yes,Electronic check,104.6,2180.55,No,5044,0.3617904,0,Low,1.0,Offer annual or long-term contract incentive; Review pricing and provide personalized offer; Offer fiber service support or loyalty benefit,Maintain regular engagement; Long-term contract conversion offer; Personalized pricing review; Fiber service experience review; Early intervention and retention campaign,Low,Contract Upgrade Campaign
6681-ZSEXG,Male,0,Yes,No,56,Yes,Yes,DSL,No,Yes,Yes,No,No,No,Two year,No,Credit card (automatic),59.5,3389.25,No,4743,0.026948918,0,Low,0.0,Offer technical support assistance; Promote online security service,Maintain regular engagement; Technical support promotion; Online security package promotion; Loyalty and long-term customer engagement,Low,Customer Loyalty Campaign
5702-KVQRD,Male,0,Yes,No,71,Yes,No,DSL,Yes,No,Yes,Yes,Yes,Yes,Two year,Yes,Electronic check,82.55,5832.65,No,6595,0.009030301,0,Low,0.0,Offer online backup package; Review pricing and provide personalized offer,Maintain regular engagement; Personalized pricing review; Loyalty and long-term customer engagement,Low,Customer Loyalty Campaign
8711-LOBKY,Male,0,Yes,Yes,59,Yes,No,No,No internet service,No internet service,No internet service,No internet service,No internet service,No internet service,Two year,No,Mailed check,19.85,1188.25,No,1284,0.0055245887,0,Low,1.0,Continue regular customer engagement,Maintain regular engagement; Early intervention and retention campaign,Low,Customer Loyalty Campaign
9692-TUSXH,Female,0,No,No,18,Yes,No,Fiber optic,Yes,No,No,No,Yes,Yes,Month-to-month,Yes,Electronic check,96.05,1740.7,Yes,4994,0.71372294,1,High,1.0,Priority retention outreach; Offer annual or long-term contract incentive; Offer technical support assistance; Offer online backup package; Review pricing and provide personalized offer; Offer fiber service support or loyalty benefit,Immediate retention outreach; Long-term contract conversion offer; Technical support promotion; Personalized pricing review; Fiber service experience review; Early intervention and retention campaign,High,Retention Offer Campaign
4012-YCFAI,Male,0,Yes,No,60,Yes,No,DSL,Yes,Yes,No,Yes,No,No,Two year,Yes,Mailed check,61.35,3766.2,No,5453,0.0023441392,0,Low,0.0,Continue regular customer engagement,Maintain regular engagement; Loyalty and long-term customer engagement,Low,Customer Loyalty Campaign
8455-HIRAQ,Female,0,No,No,8,Yes,No,DSL,No,No,No,No,No,No,Month-to-month,No,Mailed check,44.45,369.3,No,4658,0.2160642,0,Low,1.0,Offer annual or long-term contract incentive; Offer technical support assistance; Promote online security service; Offer online backup package,Maintain regular engagement; Long-term contract conversion offer; Technical support promotion; Online security package promotion; Early intervention and retention campaign,Low,Contract Upgrade Campaign
7853-WNZSY,Male,0,No,No,1,Yes,No,No,No internet service,No internet service,No internet service,No internet service,No internet service,No internet service,Month-to-month,Yes,Credit card (automatic),19.75,19.75,No,4491,0.31061837,0,Low,1.0,Offer annual or long-term contract incentive; Provide early-stage customer engagement,Maintain regular engagement; Early customer onboarding support; Long-term contract conversion offer; Early intervention and retention campaign,Low,Contract Upgrade Campaign
0390-DCFDQ,Female,1,Yes,No,1,Yes,No,Fiber optic,No,No,No,No,No,No,Month-to-month,Yes,Mailed check,70.45,70.45,Yes,139,0.72772765,1,High,1.0,Priority retention outreach; Offer annual or long-term contract incentive; Offer technical support assistance; Promote online security service; Offer online backup package; Provide early-stage customer engagement; Offer fiber service support or loyalty benefit,Immediate retention outreach; Early customer onboarding support; Long-term contract conversion offer; Technical support promotion; Online security package promotion; Fiber service experience review; Early intervention and retention campaign,High,Retention Offer Campaign
6421-SZVEM,Female,0,Yes,Yes,28,Yes,No,Fiber optic,Yes,No,No,No,No,Yes,One year,Yes,Bank transfer (automatic),82.85,2320.8,No,5103,0.1529871,0,Low,1.0,Offer technical support assistance; Offer online backup package; Review pricing and provide personalized offer; Offer fiber service support or loyalty benefit,Maintain regular engagement; Technical support promotion; Personalized pricing review; Fiber service experience review; Early intervention and retention campaign,Low,Customer Loyalty Campaign
3094-JOJAI,Male,0,No,No,18,Yes,Yes,Fiber optic,No,No,No,No,No,No,Month-to-month,No,Mailed check,74.15,1387.0,No,6466,0.21467875,0,Low,1.0,Offer annual or long-term contract incentive; Offer technical support assistance; Promote online security service; Offer online backup package; Offer fiber service support or loyalty benefit,Maintain regular engagement; Long-term contract conversion offer; Technical support promotion; Online security package promotion; Fiber service experience review; Early intervention and retention campaign,Low,Contract Upgrade Campaign
4873-ILOLJ,Male,0,No,No,24,Yes,No,Fiber optic,No,No,No,No,Yes,Yes,Month-to-month,Yes,Electronic check,90.35,2238.5,Yes,2651,0.6745503,1,Medium,1.0,Offer annual or long-term contract incentive; Offer technical support assistance; Promote online security service; Offer online backup package; Review pricing and provide personalized offer; Offer fiber service support or loyalty benefit,Proactive retention communication; Long-term contract conversion offer; Technical support promotion; Online security package promotion; Personalized pricing review; Fiber service experience review; Early intervention and retention campaign,Medium,Contract Upgrade Campaign
8181-YHCMF,Female,0,Yes,Yes,68,No,No phone service,DSL,No,Yes,Yes,Yes,Yes,Yes,Two year,No,Credit card (automatic),60.3,4109.0,No,303,0.005068441,0,Low,0.0,Promote online security service,Maintain regular engagement; Online security package promotion; Loyalty and long-term customer engagement,Low,Customer Loyalty Campaign
3324-OIRTO,Male,0,Yes,Yes,71,Yes,No,Fiber optic,Yes,Yes,Yes,No,Yes,Yes,One year,Yes,Bank transfer (automatic),104.65,7288.4,No,2308,0.0632487,0,Low,0.0,Offer technical support assistance; Review pricing and provide personalized offer; Offer fiber service support or loyalty benefit,Maintain regular engagement; Technical support promotion; Personalized pricing review; Fiber service experience review; Loyalty and long-term customer engagement,Low,Customer Loyalty Campaign
9135-HSWOC,Male,0,Yes,Yes,64,Yes,No,No,No internet service,No internet service,No internet service,No internet service,No internet service,No internet service,Two year,Yes,Bank transfer (automatic),19.7,1274.05,No,4280,0.008344222,0,Low,1.0,Continue regular customer engagement,Maintain regular engagement; Early intervention and retention campaign,Low,Customer Loyalty Campaign
2272-WUSPA,Female,0,Yes,No,72,Yes,Yes,Fiber optic,Yes,Yes,Yes,No,Yes,Yes,Two year,Yes,Electronic check,110.75,7751.7,No,4934,0.010711989,0,Low,0.0,Offer technical support assistance; Review pricing and provide personalized offer; Offer fiber service support or loyalty benefit,Maintain regular engagement; Technical support promotion; Personalized pricing review; Fiber service experience review; Loyalty and long-term customer engagement,Low,Customer Loyalty Campaign
4627-MIHJH,Female,1,No,No,69,Yes,Yes,Fiber optic,Yes,No,Yes,Yes,Yes,Yes,Two year,No,Credit card (automatic),110.25,7467.55,No,6101,0.3085244,0,Low,0.0,Offer online backup package; Review pricing and provide personalized offer; Offer fiber service support or loyalty benefit,Maintain regular engagement; Personalized pricing review; Fiber service experience review; Loyalty and long-term customer engagement,Low,Customer Loyalty Campaign
3896-RCYYE,Female,0,No,No,67,No,No phone service,DSL,No,No,Yes,Yes,Yes,Yes,Month-to-month,Yes,Credit card (automatic),53.4,3579.15,No,6132,0.046486005,0,Low,0.0,Offer annual or long-term contract incentive; Promote online security service; Offer online backup package,Maintain regular engagement; Long-term contract conversion offer; Online security package promotion; Loyalty and long-term customer engagement,Low,Contract Upgrade Campaign
6729-GDNGC,Female,1,No,No,20,Yes,No,Fiber optic,No,No,No,No,Yes,No,Month-to-month,No,Bank transfer (automatic),80.7,1614.2,No,1296,0.19702613,0,Low,1.0,Offer annual or long-term contract incentive; Offer technical support assistance; Promote online security service; Offer online backup package; Review pricing and provide personalized offer; Offer fiber service support or loyalty benefit,Maintain regular engagement; Long-term contract conversion offer; Technical support promotion; Online security package promotion; Personalized pricing review; Fiber service experience review; Early intervention and retention campaign,Low,Contract Upgrade Campaign
9945-PSVIP,Female,0,Yes,Yes,25,Yes,No,No,No internet service,No internet service,No internet service,No internet service,No internet service,No internet service,Two year,Yes,Mailed check,18.7,383.65,No,6906,0.008568735,0,Low,1.0,Continue regular customer engagement,Maintain regular engagement; Early intervention and retention campaign,Low,Customer Loyalty Campaign
4137-JOPHL,Female,0,No,No,50,Yes,No,Fiber optic,No,No,Yes,Yes,No,Yes,Two year,Yes,Bank transfer (automatic),89.7,4304.5,No,1750,0.00640377,0,Low,0.0,Promote online security service; Offer online backup package; Review pricing and provide personalized offer; Offer fiber service support or loyalty benefit,Maintain regular engagement; Online security package promotion; Personalized pricing review; Fiber service experience review; Loyalty and long-term customer engagement,Low,Customer Loyalty Campaign
2720-FVBQP,Female,0,Yes,Yes,6,Yes,Yes,DSL,No,No,No,No,No,No,Month-to-month,Yes,Credit card (automatic),48.95,273.25,No,1583,0.34818873,0,Low,1.0,Offer annual or long-term contract incentive; Offer technical support assistance; Promote online security service; Offer online backup package; Provide early-stage customer engagement,Maintain regular engagement; Early customer onboarding support; Long-term contract conversion offer; Technical support promotion; Online security package promotion; Early intervention and retention campaign,Low,Contract Upgrade Campaign
7854-EKTJL,Female,0,No,Yes,2,Yes,No,No,No internet service,No internet service,No internet service,No internet service,No internet service,No internet service,Month-to-month,Yes,Electronic check,19.6,35.85,Yes,5806,0.22458868,0,Low,1.0,Offer annual or long-term contract incentive; Provide early-stage customer engagement,Maintain regular engagement; Early customer onboarding support; Long-term contract conversion offer; Early intervention and retention campaign,Low,Contract Upgrade Campaign
1133-KXCGE,Female,0,No,No,18,Yes,No,No,No internet service,No internet service,No internet service,No internet service,No internet service,No internet service,One year,No,Mailed check,20.1,407.05,No,2423,0.01742414,0,Low,1.0,Continue regular customer engagement,Maintain regular engagement; Early intervention and retention campaign,Low,Customer Loyalty Campaign
6048-QBXKL,Female,1,No,No,2,Yes,Yes,DSL,No,Yes,No,No,No,No,Month-to-month,Yes,Credit card (automatic),56.55,118.25,No,6345,0.6200683,1,Medium,1.0,Offer annual or long-term contract incentive; Offer technical support assistance; Promote online security service; Provide early-stage customer engagement,Proactive retention communication; Early customer onboarding support; Long-term contract conversion offer; Technical support promotion; Online security package promotion; Early intervention and retention campaign,Medium,Contract Upgrade Campaign
6338-AVWCY,Male,0,No,No,3,No,No phone service,DSL,No,No,Yes,No,Yes,No,Month-to-month,Yes,Mailed check,40.15,130.75,Yes,6043,0.8452468,1,High,1.0,Priority retention outreach; Offer annual or long-term contract incentive; Offer technical support assistance; Promote online security service; Offer online backup package; Provide early-stage customer engagement,Immediate retention outreach; Early customer onboarding support; Long-term contract conversion offer; Technical support promotion; Online security package promotion; Early intervention and retention campaign,Critical,Immediate Personal Outreach
0013-MHZWF,Female,0,No,Yes,9,Yes,No,DSL,No,No,No,Yes,Yes,Yes,Month-to-month,Yes,Credit card (automatic),69.4,571.45,No,1207,0.36301723,0,Low,1.0,Offer annual or long-term contract incentive; Promote online security service; Offer online backup package,Maintain regular engagement; Long-term contract conversion offer; Online security package promotion; Early intervention and retention campaign,Low,Contract Upgrade Campaign
9804-ICWBG,Male,0,No,No,1,Yes,No,Fiber optic,No,No,No,No,No,No,Month-to-month,Yes,Electronic check,69.9,69.9,Yes,1739,0.9739698,1,High,1.0,Priority retention outreach; Offer annual or long-term contract incentive; Offer technical support assistance; Promote online security service; Offer online backup package; Provide early-stage customer engagement; Offer fiber service support or loyalty benefit,Immediate retention outreach; Early customer onboarding support; Long-term contract conversion offer; Technical support promotion; Online security package promotion; Fiber service experience review; Early intervention and retention campaign,Critical,Immediate Personal Outreach
2368-GAKKQ,Female,0,No,No,70,Yes,Yes,Fiber optic,Yes,Yes,Yes,Yes,Yes,Yes,Two year,Yes,Bank transfer (automatic),113.65,7939.25,No,3508,0.063608855,0,Low,0.0,Review pricing and provide personalized offer; Offer fiber service support or loyalty benefit,Maintain regular engagement; Personalized pricing review; Fiber service experience review; Loyalty and long-term customer engagement,Low,Customer Loyalty Campaign
4829-AUOAX,Female,0,No,No,46,Yes,Yes,Fiber optic,No,No,No,No,Yes,Yes,Month-to-month,No,Bank transfer (automatic),96.05,4399.5,Yes,1664,0.32717744,0,Low,0.0,Offer annual or long-term contract incentive; Offer technical support assistance; Promote online security service; Offer online backup package; Review pricing and provide personalized offer; Offer fiber service support or loyalty benefit,Maintain regular engagement; Long-term contract conversion offer; Technical support promotion; Online security package promotion; Personalized pricing review; Fiber service experience review; Loyalty and long-term customer engagement,Low,Contract Upgrade Campaign
7876-BEUTG,Female,0,No,No,15,Yes,Yes,DSL,No,No,No,No,No,No,Month-to-month,Yes,Mailed check,48.8,720.1,No,5854,0.5153319,1,Medium,1.0,Offer annual or long-term contract incentive; Offer technical support assistance; Promote online security service; Offer online backup package,Proactive retention communication; Long-term contract conversion offer; Technical support promotion; Online security package promotion; Early intervention and retention campaign,Medium,Contract Upgrade Campaign
6349-JDHQP,Female,0,No,No,53,Yes,No,No,No internet service,No internet service,No internet service,No internet service,No internet service,No internet service,Two year,No,Credit card (automatic),19.85,1049.6,No,5756,0.03468944,0,Low,1.0,Continue regular customer engagement,Maintain regular engagement; Early intervention and retention campaign,Low,Customer Loyalty Campaign
3063-QFSZL,Female,0,No,No,1,Yes,No,DSL,No,No,No,No,No,Yes,Month-to-month,Yes,Electronic check,55.4,55.4,Yes,6088,0.7582197,1,High,1.0,Priority retention outreach; Offer annual or long-term contract incentive; Offer technical support assistance; Promote online security service; Offer online backup package; Provide early-stage customer engagement,Immediate retention outreach; Early customer onboarding support; Long-term contract conversion offer; Technical support promotion; Online security package promotion; Early intervention and retention campaign,High,Retention Offer Campaign
9142-XMYJH,Female,0,No,No,29,Yes,No,No,No internet service,No internet service,No internet service,No internet service,No internet service,No internet service,Month-to-month,No,Credit card (automatic),19.35,601.6,No,4148,0.0692965,0,Low,1.0,Offer annual or long-term contract incentive,Maintain regular engagement; Long-term contract conversion offer; Early intervention and retention campaign,Low,Contract Upgrade Campaign
2609-IAICY,Female,0,No,No,1,Yes,Yes,Fiber optic,No,No,No,No,No,No,Month-to-month,Yes,Electronic check,77.15,77.15,Yes,2464,0.95030636,1,High,1.0,Priority retention outreach; Offer annual or long-term contract incentive; Offer technical support assistance; Promote online security service; Offer online backup package; Provide early-stage customer engagement; Offer fiber service support or loyalty benefit,Immediate retention outreach; Early customer onboarding support; Long-term contract conversion offer; Technical support promotion; Online security package promotion; Fiber service experience review; Early intervention and retention campaign,Critical,Immediate Personal Outreach
8626-PTQGE,Male,0,No,No,69,No,No phone service,DSL,Yes,Yes,No,Yes,Yes,Yes,Two year,Yes,Bank transfer (automatic),60.05,4176.7,No,324,0.0065484033,0,Low,0.0,Continue regular customer engagement,Maintain regular engagement; Loyalty and long-term customer engagement,Low,Customer Loyalty Campaign
0230-UBYPQ,Male,1,Yes,No,63,No,No phone service,DSL,Yes,No,No,Yes,No,No,One year,No,Bank transfer (automatic),36.1,2298.9,No,6530,0.01749533,0,Low,1.0,Offer online backup package,Maintain regular engagement; Early intervention and retention campaign,Low,Customer Loyalty Campaign
6814-ZPWFQ,Male,1,No,No,51,Yes,Yes,No,No internet service,No internet service,No internet service,No internet service,No internet service,No internet service,One year,No,Bank transfer (automatic),25.0,1260.7,No,3512,0.044788867,0,Low,1.0,Continue regular customer engagement,Maintain regular engagement; Early intervention and retention campaign,Low,Customer Loyalty Campaign
5921-NGYRH,Male,0,Yes,No,64,Yes,No,Fiber optic,Yes,No,No,No,No,No,Month-to-month,Yes,Mailed check,73.55,4764.0,No,6485,0.061190803,0,Low,0.0,Offer annual or long-term contract incentive; Offer technical support assistance; Offer online backup package; Offer fiber service support or loyalty benefit,Maintain regular engagement; Long-term contract conversion offer; Technical support promotion; Fiber service experience review; Loyalty and long-term customer engagement,Low,Contract Upgrade Campaign
7803-XOCCZ,Female,0,Yes,Yes,52,Yes,No,Fiber optic,Yes,No,Yes,Yes,No,No,Month-to-month,Yes,Bank transfer (automatic),84.05,4326.8,No,503,0.046761014,0,Low,0.0,Offer annual or long-term contract incentive; Offer online backup package; Review pricing and provide personalized offer; Offer fiber service support or loyalty benefit,Maintain regular engagement; Long-term contract conversion offer; Personalized pricing review; Fiber service experience review; Loyalty and long-term customer engagement,Low,Contract Upgrade Campaign
1459-QNFQT,Male,0,Yes,Yes,70,No,No phone service,DSL,Yes,No,Yes,Yes,Yes,Yes,Two year,No,Bank transfer (automatic),59.5,4144.8,No,1119,0.008748815,0,Low,0.0,Offer online backup package,Maintain regular engagement; Loyalty and long-term customer engagement,Low,Customer Loyalty Campaign
3948-FVVRP,Male,0,Yes,Yes,9,Yes,No,DSL,No,Yes,No,Yes,No,No,Month-to-month,No,Mailed check,54.8,452.8,No,5692,0.1606377,0,Low,1.0,Offer annual or long-term contract incentive; Promote online security service,Maintain regular engagement; Long-term contract conversion offer; Online security package promotion; Early intervention and retention campaign,Low,Contract Upgrade Campaign
0923-PNFUB,Female,0,No,No,3,Yes,No,Fiber optic,No,Yes,No,No,Yes,No,Month-to-month,No,Electronic check,83.75,247.25,Yes,1867,0.35046968,0,Low,1.0,Offer annual or long-term contract incentive; Offer technical support assistance; Promote online security service; Review pricing and provide personalized offer; Provide early-stage customer engagement; Offer fiber service support or loyalty benefit,Maintain regular engagement; Early customer onboarding support; Long-term contract conversion offer; Technical support promotion; Online security package promotion; Personalized pricing review; Fiber service experience review; Early intervention and retention campaign,Low,Contract Upgrade Campaign
4654-ULTTN,Male,0,Yes,No,70,Yes,Yes,DSL,Yes,No,Yes,Yes,No,Yes,Two year,Yes,Credit card (automatic),74.8,5315.8,No,5572,0.068695344,0,Low,0.0,Offer online backup package,Maintain regular engagement; Loyalty and long-term customer engagement,Low,Customer Loyalty Campaign
5628-FCGYG,Male,0,No,No,21,Yes,Yes,Fiber optic,No,No,No,No,No,Yes,Month-to-month,Yes,Electronic check,84.1,1737.45,No,2150,0.83588004,1,High,1.0,Priority retention outreach; Offer annual or long-term contract incentive; Offer technical support assistance; Promote online security service; Offer online backup package; Review pricing and provide personalized offer; Offer fiber service support or loyalty benefit,Immediate retention outreach; Long-term contract conversion offer; Technical support promotion; Online security package promotion; Personalized pricing review; Fiber service experience review; Early intervention and retention campaign,Critical,Immediate Personal Outreach
0506-LVNGN,Female,1,No,No,5,Yes,No,Fiber optic,No,No,Yes,No,No,No,Month-to-month,Yes,Credit card (automatic),75.55,349.65,Yes,1439,0.4314848,0,Medium,1.0,Offer annual or long-term contract incentive; Offer technical support assistance; Promote online security service; Offer online backup package; Provide early-stage customer engagement; Offer fiber service support or loyalty benefit,Proactive retention communication; Early customer onboarding support; Long-term contract conversion offer; Technical support promotion; Online security package promotion; Fiber service experience review; Early intervention and retention campaign,Medium,Contract Upgrade Campaign
4329-YPDDQ,Male,0,No,No,20,Yes,No,Fiber optic,Yes,Yes,Yes,Yes,Yes,Yes,Month-to-month,Yes,Bank transfer (automatic),108.2,2203.7,No,4554,0.34974077,0,Low,1.0,Offer annual or long-term contract incentive; Review pricing and provide personalized offer; Offer fiber service support or loyalty benefit,Maintain regular engagement; Long-term contract conversion offer; Personalized pricing review; Fiber service experience review; Early intervention and retention campaign,Low,Contract Upgrade Campaign
9866-OCCKE,Female,1,Yes,No,72,Yes,Yes,Fiber optic,Yes,No,Yes,Yes,Yes,Yes,Two year,Yes,Mailed check,109.75,8075.35,No,5319,0.0081955455,0,Low,0.0,Offer online backup package; Review pricing and provide personalized offer; Offer fiber service support or loyalty benefit,Maintain regular engagement; Personalized pricing review; Fiber service experience review; Loyalty and long-term customer engagement,Low,Customer Loyalty Campaign
0794-YVSGE,Male,0,Yes,Yes,72,Yes,No,No,No internet service,No internet service,No internet service,No internet service,No internet service,No internet service,Two year,No,Bank transfer (automatic),20.3,1401.15,No,1824,0.0014514413,0,Low,1.0,Continue regular customer engagement,Maintain regular engagement; Early intervention and retention campaign,Low,Customer Loyalty Campaign
4342-HENTK,Female,1,No,No,2,Yes,No,Fiber optic,No,No,No,No,No,No,Month-to-month,Yes,Electronic check,70.65,142.35,Yes,6273,0.72342145,1,High,1.0,Priority retention outreach; Offer annual or long-term contract incentive; Offer technical support assistance; Promote online security service; Offer online backup package; Provide early-stage customer engagement; Offer fiber service support or loyalty benefit,Immediate retention outreach; Early customer onboarding support; Long-term contract conversion offer; Technical support promotion; Online security package promotion; Fiber service experience review; Early intervention and retention campaign,High,Retention Offer Campaign
5934-TSSAU,Female,0,Yes,Yes,23,Yes,No,Fiber optic,No,No,Yes,No,No,No,Month-to-month,Yes,Credit card (automatic),75.3,1702.9,No,2081,0.33117154,0,Low,1.0,Offer annual or long-term contract incentive; Offer technical support assistance; Promote online security service; Offer online backup package; Offer fiber service support or loyalty benefit,Maintain regular engagement; Long-term contract conversion offer; Technical support promotion; Online security package promotion; Fiber service experience review; Early intervention and retention campaign,Low,Contract Upgrade Campaign
9986-BONCE,Female,0,No,No,4,Yes,No,No,No internet service,No internet service,No internet service,No internet service,No internet service,No internet service,Month-to-month,No,Bank transfer (automatic),20.95,85.5,Yes,3630,0.24560145,0,Low,1.0,Offer annual or long-term contract incentive; Provide early-stage customer engagement,Maintain regular engagement; Early customer onboarding support; Long-term contract conversion offer; Early intervention and retention campaign,Low,Contract Upgrade Campaign
5301-GAUUY,Male,0,No,No,32,Yes,Yes,Fiber optic,No,Yes,No,No,No,No,Month-to-month,Yes,Bank transfer (automatic),80.35,2596.15,Yes,554,0.31405482,0,Low,1.0,Offer annual or long-term contract incentive; Offer technical support assistance; Promote online security service; Review pricing and provide personalized offer; Offer fiber service support or loyalty benefit,Maintain regular engagement; Long-term contract conversion offer; Technical support promotion; Online security package promotion; Personalized pricing review; Fiber service experience review; Early intervention and retention campaign,Low,Contract Upgrade Campaign
0725-CXOTM,Female,0,No,No,36,Yes,Yes,DSL,Yes,No,Yes,Yes,Yes,Yes,One year,Yes,Credit card (automatic),89.65,3348.1,No,6160,0.028280444,0,Low,0.0,Offer online backup package; Review pricing and provide personalized offer,Maintain regular engagement; Personalized pricing review; Loyalty and long-term customer engagement,Low,Customer Loyalty Campaign
2843-CQMEG,Male,0,No,No,24,Yes,No,DSL,No,Yes,No,No,No,No,Month-to-month,Yes,Mailed check,49.7,1218.25,No,6977,0.14425583,0,Low,1.0,Offer annual or long-term contract incentive; Offer technical support assistance; Promote online security service,Maintain regular engagement; Long-term contract conversion offer; Technical support promotion; Online security package promotion; Early intervention and retention campaign,Low,Contract Upgrade Campaign
5600-PDUJF,Male,0,No,No,6,Yes,No,DSL,No,No,No,Yes,No,No,Month-to-month,Yes,Credit card (automatic),49.5,312.7,No,5000,0.20040512,0,Low,1.0,Offer annual or long-term contract incentive; Promote online security service; Offer online backup package; Provide early-stage customer engagement,Maintain regular engagement; Early customer onboarding support; Long-term contract conversion offer; Online security package promotion; Early intervention and retention campaign,Low,Contract Upgrade Campaign
4500-HKANN,Male,0,Yes,Yes,23,Yes,Yes,DSL,No,Yes,No,Yes,No,No,Two year,No,Mailed check,59.7,1414.2,No,2234,0.021864831,0,Low,1.0,Promote online security service,Maintain regular engagement; Online security package promotion; Early intervention and retention campaign,Low,Customer Loyalty Campaign
1862-QRWPE,Female,0,Yes,Yes,48,Yes,No,No,No internet service,No internet service,No internet service,No internet service,No internet service,No internet service,Two year,No,Bank transfer (automatic),20.65,1057.0,No,87,0.010806856,0,Low,1.0,Continue regular customer engagement,Maintain regular engagement; Early intervention and retention campaign,Low,Customer Loyalty Campaign
2155-AMQRX,Female,0,No,No,28,Yes,Yes,DSL,No,No,No,Yes,No,No,Month-to-month,Yes,Credit card (automatic),54.9,1505.15,No,1777,0.12522931,0,Low,1.0,Offer annual or long-term contract incentive; Promote online security service; Offer online backup package,Maintain regular engagement; Long-term contract conversion offer; Online security package promotion; Early intervention and retention campaign,Low,Contract Upgrade Campaign
0823-HSCDJ,Male,1,No,No,52,No,No phone service,DSL,No,Yes,No,No,Yes,Yes,Month-to-month,Yes,Electronic check,49.15,2550.9,Yes,674,0.60720646,1,Medium,1.0,Offer annual or long-term contract incentive; Offer technical support assistance; Promote online security service,Proactive retention communication; Long-term contract conversion offer; Technical support promotion; Online security package promotion; Early intervention and retention campaign,Medium,Contract Upgrade Campaign
4090-KPJIP,Female,0,No,No,3,Yes,Yes,Fiber optic,No,No,No,No,No,No,Month-to-month,Yes,Electronic check,74.95,212.4,No,3885,0.8763691,1,High,1.0,Priority retention outreach; Offer annual or long-term contract incentive; Offer technical support assistance; Promote online security service; Offer online backup package; Provide early-stage customer engagement; Offer fiber service support or loyalty benefit,Immediate retention outreach; Early customer onboarding support; Long-term contract conversion offer; Technical support promotion; Online security package promotion; Fiber service experience review; Early intervention and retention campaign,Critical,Immediate Personal Outreach
2737-YNGYW,Female,0,No,No,2,Yes,No,Fiber optic,No,No,No,No,No,Yes,Month-to-month,No,Electronic check,80.55,184.1,Yes,2156,0.85289925,1,High,1.0,Priority retention outreach; Offer annual or long-term contract incentive; Offer technical support assistance; Promote online security service; Offer online backup package; Review pricing and provide personalized offer; Provide early-stage customer engagement; Offer fiber service support or loyalty benefit,Immediate retention outreach; Early customer onboarding support; Long-term contract conversion offer; Technical support promotion; Online security package promotion; Personalized pricing review; Fiber service experience review; Early intervention and retention campaign,Critical,Immediate Personal Outreach
5619-XZZKR,Male,0,No,No,4,Yes,No,No,No internet service,No internet service,No internet service,No internet service,No internet service,No internet service,One year,No,Mailed check,19.95,68.2,No,5691,0.020292874,0,Low,1.0,Provide early-stage customer engagement,Maintain regular engagement; Early customer onboarding support; Early intervention and retention campaign,Low,New Customer Engagement Campaign
6047-YHPVI,Male,0,No,No,5,Yes,No,Fiber optic,No,No,No,No,No,No,Month-to-month,Yes,Electronic check,69.7,316.9,Yes,36,0.75472444,1,High,1.0,Priority retention outreach; Offer annual or long-term contract incentive; Offer technical support assistance; Promote online security service; Offer online backup package; Provide early-stage customer engagement; Offer fiber service support or loyalty benefit,Immediate retention outreach; Early customer onboarding support; Long-term contract conversion offer; Technical support promotion; Online security package promotion; Fiber service experience review; Early intervention and retention campaign,High,Retention Offer Campaign
8375-DKEBR,Female,1,No,No,1,Yes,No,Fiber optic,No,No,No,No,No,No,Month-to-month,Yes,Electronic check,69.6,69.6,Yes,1731,0.97949123,1,High,1.0,Priority retention outreach; Offer annual or long-term contract incentive; Offer technical support assistance; Promote online security service; Offer online backup package; Provide early-stage customer engagement; Offer fiber service support or loyalty benefit,Immediate retention outreach; Early customer onboarding support; Long-term contract conversion offer; Technical support promotion; Online security package promotion; Fiber service experience review; Early intervention and retention campaign,Critical,Immediate Personal Outreach
7729-XBTWX,Male,0,Yes,Yes,66,Yes,No,No,No internet service,No internet service,No internet service,No internet service,No internet service,No internet service,Two year,Yes,Mailed check,19.75,1344.5,No,4301,0.013612862,0,Low,1.0,Continue regular customer engagement,Maintain regular engagement; Early intervention and retention campaign,Low,Customer Loyalty Campaign
4983-CLMLV,Female,0,Yes,No,52,Yes,Yes,Fiber optic,No,Yes,No,Yes,Yes,Yes,Month-to-month,Yes,Credit card (automatic),102.7,5138.1,No,325,0.3018009,0,Low,0.0,Offer annual or long-term contract incentive; Promote online security service; Review pricing and provide personalized offer; Offer fiber service support or loyalty benefit,Maintain regular engagement; Long-term contract conversion offer; Online security package promotion; Personalized pricing review; Fiber service experience review; Loyalty and long-term customer engagement,Low,Contract Upgrade Campaign
9227-LUNBG,Female,0,No,No,1,No,No phone service,DSL,No,No,No,No,No,No,Month-to-month,No,Electronic check,24.6,24.6,Yes,893,0.3818725,0,Low,1.0,Offer annual or long-term contract incentive; Offer technical support assistance; Promote online security service; Offer online backup package; Provide early-stage customer engagement,Maintain regular engagement; Early customer onboarding support; Long-term contract conversion offer; Technical support promotion; Online security package promotion; Early intervention and retention campaign,Low,Contract Upgrade Campaign
2758-RNWXS,Male,0,No,No,35,Yes,No,Fiber optic,Yes,No,No,Yes,No,Yes,One year,Yes,Electronic check,89.2,3251.3,No,6939,0.041527458,0,Low,0.0,Offer online backup package; Review pricing and provide personalized offer; Offer fiber service support or loyalty benefit,Maintain regular engagement; Personalized pricing review; Fiber service experience review; Loyalty and long-term customer engagement,Low,Customer Loyalty Campaign
7055-HNEOJ,Male,0,Yes,No,3,Yes,No,DSL,No,No,Yes,Yes,No,No,Month-to-month,Yes,Mailed check,55.8,154.55,No,1443,0.34319532,0,Low,1.0,Offer annual or long-term contract incentive; Promote online security service; Offer online backup package; Provide early-stage customer engagement,Maintain regular engagement; Early customer onboarding support; Long-term contract conversion offer; Online security package promotion; Early intervention and retention campaign,Low,Contract Upgrade Campaign
7134-MJPDY,Female,1,No,No,66,Yes,Yes,Fiber optic,No,No,Yes,Yes,Yes,Yes,One year,Yes,Credit card (automatic),102.85,6976.75,No,617,0.47096646,0,Medium,0.0,Promote online security service; Offer online backup package; Review pricing and provide personalized offer; Offer fiber service support or loyalty benefit,Proactive retention communication; Online security package promotion; Personalized pricing review; Fiber service experience review; Loyalty and long-term customer engagement,Medium,Customer Loyalty Campaign
4560-WQAQW,Female,0,No,No,59,Yes,Yes,DSL,Yes,No,No,Yes,No,Yes,One year,No,Bank transfer (automatic),68.7,4070.95,No,5262,0.015890725,0,Low,0.0,Offer online backup package,Maintain regular engagement; Loyalty and long-term customer engagement,Low,Customer Loyalty Campaign
8532-UEFWH,Male,0,Yes,Yes,52,Yes,Yes,No,No internet service,No internet service,No internet service,No internet service,No internet service,No internet service,Two year,No,Mailed check,25.75,1345.85,No,2199,0.0048763524,0,Low,1.0,Continue regular customer engagement,Maintain regular engagement; Early intervention and retention campaign,Low,Customer Loyalty Campaign
8541-QVFKM,Female,0,No,No,8,Yes,Yes,Fiber optic,No,No,No,No,No,No,Month-to-month,Yes,Electronic check,73.5,632.2,No,5110,0.79324585,1,High,1.0,Priority retention outreach; Offer annual or long-term contract incentive; Offer technical support assistance; Promote online security service; Offer online backup package; Offer fiber service support or loyalty benefit,Immediate retention outreach; Long-term contract conversion offer; Technical support promotion; Online security package promotion; Fiber service experience review; Early intervention and retention campaign,High,Retention Offer Campaign
7129-ACFOG,Female,0,No,No,5,Yes,Yes,DSL,Yes,No,No,No,No,No,Month-to-month,Yes,Electronic check,53.8,283.95,No,1166,0.37861323,0,Low,1.0,Offer annual or long-term contract incentive; Offer technical support assistance; Offer online backup package; Provide early-stage customer engagement,Maintain regular engagement; Early customer onboarding support; Long-term contract conversion offer; Technical support promotion; Early intervention and retention campaign,Low,Contract Upgrade Campaign
2495-INZWQ,Male,0,No,No,4,No,No phone service,DSL,No,No,No,No,Yes,Yes,Month-to-month,Yes,Electronic check,44.55,174.3,Yes,2748,0.86116105,1,High,1.0,Priority retention outreach; Offer annual or long-term contract incentive; Offer technical support assistance; Promote online security service; Offer online backup package; Provide early-stage customer engagement,Immediate retention outreach; Early customer onboarding support; Long-term contract conversion offer; Technical support promotion; Online security package promotion; Early intervention and retention campaign,Critical,Immediate Personal Outreach
0263-FJTQO,Male,0,Yes,Yes,50,Yes,Yes,DSL,Yes,No,No,Yes,Yes,No,Two year,Yes,Credit card (automatic),70.5,3486.65,No,3056,0.006424857,0,Low,0.0,Offer online backup package,Maintain regular engagement; Loyalty and long-term customer engagement,Low,Customer Loyalty Campaign
0181-RITDD,Male,0,Yes,Yes,62,Yes,No,Fiber optic,Yes,Yes,Yes,Yes,Yes,Yes,Two year,No,Mailed check,108.15,6825.65,No,2021,0.022900913,0,Low,0.0,Review pricing and provide personalized offer; Offer fiber service support or loyalty benefit,Maintain regular engagement; Personalized pricing review; Fiber service experience review; Loyalty and long-term customer engagement,Low,Customer Loyalty Campaign
8241-JUIQO,Female,0,No,No,61,Yes,No,No,No internet service,No internet service,No internet service,No internet service,No internet service,No internet service,One year,No,Bank transfer (automatic),19.45,1336.35,No,5858,0.015907094,0,Low,1.0,Continue regular customer engagement,Maintain regular engagement; Early intervention and retention campaign,Low,Customer Loyalty Campaign
0913-XWSCN,Male,0,Yes,Yes,55,Yes,Yes,Fiber optic,No,No,No,No,No,Yes,Month-to-month,No,Bank transfer (automatic),85.5,4713.4,No,522,0.23920059,0,Low,0.0,Offer annual or long-term contract incentive; Offer technical support assistance; Promote online security service; Offer online backup package; Review pricing and provide personalized offer; Offer fiber service support or loyalty benefit,Maintain regular engagement; Long-term contract conversion offer; Technical support promotion; Online security package promotion; Personalized pricing review; Fiber service experience review; Loyalty and long-term customer engagement,Low,Contract Upgrade Campaign
2159-TURXX,Male,0,No,No,5,Yes,No,No,No internet service,No internet service,No internet service,No internet service,No internet service,No internet service,Month-to-month,No,Credit card (automatic),20.05,95.55,No,6564,0.06870172,0,Low,1.0,Offer annual or long-term contract incentive; Provide early-stage customer engagement,Maintain regular engagement; Early customer onboarding support; Long-term contract conversion offer; Early intervention and retention campaign,Low,Contract Upgrade Campaign
6461-PPAXN,Female,0,Yes,Yes,35,Yes,No,DSL,Yes,No,No,Yes,No,No,One year,Yes,Bank transfer (automatic),54.95,1916.0,No,979,0.013740654,0,Low,1.0,Offer online backup package,Maintain regular engagement; Early intervention and retention campaign,Low,Customer Loyalty Campaign
1452-KIOVK,Male,0,No,Yes,22,Yes,Yes,Fiber optic,No,Yes,No,No,Yes,No,Month-to-month,Yes,Credit card (automatic),89.1,1949.4,No,6,0.4939033,0,Medium,1.0,Offer annual or long-term contract incentive; Offer technical support assistance; Promote online security service; Review pricing and provide personalized offer; Offer fiber service support or loyalty benefit,Proactive retention communication; Long-term contract conversion offer; Technical support promotion; Online security package promotion; Personalized pricing review; Fiber service experience review; Early intervention and retention campaign,Medium,Contract Upgrade Campaign
1139-WUOAH,Male,0,No,No,57,No,No phone service,DSL,No,No,Yes,Yes,Yes,Yes,Two year,No,Credit card (automatic),53.35,3090.05,No,4474,0.016503818,0,Low,0.0,Promote online security service; Offer online backup package,Maintain regular engagement; Online security package promotion; Loyalty and long-term customer engagement,Low,Customer Loyalty Campaign
3207-OYBWH,Male,1,Yes,No,57,Yes,Yes,Fiber optic,No,Yes,Yes,No,No,Yes,Month-to-month,Yes,Bank transfer (automatic),95.25,5427.05,Yes,2206,0.30253443,0,Low,0.0,Offer annual or long-term contract incentive; Offer technical support assistance; Promote online security service; Review pricing and provide personalized offer; Offer fiber service support or loyalty benefit,Maintain regular engagement; Long-term contract conversion offer; Technical support promotion; Online security package promotion; Personalized pricing review; Fiber service experience review; Loyalty and long-term customer engagement,Low,Contract Upgrade Campaign
8347-GDTMP,Female,0,Yes,No,64,Yes,No,No,No internet service,No internet service,No internet service,No internet service,No internet service,No internet service,Two year,No,Credit card (automatic),19.45,1225.65,No,2874,0.003921214,0,Low,1.0,Continue regular customer engagement,Maintain regular engagement; Early intervention and retention campaign,Low,Customer Loyalty Campaign
9909-DFRJA,Female,0,No,No,26,Yes,No,Fiber optic,Yes,No,Yes,Yes,No,Yes,One year,Yes,Bank transfer (automatic),95.85,2475.35,No,3152,0.0671652,0,Low,1.0,Offer online backup package; Review pricing and provide personalized offer; Offer fiber service support or loyalty benefit,Maintain regular engagement; Personalized pricing review; Fiber service experience review; Early intervention and retention campaign,Low,Customer Loyalty Campaign
6383-ZTSIW,Female,1,Yes,No,39,Yes,No,Fiber optic,Yes,Yes,No,No,Yes,Yes,One year,No,Mailed check,99.1,3877.95,No,6147,0.18717326,0,Low,0.0,Offer technical support assistance; Review pricing and provide personalized offer; Offer fiber service support or loyalty benefit,Maintain regular engagement; Technical support promotion; Personalized pricing review; Fiber service experience review; Loyalty and long-term customer engagement,Low,Customer Loyalty Campaign
5438-QMDDL,Female,0,Yes,No,19,Yes,No,DSL,No,Yes,No,No,No,Yes,Month-to-month,Yes,Mailed check,59.8,1130.85,No,6110,0.20228133,0,Low,1.0,Offer annual or long-term contract incentive; Offer technical support assistance; Promote online security service,Maintain regular engagement; Long-term contract conversion offer; Technical support promotion; Online security package promotion; Early intervention and retention campaign,Low,Contract Upgrade Campaign
8914-RBTSB,Male,0,Yes,No,31,Yes,Yes,Fiber optic,No,Yes,Yes,No,Yes,No,Month-to-month,No,Electronic check,93.8,3019.5,Yes,3544,0.21845071,0,Low,0.0,Offer annual or long-term contract incentive; Offer technical support assistance; Promote online security service; Review pricing and provide personalized offer; Offer fiber service support or loyalty benefit,Maintain regular engagement; Long-term contract conversion offer; Technical support promotion; Online security package promotion; Personalized pricing review; Fiber service experience review; Loyalty and long-term customer engagement,Low,Contract Upgrade Campaign
6164-HXUGH,Female,0,Yes,Yes,6,Yes,No,No,No internet service,No internet service,No internet service,No internet service,No internet service,No internet service,Month-to-month,No,Mailed check,19.85,119.3,No,2473,0.2442628,0,Low,1.0,Offer annual or long-term contract incentive; Provide early-stage customer engagement,Maintain regular engagement; Early customer onboarding support; Long-term contract conversion offer; Early intervention and retention campaign,Low,Contract Upgrade Campaign
6900-RBKER,Male,0,No,No,52,Yes,Yes,Fiber optic,No,No,Yes,No,No,Yes,Two year,Yes,Credit card (automatic),89.45,4577.75,No,1117,0.041624464,0,Low,0.0,Offer technical support assistance; Promote online security service; Offer online backup package; Review pricing and provide personalized offer; Offer fiber service support or loyalty benefit,Maintain regular engagement; Technical support promotion; Online security package promotion; Personalized pricing review; Fiber service experience review; Loyalty and long-term customer engagement,Low,Customer Loyalty Campaign
1492-QGCLU,Male,0,Yes,Yes,53,Yes,Yes,DSL,Yes,No,Yes,Yes,Yes,Yes,Month-to-month,No,Electronic check,85.7,4616.1,No,2011,0.22172038,0,Low,0.0,Offer annual or long-term contract incentive; Offer online backup package; Review pricing and provide personalized offer,Maintain regular engagement; Long-term contract conversion offer; Personalized pricing review; Loyalty and long-term customer engagement,Low,Contract Upgrade Campaign
6664-FPDAC,Female,1,No,No,56,Yes,Yes,Fiber optic,No,Yes,Yes,Yes,Yes,Yes,One year,Yes,Electronic check,111.95,6418.9,Yes,6972,0.21913241,0,Low,0.0,Promote online security service; Review pricing and provide personalized offer; Offer fiber service support or loyalty benefit,Maintain regular engagement; Online security package promotion; Personalized pricing review; Fiber service experience review; Loyalty and long-term customer engagement,Low,Customer Loyalty Campaign
1088-AUUZZ,Male,0,Yes,Yes,56,Yes,Yes,DSL,Yes,Yes,No,Yes,No,Yes,Two year,Yes,Credit card (automatic),75.85,4261.2,No,2479,0.0072682877,0,Low,0.0,Continue regular customer engagement,Maintain regular engagement; Loyalty and long-term customer engagement,Low,Customer Loyalty Campaign
6651-AZVTJ,Male,0,Yes,Yes,49,Yes,Yes,Fiber optic,No,No,Yes,No,Yes,Yes,Month-to-month,Yes,Electronic check,99.8,4872.45,Yes,1926,0.895474,1,High,0.0,Priority retention outreach; Offer annual or long-term contract incentive; Offer technical support assistance; Promote online security service; Offer online backup package; Review pricing and provide personalized offer; Offer fiber service support or loyalty benefit,Immediate retention outreach; Long-term contract conversion offer; Technical support promotion; Online security package promotion; Personalized pricing review; Fiber service experience review; Loyalty and long-term customer engagement,Critical,Immediate Personal Outreach
8219-VYBVI,Male,0,No,Yes,39,Yes,Yes,No,No internet service,No internet service,No internet service,No internet service,No internet service,No internet service,Two year,No,Mailed check,25.0,1004.35,No,3644,0.006266778,0,Low,1.0,Continue regular customer engagement,Maintain regular engagement; Early intervention and retention campaign,Low,Customer Loyalty Campaign
0310-MVLET,Female,0,Yes,Yes,61,Yes,Yes,Fiber optic,No,Yes,No,No,Yes,Yes,Month-to-month,Yes,Electronic check,99.15,6010.05,Yes,2877,0.41134635,0,Medium,0.0,Offer annual or long-term contract incentive; Offer technical support assistance; Promote online security service; Review pricing and provide personalized offer; Offer fiber service support or loyalty benefit,Proactive retention communication; Long-term contract conversion offer; Technical support promotion; Online security package promotion; Personalized pricing review; Fiber service experience review; Loyalty and long-term customer engagement,Medium,Contract Upgrade Campaign
7233-IOQNP,Female,0,Yes,No,43,No,No phone service,DSL,Yes,No,No,Yes,No,No,Month-to-month,No,Bank transfer (automatic),34.0,1505.35,No,6522,0.11195054,0,Low,1.0,Offer annual or long-term contract incentive; Offer online backup package,Maintain regular engagement; Long-term contract conversion offer; Early intervention and retention campaign,Low,Contract Upgrade Campaign
7311-MQJCH,Female,0,No,No,5,Yes,No,No,No internet service,No internet service,No internet service,No internet service,No internet service,No internet service,One year,No,Electronic check,19.55,99.6,No,2179,0.03512338,0,Low,1.0,Provide early-stage customer engagement,Maintain regular engagement; Early customer onboarding support; Early intervention and retention campaign,Low,New Customer Engagement Campaign
9256-JTBNZ,Female,0,No,No,11,Yes,No,No,No internet service,No internet service,No internet service,No internet service,No internet service,No internet service,Month-to-month,No,Bank transfer (automatic),20.3,246.3,No,4593,0.4419531,0,Medium,1.0,Offer annual or long-term contract incentive,Proactive retention communication; Long-term contract conversion offer; Early intervention and retention campaign,Medium,Contract Upgrade Campaign
8713-IGZSO,Male,0,No,No,2,Yes,Yes,No,No internet service,No internet service,No internet service,No internet service,No internet service,No internet service,Month-to-month,No,Mailed check,24.85,62.0,No,852,0.10345875,0,Low,1.0,Offer annual or long-term contract incentive; Provide early-stage customer engagement,Maintain regular engagement; Early customer onboarding support; Long-term contract conversion offer; Early intervention and retention campaign,Low,Contract Upgrade Campaign
6821-BUXUX,Female,0,No,No,13,Yes,Yes,Fiber optic,Yes,Yes,No,No,Yes,No,Month-to-month,Yes,Electronic check,96.65,1244.5,Yes,5628,0.7887923,1,High,1.0,Priority retention outreach; Offer annual or long-term contract incentive; Offer technical support assistance; Review pricing and provide personalized offer; Offer fiber service support or loyalty benefit,Immediate retention outreach; Long-term contract conversion offer; Technical support promotion; Personalized pricing review; Fiber service experience review; Early intervention and retention campaign,High,Retention Offer Campaign
9114-DPSIA,Male,0,Yes,Yes,72,Yes,Yes,DSL,Yes,Yes,Yes,Yes,No,Yes,Two year,No,Credit card (automatic),81.0,5750.0,No,6097,0.002571707,0,Low,0.0,Review pricing and provide personalized offer,Maintain regular engagement; Personalized pricing review; Loyalty and long-term customer engagement,Low,Customer Loyalty Campaign
4501-UYKBC,Female,1,No,No,46,Yes,Yes,DSL,No,No,Yes,Yes,No,Yes,One year,Yes,Credit card (automatic),69.1,3255.35,No,4879,0.060690127,0,Low,0.0,Promote online security service; Offer online backup package,Maintain regular engagement; Online security package promotion; Loyalty and long-term customer engagement,Low,Customer Loyalty Campaign
2798-NYLMZ,Male,0,Yes,No,71,Yes,Yes,Fiber optic,Yes,No,Yes,Yes,Yes,Yes,Two year,Yes,Credit card (automatic),108.55,7616.0,No,807,0.229424,0,Low,0.0,Offer online backup package; Review pricing and provide personalized offer; Offer fiber service support or loyalty benefit,Maintain regular engagement; Personalized pricing review; Fiber service experience review; Loyalty and long-term customer engagement,Low,Customer Loyalty Campaign
6711-VTNRE,Female,0,No,No,36,Yes,No,Fiber optic,No,No,Yes,Yes,No,Yes,Month-to-month,Yes,Electronic check,87.55,3078.1,Yes,5787,0.17097232,0,Low,0.0,Offer annual or long-term contract incentive; Promote online security service; Offer online backup package; Review pricing and provide personalized offer; Offer fiber service support or loyalty benefit,Maintain regular engagement; Long-term contract conversion offer; Online security package promotion; Personalized pricing review; Fiber service experience review; Loyalty and long-term customer engagement,Low,Contract Upgrade Campaign
5966-EMAZU,Male,0,Yes,No,64,Yes,Yes,Fiber optic,Yes,No,Yes,Yes,Yes,Yes,One year,Yes,Mailed check,108.5,6880.85,No,4925,0.083504654,0,Low,0.0,Offer online backup package; Review pricing and provide personalized offer; Offer fiber service support or loyalty benefit,Maintain regular engagement; Personalized pricing review; Fiber service experience review; Loyalty and long-term customer engagement,Low,Customer Loyalty Campaign
3627-FHKBK,Female,0,No,No,1,Yes,No,Fiber optic,Yes,No,No,No,No,No,Month-to-month,No,Mailed check,75.3,75.3,Yes,581,0.45771167,0,Medium,1.0,Offer annual or long-term contract incentive; Offer technical support assistance; Offer online backup package; Provide early-stage customer engagement; Offer fiber service support or loyalty benefit,Proactive retention communication; Early customer onboarding support; Long-term contract conversion offer; Technical support promotion; Fiber service experience review; Early intervention and retention campaign,Medium,Contract Upgrade Campaign
7861-UVUFT,Female,0,Yes,No,15,Yes,No,Fiber optic,No,No,Yes,No,Yes,No,Month-to-month,Yes,Electronic check,84.3,1308.4,Yes,1412,0.6090213,1,Medium,1.0,Offer annual or long-term contract incentive; Offer technical support assistance; Promote online security service; Offer online backup package; Review pricing and provide personalized offer; Offer fiber service support or loyalty benefit,Proactive retention communication; Long-term contract conversion offer; Technical support promotion; Online security package promotion; Personalized pricing review; Fiber service experience review; Early intervention and retention campaign,Medium,Contract Upgrade Campaign
9824-QCJPK,Male,0,Yes,No,36,Yes,No,No,No internet service,No internet service,No internet service,No internet service,No internet service,No internet service,One year,No,Mailed check,20.0,666.75,No,1462,0.008290469,0,Low,1.0,Continue regular customer engagement,Maintain regular engagement; Early intervention and retention campaign,Low,Customer Loyalty Campaign
7816-VGHTO,Female,0,Yes,Yes,6,No,No phone service,DSL,No,Yes,Yes,Yes,No,No,Two year,No,Mailed check,40.55,217.5,No,4710,0.028829202,0,Low,1.0,Promote online security service; Provide early-stage customer engagement,Maintain regular engagement; Early customer onboarding support; Online security package promotion; Early intervention and retention campaign,Low,New Customer Engagement Campaign
3794-NFNCH,Male,0,Yes,No,30,Yes,No,DSL,No,No,Yes,No,No,No,Month-to-month,Yes,Mailed check,50.0,1474.9,No,1544,0.032779466,0,Low,1.0,Offer annual or long-term contract incentive; Offer technical support assistance; Promote online security service; Offer online backup package,Maintain regular engagement; Long-term contract conversion offer; Technical support promotion; Online security package promotion; Early intervention and retention campaign,Low,Contract Upgrade Campaign
3877-JRJIP,Male,0,No,No,1,Yes,Yes,DSL,No,No,No,No,Yes,No,Month-to-month,Yes,Electronic check,59.85,59.85,Yes,1730,0.680113,1,Medium,1.0,Offer annual or long-term contract incentive; Offer technical support assistance; Promote online security service; Offer online backup package; Provide early-stage customer engagement,Proactive retention communication; Early customer onboarding support; Long-term contract conversion offer; Technical support promotion; Online security package promotion; Early intervention and retention campaign,Medium,Contract Upgrade Campaign
5228-EXCET,Male,0,No,No,13,Yes,No,Fiber optic,No,No,No,No,No,Yes,Month-to-month,Yes,Electronic check,80.85,1008.7,Yes,5423,0.57973486,1,Medium,1.0,Offer annual or long-term contract incentive; Offer technical support assistance; Promote online security service; Offer online backup package; Review pricing and provide personalized offer; Offer fiber service support or loyalty benefit,Proactive retention communication; Long-term contract conversion offer; Technical support promotion; Online security package promotion; Personalized pricing review; Fiber service experience review; Early intervention and retention campaign,Medium,Contract Upgrade Campaign
6248-BSHKG,Male,0,Yes,Yes,61,Yes,No,No,No internet service,No internet service,No internet service,No internet service,No internet service,No internet service,One year,No,Mailed check,20.4,1226.45,No,4175,0.0052691386,0,Low,1.0,Continue regular customer engagement,Maintain regular engagement; Early intervention and retention campaign,Low,Customer Loyalty Campaign
8915-NNTRC,Male,0,Yes,Yes,72,Yes,Yes,Fiber optic,Yes,Yes,No,Yes,Yes,Yes,Two year,Yes,Credit card (automatic),107.7,7919.8,No,3966,0.0042716,0,Low,0.0,Review pricing and provide personalized offer; Offer fiber service support or loyalty benefit,Maintain regular engagement; Personalized pricing review; Fiber service experience review; Loyalty and long-term customer engagement,Low,Customer Loyalty Campaign
3470-OBUET,Female,0,Yes,Yes,67,Yes,Yes,DSL,Yes,Yes,No,Yes,Yes,No,Two year,No,Credit card (automatic),74.0,4868.4,No,2772,0.06048997,0,Low,0.0,Continue regular customer engagement,Maintain regular engagement; Loyalty and long-term customer engagement,Low,Customer Loyalty Campaign
3229-USWAR,Female,0,No,No,34,Yes,No,DSL,Yes,No,Yes,Yes,Yes,Yes,One year,Yes,Bank transfer (automatic),79.95,2727.3,No,5881,0.038777888,0,Low,1.0,Offer online backup package,Maintain regular engagement; Early intervention and retention campaign,Low,Customer Loyalty Campaign
1927-QEWMY,Female,0,Yes,No,72,Yes,No,No,No internet service,No internet service,No internet service,No internet service,No internet service,No internet service,Two year,No,Credit card (automatic),20.5,1502.25,No,1815,0.0010761357,0,Low,1.0,Continue regular customer engagement,Maintain regular engagement; Early intervention and retention campaign,Low,Customer Loyalty Campaign
6374-AFWOX,Male,0,Yes,No,46,Yes,No,DSL,Yes,Yes,Yes,Yes,No,No,Two year,No,Mailed check,65.65,3047.15,No,5115,0.008057642,0,Low,0.0,Continue regular customer engagement,Maintain regular engagement; Loyalty and long-term customer engagement,Low,Customer Loyalty Campaign
7912-SYRQT,Female,0,No,No,7,Yes,Yes,Fiber optic,No,No,No,No,No,No,Month-to-month,Yes,Bank transfer (automatic),75.1,552.95,Yes,4995,0.6550073,1,Medium,1.0,Offer annual or long-term contract incentive; Offer technical support assistance; Promote online security service; Offer online backup package; Offer fiber service support or loyalty benefit,Proactive retention communication; Long-term contract conversion offer; Technical support promotion; Online security package promotion; Fiber service experience review; Early intervention and retention campaign,Medium,Contract Upgrade Campaign
2070-FNEXE,Female,1,No,No,7,Yes,No,Fiber optic,Yes,No,No,No,No,No,Month-to-month,No,Bank transfer (automatic),76.45,503.6,Yes,177,0.123830065,0,Low,1.0,Offer annual or long-term contract incentive; Offer technical support assistance; Offer online backup package; Offer fiber service support or loyalty benefit,Maintain regular engagement; Long-term contract conversion offer; Technical support promotion; Fiber service experience review; Early intervention and retention campaign,Low,Contract Upgrade Campaign
5803-NQJZO,Male,0,Yes,No,72,Yes,Yes,DSL,Yes,Yes,Yes,Yes,No,No,Two year,Yes,Bank transfer (automatic),67.8,4804.65,No,4004,0.0024897961,0,Low,0.0,Continue regular customer engagement,Maintain regular engagement; Loyalty and long-term customer engagement,Low,Customer Loyalty Campaign
5651-YLPRD,Female,0,Yes,Yes,32,Yes,No,Fiber optic,No,Yes,No,No,Yes,No,Month-to-month,Yes,Electronic check,86.1,2723.75,No,959,0.44663665,0,Medium,0.0,Offer annual or long-term contract incentive; Offer technical support assistance; Promote online security service; Review pricing and provide personalized offer; Offer fiber service support or loyalty benefit,Proactive retention communication; Long-term contract conversion offer; Technical support promotion; Online security package promotion; Personalized pricing review; Fiber service experience review; Loyalty and long-term customer engagement,Medium,Contract Upgrade Campaign
1271-UODNO,Male,0,No,No,39,Yes,Yes,DSL,No,No,No,Yes,No,No,Two year,Yes,Credit card (automatic),53.85,2200.7,No,1115,0.030820724,0,Low,1.0,Promote online security service; Offer online backup package,Maintain regular engagement; Online security package promotion; Early intervention and retention campaign,Low,Customer Loyalty Campaign
5014-WUQMG,Male,0,Yes,Yes,47,Yes,No,Fiber optic,Yes,Yes,Yes,No,No,Yes,One year,Yes,Electronic check,96.1,4391.45,No,1573,0.043477725,0,Low,0.0,Offer technical support assistance; Review pricing and provide personalized offer; Offer fiber service support or loyalty benefit,Maintain regular engagement; Technical support promotion; Personalized pricing review; Fiber service experience review; Loyalty and long-term customer engagement,Low,Customer Loyalty Campaign
5889-JTMUL,Female,1,Yes,No,50,Yes,Yes,Fiber optic,No,Yes,Yes,No,Yes,No,Month-to-month,Yes,Electronic check,95.05,4888.7,Yes,3525,0.51334405,1,Medium,0.0,Offer annual or long-term contract incentive; Offer technical support assistance; Promote online security service; Review pricing and provide personalized offer; Offer fiber service support or loyalty benefit,Proactive retention communication; Long-term contract conversion offer; Technical support promotion; Online security package promotion; Personalized pricing review; Fiber service experience review; Loyalty and long-term customer engagement,Medium,Contract Upgrade Campaign
0788-DXBFY,Male,0,Yes,Yes,58,Yes,No,No,No internet service,No internet service,No internet service,No internet service,No internet service,No internet service,One year,Yes,Electronic check,19.55,1108.8,No,2227,0.06352067,0,Low,1.0,Continue regular customer engagement,Maintain regular engagement; Early intervention and retention campaign,Low,Customer Loyalty Campaign
2669-QVCRG,Female,0,No,No,41,Yes,Yes,Fiber optic,Yes,No,No,No,No,No,Month-to-month,Yes,Credit card (automatic),81.3,3190.65,No,6454,0.5164357,1,Medium,0.0,Offer annual or long-term contract incentive; Offer technical support assistance; Offer online backup package; Review pricing and provide personalized offer; Offer fiber service support or loyalty benefit,Proactive retention communication; Long-term contract conversion offer; Technical support promotion; Personalized pricing review; Fiber service experience review; Loyalty and long-term customer engagement,Medium,Contract Upgrade Campaign
6630-UJZMY,Female,1,Yes,No,4,Yes,Yes,Fiber optic,No,No,No,No,Yes,No,Month-to-month,Yes,Electronic check,83.25,308.05,No,935,0.83827084,1,High,1.0,Priority retention outreach; Offer annual or long-term contract incentive; Offer technical support assistance; Promote online security service; Offer online backup package; Review pricing and provide personalized offer; Provide early-stage customer engagement; Offer fiber service support or loyalty benefit,Immediate retention outreach; Early customer onboarding support; Long-term contract conversion offer; Technical support promotion; Online security package promotion; Personalized pricing review; Fiber service experience review; Early intervention and retention campaign,Critical,Immediate Personal Outreach
5061-PBXFW,Female,0,Yes,Yes,32,Yes,No,DSL,Yes,Yes,No,Yes,No,No,Month-to-month,No,Bank transfer (automatic),61.4,1864.65,No,4430,0.08216776,0,Low,1.0,Offer annual or long-term contract incentive,Maintain regular engagement; Long-term contract conversion offer; Early intervention and retention campaign,Low,Contract Upgrade Campaign
2700-LUEVA,Male,0,No,No,1,Yes,No,No,No internet service,No internet service,No internet service,No internet service,No internet service,No internet service,Month-to-month,No,Credit card (automatic),20.75,20.75,No,4325,0.14961196,0,Low,1.0,Offer annual or long-term contract incentive; Provide early-stage customer engagement,Maintain regular engagement; Early customer onboarding support; Long-term contract conversion offer; Early intervention and retention campaign,Low,Contract Upgrade Campaign
3865-ZFZIB,Male,0,No,No,19,Yes,No,No,No internet service,No internet service,No internet service,No internet service,No internet service,No internet service,Two year,No,Mailed check,19.65,358.15,No,3365,0.009457199,0,Low,1.0,Continue regular customer engagement,Maintain regular engagement; Early intervention and retention campaign,Low,Customer Loyalty Campaign
0471-ARVMX,Female,1,Yes,No,62,Yes,Yes,Fiber optic,Yes,No,Yes,No,Yes,Yes,One year,Yes,Electronic check,104.85,6312.9,No,4577,0.2872487,0,Low,0.0,Offer technical support assistance; Offer online backup package; Review pricing and provide personalized offer; Offer fiber service support or loyalty benefit,Maintain regular engagement; Technical support promotion; Personalized pricing review; Fiber service experience review; Loyalty and long-term customer engagement,Low,Customer Loyalty Campaign
8985-OOPOS,Female,0,No,No,1,Yes,No,DSL,No,No,Yes,Yes,Yes,Yes,One year,No,Credit card (automatic),74.1,74.1,No,1286,0.091287166,0,Low,1.0,Promote online security service; Offer online backup package; Provide early-stage customer engagement,Maintain regular engagement; Early customer onboarding support; Online security package promotion; Early intervention and retention campaign,Low,New Customer Engagement Campaign
0719-SYFRB,Female,0,No,No,12,Yes,Yes,DSL,Yes,No,Yes,Yes,No,No,Month-to-month,Yes,Mailed check,61.65,713.75,Yes,595,0.14382824,0,Low,1.0,Offer annual or long-term contract incentive; Offer online backup package,Maintain regular engagement; Long-term contract conversion offer; Early intervention and retention campaign,Low,Contract Upgrade Campaign
0447-BEMNG,Female,0,Yes,No,48,No,No phone service,DSL,Yes,No,Yes,No,No,Yes,Month-to-month,Yes,Bank transfer (automatic),45.3,2145.0,Yes,481,0.08269355,0,Low,1.0,Offer annual or long-term contract incentive; Offer technical support assistance; Offer online backup package,Maintain regular engagement; Long-term contract conversion offer; Technical support promotion; Early intervention and retention campaign,Low,Contract Upgrade Campaign
5630-AHZIL,Female,0,No,Yes,3,Yes,No,DSL,Yes,No,No,Yes,No,Yes,Month-to-month,Yes,Bank transfer (automatic),64.5,177.4,No,74,0.2744592,0,Low,1.0,Offer annual or long-term contract incentive; Offer online backup package; Provide early-stage customer engagement,Maintain regular engagement; Early customer onboarding support; Long-term contract conversion offer; Early intervention and retention campaign,Low,Contract Upgrade Campaign
2190-BCXEC,Female,0,Yes,No,40,Yes,Yes,Fiber optic,No,No,No,Yes,No,No,Month-to-month,Yes,Credit card (automatic),78.85,3126.85,No,2099,0.45662865,0,Medium,0.0,Offer annual or long-term contract incentive; Promote online security service; Offer online backup package; Offer fiber service support or loyalty benefit,Proactive retention communication; Long-term contract conversion offer; Online security package promotion; Fiber service experience review; Loyalty and long-term customer engagement,Medium,Contract Upgrade Campaign
1559-DTODC,Male,0,No,No,19,No,No phone service,DSL,No,No,No,No,No,No,Month-to-month,Yes,Bank transfer (automatic),25.15,468.35,No,3940,0.30605888,0,Low,1.0,Offer annual or long-term contract incentive; Offer technical support assistance; Promote online security service; Offer online backup package,Maintain regular engagement; Long-term contract conversion offer; Technical support promotion; Online security package promotion; Early intervention and retention campaign,Low,Contract Upgrade Campaign
3244-DCJWY,Female,0,No,No,1,Yes,No,Fiber optic,No,No,No,No,No,No,Month-to-month,Yes,Electronic check,70.25,70.25,Yes,5662,0.8608129,1,High,1.0,Priority retention outreach; Offer annual or long-term contract incentive; Offer technical support assistance; Promote online security service; Offer online backup package; Provide early-stage customer engagement; Offer fiber service support or loyalty benefit,Immediate retention outreach; Early customer onboarding support; Long-term contract conversion offer; Technical support promotion; Online security package promotion; Fiber service experience review; Early intervention and retention campaign,Critical,Immediate Personal Outreach
3967-VQOGC,Female,0,Yes,Yes,67,Yes,Yes,No,No internet service,No internet service,No internet service,No internet service,No internet service,No internet service,Two year,Yes,Mailed check,24.9,1680.25,No,6300,0.006127864,0,Low,1.0,Continue regular customer engagement,Maintain regular engagement; Early intervention and retention campaign,Low,Customer Loyalty Campaign
0265-PSUAE,Female,0,Yes,Yes,16,Yes,No,Fiber optic,Yes,No,Yes,No,Yes,Yes,Month-to-month,No,Bank transfer (automatic),100.7,1522.7,No,4692,0.51511735,1,Medium,1.0,Offer annual or long-term contract incentive; Offer technical support assistance; Offer online backup package; Review pricing and provide personalized offer; Offer fiber service support or loyalty benefit,Proactive retention communication; Long-term contract conversion offer; Technical support promotion; Personalized pricing review; Fiber service experience review; Early intervention and retention campaign,Medium,Contract Upgrade Campaign
1622-HSHSF,Female,0,No,No,1,Yes,No,No,No internet service,No internet service,No internet service,No internet service,No internet service,No internet service,Month-to-month,Yes,Mailed check,19.55,19.55,No,4784,0.57954156,1,Medium,1.0,Offer annual or long-term contract incentive; Provide early-stage customer engagement,Proactive retention communication; Early customer onboarding support; Long-term contract conversion offer; Early intervention and retention campaign,Medium,Contract Upgrade Campaign
9867-XOBQA,Female,0,No,Yes,21,No,No phone service,DSL,Yes,Yes,Yes,Yes,Yes,No,Two year,No,Mailed check,53.15,1183.2,No,6783,0.017083773,0,Low,1.0,Continue regular customer engagement,Maintain regular engagement; Early intervention and retention campaign,Low,Customer Loyalty Campaign
6773-LQTVT,Female,1,Yes,Yes,29,No,No phone service,DSL,No,Yes,Yes,No,No,No,Month-to-month,Yes,Mailed check,35.65,1025.15,No,3454,0.14151675,0,Low,1.0,Offer annual or long-term contract incentive; Offer technical support assistance; Promote online security service,Maintain regular engagement; Long-term contract conversion offer; Technical support promotion; Online security package promotion; Early intervention and retention campaign,Low,Contract Upgrade Campaign
4332-MUOEZ,Male,1,Yes,Yes,20,Yes,No,Fiber optic,Yes,No,Yes,Yes,No,Yes,One year,No,Credit card (automatic),94.3,1818.3,No,510,0.14861815,0,Low,1.0,Offer online backup package; Review pricing and provide personalized offer; Offer fiber service support or loyalty benefit,Maintain regular engagement; Personalized pricing review; Fiber service experience review; Early intervention and retention campaign,Low,Customer Loyalty Campaign
0023-XUOPT,Female,0,Yes,No,13,Yes,Yes,Fiber optic,No,Yes,Yes,No,Yes,No,Month-to-month,No,Electronic check,94.1,1215.6,Yes,6599,0.5538407,1,Medium,1.0,Offer annual or long-term contract incentive; Offer technical support assistance; Promote online security service; Review pricing and provide personalized offer; Offer fiber service support or loyalty benefit,Proactive retention communication; Long-term contract conversion offer; Technical support promotion; Online security package promotion; Personalized pricing review; Fiber service experience review; Early intervention and retention campaign,Medium,Contract Upgrade Campaign
6543-CPZMK,Male,0,Yes,Yes,9,No,No phone service,DSL,No,Yes,No,No,No,No,Month-to-month,Yes,Electronic check,29.95,248.95,Yes,610,0.38489395,0,Low,1.0,Offer annual or long-term contract incentive; Offer technical support assistance; Promote online security service,Maintain regular engagement; Long-term contract conversion offer; Technical support promotion; Online security package promotion; Early intervention and retention campaign,Low,Contract Upgrade Campaign
6418-HNFED,Male,0,Yes,No,51,Yes,No,DSL,Yes,Yes,Yes,Yes,Yes,Yes,Two year,Yes,Credit card (automatic),83.25,4089.45,No,3850,0.0064706528,0,Low,0.0,Review pricing and provide personalized offer,Maintain regular engagement; Personalized pricing review; Loyalty and long-term customer engagement,Low,Customer Loyalty Campaign
1036-GUDCL,Male,0,Yes,Yes,60,Yes,No,DSL,Yes,Yes,No,Yes,Yes,Yes,Month-to-month,Yes,Credit card (automatic),79.05,4663.4,No,6827,0.02276063,0,Low,0.0,Offer annual or long-term contract incentive,Maintain regular engagement; Long-term contract conversion offer; Loyalty and long-term customer engagement,Low,Contract Upgrade Campaign
4818-QIUFN,Female,1,No,No,20,Yes,Yes,Fiber optic,Yes,No,No,No,No,No,Month-to-month,Yes,Electronic check,79.15,1520.9,Yes,3702,0.5917121,1,Medium,1.0,Offer annual or long-term contract incentive; Offer technical support assistance; Offer online backup package; Offer fiber service support or loyalty benefit,Proactive retention communication; Long-term contract conversion offer; Technical support promotion; Fiber service experience review; Early intervention and retention campaign,Medium,Contract Upgrade Campaign
0778-NELLA,Male,0,No,No,9,No,No phone service,DSL,No,No,No,No,Yes,No,Month-to-month,Yes,Credit card (automatic),34.7,296.1,Yes,5536,0.35808665,0,Low,1.0,Offer annual or long-term contract incentive; Offer technical support assistance; Promote online security service; Offer online backup package,Maintain regular engagement; Long-term contract conversion offer; Technical support promotion; Online security package promotion; Early intervention and retention campaign,Low,Contract Upgrade Campaign
7495-OOKFY,Female,1,Yes,No,8,Yes,Yes,Fiber optic,No,Yes,No,No,No,No,Month-to-month,Yes,Credit card (automatic),80.65,633.3,Yes,53,0.75498885,1,High,1.0,Priority retention outreach; Offer annual or long-term contract incentive; Offer technical support assistance; Promote online security service; Review pricing and provide personalized offer; Offer fiber service support or loyalty benefit,Immediate retention outreach; Long-term contract conversion offer; Technical support promotion; Online security package promotion; Personalized pricing review; Fiber service experience review; Early intervention and retention campaign,High,Retention Offer Campaign
4737-HOBAX,Male,0,Yes,No,63,Yes,Yes,DSL,No,No,Yes,Yes,Yes,Yes,Two year,No,Credit card (automatic),79.8,5034.05,No,4365,0.01917907,0,Low,0.0,Promote online security service; Offer online backup package,Maintain regular engagement; Online security package promotion; Loyalty and long-term customer engagement,Low,Customer Loyalty Campaign
7919-ZODZZ,Female,0,Yes,Yes,10,Yes,No,DSL,No,Yes,Yes,No,No,Yes,One year,Yes,Mailed check,65.9,660.05,No,4249,0.2764062,0,Low,1.0,Offer technical support assistance; Promote online security service,Maintain regular engagement; Technical support promotion; Online security package promotion; Early intervention and retention campaign,Low,Customer Loyalty Campaign
2988-PLAHS,Female,0,No,No,3,Yes,No,DSL,No,No,Yes,No,Yes,Yes,One year,Yes,Electronic check,69.95,220.45,No,1635,0.22582339,0,Low,1.0,Offer technical support assistance; Promote online security service; Offer online backup package; Provide early-stage customer engagement,Maintain regular engagement; Early customer onboarding support; Technical support promotion; Online security package promotion; Early intervention and retention campaign,Low,New Customer Engagement Campaign
9067-SQTNS,Male,0,Yes,Yes,44,Yes,No,No,No internet service,No internet service,No internet service,No internet service,No internet service,No internet service,One year,No,Bank transfer (automatic),20.6,926.0,No,2503,0.01059184,0,Low,1.0,Continue regular customer engagement,Maintain regular engagement; Early intervention and retention campaign,Low,Customer Loyalty Campaign
6483-OATDN,Male,0,Yes,Yes,8,Yes,No,DSL,Yes,No,No,No,No,No,Month-to-month,Yes,Credit card (automatic),51.3,411.6,No,3470,0.17208917,0,Low,1.0,Offer annual or long-term contract incentive; Offer technical support assistance; Offer online backup package,Maintain regular engagement; Long-term contract conversion offer; Technical support promotion; Early intervention and retention campaign,Low,Contract Upgrade Campaign
5469-CTCWN,Male,0,Yes,Yes,61,Yes,Yes,Fiber optic,Yes,Yes,No,No,Yes,Yes,One year,Yes,Electronic check,106.0,6547.7,Yes,1477,0.056155305,0,Low,0.0,Offer technical support assistance; Review pricing and provide personalized offer; Offer fiber service support or loyalty benefit,Maintain regular engagement; Technical support promotion; Personalized pricing review; Fiber service experience review; Loyalty and long-term customer engagement,Low,Customer Loyalty Campaign
3524-WQDSG,Female,0,Yes,Yes,43,Yes,Yes,Fiber optic,No,No,Yes,No,Yes,Yes,Month-to-month,Yes,Bank transfer (automatic),99.3,4209.95,No,1045,0.6930675,1,Medium,0.0,Offer annual or long-term contract incentive; Offer technical support assistance; Promote online security service; Offer online backup package; Review pricing and provide personalized offer; Offer fiber service support or loyalty benefit,Proactive retention communication; Long-term contract conversion offer; Technical support promotion; Online security package promotion; Personalized pricing review; Fiber service experience review; Loyalty and long-term customer engagement,Medium,Contract Upgrade Campaign
6968-URWQU,Male,0,Yes,No,43,Yes,No,DSL,No,No,No,No,Yes,No,One year,Yes,Mailed check,56.35,2391.15,No,3776,0.08067723,0,Low,1.0,Offer technical support assistance; Promote online security service; Offer online backup package,Maintain regular engagement; Technical support promotion; Online security package promotion; Early intervention and retention campaign,Low,Customer Loyalty Campaign
8601-QACRS,Female,0,No,No,5,Yes,Yes,DSL,No,No,No,No,No,No,Month-to-month,Yes,Mailed check,50.6,249.95,Yes,3737,0.6142962,1,Medium,1.0,Offer annual or long-term contract incentive; Offer technical support assistance; Promote online security service; Offer online backup package; Provide early-stage customer engagement,Proactive retention communication; Early customer onboarding support; Long-term contract conversion offer; Technical support promotion; Online security package promotion; Early intervention and retention campaign,Medium,Contract Upgrade Campaign
8690-UPCZI,Male,0,Yes,Yes,29,Yes,Yes,DSL,Yes,No,No,Yes,Yes,No,One year,No,Bank transfer (automatic),69.05,1958.45,No,6611,0.008457307,0,Low,1.0,Offer online backup package,Maintain regular engagement; Early intervention and retention campaign,Low,Customer Loyalty Campaign
5331-RGMTT,Male,1,Yes,No,54,Yes,Yes,Fiber optic,No,No,Yes,No,Yes,Yes,Month-to-month,Yes,Credit card (automatic),99.05,5295.7,No,6244,0.7770247,1,High,0.0,Priority retention outreach; Offer annual or long-term contract incentive; Offer technical support assistance; Promote online security service; Offer online backup package; Review pricing and provide personalized offer; Offer fiber service support or loyalty benefit,Immediate retention outreach; Long-term contract conversion offer; Technical support promotion; Online security package promotion; Personalized pricing review; Fiber service experience review; Loyalty and long-term customer engagement,High,Retention Offer Campaign
1357-BIJKI,Male,0,Yes,No,50,Yes,Yes,Fiber optic,No,Yes,No,No,Yes,Yes,One year,Yes,Electronic check,98.25,4858.7,No,3869,0.50092703,1,Medium,0.0,Offer technical support assistance; Promote online security service; Review pricing and provide personalized offer; Offer fiber service support or loyalty benefit,Proactive retention communication; Technical support promotion; Online security package promotion; Personalized pricing review; Fiber service experience review; Loyalty and long-term customer engagement,Medium,Customer Loyalty Campaign
2088-IEBAU,Female,0,No,No,68,Yes,Yes,DSL,Yes,Yes,Yes,Yes,Yes,Yes,Two year,Yes,Electronic check,88.15,6148.45,No,337,0.00942223,0,Low,0.0,Review pricing and provide personalized offer,Maintain regular engagement; Personalized pricing review; Loyalty and long-term customer engagement,Low,Customer Loyalty Campaign
0679-IDSTG,Female,1,Yes,Yes,1,Yes,No,Fiber optic,No,No,No,No,No,No,Month-to-month,Yes,Electronic check,69.25,69.25,Yes,2900,0.95562327,1,High,1.0,Priority retention outreach; Offer annual or long-term contract incentive; Offer technical support assistance; Promote online security service; Offer online backup package; Provide early-stage customer engagement; Offer fiber service support or loyalty benefit,Immediate retention outreach; Early customer onboarding support; Long-term contract conversion offer; Technical support promotion; Online security package promotion; Fiber service experience review; Early intervention and retention campaign,Critical,Immediate Personal Outreach
6519-ZHPXP,Female,0,Yes,Yes,72,Yes,No,Fiber optic,Yes,Yes,Yes,Yes,Yes,Yes,Two year,Yes,Bank transfer (automatic),108.3,7679.65,No,6412,0.011768562,0,Low,0.0,Review pricing and provide personalized offer; Offer fiber service support or loyalty benefit,Maintain regular engagement; Personalized pricing review; Fiber service experience review; Loyalty and long-term customer engagement,Low,Customer Loyalty Campaign
2101-RANCD,Female,0,No,No,55,Yes,Yes,Fiber optic,No,No,No,No,No,No,Month-to-month,Yes,Electronic check,73.1,4144.9,No,6399,0.52618855,1,Medium,0.0,Offer annual or long-term contract incentive; Offer technical support assistance; Promote online security service; Offer online backup package; Offer fiber service support or loyalty benefit,Proactive retention communication; Long-term contract conversion offer; Technical support promotion; Online security package promotion; Fiber service experience review; Loyalty and long-term customer engagement,Medium,Contract Upgrade Campaign
4029-HPFVY,Male,0,No,No,3,Yes,No,Fiber optic,No,No,No,No,No,No,Month-to-month,Yes,Mailed check,70.3,220.4,No,4223,0.6047166,1,Medium,1.0,Offer annual or long-term contract incentive; Offer technical support assistance; Promote online security service; Offer online backup package; Provide early-stage customer engagement; Offer fiber service support or loyalty benefit,Proactive retention communication; Early customer onboarding support; Long-term contract conversion offer; Technical support promotion; Online security package promotion; Fiber service experience review; Early intervention and retention campaign,Medium,Contract Upgrade Campaign
1015-OWJKI,Male,0,No,No,1,Yes,No,No,No internet service,No internet service,No internet service,No internet service,No internet service,No internet service,Month-to-month,No,Mailed check,19.05,19.05,No,1733,0.20009644,0,Low,1.0,Offer annual or long-term contract incentive; Provide early-stage customer engagement,Maintain regular engagement; Early customer onboarding support; Long-term contract conversion offer; Early intervention and retention campaign,Low,Contract Upgrade Campaign
8314-HTWVE,Female,0,Yes,Yes,7,Yes,No,No,No internet service,No internet service,No internet service,No internet service,No internet service,No internet service,Two year,No,Mailed check,19.85,144.15,No,5077,0.0171718,0,Low,1.0,Continue regular customer engagement,Maintain regular engagement; Early intervention and retention campaign,Low,Customer Loyalty Campaign
5357-TZHPP,Male,1,No,No,9,Yes,Yes,Fiber optic,No,No,No,No,No,Yes,Month-to-month,Yes,Credit card (automatic),84.4,732.5,Yes,1421,0.6758718,1,Medium,1.0,Offer annual or long-term contract incentive; Offer technical support assistance; Promote online security service; Offer online backup package; Review pricing and provide personalized offer; Offer fiber service support or loyalty benefit,Proactive retention communication; Long-term contract conversion offer; Technical support promotion; Online security package promotion; Personalized pricing review; Fiber service experience review; Early intervention and retention campaign,Medium,Contract Upgrade Campaign
8727-XDPUD,Male,0,No,No,37,No,No phone service,DSL,No,No,No,No,Yes,No,Two year,No,Credit card (automatic),35.8,1316.9,No,4765,0.01659205,0,Low,1.0,Offer technical support assistance; Promote online security service; Offer online backup package,Maintain regular engagement; Technical support promotion; Online security package promotion; Early intervention and retention campaign,Low,Customer Loyalty Campaign
9073-ZZIAY,Male,0,Yes,Yes,62,Yes,No,DSL,Yes,Yes,Yes,Yes,Yes,Yes,Two year,No,Electronic check,86.1,5215.25,No,153,0.009081158,0,Low,0.0,Review pricing and provide personalized offer,Maintain regular engagement; Personalized pricing review; Loyalty and long-term customer engagement,Low,Customer Loyalty Campaign
5181-OABFK,Female,0,Yes,Yes,56,Yes,No,DSL,Yes,Yes,Yes,No,No,No,Two year,Yes,Credit card (automatic),61.3,3346.8,No,4708,0.010123638,0,Low,0.0,Offer technical support assistance,Maintain regular engagement; Technical support promotion; Loyalty and long-term customer engagement,Low,Customer Loyalty Campaign
3812-LRZIR,Female,0,Yes,Yes,27,Yes,Yes,No,No internet service,No internet service,No internet service,No internet service,No internet service,No internet service,Two year,No,Electronic check,24.5,761.95,No,3701,0.015116729,0,Low,1.0,Continue regular customer engagement,Maintain regular engagement; Early intervention and retention campaign,Low,Customer Loyalty Campaign
5204-HMGYF,Female,0,Yes,Yes,49,Yes,No,DSL,Yes,Yes,Yes,Yes,Yes,Yes,One year,Yes,Mailed check,87.2,4345.0,No,5143,0.017908696,0,Low,0.0,Review pricing and provide personalized offer,Maintain regular engagement; Personalized pricing review; Loyalty and long-term customer engagement,Low,Customer Loyalty Campaign
9950-MTGYX,Male,0,Yes,Yes,28,Yes,No,No,No internet service,No internet service,No internet service,No internet service,No internet service,No internet service,Two year,Yes,Credit card (automatic),20.3,487.95,No,4439,0.0032988316,0,Low,1.0,Continue regular customer engagement,Maintain regular engagement; Early intervention and retention campaign,Low,Customer Loyalty Campaign
3675-EQOZA,Male,0,No,No,5,Yes,No,No,No internet service,No internet service,No internet service,No internet service,No internet service,No internet service,Month-to-month,No,Bank transfer (automatic),20.65,93.55,No,3857,0.21742953,0,Low,1.0,Offer annual or long-term contract incentive; Provide early-stage customer engagement,Maintain regular engagement; Early customer onboarding support; Long-term contract conversion offer; Early intervention and retention campaign,Low,Contract Upgrade Campaign
3646-ITDGM,Female,0,No,No,56,Yes,No,No,No internet service,No internet service,No internet service,No internet service,No internet service,No internet service,Two year,No,Bank transfer (automatic),19.7,1051.9,No,4758,0.18357019,0,Low,1.0,Continue regular customer engagement,Maintain regular engagement; Early intervention and retention campaign,Low,Customer Loyalty Campaign
3913-FCUUW,Female,0,Yes,Yes,72,Yes,Yes,DSL,Yes,Yes,Yes,Yes,No,No,Two year,Yes,Bank transfer (automatic),70.45,5165.7,No,5613,0.0047833533,0,Low,0.0,Continue regular customer engagement,Maintain regular engagement; Loyalty and long-term customer engagement,Low,Customer Loyalty Campaign
